Frequency (GHz), S1:1 (dB), S1:1 (rad)
0.000000000000000000e+00,-1.871449621201284902e-05,0.000000000000000000e+00
3.211228968940962186e-03,-1.870147475832394492e-05,-7.219646271949954446e-04
6.422457937881924372e-03,-1.865789574977758921e-05,-1.443927526708078642e-03
9.633686906822886559e-03,-1.856839630942348600e-05,-2.165887015485385998e-03
1.284491587576384874e-02,-1.840300651528326714e-05,-2.887841933699313111e-03
1.605614484470481093e-02,-1.811570299313635133e-05,-3.609792721988826919e-03
1.926737381364577312e-02,-1.764989934583610775e-05,-4.331742842947610556e-03
2.247860278258673530e-02,-1.695324967083174032e-05,-5.053699916348303699e-03
2.568983175152769749e-02,-1.599995979884631401e-05,-5.775675794371035177e-03
2.890106072046865968e-02,-1.481428806473620767e-05,-6.497685002081096152e-03
3.211228968940962186e-02,-1.348602295915189089e-05,-7.219741487388119452e-03
3.532351865835058752e-02,-1.216899798600923094e-05,-7.941854306341937855e-03
3.853474762729154623e-02,-1.105765281654484798e-05,-8.664023468605551795e-03
4.174597659623250495e-02,-1.034342668286630120e-05,-9.386237435160354331e-03
4.495720556517347061e-02,-1.016033993189306162e-05,-1.010847353552740517e-02
4.816843453411443626e-02,-1.053486563651912955e-05,-1.083070185257927268e-02
5.137966350305539498e-02,-1.135679292405352868e-05,-1.155289208347570068e-02
5.459089247199635370e-02,-1.238405533920892537e-05,-1.227502183444592089e-02
5.780212144093731935e-02,-1.328593822810951999e-05,-1.299708409692729508e-02
6.101335040987828501e-02,-1.371786312551726391e-05,-1.371909156255841922e-02
6.422457937881924372e-02,-1.341037873035177458e-05,-1.444107607127010674e-02
6.743580834776019550e-02,-1.224851026289057370e-05,-1.516308273185583769e-02
7.064703731670117504e-02,-1.031771487583471982e-05,-1.588515978243332932e-02
7.385826628564212681e-02,-7.899995665089528429e-06,-1.660734662297994393e-02
7.706949525458309247e-02,-5.416672966710479943e-06,-1.732966321870626700e-02
8.028072422352404425e-02,-3.329450458301265604e-06,-1.805210395562782677e-02
8.349195319246500990e-02,-2.024349605337630815e-06,-1.877463799197528690e-02
8.670318216140597556e-02,-1.709773476375772244e-06,-1.949721643293605630e-02
8.991441113034694121e-02,-2.357970426593249800e-06,-2.021978472575150509e-02
9.312564009928789299e-02,-3.708527011878947017e-06,-2.094229708576503951e-02
9.633686906822887253e-02,-5.335848004867668236e-06,-2.166472901031943343e-02
9.954809803716982430e-02,-6.764441698584937494e-06,-2.238708428422525251e-02
1.027593270061107900e-01,-7.601454113709079941e-06,-2.310939428318409608e-02
1.059705559750517417e-01,-7.649660309415646391e-06,-2.383170948141221171e-02
1.091817849439927074e-01,-6.968200519465921826e-06,-2.455408528699467782e-02
1.123930139129336730e-01,-5.861982833082004474e-06,-2.527656602495528468e-02
1.156042428818746387e-01,-4.800285564800076148e-06,-2.599917155316083112e-02
1.188154718508155905e-01,-4.285231590475503646e-06,-2.672189040187663428e-02
1.220267008197565700e-01,-4.705700162265960784e-06,-2.744468160433011228e-02
1.252379297886975218e-01,-6.217460385211561675e-06,-2.816748499400753211e-02
1.284491587576384874e-01,-8.684103448055081084e-06,-2.889023735068911580e-02
1.316603877265794531e-01,-1.169721225511109228e-05,-2.961289006387759701e-02
1.348716166955203910e-01,-1.467251232570086497e-05,-3.033542345078722724e-02
1.380828456644613844e-01,-1.699754049921685563e-05,-3.105785368888768980e-02
1.412940746334023501e-01,-1.819164434775664486e-05,-3.178023028888991158e-02
1.445053036023432880e-01,-1.803511105616764201e-05,-3.250262460401525527e-02
1.477165325712842536e-01,-1.663214649561493085e-05,-3.322511233002551495e-02
1.509277615402252193e-01,-1.439013940451666033e-05,-3.394775460947612594e-02
1.541389905091661849e-01,-1.192023808264237761e-05,-3.467058274837846871e-02
1.573502194781071506e-01,-9.885449564980172181e-06,-3.539359057556339810e-02
1.605614484470480885e-01,-8.836378223025847313e-06,-3.611673640246101241e-02
1.637726774159890819e-01,-9.077567669956602221e-06,-3.683995395681104179e-02
1.669839063849300198e-01,-1.059855461352294464e-05,-3.756316928805663452e-02
1.701951353538709855e-01,-1.308582572900334555e-05,-3.828631912614140209e-02
1.734063643228119511e-01,-1.601001487143987890e-05,-3.900936591819006288e-02
1.766175932917529168e-01,-1.876300141734258176e-05,-3.973230580766548559e-02
1.798288222606938824e-01,-2.080741995936083447e-05,-4.045516783301013330e-02
1.830400512296348481e-01,-2.179955246353242678e-05,-4.117800502006994240e-02
1.862512801985757860e-01,-2.165565975404899190e-05,-4.190088014903235736e-02
1.894625091675167794e-01,-2.054854951321281978e-05,-4.262385022295871878e-02
1.926737381364577451e-01,-1.884057242128654139e-05,-4.334695374709564980e-02
1.958849671053986830e-01,-1.697575646597394315e-05,-4.407020388379951498e-02
1.990961960743396486e-01,-1.536298285642669431e-05,-4.479358873221640780e-02
2.023074250432806143e-01,-1.428183724060279246e-05,-4.551707795119638855e-02
2.055186540122215799e-01,-1.383372466901760454e-05,-4.624063328588934318e-02
2.087298829811625456e-01,-1.394618931785568336e-05,-4.696421971955249547e-02
2.119411119501034835e-01,-1.442273778002220691e-05,-4.768781413446940287e-02
2.151523409190444769e-01,-1.501843812920580169e-05,-4.841140940761812228e-02
2.183635698879854148e-01,-1.551640415845616138e-05,-4.913501341441010167e-02
2.215747988569263804e-01,-1.578296433115145353e-05,-4.985864396776625018e-02
2.247860278258673461e-01,-1.578841943450346483e-05,-5.058232181151080253e-02
2.279972567948083118e-01,-1.559251067608484346e-05,-5.130606411980982717e-02
2.312084857637492774e-01,-1.530500748900709513e-05,-5.202988048487654921e-02
2.344197147326902431e-01,-1.503868123383338609e-05,-5.275377231345737550e-02
2.376309437016311810e-01,-1.487247101711660564e-05,-5.347773528360601908e-02
2.408421726705721744e-01,-1.483711403666499740e-05,-5.420176346683631269e-02
2.440534016395131400e-01,-1.492610630656475998e-05,-5.492585323292387828e-02
2.472646306084540779e-01,-1.512495716031622075e-05,-5.565000526353497401e-02
2.504758595773950436e-01,-1.544471958163284913e-05,-5.637422380882105288e-02
2.536870885463359815e-01,-1.594406780166667415e-05,-5.709851343342082358e-02
2.568983175152769749e-01,-1.672829022605979492e-05,-5.782287452377743442e-02
2.601095464842179683e-01,-1.792205120014007036e-05,-5.854729940934786520e-02
2.633207754531589062e-01,-1.962276151148246596e-05,-5.927177087806661387e-02
2.665320044220998441e-01,-2.184947689907165214e-05,-5.999626415023176507e-02
2.697432333910407820e-01,-2.450560173588458668e-05,-6.072075223757810586e-02
2.729544623599817754e-01,-2.737099818416053175e-05,-6.144521342095861371e-02
2.761656913289227688e-01,-3.013101268048809877e-05,-6.216963872206510144e-02
2.793769202978637067e-01,-3.243880781707452794e-05,-6.289403701488598120e-02
2.825881492668047001e-01,-3.399662489672308958e-05,-6.361843592224494803e-02
2.857993782357455825e-01,-3.463456933253302990e-05,-6.434287774755068079e-02
2.890106072046865759e-01,-3.436450332773972161e-05,-6.506741108842836741e-02
2.922218361736275694e-01,-3.339216674184958397e-05,-6.579208005891101774e-02
2.954330651425685073e-01,-3.208129417754340229e-05,-6.651691382988009216e-02
2.986442941115095007e-01,-3.087630028858826659e-05,-6.724191924471378812e-02
3.018555230804504386e-01,-3.020145857214516925e-05,-6.796707855190235736e-02
3.050667520493913765e-01,-3.036120462484753586e-05,-6.869235301074803901e-02
3.082779810183323699e-01,-3.146638475050885073e-05,-6.941769162306227203e-02
3.114892099872733078e-01,-3.340491933599345494e-05,-7.014304293298913306e-02
3.147004389562143012e-01,-3.586424316881062951e-05,-7.086836706831292632e-02
3.179116679251552391e-01,-3.840006179327038897e-05,-7.159364516235611209e-02
3.211228968940961770e-01,-4.053482842801771531e-05,-7.231888398328835399e-02
3.243341258630371704e-01,-4.186271133731056781e-05,-7.304411480198753914e-02
3.275453548319781638e-01,-4.213716311675208645e-05,-7.376938691851829544e-02
3.307565838009191017e-01,-4.132234110935554617e-05,-7.449475748018966059e-02
3.339678127698600396e-01,-3.959888566071160815e-05,-7.522027997134728139e-02
3.371790417388009775e-01,-3.732533828794875946e-05,-7.594599389023462543e-02
3.403902707077419709e-01,-3.496602526546982117e-05,-7.667191767496461807e-02
3.436014996766829643e-01,-3.300239408638753970e-05,-7.739804606879738258e-02
3.468127286456239022e-01,-3.184652583524909519e-05,-7.812435207921468450e-02
3.500239576145648956e-01,-3.177304967150044909e-05,-7.885079274673367777e-02
3.532351865835058335e-01,-3.288016138159439804e-05,-7.957731729553955968e-02
3.564464155524467714e-01,-3.508363017630373418e-05,-8.030387598069130273e-02
3.596576445213877649e-01,-3.814127243033300544e-05,-8.103042805704736840e-02
3.628688734903287028e-01,-4.170060746046883921e-05,-8.175694767142219210e-02
3.660801024592696962e-01,-4.535982024389226838e-05,-8.248342698418896501e-02
3.692913314282106341e-01,-4.873161839515367908e-05,-8.320987633372493864e-02
3.725025603971515720e-01,-5.150055181678067645e-05,-8.393632168479846223e-02
3.757137893660925654e-01,-5.346623705646401012e-05,-8.466279992044448144e-02
3.789250183350335588e-01,-5.456723532721688858e-05,-8.538935275428294336e-02
3.821362473039744967e-01,-5.488288067561607208e-05,-8.611602017611059978e-02
3.853474762729154901e-01,-5.461315030242465439e-05,-8.684283440395658416e-02
3.885587052418563725e-01,-5.403971692698759309e-05,-8.756981528195663389e-02
3.917699342107973659e-01,-5.347442683821909031e-05,-8.829696790040747478e-02
3.949811631797383593e-01,-5.320409813894303147e-05,-8.902428289514435766e-02
3.981923921486792972e-01,-5.344198580240303866e-05,-8.975173941762028262e-02
4.014036211176202906e-01,-5.429577071514958607e-05,-9.047931022054644945e-02
4.046148500865612285e-01,-5.575909131398431375e-05,-9.120696779647165242e-02
4.078260790555021664e-01,-5.772866753515052172e-05,-9.193469018480156241e-02
4.110373080244431598e-01,-6.004292266195974573e-05,-9.266246505362780994e-02
4.142485369933840977e-01,-6.253223358529286257e-05,-9.339029102378013092e-02
4.174597659623250911e-01,-6.506726647331625101e-05,-9.411817588640675192e-02
4.206709949312660290e-01,-6.759165586436789892e-05,-9.484613221542617656e-02
4.238822239002069669e-01,-7.012906022754985462e-05,-9.557417165966841655e-02
4.270934528691479604e-01,-7.276169853408874359e-05,-9.630229967194946228e-02
4.303046818380889538e-01,-7.558604694451357493e-05,-9.703051241549058570e-02
4.335159108070298917e-01,-7.865897036132691298e-05,-9.775879703584045011e-02
4.367271397759708296e-01,-8.195173113013083199e-05,-9.848713551568498425e-02
4.399383687449117675e-01,-8.532842136563913778e-05,-9.921551120120863931e-02
4.431495977138527609e-01,-8.855919661066342257e-05,-9.994391613869080260e-02
4.463608266827937543e-01,-9.136866853844374434e-05,-1.006723569021828607e-01
4.495720556517346922e-01,-9.350870628223255485e-05,-1.014008568162936691e-01
4.527832846206756856e-01,-9.483605228387431728e-05,-1.021294533756205575e-01
4.559945135896166235e-01,-9.537152266517968306e-05,-1.028581910170879021e-01
4.592057425585575614e-01,-9.532071292467123144e-05,-1.035871108360271603e-01
4.624169715274985548e-01,-9.504567918496603543e-05,-1.043162399182348127e-01
4.656282004964394927e-01,-9.499062829549753499e-05,-1.050455833299326069e-01
4.688394294653804861e-01,-9.557843273313336918e-05,-1.057751212975719529e-01
4.720506584343214240e-01,-9.710465425456787794e-05,-1.065048128075715833e-01
4.752618874032623619e-01,-9.965848010276071576e-05,-1.072346050962319636e-01
4.784731163722033553e-01,-1.030942619900748026e-04,-1.079644467761251697e-01
4.816843453411443488e-01,-1.070643690728151462e-04,-1.086943011706461570e-01
4.848955743100852867e-01,-1.111072353577656306e-04,-1.094241561819127434e-01
4.881068032790262801e-01,-1.147685434607153095e-04,-1.101540278210693391e-01
4.913180322479671625e-01,-1.177231621291290216e-04,-1.108839562003750417e-01
4.945292612169081559e-01,-1.198640189332107693e-04,-1.116139948736383225e-01
4.977404901858491493e-01,-1.213323290193831053e-04,-1.123441963231728291e-01
5.009517191547900872e-01,-1.224794744783467128e-04,-1.130745975633507261e-01
5.041629481237310806e-01,-1.237699703609511240e-04,-1.138052098965802034e-01
5.073741770926719630e-01,-1.256518863144346124e-04,-1.145360157643837140e-01
5.105854060616129564e-01,-1.284308282867157062e-04,-1.152669736712354370e-01
5.137966350305539498e-01,-1.321831149855738424e-04,-1.159980298732584680e-01
5.170078639994949432e-01,-1.367330324931399809e-04,-1.167291335770078708e-01
5.202190929684359366e-01,-1.417009656947771572e-04,-1.174602513590845693e-01
5.234303219373768190e-01,-1.466089515758968312e-04,-1.181913767112722780e-01
5.266415509063178124e-01,-1.510136669737091445e-04,-1.189225319974758638e-01
5.298527798752586948e-01,-1.546289298541713331e-04,-1.196537622862074712e-01
5.330640088441996882e-01,-1.574028548871140697e-04,-1.203851228640029913e-01
5.362752378131406816e-01,-1.595280312280588839e-04,-1.211166640542182954e-01
5.394864667820815640e-01,-1.613826316856991445e-04,-1.218484177244217731e-01
5.426976957510225574e-01,-1.634204679354823585e-04,-1.225803893375125436e-01
5.459089247199635508e-01,-1.660427274187498896e-04,-1.233125577418890118e-01
5.491201536889045443e-01,-1.694890984925316113e-04,-1.240448825974884983e-01
5.523313826578455377e-01,-1.737797477818864517e-04,-1.247773170826714517e-01
5.555426116267864201e-01,-1.787240516425758275e-04,-1.255098219940150306e-01
5.587538405957274135e-01,-1.839917963367855699e-04,-1.262423769941175278e-01
5.619650695646684069e-01,-1.892238366852144933e-04,-1.269749856842473101e-01
5.651762985336094003e-01,-1.941475843088596889e-04,-1.277076730958675299e-01
5.683875275025502827e-01,-1.986616713576073252e-04,-1.284404765232191048e-01
5.715987564714911651e-01,-2.028639740631174495e-04,-1.291734326497262220e-01
5.748099854404321585e-01,-2.070148465503136750e-04,-1.299065650367443869e-01
5.780212144093731519e-01,-2.114474910799009973e-04,-1.306398759063276682e-01
5.812324433783141453e-01,-2.164537283395051039e-04,-1.313733448055923458e-01
5.844436723472551387e-01,-2.221810306835617359e-04,-1.321069346033229008e-01
5.876549013161961321e-01,-2.285732265396184259e-04,-1.328406029969484425e-01
5.908661302851370145e-01,-2.353738502999626130e-04,-1.335743159980520844e-01
5.940773592540780079e-01,-2.421918401480965453e-04,-1.343080592421299346e-01
5.972885882230190013e-01,-2.486101073095169783e-04,-1.350418436235153730e-01
6.004998171919598837e-01,-2.543043119494734785e-04,-1.357757034861437062e-01
6.037110461609008771e-01,-2.591360283989172040e-04,-1.365096878712925288e-01
6.069222751298417595e-01,-2.631923111052309155e-04,-1.372438474351278803e-01
6.101335040987827529e-01,-2.667600398165207408e-04,-1.379782209526755066e-01
6.133447330677237463e-01,-2.702432532596004463e-04,-1.387128254228883473e-01
6.165559620366647398e-01,-2.740488494508671116e-04,-1.394476526581062692e-01
6.197671910056057332e-01,-2.784752576789838153e-04,-1.401826732373442630e-01
6.229784199745466156e-01,-2.836371841345003398e-04,-1.409178464526467112e-01
6.261896489434876090e-01,-2.894478588247595408e-04,-1.416531330804192135e-01
6.294008779124286024e-01,-2.956620960313412747e-04,-1.423885070195120561e-01
6.326121068813695958e-01,-3.019646435414810072e-04,-1.431239622907429232e-01
6.358233358503104782e-01,-3.080746512872942016e-04,-1.438595134329335445e-01
6.390345648192514716e-01,-3.138328809715624644e-04,-1.445951894609271149e-01
6.422457937881923540e-01,-3.192447389164475009e-04,-1.453310235897425917e-01
6.454570227571333474e-01,-3.244671811820648436e-04,-1.460670422263762036e-01
6.486682517260743408e-01,-3.297461344041914002e-04,-1.468032568759355672e-01
6.518794806950153342e-01,-3.353272617001632860e-04,-1.475396615615350848e-01
6.550907096639563276e-01,-3.413714121419755853e-04,-1.482762364624996554e-01
6.583019386328972100e-01,-3.479041282465264169e-04,-1.490129563539735469e-01
6.615131676018382034e-01,-3.548167454389698685e-04,-1.497498007823770683e-01
6.647243965707791968e-01,-3.619187343314574849e-04,-1.504867622874101751e-01
6.679356255397200792e-01,-3.690228846710981968e-04,-1.512238496061016346e-01
6.711468545086610726e-01,-3.760327479387812698e-04,-1.519610844848502396e-01
6.743580834776019550e-01,-3.829996862323963979e-04,-1.526984929430964255e-01
6.775693124465429484e-01,-3.901259423053440064e-04,-1.534360938505108796e-01
6.807805414154839418e-01,-3.977077376941793078e-04,-1.541738888146442776e-01
6.839917703844249353e-01,-4.060330154732251116e-04,-1.549118572105533387e-01
6.872029993533659287e-01,-4.152653643432898615e-04,-1.556499587109434757e-01
6.904142283223069221e-01,-4.253531111382864043e-04,-1.563881433142344235e-01
6.936254572912478045e-01,-4.359975903303411763e-04,-1.571263663449502246e-01
6.968366862601887979e-01,-4.466981097988061535e-04,-1.578646040276146245e-01
7.000479152291297913e-01,-4.568677873584740074e-04,-1.586028646534516640e-01
7.032591441980706737e-01,-4.659912908100485862e-04,-1.593411913293522331e-01
7.064703731670116671e-01,-4.737799110555323038e-04,-1.600796546032318968e-01
7.096816021359525495e-01,-4.802766488065720197e-04,-1.608183362521595494e-01
7.128928311048935429e-01,-4.858756586027654020e-04,-1.615573083082045558e-01
7.161040600738345363e-01,-4.912436392374048026e-04,-1.622966131131804435e-01
7.193152890427755297e-01,-4.971590763833549920e-04,-1.630362502604719710e-01
7.225265180117165231e-01,-5.043103039765846817e-04,-1.637761746022577958e-01
7.257377469806574055e-01,-5.131074937280622915e-04,-1.645163065017361259e-01
7.289489759495983989e-01,-5.235622536008329190e-04,-1.652565520330482318e-01
7.321602049185393923e-01,-5.352713731963998139e-04,-1.659968278883469650e-01
7.353714338874803857e-01,-5.475129270538674816e-04,-1.667370842254362329e-01
7.385826628564212681e-01,-5.594314067068325907e-04,-1.674773190682377622e-01
7.417938918253621505e-01,-5.702629085182905292e-04,-1.682175800932048382e-01
7.450051207943031439e-01,-5.795392252388625095e-04,-1.689579530919322614e-01
7.482163497632441373e-01,-5.872147303023012369e-04,-1.696985401147000361e-01
7.514275787321851308e-01,-5.936809786962129066e-04,-1.704394332031206605e-01
7.546388077011261242e-01,-5.996650722421750096e-04,-1.711806908686923645e-01
7.578500366700671176e-01,-6.060401562211293128e-04,-1.719223236995498783e-01
7.610612656390080000e-01,-6.136006461903785025e-04,-1.726642928986739933e-01
7.642724946079489934e-01,-6.228639823238314114e-04,-1.734065219172399586e-01
7.674837235768899868e-01,-6.339523100730530807e-04,-1.741489176978842923e-01
7.706949525458309802e-01,-6.465840568473443925e-04,-1.748913954338736643e-01
7.739061815147718626e-01,-6.601738398264861418e-04,-1.756338999206148721e-01
7.771174104837127450e-01,-6.740087211700020002e-04,-1.763764177388520704e-01
7.803286394526537384e-01,-6.874483084394401216e-04,-1.771189772929339656e-01
7.835398684215947318e-01,-7.000913416111604910e-04,-1.778616372918482846e-01
7.867510973905357252e-01,-7.118632822957465366e-04,-1.786044675488836497e-01
7.899623263594767186e-01,-7.230041454152290846e-04,-1.793475280315452169e-01
7.931735553284177120e-01,-7.339657826123612526e-04,-1.800908523434943953e-01
7.963847842973585944e-01,-7.452540339880401286e-04,-1.808344402396518391e-01
7.995960132662995878e-01,-7.572659198425015599e-04,-1.815782608854745184e-01
8.028072422352405813e-01,-7.701712615622973703e-04,-1.823222652737938043e-01
8.060184712041814636e-01,-7.838724811677588679e-04,-1.830664035113418187e-01
8.092297001731224571e-01,-7.980509903840520220e-04,-1.838106413828206054e-01
8.124409291420633394e-01,-8.122815270714864831e-04,-1.845549710512294495e-01
8.156521581110043329e-01,-8.261753597116974508e-04,-1.852994127738726571e-01
8.188633870799453263e-01,-8.395055838335541403e-04,-1.860440074417831213e-01
8.220746160488863197e-01,-8.522748560257874511e-04,-1.867888026579791194e-01
8.252858450178273131e-01,-8.647053107469405584e-04,-1.875338370531709764e-01
8.284970739867681955e-01,-8.771557792035685440e-04,-1.882791279949689589e-01
8.317083029557091889e-01,-8.899947160798196439e-04,-1.890246666617887150e-01
8.349195319246501823e-01,-9.034711486555745954e-04,-1.897704220232248884e-01
8.381307608935911757e-01,-9.176262300035723397e-04,-1.905163523765684985e-01
8.413419898625320581e-01,-9.322746667020714514e-04,-1.912624206523877712e-01
8.445532188314729405e-01,-9.470627245217961079e-04,-1.920086084866325093e-01
8.477644478004139339e-01,-9.615848865730267179e-04,-1.927549244383635896e-01
8.509756767693549273e-01,-9.755223376716847103e-04,-1.935014035821501222e-01
8.541869057382959207e-01,-9.887592181144120272e-04,-1.942480984329377769e-01
8.573981347072369141e-01,-1.001439274132978705e-03,-1.949950639061504010e-01
8.606093636761779075e-01,-1.013943992944278671e-03,-1.957423409130000236e-01
8.638205926451187899e-01,-1.026797721060343027e-03,-1.964899436463796445e-01
8.670318216140597833e-01,-1.040527949983927752e-03,-1.972378544868314543e-01
8.702430505830007768e-01,-1.055522811219340544e-03,-1.979860281086680274e-01
8.734542795519416591e-01,-1.071928544257975914e-03,-1.987344035334905612e-01
8.766655085208826526e-01,-1.089617123782593740e-03,-1.994829204513142995e-01
8.798767374898235349e-01,-1.108232367143711277e-03,-2.002315348660886341e-01
8.830879664587645284e-01,-1.127298607986223968e-03,-2.009802294113379184e-01
8.862991954277055218e-01,-1.146357047442563308e-03,-2.017290154210866215e-01
8.895104243966465152e-01,-1.165087121181095087e-03,-2.024779264722022243e-01
8.927216533655875086e-01,-1.183376022944621986e-03,-2.032270057980542222e-01
8.959328823345283910e-01,-1.201316966811263442e-03,-2.039762918571811079e-01
8.991441113034693844e-01,-1.219140217562780576e-03,-2.047258068278693388e-01
9.023553402724103778e-01,-1.237102826801569390e-03,-2.054755517394633024e-01
9.055665692413513712e-01,-1.255376321802967191e-03,-2.062255096879468952e-01
9.087777982102922536e-01,-1.273971981632949450e-03,-2.069756558479452224e-01
9.119890271792332470e-01,-1.292730607371133603e-03,-2.077259706726669597e-01
9.152002561481741294e-01,-1.311381880808214044e-03,-2.084764515279944608e-01
9.184114851171151228e-01,-1.329654509782437393e-03,-2.092271184268214290e-01
9.216227140860561162e-01,-1.347400150010370345e-03,-2.099780114055357638e-01
9.248339430549971096e-01,-1.364687637420031749e-03,-2.107291798360564627e-01
9.280451720239381030e-01,-1.381831765957220641e-03,-2.114806667211829860e-01
9.312564009928789854e-01,-1.399340614443292472e-03,-2.122324928857054760e-01
9.344676299618199788e-01,-1.417791269529829505e-03,-2.129846463219948194e-01
9.376788589307609723e-01,-1.437667634511264605e-03,-2.137370806157520842e-01
9.408900878997019657e-01,-1.459208207507781390e-03,-2.144897237323517558e-01
9.441013168686428481e-01,-1.482311454545621890e-03,-2.152424952770423117e-01
9.473125458375837304e-01,-1.506531296142702998e-03,-2.159953276273442746e-01
9.505237748065247239e-01,-1.531169493531863790e-03,-2.167481849308480479e-01
9.537350037754657173e-01,-1.555442981666403527e-03,-2.175010743383590517e-01
9.569462327444067107e-01,-1.578681168006033095e-03,-2.182540459339500638e-01
9.601574617133477041e-01,-1.600498046139753588e-03,-2.190071810353728665e-01
9.633686906822886975e-01,-1.620890011913283992e-03,-2.197605719222382181e-01
9.665799196512295799e-01,-1.640230992415057367e-03,-2.205142985891630492e-01
9.697911486201705733e-01,-1.659165901530854081e-03,-2.212684090419470839e-01
9.730023775891115667e-01,-1.678432820362745718e-03,-2.220229086625675197e-01
9.762136065580525601e-01,-1.698664890092008682e-03,-2.227777615439855696e-01
9.794248355269934425e-01,-1.720228510622588561e-03,-2.235329032129542981e-01
9.826360644959343249e-01,-1.743143354830306579e-03,-2.242882608547902001e-01
9.858472934648753183e-01,-1.767105247578636129e-03,-2.250437750139152593e-01
9.890585224338163117e-01,-1.791602458573206096e-03,-2.257994164034021756e-01
9.922697514027573051e-01,-1.816088565232121515e-03,-2.265551930088794130e-01
9.954809803716982985e-01,-1.840158935758370688e-03,-2.273111456394456831e-01
9.986922093406391809e-01,-1.863677802312524575e-03,-2.280673335587339312e-01
1.001903438309580174e+00,-1.886818709263918172e-03,-2.288238147714598825e-01
1.005114667278521168e+00,-1.910007892902442330e-03,-2.295806270634879187e-01
1.008325896247462161e+00,-1.933789657836118038e-03,-2.303377755532171056e-01
1.011537125216402933e+00,-1.958656085508159606e-03,-2.310952304353620090e-01
1.014748354185343926e+00,-1.984893454488087083e-03,-2.318529354390009567e-01
1.017959583154284919e+00,-2.012491693984541207e-03,-2.326108242576319929e-01
1.021170812123225913e+00,-2.041143114905817537e-03,-2.333688398387964436e-01
1.024382041092166906e+00,-2.070328928736269933e-03,-2.341269506577095816e-01
1.027593270061107900e+00,-2.099465318686811761e-03,-2.348851591535098260e-01
1.030804499030048893e+00,-2.128063309436548783e-03,-2.356435000248070233e-01
1.034015727998989886e+00,-2.155853678489067123e-03,-2.364020292603656315e-01
1.037226956967930880e+00,-2.182840379636407941e-03,-2.371608076212928518e-01
1.040438185936871873e+00,-2.209269362453874022e-03,-2.379198839092233897e-01
1.043649414905812645e+00,-2.235526757496266066e-03,-2.386792832580102441e-01
1.046860643874753638e+00,-2.262002543416802378e-03,-2.394390039249805757e-01
1.050071872843694631e+00,-2.288966019611430019e-03,-2.401990232082333310e-01
1.053283101812635625e+00,-2.316494487879256631e-03,-2.409593100977746039e-01
1.056494330781576618e+00,-2.344478130233226647e-03,-2.417198400524315227e-01
1.059705559750517390e+00,-2.372698096877074846e-03,-2.424806065984573822e-01
1.062916788719458383e+00,-2.400949675994947831e-03,-2.432416255038456487e-01
1.066128017688399376e+00,-2.429166291005636653e-03,-2.440029297686556187e-01
1.069339246657340370e+00,-2.457498351559259803e-03,-2.447645567987208892e-01
1.072550475626281363e+00,-2.486314523809689953e-03,-2.455265318937776553e-01
1.075761704595222135e+00,-2.516117771499750810e-03,-2.462888536754373192e-01
1.078972933564163128e+00,-2.547396869891886337e-03,-2.470514867860358899e-01
1.082184162533104121e+00,-2.580457018570292849e-03,-2.478143651429663141e-01
1.085395391502045115e+00,-2.615283179800923646e-03,-2.485774058265221576e-01
1.088606620470986108e+00,-2.651483216473105552e-03,-2.493405302844670379e-01
1.091817849439927102e+00,-2.688336245497081368e-03,-2.501036870103442999e-01
1.095029078408868095e+00,-2.724941033231802114e-03,-2.508668690102383025e-01
1.098240307377809089e+00,-2.760428827524771898e-03,-2.516301205318929868e-01
1.101451536346750082e+00,-2.794184014373913855e-03,-2.523935304035667126e-01
1.104662765315691075e+00,-2.826011023346043215e-03,-2.531572131028265171e-01
1.107873994284632069e+00,-2.856198897938928838e-03,-2.539212822438244310e-01
1.111085223253572840e+00,-2.885462456168794241e-03,-2.546858234726011583e-01
1.114296452222513834e+00,-2.914773167437631745e-03,-2.554508740920104493e-01
1.117507681191454827e+00,-2.945123855809167468e-03,-2.562164149750237874e-01
1.120718910160395820e+00,-2.977290055849669565e-03,-2.569823769591033091e-01
1.123930139129336814e+00,-3.011651801847444517e-03,-2.577486599114818255e-01
1.127141368098277807e+00,-3.048122529267075810e-03,-2.585151591708864105e-01
1.130352597067218801e+00,-3.086201595203660886e-03,-2.592817921077623100e-01
1.133563826036159572e+00,-3.125132465794204940e-03,-2.600485176556459055e-01
1.136775055005100565e+00,-3.164119831856182855e-03,-2.608153437944935593e-01
1.139986283974041559e+00,-3.202543992242583640e-03,-2.615823214682461151e-01
1.143197512942982330e+00,-3.240113811109988397e-03,-2.623495272579970949e-01
1.146408741911923324e+00,-3.276919138211785865e-03,-2.631170401930732483e-01
1.149619970880864317e+00,-3.313373671310205007e-03,-2.638849195000378400e-01
1.152831199849805310e+00,-3.350070788040292007e-03,-2.646531895011660640e-01
1.156042428818746304e+00,-3.387598637279278305e-03,-2.654218355160229414e-01
1.159253657787687297e+00,-3.426370070182423004e-03,-2.661908112446511598e-01
1.162464886756628291e+00,-3.466515611720067704e-03,-2.669600547497689158e-01
1.165676115725569284e+00,-3.507866458390654970e-03,-2.677295078024789499e-01
1.168887344694510277e+00,-3.550026314455745693e-03,-2.684991326711285708e-01
1.172098573663451271e+00,-3.592504480876584048e-03,-2.692689215518474510e-01
1.175309802632392264e+00,-3.634865878903042503e-03,-2.700388963477584614e-01
1.178521031601333036e+00,-3.676851297166956051e-03,-2.708090995798968503e-01
1.181732260570274029e+00,-3.718433217382213080e-03,-2.715795798899772739e-01
1.184943489539215022e+00,-3.759794764723046502e-03,-2.723503770635271048e-01
1.188154718508156016e+00,-3.801244321346109074e-03,-2.731215113540594319e-01
1.191365947477097009e+00,-3.843098180561774820e-03,-2.738929802349255871e-01
1.194577176446038003e+00,-3.885572217786706535e-03,-2.746647631245508481e-01
1.197788405414978996e+00,-3.928718555033362467e-03,-2.754368319780259311e-01
1.200999634383919767e+00,-3.972426623460831828e-03,-2.762091637682188017e-01
1.204210863352860761e+00,-4.016485557139134500e-03,-2.769817503769149147e-01
1.207422092321801754e+00,-4.060683927714248999e-03,-2.777546024140047920e-01
1.210633321290742526e+00,-4.104910272582984639e-03,-2.785277456279535713e-01
1.213844550259683519e+00,-4.149217696454301531e-03,-2.793012111449538204e-01
1.217055779228624512e+00,-4.193828002761877671e-03,-2.800750229272632730e-01
1.220267008197565506e+00,-4.239071296970499045e-03,-2.808491868654862667e-01
1.223478237166506499e+00,-4.285279077051695230e-03,-2.816236854759975872e-01
1.226689466135447493e+00,-4.332665255325566546e-03,-2.823984804001101190e-01
1.229900695104388486e+00,-4.381234918058482877e-03,-2.831735223637778520e-01
1.233111924073329480e+00,-4.430753050788078552e-03,-2.839487657720674019e-01
1.236323153042270473e+00,-4.480787213573792296e-03,-2.847241834855617770e-01
1.239534382011211466e+00,-4.530814951520753010e-03,-2.854997770917302446e-01
1.242745610980152460e+00,-4.580365905853286783e-03,-2.862755792380409225e-01
1.245956839949093231e+00,-4.629156787422931268e-03,-2.870516469585154273e-01
1.249168068918034225e+00,-4.677178421703393277e-03,-2.878280476702756441e-01
1.252379297886975218e+00,-4.724707785024311046e-03,-2.886048417857844384e-01
1.255590526855916211e+00,-4.772240163241962992e-03,-2.893820669687812153e-01
1.258801755824857205e+00,-4.820360438242618506e-03,-2.901597286146173071e-01
1.262012984793798198e+00,-4.869590674056318604e-03,-2.909377992923974920e-01
1.265224213762739192e+00,-4.920258035777661486e-03,-2.917162272149161351e-01
1.268435442731679963e+00,-4.972420557212169599e-03,-2.924949511271531799e-01
1.271646671700620956e+00,-5.025870463395979565e-03,-2.932739171472051876e-01
1.274857900669561950e+00,-5.080211233381669300e-03,-2.940530926183841931e-01
1.278069129638502943e+00,-5.134982666724622301e-03,-2.948324730675830896e-01
1.281280358607443715e+00,-5.189794640575813925e-03,-2.956120805711805466e-01
1.284491587576384708e+00,-5.244429081890191781e-03,-2.963919545029456981e-01
1.287702816545325701e+00,-5.298881071401691928e-03,-2.971721379381965233e-01
1.290914045514266695e+00,-5.353330139991289288e-03,-2.979526642021383398e-01
1.294125274483207688e+00,-5.408055202320247515e-03,-2.987335478167519320e-01
1.297336503452148682e+00,-5.463324062269340163e-03,-2.995147825213417825e-01
1.300547732421089675e+00,-5.519295527275334089e-03,-3.002963466451784580e-01
1.303758961390030668e+00,-5.575966775692940344e-03,-3.010782136799982633e-01
1.306970190358971662e+00,-5.633182656552324259e-03,-3.018603642219440664e-01
1.310181419327912655e+00,-5.690702382480719579e-03,-3.026427950641413789e-01
1.313392648296853649e+00,-5.748299593324999492e-03,-3.034255222386441075e-01
1.316603877265794420e+00,-5.805860417810337036e-03,-3.042085768883800445e-01
1.319815106234735413e+00,-5.863444682541343531e-03,-3.049919953073577106e-01
1.323026335203676407e+00,-5.921287671558830151e-03,-3.057758065077351706e-01
1.326237564172617400e+00,-5.979739836367987428e-03,-3.065600215818277130e-01
1.329448793141558394e+00,-6.039163029682589889e-03,-3.073446286117686999e-01
1.332660022110499387e+00,-6.099817163212746703e-03,-3.081295950906220993e-01
1.335871251079440158e+00,-6.161775471185131255e-03,-3.089148773286040095e-01
1.339082480048381152e+00,-6.224898148387609902e-03,-3.097004339392899208e-01
1.342293709017322145e+00,-6.288875514036062174e-03,-3.104862390246327930e-01
1.345504937986263139e+00,-6.353328925667789048e-03,-3.112722906164865910e-01
1.348716166955203910e+00,-6.417937876812083303e-03,-3.120586113466227718e-01
1.351927395924144903e+00,-6.482551670046942868e-03,-3.128452407865686680e-01
1.355138624893085897e+00,-6.547247376187895901e-03,-3.136322216468949708e-01
1.358349853862026890e+00,-6.612311842205492035e-03,-3.144195841635816224e-01
1.361561082830967884e+00,-6.678149518396492811e-03,-3.152073338084705467e-01
1.364772311799908877e+00,-6.745142342602642414e-03,-3.159954466302942189e-01
1.367983540768849871e+00,-6.813504960623543993e-03,-3.167838742689642606e-01
1.371194769737790864e+00,-6.883182417571256928e-03,-3.175725576618409485e-01
1.374405998706731857e+00,-6.953826387419068805e-03,-3.183614456146650618e-01
1.377617227675672851e+00,-7.024862971543467845e-03,-3.191505126539035953e-01
1.380828456644613844e+00,-7.095636931960872841e-03,-3.199397705079756737e-01
1.384039685613554616e+00,-7.165592611212350839e-03,-3.207292692658111899e-01
1.387250914582495609e+00,-7.234438560747911799e-03,-3.215190872622580853e-01
1.390462143551436602e+00,-7.302245562668403800e-03,-3.223093121498963876e-01
1.393673372520377596e+00,-7.369445968927463946e-03,-3.231000183910658352e-01
1.396884601489318589e+00,-7.436730931455792608e-03,-3.238912476662444417e-01
1.400095830458259583e+00,-7.504872628700439904e-03,-3.246829980145080619e-01
1.403307059427200576e+00,-7.574521686960357381e-03,-3.254752250575521089e-01
1.406518288396141347e+00,-7.646038404356607192e-03,-3.262678551232033319e-01
1.409729517365082341e+00,-7.719407228288780419e-03,-3.270608065354532745e-01
1.412940746334023334e+00,-7.794259673864750888e-03,-3.278540128590434755e-01
1.416151975302964106e+00,-7.869998645871557202e-03,-3.286474412527458089e-01
1.419363204271905099e+00,-7.945986655918823097e-03,-3.294411005189168962e-01
1.422574433240846092e+00,-8.021741045937997097e-03,-3.302350365288757028e-01
1.425785662209787086e+00,-8.097077114755758115e-03,-3.310293165296279150e-01
1.428996891178728079e+00,-8.172155886015296244e-03,-3.318240072335730262e-01
1.432208120147669073e+00,-8.247422501975109829e-03,-3.326191535106739483e-01
1.435419349116610066e+00,-8.323455033532352679e-03,-3.334147643340840128e-01
1.438630578085551059e+00,-8.400771484813504900e-03,-3.342108104018785553e-01
1.441841807054492053e+00,-8.479656209814671192e-03,-3.350072342321170349e-01
1.445053036023433046e+00,-8.560061482640903691e-03,-3.358039696101417504e-01
1.448264264992374040e+00,-8.641616988169266433e-03,-3.366009642679798075e-01
1.451475493961314811e+00,-8.723746381290056057e-03,-3.373981985431727670e-01
1.454686722930255804e+00,-8.805856069745066420e-03,-3.381956938840861571e-01
1.457897951899196798e+00,-8.887537577921421697e-03,-3.389935081360280211e-01
1.461109180868137791e+00,-8.968718864629124030e-03,-3.397917186439188830e-01
1.464320409837078785e+00,-9.049714055040061420e-03,-3.405903980912803886e-01
1.467531638806019778e+00,-9.131151310658341611e-03,-3.413895904513081225e-01
1.470742867774960771e+00,-9.213796028906639027e-03,-3.421892946576379768e-01
1.473954096743901543e+00,-9.298319845383880289e-03,-3.429894614811950238e-01
1.477165325712842536e+00,-9.385084643531124357e-03,-3.437900052165853149e-01
1.480376554681783530e+00,-9.474008816255581264e-03,-3.445908272820789042e-01
1.483587783650724301e+00,-9.564560415279662817e-03,-3.453918450816910735e-01
1.486799012619665294e+00,-9.655884908824234614e-03,-3.461930176311414087e-01
1.490010241588606288e+00,-9.747034883327936744e-03,-3.469943601229117935e-01
1.493221470557547281e+00,-9.837237304660311280e-03,-3.477959426600781834e-01
1.496432699526488275e+00,-9.926120678683814091e-03,-3.485978729621925232e-01
1.499643928495429268e+00,-1.001383404864193347e-02,-3.494002676010200537e-01
1.502855157464370262e+00,-1.010101988001518153e-02,-3.502032198396782814e-01
1.506066386433311255e+00,-1.018864495967943505e-02,-3.510067733498042353e-01
1.509277615402252248e+00,-1.027773518972282391e-02,-3.518109095642647510e-01
1.512488844371193242e+00,-1.036908918715923923e-02,-3.526155525880529940e-01
1.515700073340134235e+00,-1.046305309871191185e-02,-3.534205905337504117e-01
1.518911302309075007e+00,-1.055942245927006876e-02,-3.542259073454291918e-01
1.522122531278016000e+00,-1.065750082027291240e-02,-3.550314160458273860e-01
1.525333760246956993e+00,-1.075629963812887654e-02,-3.558370838277427062e-01
1.528544989215897987e+00,-1.085482274191201281e-02,-3.566429416912528794e-01
1.531756218184838980e+00,-1.095235371932043109e-02,-3.574490757602297175e-01
1.534967447153779974e+00,-1.104866322769579995e-02,-3.582556027120090691e-01
1.538178676122720967e+00,-1.114407610007527374e-02,-3.590626363755192729e-01
1.541389905091661960e+00,-1.123937861037878350e-02,-3.598702551385855597e-01
1.544601134060602732e+00,-1.133559260808429670e-02,-3.606784795893532847e-01
1.547812363029543725e+00,-1.143368188995439773e-02,-3.614872668545552892e-01
1.551023591998484719e+00,-1.153427582543099274e-02,-3.622965232498629451e-01
1.554234820967425490e+00,-1.163749013355686035e-02,-3.631061315404393586e-01
1.557446049936366483e+00,-1.174289632401488183e-02,-3.639159848773518280e-01
1.560657278905307477e+00,-1.184964798562105313e-02,-3.647260175633161294e-01
1.563868507874248470e+00,-1.195672652526766182e-02,-3.655362237633087430e-01
1.567079736843189464e+00,-1.206323445456139801e-02,-3.663466588223238674e-01
1.570290965812130457e+00,-1.216865093077891188e-02,-3.671574229378442578e-01
1.573502194781071450e+00,-1.227297580110056109e-02,-3.679686320653717257e-01
1.576713423750012444e+00,-1.237672136775111800e-02,-3.687803846120254470e-01
1.579924652718953437e+00,-1.248075572188441298e-02,-3.695927336300141586e-01
1.583135881687894431e+00,-1.258604466334135516e-02,-3.704056725377185555e-01
1.586347110656835424e+00,-1.269336832470159722e-02,-3.712191383846071835e-01
1.589558339625776195e+00,-1.280309526077980792e-02,-3.720330315287043166e-01
1.592769568594717189e+00,-1.291507920594808616e-02,-3.728472458262759859e-01
1.595980797563658182e+00,-1.302870730216821975e-02,-3.736617004330208824e-01
1.599192026532599176e+00,-1.314308419013976437e-02,-3.744763639430576108e-01
1.602403255501540169e+00,-1.325729699760526924e-02,-3.752912639268237149e-01
1.605614484470481163e+00,-1.337068339389910904e-02,-3.761064792579986160e-01
1.608825713439422156e+00,-1.348302498299779745e-02,-3.769221176533584794e-01
1.612036942408362927e+00,-1.359461104633456069e-02,-3.777382851082770610e-01
1.615248171377303921e+00,-1.370615605966482575e-02,-3.785550561612417431e-01
1.618459400346244914e+00,-1.381859703989378289e-02,-3.793724535358516392e-01
1.621670629315185685e+00,-1.393283110513003804e-02,-3.801904428427149707e-01
1.624881858284126679e+00,-1.404946976211469099e-02,-3.810089435559806947e-01
1.628093087253067672e+00,-1.416867997946665882e-02,-3.818278527447769854e-01
1.631304316222008666e+00,-1.429015537698774888e-02,-3.826470744287858161e-01
1.634515545190949659e+00,-1.441322208882839934e-02,-3.834665459745402183e-01
1.637726774159890653e+00,-1.453704465716705758e-02,-3.842862540360245105e-01
1.640938003128831646e+00,-1.466086919864024313e-02,-3.851062357958784377e-01
1.644149232097772639e+00,-1.478423207931573585e-02,-3.859265656774124031e-01
1.647360461066713633e+00,-1.490707465038823565e-02,-3.867473319457655490e-01
1.650571690035654626e+00,-1.502973410317816685e-02,-3.875686104485195904e-01
1.653782919004595620e+00,-1.515281805979670077e-02,-3.883904433572507031e-01
1.656994147973536391e+00,-1.527700479007244524e-02,-3.892128290331257623e-01
1.660205376942477384e+00,-1.540283181742399185e-02,-3.900357256243541793e-01
1.663416605911418378e+00,-1.553053723103585242e-02,-3.908590668010837321e-01
1.666627834880359371e+00,-1.566000023336561187e-02,-3.916827844166731465e-01
1.669839063849300365e+00,-1.579079607844809108e-02,-3.925068309249689635e-01
1.673050292818241358e+00,-1.592234531467540126e-02,-3.933311946355377842e-01
1.676261521787182351e+00,-1.605410882897223210e-02,-3.941559032329771672e-01
1.679472750756123123e+00,-1.618576704955231385e-02,-3.949810146762661733e-01
1.682683979725064116e+00,-1.631732751385718896e-02,-3.958065984912093604e-01
1.685895208694005110e+00,-1.644912778112260845e-02,-3.966327133907255886e-01
1.689106437662945881e+00,-1.658173323217548498e-02,-3.974593882329010563e-01
1.692317666631886874e+00,-1.671576166618371495e-02,-3.982866122527353725e-01
1.695528895600827868e+00,-1.685168897621581313e-02,-3.991143376294973288e-01
1.698740124569768861e+00,-1.698969589182194179e-02,-3.999424936646230888e-01
1.701951353538709855e+00,-1.712960323447791297e-02,-4.007710082974930699e-01
1.705162582507650848e+00,-1.727091626428604171e-02,-4.015998304466048552e-01
1.708373811476591841e+00,-1.741296568848212448e-02,-4.024289463972917091e-01
1.711585040445532835e+00,-1.755510370671879705e-02,-4.032583852320716367e-01
1.714796269414473828e+00,-1.769689680977630519e-02,-4.040882115727416068e-01
1.718007498383414822e+00,-1.783825783547744737e-02,-4.049185076883649592e-01
1.721218727352355815e+00,-1.797947768861677190e-02,-4.057493501903176036e-01
1.724429956321296586e+00,-1.812114673803038450e-02,-4.065807881475851926e-01
1.727641185290237580e+00,-1.826398838134916242e-02,-4.074128290449250400e-01
1.730852414259178573e+00,-1.840865301573429286e-02,-4.082454367077089086e-01
1.734063643228119567e+00,-1.855553215043204487e-02,-4.090785418201252077e-01
1.737274872197060560e+00,-1.870464639192354755e-02,-4.099120620026841522e-01
1.740486101166001554e+00,-1.885563944314160023e-02,-4.107459256615685339e-01
1.743697330134942547e+00,-1.900787953387135520e-02,-4.115800927683941901e-01
1.746908559103883318e+00,-1.916063886798382090e-02,-4.124145666601183868e-01
1.750119788072824312e+00,-1.931329965505949181e-02,-4.132493935691318176e-01
1.753331017041765305e+00,-1.946552831069202696e-02,-4.140846501217650411e-01
1.756542246010706076e+00,-1.961736921598345590e-02,-4.149204224494908999e-01
1.759753474979647070e+00,-1.976923289812407281e-02,-4.157567828662633858e-01
1.762964703948588063e+00,-1.992178363193667159e-02,-4.165937706398590845e-01
1.766175932917529057e+00,-2.007575951517892587e-02,-4.174313821003922120e-01
1.769387161886470050e+00,-2.023177610231748080e-02,-4.182695725979990176e-01
1.772598390855411044e+00,-2.039016784669097498e-02,-4.191082694598596281e-01
1.775809619824352037e+00,-2.055090944940722586e-02,-4.199473920767982649e-01
1.779020848793293030e+00,-2.071363569005389704e-02,-4.207868734155980617e-01
1.782232077762234024e+00,-2.087775047876240520e-02,-4.216266770813421050e-01
1.785443306731175017e+00,-2.104259175516286912e-02,-4.224668055289321766e-01
1.788654535700116011e+00,-2.120760512595853270e-02,-4.233072976590980252e-01
1.791865764669056782e+00,-2.137247919672684987e-02,-4.241482170347024572e-01
1.795076993637997775e+00,-2.153720873495863081e-02,-4.249896344516534974e-01
1.798288222606938769e+00,-2.170207369627414132e-02,-4.258316099130442511e-01
1.801499451575879762e+00,-2.186754606090996617e-02,-4.266741788762092313e-01
1.804710680544820756e+00,-2.203415543282888009e-02,-4.275173461070441716e-01
1.807921909513761749e+00,-2.220235330621984221e-02,-4.283610881056412190e-01
1.811133138482702742e+00,-2.237241286505487273e-02,-4.292053625969660668e-01
1.814344367451643736e+00,-2.254438782130613328e-02,-4.300501217321460734e-01
1.817555596420584507e+00,-2.271813471981866048e-02,-4.308953249170064947e-01
1.820766825389525501e+00,-2.289338436174370717e-02,-4.317409477115952132e-01
1.823978054358466494e+00,-2.306983509282929667e-02,-4.325869847818040181e-01
1.827189283327407265e+00,-2.324723714014800824e-02,-4.334334468974376797e-01
1.830400512296348259e+00,-2.342544339810137544e-02,-4.342803538127572582e-01
1.833611741265289252e+00,-2.360441548277026486e-02,-4.351277259776309414e-01
1.836822970234230246e+00,-2.378418982827491812e-02,-4.359755781072227609e-01
1.840034199203171239e+00,-2.396482187111732484e-02,-4.368239167198800232e-01
1.843245428172112232e+00,-2.414633281809009172e-02,-4.376727421827653619e-01
1.846456657141053226e+00,-2.432868130733801398e-02,-4.385220541215266166e-01
1.849667886109994219e+00,-2.451177244505886935e-02,-4.393718578103850692e-01
1.852879115078935213e+00,-2.469550264244854687e-02,-4.402221687622619450e-01
1.856090344047876206e+00,-2.487982508254893421e-02,-4.410730133068259118e-01
1.859301573016817200e+00,-2.506481199590295320e-02,-4.419244242895367103e-01
1.862512801985757971e+00,-2.525068909064832195e-02,-4.427764327128200228e-01
1.865724030954698964e+00,-2.543782486047577174e-02,-4.436290576298615451e-01
1.868935259923639958e+00,-2.562667089834681083e-02,-4.444822974117860204e-01
1.872146488892580951e+00,-2.581766470936919938e-02,-4.453361253683967846e-01
1.875357717861521945e+00,-2.601111914337119607e-02,-4.461904916293136236e-01
1.878568946830462938e+00,-2.620712855278383227e-02,-4.470453314875409423e-01
1.881780175799403931e+00,-2.640551917936380735e-02,-4.479005785634732062e-01
1.884991404768344703e+00,-2.660586066260113569e-02,-4.487561797001807240e-01
1.888202633737285696e+00,-2.680753985473890988e-02,-4.496121078725827669e-01
1.891413862706226690e+00,-2.700988169547496182e-02,-4.504683697702560607e-01
1.894625091675167461e+00,-2.721228929768539431e-02,-4.513250059967389705e-01
1.897836320644108454e+00,-2.741437006057300535e-02,-4.521820836652688524e-01
1.901047549613049448e+00,-2.761601792790618209e-02,-4.530396830624322524e-01
1.904258778581990441e+00,-2.781743282626790437e-02,-4.538978814939849116e-01
1.907470007550931435e+00,-2.801907379717666693e-02,-4.547567380538078963e-01
1.910681236519872428e+00,-2.822155821272237866e-02,-4.556162827324763964e-01
1.913892465488813421e+00,-2.842553164732571080e-02,-4.564765121295783490e-01
1.917103694457754415e+00,-2.863153856343739548e-02,-4.573373923891159154e-01
1.920314923426695408e+00,-2.883992195361078509e-02,-4.581988682841698912e-01
1.923526152395636402e+00,-2.905077150917634993e-02,-4.590608760616908812e-01
1.926737381364577395e+00,-2.926392741701408853e-02,-4.599233570157202911e-01
1.929948610333518166e+00,-2.947903395076698421e-02,-4.607862688829865716e-01
1.933159839302459160e+00,-2.969562683169380685e-02,-4.616495929370021400e-01
1.936371068271400153e+00,-2.991323303728526950e-02,-4.625133358276969364e-01
1.939582297240341147e+00,-3.013146196151747502e-02,-4.633775264385919801e-01
1.942793526209282140e+00,-3.035007169962713677e-02,-4.642422090098911047e-01
1.946004755178223133e+00,-3.056900179701817905e-02,-4.651074343114521836e-01
1.949215984147164127e+00,-3.078837174697726317e-02,-4.659732506997803503e-01
1.952427213116105120e+00,-3.100845086621931493e-02,-4.668396965501735996e-01
1.955638442085045892e+00,-3.122960879272989460e-02,-4.677067949976840278e-01
1.958849671053986885e+00,-3.145225663906442426e-02,-4.685745513445803700e-01
1.962060900022927656e+00,-3.167678755172865374e-02,-4.694429530460208499e-01
1.965272128991868650e+00,-3.190352325118794158e-02,-4.703119719319170944e-01
1.968483357960809643e+00,-3.213267114587429335e-02,-4.711815682340090850e-01
1.971694586929750637e+00,-3.236429541907175078e-02,-4.720516959759361586e-01
1.974905815898691630e+00,-3.259830500733584130e-02,-4.729223092531816275e-01
1.978117044867632623e+00,-3.283446101149612578e-02,-4.737933688205642202e-01
1.981328273836573617e+00,-3.307240499706554093e-02,-4.746648482276092929e-01
1.984539502805514610e+00,-3.331170727915330060e-02,-4.755367385751537723e-01
1.987750731774455604e+00,-3.355193065981378064e-02,-4.764090509263622097e-01
1.990961960743396597e+00,-3.379270091414341565e-02,-4.772818155962715303e-01
1.994173189712337591e+00,-3.403377187389456521e-02,-4.781550780077840623e-01
1.997384418681278362e+00,-3.427507164718163191e-02,-4.790288914854800018e-01
2.000595647650219355e+00,-3.451671838168592771e-02,-4.799033081135071210e-01
2.003806876619160349e+00,-3.475899924108108441e-02,-4.807783694017425113e-01
2.007018105588101342e+00,-3.500231408748469275e-02,-4.816540987778977212e-01
2.010229334557042336e+00,-3.524709396785470628e-02,-4.825304977143435314e-01
2.013440563525983329e+00,-3.549371159718495150e-02,-4.834075465929869031e-01
2.016651792494924322e+00,-3.574240445176364578e-02,-4.842852103397646824e-01
2.019863021463865316e+00,-3.599322946711630555e-02,-4.851634476744420832e-01
2.023074250432805865e+00,-3.624606160306780012e-02,-4.860422218337819844e-01
2.026285479401746858e+00,-3.650063805507221953e-02,-4.869215101237435173e-01
2.029496708370687852e+00,-3.675663819043208796e-02,-4.878013098157784611e-01
2.032707937339628845e+00,-3.701377944611276144e-02,-4.886816387303944409e-01
2.035919166308569839e+00,-3.727190423223136068e-02,-4.895625301707647314e-01
2.039130395277510832e+00,-3.753103404587330993e-02,-4.904440233558336470e-01
2.042341624246451826e+00,-3.779137458810830769e-02,-4.913261517655360677e-01
2.045552853215392819e+00,-3.805326802400731817e-02,-4.922089324974287528e-01
2.048764082184333812e+00,-3.831710257691364752e-02,-4.930923596277423937e-01
2.051975311153274806e+00,-3.858320173215911558e-02,-4.939764036566500205e-01
2.055186540122215799e+00,-3.885172210955502997e-02,-4.948610175994076488e-01
2.058397769091156793e+00,-3.912258847598520245e-02,-4.957461485354422437e-01
2.061608998060097786e+00,-3.939548619938139373e-02,-4.966317518986349544e-01
2.064820227029038779e+00,-3.966991748291070347e-02,-4.975178048979334022e-01
2.068031455997979773e+00,-3.994531135224514001e-02,-4.984043154624928640e-01
2.071242684966920766e+00,-4.022116275845954991e-02,-4.992913240498652039e-01
2.074453913935861760e+00,-4.049716717101037311e-02,-5.001788973364160729e-01
2.077665142904802753e+00,-4.077331622788148147e-02,-5.010671148249303819e-01
2.080876371873743746e+00,-4.104992793089633912e-02,-5.019560512531493490e-01
2.084087600842684296e+00,-4.132759985496092803e-02,-5.028457588918261445e-01
2.087298829811625289e+00,-4.160709236252020660e-02,-5.037362540529146671e-01
2.090510058780566283e+00,-4.188916635211566153e-02,-5.046275112946737584e-01
2.093721287749507276e+00,-4.217441221201183310e-02,-5.055194670832142689e-01
2.096932516718448269e+00,-4.246311021392985829e-02,-5.064120324501987236e-01
2.100143745687389263e+00,-4.275515644103508595e-02,-5.073051120078997389e-01
2.103354974656330256e+00,-4.305007375172784784e-02,-5.081986250818485429e-01
2.106566203625271250e+00,-4.334710760301330873e-02,-5.090925241032397963e-01
2.109777432594212243e+00,-4.364538647970540863e-02,-5.099868059396206466e-01
2.112988661563153237e+00,-4.394411106509522880e-02,-5.108815134248484435e-01
2.116199890532093786e+00,-4.424272899873272352e-02,-5.117767266118151692e-01
2.119411119501034779e+00,-4.454105497460242313e-02,-5.126725456768945755e-01
2.122622348469975773e+00,-4.483930845589150643e-02,-5.135690693747663182e-01
2.125833577438916766e+00,-4.513806048886670474e-02,-5.144663739974317807e-01
2.129044806407857759e+00,-4.543810240791049809e-02,-5.153644976713012138e-01
2.132256035376798753e+00,-4.574026750764784849e-02,-5.162634335547131581e-01
2.135467264345739746e+00,-4.604524760043390841e-02,-5.171631333789915574e-01
2.138678493314680740e+00,-4.635344715432426765e-02,-5.180635203207971662e-01
2.141889722283621733e+00,-4.666490824644430740e-02,-5.189645079967259989e-01
2.145100951252562727e+00,-4.697932219724770819e-02,-5.198660209650109998e-01
2.148312180221503720e+00,-4.729612273762397179e-02,-5.207680118418985815e-01
2.151523409190444269e+00,-4.761463605470089844e-02,-5.216704710523183408e-01
2.154734638159385707e+00,-4.793424983200675338e-02,-5.225734271032377309e-01
2.157945867128326256e+00,-4.825455964326734459e-02,-5.234769376253726181e-01
2.161157096097267694e+00,-4.857545761154262454e-02,-5.243810736874834344e-01
2.164368325066208243e+00,-4.889714336971084929e-02,-5.252859014877770960e-01
2.167579554035149680e+00,-4.922005718319741319e-02,-5.261914660774089647e-01
2.170790783004090230e+00,-4.954475459666734388e-02,-5.270977811465614726e-01
2.174002011973031667e+00,-4.987175623715905948e-02,-5.280048272761584949e-01
2.177213240941972217e+00,-5.020141190365527695e-02,-5.289125588528129640e-01
2.180424469910913654e+00,-5.053381351835668778e-02,-5.298209176294784717e-01
2.183635698879854203e+00,-5.086877820778482051e-02,-5.307298492551674185e-01
2.186846927848795197e+00,-5.120590425609376772e-02,-5.316393184118710646e-01
2.190058156817736190e+00,-5.154468377396650286e-02,-5.325493186482115338e-01
2.193269385786676740e+00,-5.188464154588788568e-02,-5.334598744544691851e-01
2.196480614755618177e+00,-5.222546332444934908e-02,-5.343710351901268529e-01
2.199691843724558726e+00,-5.256708032520107654e-02,-5.352828626054836336e-01
2.202903072693500164e+00,-5.290968878064927772e-02,-5.361954153351364827e-01
2.206114301662440713e+00,-5.325370082627880336e-02,-5.371087344616365389e-01
2.209325530631382151e+00,-5.359964104273668567e-02,-5.380228338776629204e-01
2.212536759600322700e+00,-5.394801688918640648e-02,-5.389376978308412225e-01
2.215747988569264137e+00,-5.429919741989256560e-02,-5.398532860903773045e-01
2.218959217538204687e+00,-5.465333158651310835e-02,-5.407695451572384071e-01
2.222170446507145680e+00,-5.501032609755983349e-02,-5.416864223891748598e-01
2.225381675476086674e+00,-5.536988643361322182e-02,-5.426038792339460404e-01
2.228592904445027667e+00,-5.573160770791567298e-02,-5.435219001221857082e-01
2.231804133413968660e+00,-5.609508918669586786e-02,-5.444404948459109495e-01
2.235015362382909654e+00,-5.646004083417890951e-02,-5.453596940737663878e-01
2.238226591351850647e+00,-5.682635352630027031e-02,-5.462795395206876403e-01
2.241437820320791641e+00,-5.719411547670683743e-02,-5.472000716876832538e-01
2.244649049289732634e+00,-5.756357276036247472e-02,-5.481213186457959408e-01
2.247860278258673628e+00,-5.793504727198411919e-02,-5.490432889252531146e-01
2.251071507227614621e+00,-5.830883674937800687e-02,-5.499659703259981436e-01
2.254282736196555614e+00,-5.868512560906294362e-02,-5.508893347565468890e-01
2.257493965165496164e+00,-5.906393133416194818e-02,-5.518133475224653584e-01
2.260705194134437601e+00,-5.944510036618062820e-02,-5.527379782936088226e-01
2.263916423103378150e+00,-5.982835309586674588e-02,-5.536632106005509035e-01
2.267127652072319144e+00,-6.021336375961104659e-02,-5.545890472286099104e-01
2.270338881041260137e+00,-6.059985169813316558e-02,-5.555155101204725110e-01
2.273550110010201131e+00,-6.098765803594577428e-02,-5.564426349928601745e-01
2.276761338979142124e+00,-6.137678686591081789e-02,-5.573704623560942206e-01
2.279972567948083118e+00,-6.176740081443986286e-02,-5.582990275790412626e-01
2.283183796917024111e+00,-6.215977415966847386e-02,-5.592283528101009704e-01
2.286395025885964660e+00,-6.255421858851707706e-02,-5.601584429244641505e-01
2.289606254854906098e+00,-6.295100383069102135e-02,-5.610892864291719961e-01
2.292817483823846647e+00,-6.335029589280215256e-02,-5.620208607974322979e-01
2.296028712792788085e+00,-6.375212951607532597e-02,-5.629531404523084870e-01
2.299239941761728634e+00,-6.415642079218684957e-02,-5.638861049336583164e-01
2.302451170730670071e+00,-6.456301386531479447e-02,-5.648197448421162781e-01
2.305662399699610621e+00,-6.497174588499592118e-02,-5.657540639169816865e-01
2.308873628668552058e+00,-6.538250964542134669e-02,-5.666890768231503950e-01
2.312084857637492608e+00,-6.579529487787551256e-02,-5.676248035212116960e-01
2.315296086606434045e+00,-6.621019629125059203e-02,-5.685612620877350532e-01
2.318507315575374594e+00,-6.662738688416250388e-02,-5.694984622553062037e-01
2.321718544544316032e+00,-6.704706557243102216e-02,-5.704364016538630011e-01
2.324929773513256581e+00,-6.746939565567823538e-02,-5.713750658645485592e-01
2.328141002482197575e+00,-6.789445295626858612e-02,-5.723144322231134007e-01
2.331352231451138568e+00,-6.832219908767386829e-02,-5.732544761919303733e-01
2.334563460420079117e+00,-6.875248744670638124e-02,-5.741951783893858297e-01
2.337774689389020555e+00,-6.918509967872873978e-02,-5.751365302268486301e-01
2.340985918357961104e+00,-6.961980154550279076e-02,-5.760785365759604204e-01
2.344197147326902542e+00,-7.005640192189056814e-02,-5.770212148077176195e-01
2.347408376295843091e+00,-7.049479846114008186e-02,-5.779645906167686364e-01
2.350619605264784528e+00,-7.093499812733378151e-02,-5.789086919422995470e-01
2.353830834233725078e+00,-7.137710866602275939e-02,-5.798535427603286330e-01
2.357042063202666071e+00,-7.182130563397728928e-02,-5.807991584347877989e-01
2.360253292171607065e+00,-7.226778621351133414e-02,-5.817455437341276792e-01
2.363464521140548058e+00,-7.271672380468989505e-02,-5.826926937531333728e-01
2.366675750109489051e+00,-7.316823571732826437e-02,-5.836405971111473523e-01
2.369886979078430045e+00,-7.362237099672598595e-02,-5.845892401981006570e-01
2.373098208047371038e+00,-7.407911843774135641e-02,-5.855386110789186915e-01
2.376309437016312032e+00,-7.453842853338532581e-02,-5.864887019647977429e-01
2.379520665985253025e+00,-7.500023948637749016e-02,-5.874395097858686743e-01
2.382731894954194019e+00,-7.546449750755751529e-02,-5.883910351210841494e-01
2.385943123923135012e+00,-7.593116516150058559e-02,-5.893432803039306833e-01
2.389154352892076005e+00,-7.640021705514121741e-02,-5.902962477375541805e-01
2.392365581861016555e+00,-7.687162761199479999e-02,-5.912499392581627156e-01
2.395576810829957992e+00,-7.734535902576382405e-02,-5.922043568654085099e-01
2.398788039798898541e+00,-7.782135750878214908e-02,-5.931595044922522986e-01
2.401999268767839535e+00,-7.829956261415640939e-02,-5.941153899594562304e-01
2.405210497736780528e+00,-7.877992890235610557e-02,-5.950720260557267327e-01
2.408421726705721522e+00,-7.926245354786085051e-02,-5.960294298954763592e-01
2.411632955674662515e+00,-7.974719977273886373e-02,-5.969876202765649342e-01
2.414844184643603509e+00,-8.023430576675170955e-02,-5.979466135027786677e-01
2.418055413612544502e+00,-8.072397235647649216e-02,-5.989064187918911042e-01
2.421266642581485051e+00,-8.121642913227405947e-02,-5.998670347179754225e-01
2.424477871550426489e+00,-8.171188599587383972e-02,-6.008284479948663437e-01
2.427689100519367038e+00,-8.221048271845303457e-02,-6.017906353085725746e-01
2.430900329488308476e+00,-8.271225107735799553e-02,-6.027535680188017553e-01
2.434111558457249025e+00,-8.321710156096458200e-02,-6.037172186490882275e-01
2.437322787426190462e+00,-8.372484005752960090e-02,-6.046815674660981355e-01
2.440534016395131012e+00,-8.423521128709021699e-02,-6.056466073281524531e-01
2.443745245364072449e+00,-8.474795768072668212e-02,-6.066123454242272617e-01
2.446956474333012999e+00,-8.526287756603205537e-02,-6.075788014102007084e-01
2.450167703301954436e+00,-8.577986654921695986e-02,-6.085460025121146588e-01
2.453378932270894985e+00,-8.629893103478857019e-02,-6.095139770720704453e-01
2.456590161239836423e+00,-8.682017140796415011e-02,-6.104827484660954040e-01
2.459801390208776972e+00,-8.734374183446773354e-02,-6.114523311676833828e-01
2.463012619177717966e+00,-8.786980085694603981e-02,-6.124227300030959942e-01
2.466223848146658959e+00,-8.839846956608299333e-02,-6.133939425717536142e-01
2.469435077115599508e+00,-8.892981112822892498e-02,-6.143659637355366465e-01
2.472646306084540946e+00,-8.946383772056909489e-02,-6.153387903740183962e-01
2.475857535053481495e+00,-9.000054093820818168e-02,-6.163124245100800591e-01
2.479068764022422933e+00,-9.053993283849483265e-02,-6.172868734872405394e-01
2.482279992991363482e+00,-9.108208010920643138e-02,-6.182621469575236839e-01
2.485491221960304919e+00,-9.162711525320521577e-02,-6.192382516690662086e-01
2.488702450929245469e+00,-9.217521607724254995e-02,-6.202151860056757116e-01
2.491913679898186462e+00,-9.272655601651540180e-02,-6.211929365696741145e-01
2.495124908867127456e+00,-9.328123932130369389e-02,-6.221714786447414269e-01
2.498336137836068449e+00,-9.383924292274484213e-02,-6.231507812127435875e-01
2.501547366805009442e+00,-9.440038785373951191e-02,-6.241308156582520139e-01
2.504758595773950436e+00,-9.496435639192082889e-02,-6.251115658607571124e-01
2.507969824742891429e+00,-9.553075805882627058e-02,-6.260930365382626483e-01
2.511181053711832423e+00,-9.609923189282768008e-02,-6.270752568053205023e-01
2.514392282680773416e+00,-9.666955884620911932e-02,-6.280582770089077060e-01
2.517603511649714410e+00,-9.724175131144877082e-02,-6.290421587570442785e-01
2.520814740618655403e+00,-9.781608949976841605e-02,-6.300269601479762116e-01
2.524025969587596396e+00,-9.839308676439001422e-02,-6.310127199127939512e-01
2.527237198556536946e+00,-9.897338508161865334e-02,-6.319994449398645964e-01
2.530448427525478383e+00,-9.955760256760734506e-02,-6.329871051398360260e-01
2.533659656494418932e+00,-1.001461710331613131e-01,-6.339756378797238856e-01
2.536870885463359926e+00,-1.007392079941059893e-01,-6.349649616793223705e-01
2.540082114432300919e+00,-1.013364616236514665e-01,-6.359549962083731467e-01
2.543293343401241913e+00,-1.019373496987049377e-01,-6.369456836155288348e-01
2.546504572370182906e+00,-1.025410889311478002e-01,-6.379370054853771288e-01
2.549715801339123900e+00,-1.031468858279520479e-01,-6.389289905485501242e-01
2.552927030308064893e+00,-1.037541415681941248e-01,-6.399217105159575869e-01
2.556138259277005886e+00,-1.043626169670752168e-01,-6.409152645090576694e-01
2.559349488245946880e+00,-1.049725118225689202e-01,-6.419097556797204174e-01
2.562560717214887429e+00,-1.055844341399191227e-01,-6.429052658794016661e-01
2.565771946183828867e+00,-1.061992634814668823e-01,-6.439018349803230512e-01
2.568983175152769416e+00,-1.068179412419868746e-01,-6.448994504111316139e-01
2.572194404121710853e+00,-1.074412410636239601e-01,-6.458980498809688831e-01
2.575405633090651403e+00,-1.080695790119217958e-01,-6.468975368061435915e-01
2.578616862059592840e+00,-1.087029134604507730e-01,-6.478978045602412639e-01
2.581828091028533390e+00,-1.093407612650038052e-01,-6.488987632792277971e-01
2.585039319997474827e+00,-1.099823260055279722e-01,-6.499003622398691338e-01
2.588250548966415376e+00,-1.106267042495141517e-01,-6.509026020049530903e-01
2.591461777935356814e+00,-1.112731151606833474e-01,-6.519055332793060042e-01
2.594673006904297363e+00,-1.119210930421166428e-01,-6.529092429919995944e-01
2.597884235873238357e+00,-1.125705931179043773e-01,-6.539138315266677104e-01
2.601095464842179350e+00,-1.132219849823277308e-01,-6.549193873244104624e-01
2.604306693811119899e+00,-1.138759388980524478e-01,-6.559259656551825746e-01
2.607517922780061337e+00,-1.145332389125724992e-01,-6.569335770557065413e-01
2.610729151749001886e+00,-1.151945756203853199e-01,-6.579421881523034310e-01
2.613940380717943324e+00,-1.158603752500946688e-01,-6.589517341252550953e-01
2.617151609686883873e+00,-1.165307098252254397e-01,-6.599621389077857669e-01
2.620362838655825310e+00,-1.172053091314917556e-01,-6.609733372273081109e-01
2.623574067624765860e+00,-1.178836661753307757e-01,-6.619852923186850813e-01
2.626785296593707297e+00,-1.185652020746332802e-01,-6.629980046018573159e-01
2.629996525562647847e+00,-1.192494410904284957e-01,-6.640115093549897596e-01
2.633207754531588840e+00,-1.199361458094970329e-01,-6.650258646107830574e-01
2.636418983500529833e+00,-1.206253760646781165e-01,-6.660411332286361175e-01
2.639630212469470827e+00,-1.213174586592818405e-01,-6.670573645810022878e-01
2.642841441438411820e+00,-1.220128812256120882e-01,-6.680745811514193777e-01
2.646052670407352814e+00,-1.227121448725227160e-01,-6.690927736720767571e-01
2.649263899376293807e+00,-1.234156206164207237e-01,-6.701119057723556871e-01
2.652475128345234801e+00,-1.241234513136360296e-01,-6.711319262818381537e-01
2.655686357314175794e+00,-1.248355253901354267e-01,-6.721527851722219893e-01
2.658897586283116787e+00,-1.255515261274643135e-01,-6.731744482476642588e-01
2.662108815252057337e+00,-1.262710376045969307e-01,-6.741969063147583707e-01
2.665320044220998774e+00,-1.269936724206189027e-01,-6.752201764382403937e-01
2.668531273189939323e+00,-1.277191816070082364e-01,-6.762442954027539921e-01
2.671742502158880317e+00,-1.284475146944098478e-01,-6.772693078656538690e-01
2.674953731127821310e+00,-1.291788149601370561e-01,-6.782952531817377784e-01
2.678164960096762304e+00,-1.299133558420998980e-01,-6.793221550769377171e-01
2.681376189065703297e+00,-1.306514427034366765e-01,-6.803500172276770730e-01
2.684587418034644291e+00,-1.313933139474726397e-01,-6.813788257596772313e-01
2.687798647003585284e+00,-1.321390740530296870e-01,-6.824085573882270328e-01
2.691009875972526277e+00,-1.328886791759792407e-01,-6.834391901194378782e-01
2.694221104941467271e+00,-1.336419776137975357e-01,-6.844707126880615888e-01
2.697432333910407820e+00,-1.343987887208535348e-01,-6.855031294450180113e-01
2.700643562879349258e+00,-1.351589909103582121e-01,-6.865364590354500196e-01
2.703854791848289807e+00,-1.359225864060924771e-01,-6.875707273838278510e-01
2.707066020817231244e+00,-1.366897183933906690e-01,-6.886059575071680205e-01
2.710277249786171794e+00,-1.374606325823209130e-01,-6.896421598448747581e-01
2.713488478755113231e+00,-1.382355946045544237e-01,-6.906793267254645041e-01
2.716699707724053781e+00,-1.390147907207908429e-01,-6.917174332856916852e-01
2.719910936692995218e+00,-1.397982466021043813e-01,-6.927564450189627188e-01
2.723122165661935767e+00,-1.405857947831138099e-01,-6.937963298404865586e-01
2.726333394630877205e+00,-1.413771067381488222e-01,-6.948370708665139173e-01
2.729544623599817754e+00,-1.421717847941026125e-01,-6.958786755927741652e-01
2.732755852568758748e+00,-1.429694887700415640e-01,-6.969211780408333112e-01
2.735967081537699741e+00,-1.437700589261370898e-01,-6.979646324982373695e-01
2.739178310506640734e+00,-1.445735951305658629e-01,-6.990091001037062046e-01
2.742389539475581728e+00,-1.453804632203107849e-01,-7.000546319123902572e-01
2.745600768444522277e+00,-1.461912204744972577e-01,-7.011012534513478833e-01
2.748811997413463715e+00,-1.470064768557582668e-01,-7.021489556590144732e-01
2.752023226382404264e+00,-1.478267296845876266e-01,-7.031976954556869996e-01
2.755234455351345702e+00,-1.486522200078739253e-01,-7.042474064480724882e-01
2.758445684320286251e+00,-1.494828553375061042e-01,-7.052980172184287744e-01
2.761656913289227688e+00,-1.503182260759556299e-01,-7.063494722037827467e-01
2.764868142258168238e+00,-1.511577164166260367e-01,-7.074017491024421345e-01
2.768079371227109231e+00,-1.520006823655954409e-01,-7.084548674387627365e-01
2.771290600196050224e+00,-1.528466481172263136e-01,-7.095088852449973338e-01
2.774501829164991218e+00,-1.536954639865197869e-01,-7.105638841612680334e-01
2.777713058133932211e+00,-1.545473773956354824e-01,-7.116199466676076391e-01
2.780924287102873205e+00,-1.554029912684939396e-01,-7.126771316471622875e-01
2.784135516071814198e+00,-1.562631155167573394e-01,-7.137354552755299508e-01
2.787346745040755192e+00,-1.571285483458136067e-01,-7.147948830431307687e-01
2.790557974009696185e+00,-1.579998459201567562e-01,-7.158553358156973800e-01
2.793769202978637178e+00,-1.588771449466259145e-01,-7.169167089938209836e-01
2.796980431947578172e+00,-1.597600907401173775e-01,-7.179789001082317323e-01
2.800191660916519165e+00,-1.606478961718549037e-01,-7.190418376383065358e-01
2.803402889885459714e+00,-1.615395217623798174e-01,-7.201055032151184587e-01
2.806614118854401152e+00,-1.624339336585853555e-01,-7.211699408905029030e-01
2.809825347823341701e+00,-1.633303736432637210e-01,-7.222352504482377755e-01
2.813036576792282695e+00,-1.642285700982111796e-01,-7.233015659318051682e-01
2.816247805761223688e+00,-1.651288327010453361e-01,-7.243690245333839206e-01
2.819459034730164682e+00,-1.660320030798856095e-01,-7.254377336494827189e-01
2.822670263699105675e+00,-1.669392708958531146e-01,-7.265077445284400248e-01
2.825881492668046668e+00,-1.678518999342615836e-01,-7.275790393336333262e-01
2.829092721636987662e+00,-1.687709323942489514e-01,-7.286515350436222338e-01
2.832303950605928211e+00,-1.696969454223752338e-01,-7.297251033095504269e-01
2.835515179574869649e+00,-1.706299205750688164e-01,-7.307996013285954495e-01
2.838726408543810198e+00,-1.715692579823711594e-01,-7.318749060327639500e-01
2.841937637512751635e+00,-1.725139302545694864e-01,-7.329509431381989737e-01
2.845148866481692185e+00,-1.734627362845653498e-01,-7.340277040139223663e-01
2.848360095450633622e+00,-1.744145910232038355e-01,-7.351052465004884739e-01
2.851571324419574172e+00,-1.753687799609684461e-01,-7.361836798792992242e-01
2.854782553388515609e+00,-1.763251178261723284e-01,-7.372631380943397428e-01
2.857993782357456158e+00,-1.772839765506543930e-01,-7.383437480716223966e-01
2.861205011326397596e+00,-1.782461808135401837e-01,-7.394256009158253207e-01
2.864416240295338145e+00,-1.792128017185662114e-01,-7.405087327300586830e-01
2.867627469264279583e+00,-1.801849023265283956e-01,-7.415931191571200065e-01
2.870838698233220132e+00,-1.811632975248200494e-01,-7.426786842269654798e-01
2.874049927202161125e+00,-1.821483837143049733e-01,-7.437653206416998675e-01
2.877261156171102119e+00,-1.831400737558050440e-01,-7.448529160899453050e-01
2.880472385140042668e+00,-1.841378453852172137e-01,-7.459413791227577084e-01
2.883683614108984106e+00,-1.851408841083838630e-01,-7.470306586951541705e-01
2.886894843077924655e+00,-1.861482810820486722e-01,-7.481207534113993862e-01
2.890106072046866093e+00,-1.871592371004768274e-01,-7.492117092208060436e-01
2.893317301015806642e+00,-1.881732267937504255e-01,-7.503036070664602653e-01
2.896528529984748079e+00,-1.891900905639974650e-01,-7.513965441232149933e-01
2.899739758953688629e+00,-1.902100413249871724e-01,-7.524906133282116549e-01
2.902950987922629622e+00,-1.912335934268888649e-01,-7.535858857741081218e-01
2.906162216891570615e+00,-1.922614373525703690e-01,-7.546823993792260987e-01
2.909373445860511609e+00,-1.932942926077504953e-01,-7.557801554735825711e-01
2.912584674829452602e+00,-1.943327716759442603e-01,-7.568791230429401384e-01
2.915795903798393596e+00,-1.953772811247718733e-01,-7.579792488070652423e-01
2.919007132767334589e+00,-1.964279746285516326e-01,-7.590804703735618553e-01
2.922218361736275583e+00,-1.974847601117708518e-01,-7.601827295029454090e-01
2.925429590705216576e+00,-1.985473523770664439e-01,-7.612859829525011612e-01
2.928640819674157569e+00,-1.996153554022475629e-01,-7.623902092160731447e-01
2.931852048643098563e+00,-2.006883556359460030e-01,-7.634954104801329189e-01
2.935063277612039556e+00,-2.017660086233196148e-01,-7.646016100427268647e-01
2.938274506580980105e+00,-2.028481049888005705e-01,-7.657088461434773397e-01
2.941485735549921543e+00,-2.039346068568925197e-01,-7.668171635764535754e-01
2.944696964518862092e+00,-2.050256511158538575e-01,-7.679266046232815501e-01
2.947908193487803086e+00,-2.061215208715458935e-01,-7.690372008052154262e-01
2.951119422456744079e+00,-2.072225907353106300e-01,-7.701489667609583423e-01
2.954330651425685073e+00,-2.083292551490281974e-01,-7.712618972394296168e-01
2.957541880394626066e+00,-2.094418516068479175e-01,-7.723759677609843832e-01
2.960753109363567059e+00,-2.105605920198382885e-01,-7.734911389559350203e-01
2.963964338332508053e+00,-2.116855150606277158e-01,-7.746073639734109006e-01
2.967175567301448602e+00,-2.128164696660814204e-01,-7.757245977502261747e-01
2.970386796270390040e+00,-2.139531348851477222e-01,-7.768428064632357799e-01
2.973598025239330589e+00,-2.150950744745769583e-01,-7.779619752963079504e-01
2.976809254208272026e+00,-2.162418172822327955e-01,-7.790821128377967142e-01
2.980020483177212576e+00,-2.173929482044572870e-01,-7.802032510099551343e-01
2.983231712146154013e+00,-2.185481910963092689e-01,-7.813254403343679044e-01
2.986442941115094563e+00,-2.197074656941375437e-01,-7.824487413699846572e-01
2.989654170084036000e+00,-2.208709056606929233e-01,-7.835732140716623606e-01
2.992865399052976549e+00,-2.220388333812284565e-01,-7.846989073592097741e-01
2.996076628021917987e+00,-2.232116971591297516e-01,-7.858258511893633225e-01
2.999287856990858536e+00,-2.243899854281805051e-01,-7.869540528516785205e-01
3.002499085959799974e+00,-2.255741380771454918e-01,-7.880834981882525181e-01
3.005710314928740523e+00,-2.267644753710755523e-01,-7.892141572241201386e-01
3.008921543897681516e+00,-2.279611600156423168e-01,-7.903459926138155511e-01
3.012132772866622510e+00,-2.291641989107154609e-01,-7.914789686581297223e-01
3.015344001835563059e+00,-2.303734805343488345e-01,-7.926130586071934436e-01
3.018555230804504497e+00,-2.315888346577899271e-01,-7.937482485529196996e-01
3.021766459773445046e+00,-2.328100958311757895e-01,-7.948845372560737754e-01
3.024977688742386484e+00,-2.340371522756328204e-01,-7.960219324467461277e-01
3.028188917711327033e+00,-2.352699673481926934e-01,-7.971604451316594009e-01
3.031400146680268470e+00,-2.365085699006107267e-01,-7.983000839455542952e-01
3.034611375649209020e+00,-2.377530198335243983e-01,-7.994408514521017528e-01
3.037822604618150013e+00,-2.390033629018567529e-01,-8.005827435800615399e-01
3.041033833587091006e+00,-2.402595919854141615e-01,-8.017257523002057074e-01
3.044245062556032000e+00,-2.415216296396628937e-01,-8.028698705466430496e-01
3.047456291524972993e+00,-2.427893395463913417e-01,-8.040150976091322566e-01
3.050667520493913987e+00,-2.440625647501395434e-01,-8.051614430179417914e-01
3.053878749462854980e+00,-2.453411813635724137e-01,-8.063089273797979795e-01
3.057089978431795974e+00,-2.466251506854538478e-01,-8.074575795718585969e-01
3.060301207400736967e+00,-2.479145522784949318e-01,-8.086074308678512512e-01
3.063512436369677960e+00,-2.492095857290430039e-01,-8.097585075912556718e-01
3.066723665338618954e+00,-2.505105380428058193e-01,-8.109108244400861087e-01
3.069934894307559947e+00,-2.518177241142803280e-01,-8.120643805241051227e-01
3.073146123276500497e+00,-2.531314162039293159e-01,-8.132191594167702542e-01
3.076357352245441934e+00,-2.544517821967451909e-01,-8.143751333671307435e-01
3.079568581214382483e+00,-2.557788503352096399e-01,-8.155322705900516222e-01
3.082779810183323921e+00,-2.571125106684774009e-01,-8.166905436314353395e-01
3.085991039152264470e+00,-2.584525528472687017e-01,-8.178499364732454424e-01
3.089202268121205464e+00,-2.597987293222932537e-01,-8.190104484072076030e-01
3.092413497090146457e+00,-2.611508256826737817e-01,-8.201720936591104794e-01
3.095624726059087450e+00,-2.625087180283977584e-01,-8.213348969996766558e-01
3.098835955028028444e+00,-2.638724014612698898e-01,-8.224988867519770208e-01
3.102047183996969437e+00,-2.652419827052494017e-01,-8.236640873426326337e-01
3.105258412965910431e+00,-2.666176407803230175e-01,-8.248305136224824974e-01
3.108469641934850980e+00,-2.679995692009365937e-01,-8.259981685831920828e-01
3.111680870903792417e+00,-2.693879184324128317e-01,-8.271670450096512139e-01
3.114892099872732967e+00,-2.707827567380765021e-01,-8.283371303738382707e-01
3.118103328841674404e+00,-2.721840613338269987e-01,-8.295084132777634789e-01
3.121314557810614954e+00,-2.735917419268105721e-01,-8.306808892989369086e-01
3.124525786779556391e+00,-2.750056883597457591e-01,-8.318545643177680526e-01
3.127737015748496940e+00,-2.764258264606727078e-01,-8.330294542350944464e-01
3.130948244717438378e+00,-2.778521636813903184e-01,-8.342055811537777421e-01
3.134159473686378927e+00,-2.792848094467777487e-01,-8.353829672308231702e-01
3.137370702655320365e+00,-2.807239632328017431e-01,-8.365616281483218009e-01
3.140581931624260914e+00,-2.821698736456232925e-01,-8.377415682706560451e-01
3.143793160593201907e+00,-2.836227809209853623e-01,-8.389227790185078693e-01
3.147004389562142901e+00,-2.850828604026053315e-01,-8.401052409725371373e-01
3.150215618531083894e+00,-2.865501840829326463e-01,-8.412889290488684280e-01
3.153426847500024888e+00,-2.880247113932211112e-01,-8.424738191400390486e-01
3.156638076468965437e+00,-2.895063110468611978e-01,-8.436598941914257299e-01
3.159849305437906875e+00,-2.909948059220717198e-01,-8.448471479169935572e-01
3.163060534406847424e+00,-2.924900259070128405e-01,-8.460355851690352091e-01
3.166271763375788861e+00,-2.939918516155617945e-01,-8.472252190959937979e-01
3.169482992344729411e+00,-2.955002355624612442e-01,-8.484160662803842401e-01
3.172694221313670848e+00,-2.970151955380113118e-01,-8.496081416932521613e-01
3.175905450282611397e+00,-2.985367848290847448e-01,-8.508014553141549641e-01
3.179116679251552391e+00,-3.000650522573238832e-01,-8.519960116352046642e-01
3.182327908220493384e+00,-3.016000088764486109e-01,-8.531918121979015224e-01
3.185539137189434378e+00,-3.031416161404433818e-01,-8.543888601580711395e-01
3.188750366158375371e+00,-3.046898029153224385e-01,-8.555871650319402111e-01
3.191961595127316365e+00,-3.062445081841761452e-01,-8.567867455493527462e-01
3.195172824096257358e+00,-3.078057361456903451e-01,-8.579876290390449078e-01
3.198384053065198351e+00,-3.093736041227274081e-01,-8.591898468688828894e-01
3.201595282034139345e+00,-3.109483636686110053e-01,-8.603934268287634080e-01
3.204806511003080338e+00,-3.125303819380595427e-01,-8.615983845368118121e-01
3.208017739972020888e+00,-3.141200820642905955e-01,-8.628047165631056448e-01
3.211228968940962325e+00,-3.157178545188532026e-01,-8.640123977555339563e-01
3.214440197909902874e+00,-3.173239620869500732e-01,-8.652213842254070642e-01
3.217651426878844312e+00,-3.189384656034978116e-01,-8.664316218717119655e-01
3.220862655847784861e+00,-3.205611941212946348e-01,-8.676430586468036887e-01
3.224073884816725855e+00,-3.221917722618605762e-01,-8.688556575029435791e-01
3.227285113785666848e+00,-3.238297019904914920e-01,-8.700694065186838078e-01
3.230496342754607841e+00,-3.254744803641796969e-01,-8.712843232665287152e-01
3.233707571723548835e+00,-3.271257235900740801e-01,-8.725004519336975184e-01
3.236918800692489828e+00,-3.287832645275541310e-01,-8.737178536596591494e-01
3.240130029661430822e+00,-3.304471968449254060e-01,-8.749365924560638108e-01
3.243341258630371371e+00,-3.321178529739516883e-01,-8.761567203704879736e-01
3.246552487599312808e+00,-3.337957209995126573e-01,-8.773782658496207532e-01
3.249763716568253358e+00,-3.354813225869019977e-01,-8.786012284379803861e-01
3.252974945537194795e+00,-3.371750850690149459e-01,-8.798255812258987119e-01
3.256186174506135345e+00,-3.388772426097097501e-01,-8.810512803145917893e-01
3.259397403475076782e+00,-3.405877932746092518e-01,-8.822782786074665484e-01
3.262608632444017331e+00,-3.423065230922950897e-01,-8.835065400308305117e-01
3.265819861412958769e+00,-3.440330892436604948e-01,-8.847360501868339888e-01
3.269031090381899318e+00,-3.457671378133797546e-01,-8.859668204817153780e-01
3.272242319350840756e+00,-3.475084218951592918e-01,-8.871988846568534814e-01
3.275453548319781305e+00,-3.492568860537652586e-01,-8.884322888357075731e-01
3.278664777288722298e+00,-3.510126931408981132e-01,-8.896670780543390888e-01
3.281876006257663292e+00,-3.527761863247461105e-01,-8.909032832307732797e-01
3.285087235226604285e+00,-3.545477980079381752e-01,-8.921409123657443319e-01
3.288298464195545279e+00,-3.563279326058355068e-01,-8.933799485073914415e-01
3.291509693164485828e+00,-3.581168575114097030e-01,-8.946203550279446803e-01
3.294720922133427266e+00,-3.599146339023208130e-01,-8.958620866338052879e-01
3.297932151102367815e+00,-3.617211072101236824e-01,-8.971051028817760287e-01
3.301143380071309252e+00,-3.635359596022804674e-01,-8.983493802790823990e-01
3.304354609040249802e+00,-3.653588088719544325e-01,-8.995949194957227890e-01
3.307565838009191239e+00,-3.671893249247518143e-01,-9.008417456697124237e-01
3.310777066978131788e+00,-3.690273303811467676e-01,-9.020899018027667138e-01
3.313988295947072782e+00,-3.708728569136344189e-01,-9.033394372297949282e-01
3.317199524916013775e+00,-3.727261421629415317e-01,-9.045903945218924935e-01
3.320410753884954769e+00,-3.745875694237960629e-01,-9.058427985589098119e-01
3.323621982853895762e+00,-3.764575686116550246e-01,-9.070966507942437307e-01
3.326833211822836756e+00,-3.783365075712081804e-01,-9.083519301636334697e-01
3.330044440791777749e+00,-3.802246046148006209e-01,-9.096086001417694744e-01
3.333255669760718742e+00,-3.821218859749347385e-01,-9.108666197066833670e-01
3.336466898729659736e+00,-3.840281979904133780e-01,-9.121259549394786781e-01
3.339678127698600729e+00,-3.859432676119507466e-01,-9.133865879496526619e-01
3.342889356667541723e+00,-3.878667910968439103e-01,-9.146485207539615248e-01
3.346100585636482716e+00,-3.897985235703890772e-01,-9.159117733381841875e-01
3.349311814605423265e+00,-3.917383433998710141e-01,-9.171763768938654415e-01
3.352523043574364703e+00,-3.936862743851488600e-01,-9.184423646085851933e-01
3.355734272543305252e+00,-3.956424625976518450e-01,-9.197097629897432736e-01
3.358945501512246246e+00,-3.976071189011224360e-01,-9.209785863599904143e-01
3.362156730481187239e+00,-3.995804483604482593e-01,-9.222488360129256213e-01
3.365367959450128232e+00,-4.015625908376690423e-01,-9.235205039425351536e-01
3.368579188419069226e+00,-4.035535923004374137e-01,-9.247935795653968727e-01
3.371790417388010219e+00,-4.055534154157967031e-01,-9.260680569123410644e-01
3.375001646356951213e+00,-4.075619844729471142e-01,-9.273439396668792245e-01
3.378212875325891762e+00,-4.095792479429006816e-01,-9.286212421925781335e-01
3.381424104294833199e+00,-4.116052358072740947e-01,-9.298999860685273067e-01
3.384635333263773749e+00,-4.136400901579059264e-01,-9.311801931960224099e-01
3.387846562232715186e+00,-4.156840560748523705e-01,-9.324618777530426783e-01
3.391057791201655736e+00,-4.177374327579719271e-01,-9.337450397618929365e-01
3.394269020170597173e+00,-4.198004982153619169e-01,-9.350296626326435323e-01
3.397480249139537722e+00,-4.218734302491558008e-01,-9.363157158638444333e-01
3.400691478108479160e+00,-4.239562489521370159e-01,-9.376031624816627552e-01
3.403902707077419709e+00,-4.260488005075641627e-01,-9.388919692741254375e-01
3.407113936046361147e+00,-4.281507902851380831e-01,-9.401821169066220119e-01
3.410325165015301696e+00,-4.302618585633937731e-01,-9.414736069013794895e-01
3.413536393984243134e+00,-4.323816791280019611e-01,-9.427664632775697440e-01
3.416747622953183683e+00,-4.345100535175058787e-01,-9.440607281499169279e-01
3.419958851922124676e+00,-4.366469741737895038e-01,-9.453564523295977517e-01
3.423170080891065670e+00,-4.387926381763636030e-01,-9.466536834404077894e-01
3.426381309860006219e+00,-4.409474071711205756e-01,-9.479524548129021344e-01
3.429592538828947657e+00,-4.431117244458472326e-01,-9.492527782201904962e-01
3.432803767797888206e+00,-4.452860123128357106e-01,-9.505546424253231708e-01
3.436014996766829643e+00,-4.474705784160638022e-01,-9.518580178435479544e-01
3.439226225735770193e+00,-4.496655566810664473e-01,-9.531628658761227557e-01
3.442437454704711630e+00,-4.518708982611500113e-01,-9.544691501619452234e-01
3.445648683673652179e+00,-4.540864131139894511e-01,-9.557768465031095673e-01
3.448859912642593173e+00,-4.563118481618871902e-01,-9.570859486884175649e-01
3.452071141611534166e+00,-4.585469776984858470e-01,-9.583964687158111895e-01
3.455282370580475160e+00,-4.607916788094413851e-01,-9.597084316113267954e-01
3.458493599549416153e+00,-4.630459698429377768e-01,-9.610218666471090909e-01
3.461704828518357147e+00,-4.653100017107729691e-01,-9.623367977953082297e-01
3.464916057487298140e+00,-4.675840064095253545e-01,-9.636532364154191121e-01
3.468127286456239133e+00,-4.698682201856800855e-01,-9.649711784228053313e-01
3.471338515425180127e+00,-4.721628063103386896e-01,-9.662906067634781104e-01
3.474549744394121120e+00,-4.744678022558984076e-01,-9.676114983631908251e-01
3.477760973363062114e+00,-4.767831083104651646e-01,-9.689338333327023323e-01
3.480972202332003107e+00,-4.791085217503721627e-01,-9.702576035143348765e-01
3.484183431300943656e+00,-4.814438065836010860e-01,-9.715828176539995642e-01
3.487394660269885094e+00,-4.837887778732166133e-01,-9.729095015108344402e-01
3.490605889238825643e+00,-4.861433750727099934e-01,-9.742376927560129074e-01
3.493817118207766637e+00,-4.885077020033717909e-01,-9.755674320928177101e-01
3.497028347176707630e+00,-4.908820210614448509e-01,-9.768987531724458995e-01
3.500239576145648623e+00,-4.932667028994505154e-01,-9.782316742412267008e-01
3.503450805114589617e+00,-4.956621460248813449e-01,-9.795661939313518030e-01
3.506662034083530610e+00,-4.980686895120216562e-01,-9.809022923645240866e-01
3.509873263052471604e+00,-5.004865437240292314e-01,-9.822399371585972538e-01
3.513084492021412153e+00,-5.029157581509567931e-01,-9.835790924931702151e-01
3.516295720990353590e+00,-5.053562340283266341e-01,-9.849197285346005248e-01
3.519506949959294140e+00,-5.078077758623587012e-01,-9.862618284974092875e-01
3.522718178928235577e+00,-5.102701645165083066e-01,-9.876053914243342335e-01
3.525929407897176127e+00,-5.127432286110926718e-01,-9.889504301437469502e-01
3.529140636866117564e+00,-5.152268924164231656e-01,-9.902969653786766191e-01
3.532351865835058113e+00,-5.177211866696247444e-01,-9.916450181630426242e-01
3.535563094803999551e+00,-5.202262211848203144e-01,-9.929946031991846445e-01
3.538774323772940100e+00,-5.227421308163938685e-01,-9.943457254166899739e-01
3.541985552741881538e+00,-5.252690152378892696e-01,-9.956983808823355320e-01
3.545196781710822087e+00,-5.278068952328369701e-01,-9.970525617133563223e-01
3.548408010679763525e+00,-5.303557029362097053e-01,-9.984082632364319476e-01
3.551619239648704074e+00,-5.329153122406833365e-01,-9.997654907686702730e-01
3.554830468617645067e+00,-5.354856018256706207e-01,-1.001124263369557843e+00
3.558041697586586061e+00,-5.380665313049723952e-01,-1.002484612763882010e+00
3.561252926555527054e+00,-5.406582047202577179e-01,-1.003846577130891538e+00
3.564464155524468048e+00,-5.432608972989818596e-01,-1.005210191151296284e+00
3.567675384493408597e+00,-5.458750309359553521e-01,-1.006575475078353543e+00
3.570886613462350034e+00,-5.485010987229712587e-01,-1.007942426206597020e+00
3.574097842431290584e+00,-5.511395547815218787e-01,-1.009311015720084193e+00
3.577309071400232021e+00,-5.537906978776170330e-01,-1.010681192570961784e+00
3.580520300369172570e+00,-5.564545819335352528e-01,-1.012052894111642454e+00
3.583731529338113564e+00,-5.591309817834234641e-01,-1.013426061214954821e+00
3.586942758307054557e+00,-5.618194292077299812e-01,-1.014800654143413361e+00
3.590153987275995551e+00,-5.645193157969664588e-01,-1.016176664923830630e+00
3.593365216244936544e+00,-5.672300405367709519e-01,-1.017554122640670355e+00
3.596576445213877538e+00,-5.699511664198214644e-01,-1.018933089751912435e+00
3.599787674182818531e+00,-5.726825458914357458e-01,-1.020313649830149050e+00
3.602998903151759524e+00,-5.754243811416422938e-01,-1.021695889429623749e+00
3.606210132120700518e+00,-5.781772008740683200e-01,-1.023079878448198254e+00
3.609421361089641511e+00,-5.809417562909906518e-01,-1.024465653917305374e+00
3.612632590058582505e+00,-5.837188601124324583e-01,-1.025853211427199652e+00
3.615843819027523498e+00,-5.865092078480825810e-01,-1.027242506538837530e+00
3.619055047996464047e+00,-5.893132260294289271e-01,-1.028633466015194120e+00
3.622266276965405485e+00,-5.921309860297471195e-01,-1.030026006177551023e+00
3.625477505934346034e+00,-5.949622058553218906e-01,-1.031420053822772021e+00
3.628688734903287472e+00,-5.978063400023779783e-01,-1.032815564426335486e+00
3.631899963872228021e+00,-6.006627349022883866e-01,-1.034212533002886847e+00
3.635111192841169014e+00,-6.035308105077339391e-01,-1.035610994845450605e+00
3.638322421810110008e+00,-6.064102216590117056e-01,-1.037011015944117709e+00
3.641533650779051001e+00,-6.093009578597028408e-01,-1.038412675530220763e+00
3.644744879747991995e+00,-6.122033557397310588e-01,-1.039816045218861618e+00
3.647956108716932988e+00,-6.151180207786914877e-01,-1.041221170107216043e+00
3.651167337685873981e+00,-6.180456780748609935e-01,-1.042628056699794081e+00
3.654378566654814531e+00,-6.209869901213642684e-01,-1.044036670800283950e+00
3.657589795623755968e+00,-6.239423880500275521e-01,-1.045446945977668740e+00
3.660801024592696518e+00,-6.269119594870136147e-01,-1.046858800530121147e+00
3.664012253561637955e+00,-6.298954219226298168e-01,-1.048272158716675451e+00
3.667223482530578504e+00,-6.328921889984280291e-01,-1.049686970946950293e+00
3.670434711499519942e+00,-6.359015138340883277e-01,-1.051103227879082835e+00
3.673645940468460491e+00,-6.389226743314506685e-01,-1.052520964900028666e+00
3.676857169437401929e+00,-6.419551550816254837e-01,-1.053940255856822494e+00
3.680068398406342478e+00,-6.449987815568514193e-01,-1.055361197564504083e+00
3.683279627375283916e+00,-6.480537742993809358e-01,-1.056783888870143295e+00
3.686490856344224465e+00,-6.511207106946810264e-01,-1.058208409346904855e+00
3.689702085313165458e+00,-6.542004045922751310e-01,-1.059634802719061630e+00
3.692913314282106452e+00,-6.572937338511735117e-01,-1.061063068890655270e+00
3.696124543251047445e+00,-6.604014579809398544e-01,-1.062493166291475832e+00
3.699335772219988439e+00,-6.635240695677149247e-01,-1.063925023714329621e+00
3.702547001188928988e+00,-6.666617139371876499e-01,-1.065358558531797728e+00
3.705758230157870425e+00,-6.698141940063245814e-01,-1.066793696708865147e+00
3.708969459126810975e+00,-6.729810560051312507e-01,-1.068230389717175433e+00
3.712180688095752412e+00,-6.761617320503630069e-01,-1.069668624360061715e+00
3.715391917064692962e+00,-6.793557022721350425e-01,-1.071108423385345843e+00
3.718603146033634399e+00,-6.825626354909358762e-01,-1.072549837111293147e+00
3.721814375002574948e+00,-6.857824740365696670e-01,-1.073992928525892898e+00
3.725025603971515942e+00,-6.890154433364834574e-01,-1.075437755886132107e+00
3.728236832940456935e+00,-6.922619864522273625e-01,-1.076884357363839140e+00
3.731448061909397929e+00,-6.955226428242422543e-01,-1.078332741647696214e+00
3.734659290878338922e+00,-6.987979043093782705e-01,-1.079782886797873598e+00
3.737870519847279915e+00,-7.020880867664103242e-01,-1.081234747483337699e+00
3.741081748816220909e+00,-7.053932507895983584e-01,-1.082688268567955303e+00
3.744292977785161902e+00,-7.087131920234872595e-01,-1.084143401398004691e+00
3.747504206754102896e+00,-7.120475032618915900e-01,-1.085600118483212029e+00
3.750715435723043889e+00,-7.153956919280959337e-01,-1.087058422713305994e+00
3.753926664691984438e+00,-7.187573222942477136e-01,-1.088518348687347315e+00
3.757137893660925876e+00,-7.221321455177799331e-01,-1.089979955779744270e+00
3.760349122629866425e+00,-7.255201838012050874e-01,-1.091443314698362643e+00
3.763560351598807863e+00,-7.289217468375209785e-01,-1.092908490961411738e+00
3.766771580567748412e+00,-7.323373761124808423e-01,-1.094375529505632549e+00
3.769982809536689405e+00,-7.357677311174493084e-01,-1.095844444341340873e+00
3.773194038505630399e+00,-7.392134463413491119e-01,-1.097315215870133365e+00
3.776405267474571392e+00,-7.426749952705820057e-01,-1.098787796515487525e+00
3.779616496443512386e+00,-7.461525956651355873e-01,-1.100262123191923846e+00
3.782827725412453379e+00,-7.496461796327129612e-01,-1.101738133401786612e+00
3.786038954381394372e+00,-7.531554352867804170e-01,-1.103215780845748784e+00
3.789250183350334922e+00,-7.566799083864972353e-01,-1.104695046593966667e+00
3.792461412319276359e+00,-7.602191370732804820e-01,-1.106175943043784526e+00
3.795672641288216909e+00,-7.637727845850654784e-01,-1.107658509778061351e+00
3.798883870257158346e+00,-7.673407357543206020e-01,-1.109142802542710360e+00
3.802095099226098895e+00,-7.709231329012835587e-01,-1.110628878334694258e+00
3.805306328195040333e+00,-7.745203428270750479e-01,-1.112116780571577257e+00
3.808517557163980882e+00,-7.781328647585060709e-01,-1.113606528247914174e+00
3.811728786132922320e+00,-7.817612045329290771e-01,-1.115098111893767285e+00
3.814940015101862869e+00,-7.854057489921284496e-01,-1.116591497327070970e+00
3.818151244070804307e+00,-7.890666742212280038e-01,-1.118086636117519239e+00
3.821362473039744856e+00,-7.927439120440699094e-01,-1.119583479903303314e+00
3.824573702008685849e+00,-7.964371835438509573e-01,-1.121081994691704109e+00
3.827784930977626843e+00,-8.001460904797765838e-01,-1.122582171294576048e+00
3.830996159946567836e+00,-8.038702400671324799e-01,-1.124084029091062531e+00
3.834207388915508830e+00,-8.076093697523678561e-01,-1.125587612092304735e+00
3.837418617884449379e+00,-8.113634386633796769e-01,-1.127092978330982653e+00
3.840629846853390816e+00,-8.151326612950757777e-01,-1.128600185367722997e+00
3.843841075822331366e+00,-8.189174743041199855e-01,-1.130109275729184848e+00
3.847052304791272803e+00,-8.227184449380853248e-01,-1.131620266102018935e+00
3.850263533760213353e+00,-8.265361449220574031e-01,-1.133133143107304397e+00
3.853474762729154790e+00,-8.303710225401533807e-01,-1.134647866743987210e+00
3.856685991698095339e+00,-8.342233058826673542e-01,-1.136164380583231992e+00
3.859897220667036333e+00,-8.380929618157594296e-01,-1.137682626051472967e+00
3.863108449635977326e+00,-8.419797205008257013e-01,-1.139202557115159165e+00
3.866319678604918320e+00,-8.458831582215544653e-01,-1.140724151634271655e+00
3.869530907573859313e+00,-8.498028164045183797e-01,-1.142247416580133290e+00
3.872742136542800306e+00,-8.537383259171392735e-01,-1.143772385952700921e+00
3.875953365511741300e+00,-8.576895051807730264e-01,-1.145299112136516140e+00
3.879164594480682293e+00,-8.616564082919632162e-01,-1.146827653095288335e+00
3.882375823449623287e+00,-8.656393129674960774e-01,-1.148358058791915548e+00
3.885587052418564280e+00,-8.696386539559952666e-01,-1.149890360293271074e+00
3.888798281387505273e+00,-8.736549213461533014e-01,-1.151424564187362609e+00
3.892009510356446267e+00,-8.776885513793899474e-01,-1.152960653455251894e+00
3.895220739325386816e+00,-8.817398379886316473e-01,-1.154498594218532403e+00
3.898431968294328254e+00,-8.858088864730379042e-01,-1.156038346290649166e+00
3.901643197263268803e+00,-8.898956186030825277e-01,-1.157579874583558377e+00
3.904854426232210240e+00,-8.939998244930079663e-01,-1.159123158366009099e+00
3.908065655201150790e+00,-8.981212445891689766e-01,-1.160668196112299988e+00
3.911276884170091783e+00,-9.022596582167885515e-01,-1.162215004982855682e+00
3.914488113139032777e+00,-9.064149548981014215e-01,-1.163763615462019008e+00
3.917699342107973770e+00,-9.105871708123923769e-01,-1.165314062934613260e+00
3.920910571076914763e+00,-9.147764832990024075e-01,-1.166866378683880212e+00
3.924121800045855313e+00,-9.189831681063154178e-01,-1.168420582780210548e+00
3.927333029014796750e+00,-9.232075338773375606e-01,-1.169976680647269784e+00
3.930544257983737300e+00,-9.274498535809555522e-01,-1.171534663965372536e+00
3.933755486952678737e+00,-9.317103120913556857e-01,-1.173094515336361443e+00
3.936966715921619286e+00,-9.359889833729209130e-01,-1.174656215135561954e+00
3.940177944890560724e+00,-9.402858416478533377e-01,-1.176219748474649718e+00
3.943389173859501273e+00,-9.446008012170183932e-01,-1.177785110301427185e+00
3.946600402828442711e+00,-9.489337719856365538e-01,-1.179352307302049541e+00
3.949811631797383260e+00,-9.532847141757900822e-01,-1.180921356237023989e+00
3.953022860766324698e+00,-9.576536769012228278e-01,-1.182492279347177266e+00
3.956234089735265247e+00,-9.620408105818551991e-01,-1.184065098231159574e+00
3.959445318704206684e+00,-9.664463508454167462e-01,-1.185639827929590551e+00
3.962656547673147234e+00,-9.708705793354938107e-01,-1.187216472793668709e+00
3.965867776642088227e+00,-9.753137726042050426e-01,-1.188795025148870144e+00
3.969079005611029221e+00,-9.797761526281423272e-01,-1.190375466974064045e+00
3.972290234579970214e+00,-9.842578511167190403e-01,-1.191957774034396733e+00
3.975501463548911207e+00,-9.887588954045114509e-01,-1.193541921339700718e+00
3.978712692517851757e+00,-9.932792178010607653e-01,-1.195127888576064112e+00
3.981923921486793194e+00,-9.978186845382708281e-01,-1.196715664296023274e+00
3.985135150455733744e+00,-1.002377136370552257e+00,-1.198305248071310114e+00
3.988346379424675181e+00,-1.006954431268603400e+00,-1.199896650364161710e+00
3.991557608393615730e+00,-1.011550480528411011e+00,-1.201489890397007487e+00
3.994768837362556724e+00,-1.016165272330425084e+00,-1.203084992667977415e+00
3.997980066331497717e+00,-1.020798880278170451e+00,-1.204681982909793891e+00
4.001191295300438711e+00,-1.025451457663172583e+00,-1.206280884234500972e+00
4.004402524269379704e+00,-1.030123220408727613e+00,-1.207881714015005548e+00
4.007613753238320697e+00,-1.034814422600563777e+00,-1.209484481818535961e+00
4.010824982207261691e+00,-1.039525328452638231e+00,-1.211089188505652281e+00
4.014036211176202684e+00,-1.044256184000001753e+00,-1.212695826480828520e+00
4.017247440145143678e+00,-1.049007191286689178e+00,-1.214304381019601919e+00
4.020458669114084671e+00,-1.053778487621554127e+00,-1.215914832561240333e+00
4.023669898083025664e+00,-1.058570132551610143e+00,-1.217527159795066316e+00
4.026881127051966658e+00,-1.063382105183513282e+00,-1.219141343253826060e+00
4.030092356020907651e+00,-1.068214313885075928e+00,-1.220757368969534351e+00
4.033303584989848645e+00,-1.073066618875307965e+00,-1.222375231598284984e+00
4.036514813958789638e+00,-1.077938865782399835e+00,-1.223994936356868735e+00
4.039726042927730632e+00,-1.082830925386323973e+00,-1.225616499204997378e+00
4.042937271896671625e+00,-1.087742732298518034e+00,-1.227239944981889597e+00
4.046148500865611730e+00,-1.092674314204335806e+00,-1.228865303632631356e+00
4.049359729834553612e+00,-1.097625804208963940e+00,-1.230492605142669005e+00
4.052570958803493717e+00,-1.102597431947343498e+00,-1.232121874201808742e+00
4.055782187772435599e+00,-1.107589493912079837e+00,-1.233753125806069439e+00
4.058993416741375704e+00,-1.112602308761589054e+00,-1.235386362886588651e+00
4.062204645710316697e+00,-1.117636167699067151e+00,-1.237021576622489905e+00
4.065415874679257691e+00,-1.122691291975070227e+00,-1.238658749438325213e+00
4.068627103648198684e+00,-1.127767808336588073e+00,-1.240297859974610395e+00
4.071838332617139677e+00,-1.132865748884523738e+00,-1.241938888755297787e+00
4.075049561586080671e+00,-1.137985075321152006e+00,-1.243581823036568501e+00
4.078260790555021664e+00,-1.143125720712879101e+00,-1.245226659502528088e+00
4.081472019523962658e+00,-1.148287636655282995e+00,-1.246873404051659584e+00
4.084683248492903651e+00,-1.153470831768338423e+00,-1.248522068748495029e+00
4.087894477461844644e+00,-1.158675389561439673e+00,-1.250172666867052973e+00
4.091105706430785638e+00,-1.163901459515920278e+00,-1.251825207573210808e+00
4.094316935399726631e+00,-1.169149223228332257e+00,-1.253479691982109845e+00
4.097528164368667625e+00,-1.174418845380212018e+00,-1.255136112000331927e+00
4.100739393337608618e+00,-1.179710424770507915e+00,-1.256794452586116995e+00
4.103950622306549612e+00,-1.185023961868654441e+00,-1.258454697037671988e+00
4.107161851275490605e+00,-1.190359355678305198e+00,-1.260116833938604852e+00
4.110373080244431598e+00,-1.195716434906264114e+00,-1.261780863744483394e+00
4.113584309213372592e+00,-1.201095018529193759e+00,-1.263446802897699506e+00
4.116795538182313585e+00,-1.206494991592185428e+00,-1.265114683873868717e+00
4.120006767151254579e+00,-1.211916376174453358e+00,-1.266784550582771951e+00
4.123217996120195572e+00,-1.217359376815662309e+00,-1.268456449811039555e+00
4.126429225089136565e+00,-1.222824384812683185e+00,-1.270130420560569906e+00
4.129640454058077559e+00,-1.228311935574373903e+00,-1.271806483875409066e+00
4.132851683027017664e+00,-1.233822625222069203e+00,-1.273484635834718048e+00
4.136062911995959546e+00,-1.239357003695697790e+00,-1.275164845765833332e+00
4.139274140964899651e+00,-1.244915468767502142e+00,-1.276847060535983847e+00
4.142485369933841532e+00,-1.250498186543112178e+00,-1.278531214308674890e+00
4.145696598902781638e+00,-1.256105058756593618e+00,-1.280217241776773651e+00
4.148907827871723519e+00,-1.261735746645662459e+00,-1.281905091965047649e+00
4.152119056840663625e+00,-1.267389748016516604e+00,-1.283594739471554558e+00
4.155330285809605506e+00,-1.273066511559243885e+00,-1.285286190552185959e+00
4.158541514778545611e+00,-1.278765563670406280e+00,-1.286979482614029502e+00
4.161752743747487493e+00,-1.284486620112812227e+00,-1.288674677181878891e+00
4.164963972716427598e+00,-1.290229658413352798e+00,-1.290371847869993704e+00
4.168175201685368592e+00,-1.295994935960550487e+00,-1.292071065977199007e+00
4.171386430654309585e+00,-1.301782950989963439e+00,-1.293772386783182293e+00
4.174597659623250578e+00,-1.307594356049900375e+00,-1.295475839376036831e+00
4.177808888592191572e+00,-1.313429843250807361e+00,-1.297181421979300753e+00
4.181020117561132565e+00,-1.319290025577042780e+00,-1.298889103504698550e+00
4.184231346530073559e+00,-1.325175338006756354e+00,-1.300598830740065992e+00
4.187442575499014552e+00,-1.331085976720514097e+00,-1.302310539486679630e+00
4.190653804467955545e+00,-1.337021885931702903e+00,-1.304024167301610859e+00
4.193865033436896539e+00,-1.342982792040508189e+00,-1.305739665370778013e+00
4.197076262405837532e+00,-1.348968276047981973e+00,-1.307457007399549287e+00
4.200287491374778526e+00,-1.354977869062144791e+00,-1.309176194121941084e+00
4.203498720343719519e+00,-1.361011153047256617e+00,-1.310897252907750277e+00
4.206709949312660513e+00,-1.367067849627837894e+00,-1.312620232803862086e+00
4.209921178281601506e+00,-1.373147883050222839e+00,-1.314345196041493580e+00
4.213132407250542499e+00,-1.379251408322884620e+00,-1.316072207500086355e+00
4.216343636219483493e+00,-1.385378801127514992e+00,-1.317801323826133242e+00
4.219554865188424486e+00,-1.391530611577213250e+00,-1.319532583885530741e+00
4.222766094157365480e+00,-1.397707488833786149e+00,-1.321266002017674968e+00
4.225977323126306473e+00,-1.403910087694260067e+00,-1.323001565188943740e+00
4.229188552095247466e+00,-1.410138971241793548e+00,-1.324739234632746232e+00
4.232399781064187572e+00,-1.416394525142654182e+00,-1.326478951935318396e+00
4.235611010033129453e+00,-1.422676898668220780e+00,-1.328220648825205963e+00
4.238822239002069558e+00,-1.428985984582359592e+00,-1.329964259233063606e+00
4.242033467971011440e+00,-1.435321444516301836e+00,-1.331709731630828397e+00
4.245244696939951545e+00,-1.441682778771279372e+00,-1.333457039380483655e+00
4.248455925908892539e+00,-1.448069430756419251e+00,-1.335206186949377205e+00
4.251667154877833532e+00,-1.454480908213709123e+00,-1.336957210442726307e+00
4.254878383846774526e+00,-1.460916898007989184e+00,-1.338710171919808900e+00
4.258089612815715519e+00,-1.467377350330895114e+00,-1.340465148232569348e+00
4.261300841784656512e+00,-1.473862512625333299e+00,-1.342222216387046974e+00
4.264512070753597506e+00,-1.480372903068261303e+00,-1.343981438367775727e+00
4.267723299722538499e+00,-1.486909226347269630e+00,-1.345742848707923711e+00
4.270934528691479493e+00,-1.493472247894278127e+00,-1.347506447678127994e+00
4.274145757660420486e+00,-1.500062653364972132e+00,-1.349272201829450513e+00
4.277356986629361479e+00,-1.506680925015813299e+00,-1.351040051981496903e+00
4.280568215598302473e+00,-1.513327264006790962e+00,-1.352809926973160604e+00
4.283779444567243466e+00,-1.520001577661627357e+00,-1.354581760036740912e+00
4.286990673536184460e+00,-1.526703535437965220e+00,-1.356355503913956984e+00
4.290201902505125453e+00,-1.533432680453058250e+00,-1.358131141040139767e+00
4.293413131474066446e+00,-1.540188569205954039e+00,-1.359908686277032652e+00
4.296624360443007440e+00,-1.546970904496103527e+00,-1.361688181517062279e+00
4.299835589411948433e+00,-1.553779627758228088e+00,-1.363469683555197598e+00
4.303046818380888539e+00,-1.560614947128530439e+00,-1.365253248386832707e+00
4.306258047349830420e+00,-1.567477294135588561e+00,-1.367038916060343334e+00
4.309469276318771414e+00,-1.574367220721885285e+00,-1.368826700106349215e+00
4.312680505287712407e+00,-1.581285264338219143e+00,-1.370616584381107339e+00
4.315891734256652512e+00,-1.588231817700888060e+00,-1.372408528192552657e+00
4.319102963225593506e+00,-1.595207038888226236e+00,-1.374202478341600697e+00
4.322314192194535387e+00,-1.602210826823162737e+00,-1.375998384813185149e+00
4.325525421163476381e+00,-1.609242869563398237e+00,-1.377796215817478576e+00
4.328736650132416486e+00,-1.616302752916048746e+00,-1.379595968011375184e+00
4.331947879101357479e+00,-1.623390100151592685e+00,-1.381397669007388362e+00
4.335159108070299361e+00,-1.630504704681124739e+00,-1.383201371366920895e+00
4.338370337039239466e+00,-1.637646619056873920e+00,-1.385007139611499571e+00
4.341581566008180459e+00,-1.644816175280289006e+00,-1.386815033725339541e+00
4.344792794977121453e+00,-1.652013930055597823e+00,-1.388625093623450768e+00
4.348004023946063334e+00,-1.659240549210566407e+00,-1.390437328833626474e+00
4.351215252915003440e+00,-1.666496662326982792e+00,-1.392251716239401915e+00
4.354426481883944433e+00,-1.673782726981521307e+00,-1.394068206533848775e+00
4.357637710852885427e+00,-1.681098939515308421e+00,-1.395886737645810616e+00
4.360848939821827308e+00,-1.688445216561706097e+00,-1.397707251483124580e+00
4.364060168790767413e+00,-1.695821252152289293e+00,-1.399529709425843871e+00
4.367271397759708407e+00,-1.703226634467984280e+00,-1.401354102351873632e+00
4.370482626728649400e+00,-1.710660989971392265e+00,-1.403180452491660235e+00
4.373693855697590394e+00,-1.718124115281818520e+00,-1.405008806665805743e+00
4.376905084666531387e+00,-1.725616060765320148e+00,-1.406839222830478686e+00
4.380116313635472380e+00,-1.733137143359132271e+00,-1.408671753680475591e+00
4.383327542604413374e+00,-1.740687885808171576e+00,-1.410506431834233521e+00
4.386538771573353479e+00,-1.748268899744182203e+00,-1.412343260641352849e+00
4.389750000542295361e+00,-1.755880745240063545e+00,-1.414182213057465942e+00
4.392961229511236354e+00,-1.763523805442967607e+00,-1.416023238780828919e+00
4.396172458480177347e+00,-1.771198210083511082e+00,-1.417866277575826617e+00
4.399383687449117453e+00,-1.778903827578532049e+00,-1.419711275054851285e+00
4.402594916418059334e+00,-1.786640326184903316e+00,-1.421558196603958546e+00
4.405806145387000328e+00,-1.794407285717823708e+00,-1.423407035763596173e+00
4.409017374355940433e+00,-1.802204328037323444e+00,-1.425257815012817231e+00
4.412228603324881426e+00,-1.810031230457239682e+00,-1.427110579069592600e+00
4.415439832293823308e+00,-1.817887992369689787e+00,-1.428965382885903468e+00
4.418651061262764301e+00,-1.825774839701538976e+00,-1.430822277899139072e+00
4.421862290231704407e+00,-1.833692170019622703e+00,-1.432681300423203963e+00
4.425073519200645400e+00,-1.841640457837829370e+00,-1.434542465259286192e+00
4.428284748169587282e+00,-1.849620150142004427e+00,-1.436405765940012902e+00
4.431495977138528275e+00,-1.857631583445757739e+00,-1.438271181000308374e+00
4.434707206107468380e+00,-1.865674945663753137e+00,-1.440138683896534877e+00
4.437918435076409374e+00,-1.873750291323438955e+00,-1.442008253192171185e+00
4.441129664045351255e+00,-1.881857601669715274e+00,-1.443879879678484190e+00
4.444340893014291360e+00,-1.889996867186530594e+00,-1.445753568171503467e+00
4.447552121983232354e+00,-1.898168163180281587e+00,-1.447629333486848413e+00
4.450763350952173347e+00,-1.906371691397929613e+00,-1.449507192002893907e+00
4.453974579921114341e+00,-1.914607771482765841e+00,-1.451387151698187550e+00
4.457185808890055334e+00,-1.922876782148831509e+00,-1.453269204137806137e+00
4.460397037858996327e+00,-1.931179068439158542e+00,-1.455153321395344701e+00
4.463608266827937321e+00,-1.939514843317325266e+00,-1.457039459462660780e+00
4.466819495796877426e+00,-1.947884115432249041e+00,-1.458927567731994612e+00
4.470030724765819308e+00,-1.956286668906269899e+00,-1.460817602212476141e+00
4.473241953734760301e+00,-1.964722106943309621e+00,-1.462709538839292334e+00
4.476453182703701295e+00,-1.973189952846333917e+00,-1.464603382951971344e+00
4.479664411672641400e+00,-1.981689784861767833e+00,-1.466499171871707752e+00
4.482875640641583281e+00,-1.990221370125091704e+00,-1.468396969284226028e+00
4.486086869610524275e+00,-1.998784761227028639e+00,-1.470296852353763617e+00
4.489298098579465268e+00,-2.007380327308144530e+00,-1.472198894540485137e+00
4.492509327548405373e+00,-2.016008708032309471e+00,-1.474103148391371798e+00
4.495720556517347255e+00,-2.024670698915880251e+00,-1.476009632747453004e+00
4.498931785486288248e+00,-2.033367094853865353e+00,-1.477918327789295105e+00
4.502143014455229242e+00,-2.042098530271961643e+00,-1.479829179386697335e+00
4.505354243424169347e+00,-2.050865355944603063e+00,-1.481742111843388443e+00
4.508565472393111229e+00,-2.059667583646311417e+00,-1.483657045964581256e+00
4.511776701362052222e+00,-2.068504912763903025e+00,-1.485573917999155613e+00
4.514987930330992327e+00,-2.077376832285741326e+00,-1.487492694781304969e+00
4.518199159299933321e+00,-2.086282772647641615e+00,-1.489413381372766132e+00
4.521410388268875202e+00,-2.095222269675249827e+00,-1.491336019421010572e+00
4.524621617237816196e+00,-2.104195100409600450e+00,-1.493260676791832831e+00
4.527832846206756301e+00,-2.113201358403693053e+00,-1.495187431193445216e+00
4.531044075175697294e+00,-2.122241451905177545e+00,-1.497116351930924960e+00
4.534255304144638288e+00,-2.131316027923660705e+00,-1.499047484267788555e+00
4.537466533113580169e+00,-2.140425843389698102e+00,-1.500980840070404998e+00
4.540677762082520275e+00,-2.149571616828565901e+00,-1.502916396713394054e+00
4.543888991051461268e+00,-2.158753897292685409e+00,-1.504854104096965628e+00
4.547100220020402261e+00,-2.167972981229132401e+00,-1.506793897630989587e+00
4.550311448989343255e+00,-2.177228894462809539e+00,-1.508735713679514312e+00
4.553522677958284248e+00,-2.186521439344518036e+00,-1.510679503551323855e+00
4.556733906927225242e+00,-2.195850290905050795e+00,-1.512625242723673713e+00
4.559945135896166235e+00,-2.205215114665126652e+00,-1.514572933390560205e+00
4.563156364865107228e+00,-2.214615675163293051e+00,-1.516522600230057582e+00
4.566367593834048222e+00,-2.224051908758834184e+00,-1.518474281002390791e+00
4.569578822802989215e+00,-2.233523945207173789e+00,-1.520428014786287418e+00
4.572790051771929321e+00,-2.243032076681848341e+00,-1.522383831060952541e+00
4.576001280740871202e+00,-2.252576686479137891e+00,-1.524341742392680610e+00
4.579212509709812196e+00,-2.262158159138769165e+00,-1.526301742359550184e+00
4.582423738678753189e+00,-2.271776796973273171e+00,-1.528263808879942509e+00
4.585634967647693294e+00,-2.281432764606404096e+00,-1.530227911702205734e+00
4.588846196616635176e+00,-2.291126074415394509e+00,-1.532194021822228969e+00
4.592057425585576169e+00,-2.300856614371532771e+00,-1.534162120247984706e+00
4.595268654554517163e+00,-2.310624208805137414e+00,-1.536132203867808910e+00
4.598479883523457268e+00,-2.320428694865316555e+00,-1.538104287064193443e+00
4.601691112492398261e+00,-2.330269994639462272e+00,-1.540078398878580002e+00
4.604902341461340143e+00,-2.340148165363414634e+00,-1.542054576655658371e+00
4.608113570430280248e+00,-2.350063416825603380e+00,-1.544032857895506705e+00
4.611324799399221241e+00,-2.360016093889216293e+00,-1.546013272343417233e+00
4.614536028368162235e+00,-2.370006630596189545e+00,-1.547995836119368862e+00
4.617747257337104116e+00,-2.380035488443072111e+00,-1.549980549040063105e+00
4.620958486306044222e+00,-2.390103093828002567e+00,-1.551967395422842344e+00
4.624169715274985215e+00,-2.400209788150684975e+00,-1.553956347824095863e+00
4.627380944243926209e+00,-2.410355799435845547e+00,-1.555947372563829534e+00
4.630592173212868090e+00,-2.420541238197292166e+00,-1.557940435647457100e+00
4.633803402181808195e+00,-2.430766114344581119e+00,-1.559935507830569446e+00
4.637014631150749189e+00,-2.441030367764101427e+00,-1.561932567995663934e+00
4.640225860119690182e+00,-2.451333903629243416e+00,-1.563931604567156741e+00
4.643437089088632064e+00,-2.461676624537157299e+00,-1.565932615210516632e+00
4.646648318057572169e+00,-2.472058454515499104e+00,-1.567935605403631527e+00
4.649859547026513162e+00,-2.482479353614188700e+00,-1.569940586563304930e+00
4.653070775995454156e+00,-2.492939324944460466e+00,-1.571947574269529246e+00
4.656282004964395149e+00,-2.503438417708999886e+00,-1.573956586838860749e+00
4.659493233933336143e+00,-2.513976729608250693e+00,-1.575967644179633975e+00
4.662704462902277136e+00,-2.524554410281147909e+00,-1.577980766638416243e+00
4.665915691871218129e+00,-2.535171664938660641e+00,-1.579995973501531203e+00
4.669126920840158235e+00,-2.545828755119436515e+00,-1.582013280964919666e+00
4.672338149809100116e+00,-2.556525992490646715e+00,-1.584032699678001643e+00
4.675549378778041110e+00,-2.567263722380292990e+00,-1.586054232297298361e+00
4.678760607746981215e+00,-2.578042296218833851e+00,-1.588077871728427182e+00
4.681971836715922208e+00,-2.588862035644993398e+00,-1.590103600784942728e+00
4.685183065684864090e+00,-2.599723194621230249e+00,-1.592131393797711514e+00
4.688394294653805083e+00,-2.610625928311726796e+00,-1.594161220291045122e+00
4.691605523622745189e+00,-2.621570277733871190e+00,-1.596193050296352167e+00
4.694816752591686182e+00,-2.632556176876926557e+00,-1.598226860345535849e+00
4.698027981560628064e+00,-2.643583484373597248e+00,-1.600262638832012030e+00
4.701239210529569057e+00,-2.654652035890208595e+00,-1.602300389372439238e+00
4.704450439498509162e+00,-2.665761707627310351e+00,-1.604340131102254929e+00
4.707661668467450156e+00,-2.676912477272916036e+00,-1.606381895456445941e+00
4.710872897436392037e+00,-2.688104467701629474e+00,-1.608425719796963138e+00
4.714084126405332142e+00,-2.699337961268106323e+00,-1.610471639059320559e+00
4.717295355374273136e+00,-2.710613378416010910e+00,-1.612519677194109935e+00
4.720506584343214129e+00,-2.721931222333648925e+00,-1.614569840400198242e+00
4.723717813312156011e+00,-2.733291999701808805e+00,-1.616622113894839341e+00
4.726929042281096116e+00,-2.744696134133298049e+00,-1.618676463264829612e+00
4.730140271250037109e+00,-2.756143891919687228e+00,-1.620732840431871713e+00
4.733351500218978103e+00,-2.767635338167286907e+00,-1.622791193172927970e+00
4.736562729187919096e+00,-2.779170335388305713e+00,-1.624851476227822333e+00
4.739773958156860090e+00,-2.790748587316246976e+00,-1.626913661537853883e+00
4.742985187125801083e+00,-2.802369720238409023e+00,-1.628977745235918428e+00
4.746196416094742077e+00,-2.814033385001123655e+00,-1.631043749661983622e+00
4.749407645063682182e+00,-2.825739357362622162e+00,-1.633111719774877679e+00
4.752618874032624063e+00,-2.837487614055289598e+00,-1.635181714621010585e+00
4.755830103001565057e+00,-2.849278367052594962e+00,-1.637253795691927527e+00
4.759041331970506050e+00,-2.861112048030741040e+00,-1.639328014761329610e+00
4.762252560939446155e+00,-2.872989246639612304e+00,-1.641404403937789969e+00
4.765463789908388037e+00,-2.884910617104174513e+00,-1.643482970150286659e+00
4.768675018877329030e+00,-2.896876775113834235e+00,-1.645563695216591293e+00
4.771886247846270024e+00,-2.908888208989425905e+00,-1.647646541290143318e+00
4.775097476815210129e+00,-2.920945225161606817e+00,-1.649731460180360543e+00
4.778308705784152011e+00,-2.933047939011132144e+00,-1.651818404128666096e+00
4.781519934753093004e+00,-2.945196310407709905e+00,-1.653907335336721962e+00
4.784731163722033109e+00,-2.957390211895612353e+00,-1.655998231961744560e+00
4.787942392690974103e+00,-2.969629509426907621e+00,-1.658091089307342392e+00
4.791153621659915984e+00,-2.981914132999619049e+00,-1.660185916276603280e+00
4.794364850628856978e+00,-2.994244118220315443e+00,-1.662282728454876901e+00
4.797576079597797083e+00,-3.006619608693133383e+00,-1.664381540095456691e+00
4.800787308566738076e+00,-3.019040820800196201e+00,-1.666482357538294323e+00
4.803998537535679070e+00,-3.031507983625894465e+00,-1.668585176122113989e+00
4.807209766504620951e+00,-3.044021274305759306e+00,-1.670689981578330485e+00
4.810420995473561057e+00,-3.056580770729554253e+00,-1.672796755518061840e+00
4.813632224442502050e+00,-3.069186438693783714e+00,-1.674905483332141953e+00
4.816843453411443043e+00,-3.081838160508070690e+00,-1.677016161995362520e+00
4.820054682380384037e+00,-3.094535799481252347e+00,-1.679128805156282045e+00
4.823265911349325030e+00,-3.107279283217938115e+00,-1.681243443561213580e+00
4.826477140318266024e+00,-3.120068681633969110e+00,-1.683360120143415628e+00
4.829688369287207017e+00,-3.132904255286028228e+00,-1.685478880661350320e+00
4.832899598256148010e+00,-3.145786456414379373e+00,-1.687599762157574235e+00
4.836110827225089004e+00,-3.158715877413930784e+00,-1.689722782325762562e+00
4.839322056194029997e+00,-3.171693156039609551e+00,-1.691847932856148429e+00
4.842533285162970103e+00,-3.184718859498117283e+00,-1.693975178942509929e+00
4.845744514131911984e+00,-3.197793376982703162e+00,-1.696104465583121446e+00
4.848955743100852978e+00,-3.210916849842435639e+00,-1.698235729494579793e+00
4.852166972069793971e+00,-3.224089160185346969e+00,-1.700368913871139753e+00
4.855378201038734076e+00,-3.237309984249676642e+00,-1.702503982309073960e+00
4.858589430007675958e+00,-3.250578900037060404e+00,-1.704640928252771026e+00
4.861800658976616951e+00,-3.263895523961925171e+00,-1.706779777333103265e+00
4.865011887945557945e+00,-3.277259642679268392e+00,-1.708920581720290155e+00
4.868223116914498050e+00,-3.290671306308913024e+00,-1.711063407657158253e+00
4.871434345883439043e+00,-3.304130858210855948e+00,-1.713208319137779378e+00
4.874645574852380925e+00,-3.317638892134946449e+00,-1.715355361767297637e+00
4.877856803821321918e+00,-3.331196145974514966e+00,-1.717504550882825942e+00
4.881068032790262023e+00,-3.344803357703081570e+00,-1.719655867002573002e+00
4.884279261759203017e+00,-3.358461119051987964e+00,-1.721809259851491358e+00
4.887490490728144898e+00,-3.372169763424243794e+00,-1.723964660053376008e+00
4.890701719697085004e+00,-3.385929316134330680e+00,-1.726121995640953255e+00
4.893912948666025997e+00,-3.399739519472895211e+00,-1.728281209320299716e+00
4.897124177634966991e+00,-3.413599926361766457e+00,-1.730442272247012081e+00
4.900335406603908872e+00,-3.427510039335738057e+00,-1.732605190969045639e+00
4.903546635572848977e+00,-3.441469460625542709e+00,-1.734770005923834013e+00
4.906757864541789971e+00,-3.455478016949270703e+00,-1.736936781988777989e+00
4.909969093510730964e+00,-3.469535829639424751e+00,-1.739105593526724114e+00
4.913180322479672846e+00,-3.483643314935192414e+00,-1.741276507648774174e+00
4.916391551448612951e+00,-3.497801116826908974e+00,-1.743449569726676973e+00
4.919602780417553944e+00,-3.512009991161757938e+00,-1.745624794478520370e+00
4.922814009386494938e+00,-3.526270670685505593e+00,-1.747802164443353234e+00
4.926025238355435931e+00,-3.540583743731056554e+00,-1.749981635771748367e+00
4.929236467324376925e+00,-3.554949573972455035e+00,-1.752163149491227756e+00
4.932447696293317918e+00,-3.569368276838138510e+00,-1.754346645204341915e+00
4.935658925262258911e+00,-3.583839753237074710e+00,-1.756532073818528161e+00
4.938870154231199017e+00,-3.598363767244338707e+00,-1.758719406429707366e+00
4.942081383200140898e+00,-3.612940044883337087e+00,-1.760908637689778011e+00
4.945292612169081892e+00,-3.627568368275428501e+00,-1.763099783516295815e+00
4.948503841138021997e+00,-3.642248643432898891e+00,-1.765292874424124081e+00
4.951715070106962990e+00,-3.656980929211477438e+00,-1.767487946705908586e+00
4.954926299075904872e+00,-3.671765426477678229e+00,-1.769685033949066177e+00
4.958137528044845865e+00,-3.686602437042916680e+00,-1.771884160943798081e+00
4.961348757013785971e+00,-3.701492308580922153e+00,-1.774085341094743251e+00
4.964559985982726964e+00,-3.716435383087084432e+00,-1.776288577311075700e+00
4.967771214951668846e+00,-3.731431962597646645e+00,-1.778493865359313197e+00
4.970982443920609839e+00,-3.746482298483737594e+00,-1.780701198092878412e+00
4.974193672889549944e+00,-3.761586602200562179e+00,-1.782910568951485919e+00
4.977404901858490938e+00,-3.776745068547184836e+00,-1.785121973608291501e+00
4.980616130827432819e+00,-3.791957899245741004e+00,-1.787335409441883627e+00
4.983827359796372924e+00,-3.807225315732866378e+00,-1.789550873349557758e+00
4.987038588765313918e+00,-3.822547554850899587e+00,-1.791768359028321767e+00
4.990249817734254911e+00,-3.837924847902977277e+00,-1.793987855046299096e+00
4.993461046703196793e+00,-3.853357390030547336e+00,-1.796209344761910964e+00
4.996672275672136898e+00,-3.868845310995296494e+00,-1.798432808518573234e+00
4.999883504641077892e+00,-3.884388658911191783e+00,-1.800658227755522089e+00
5.003094733610018885e+00,-3.899987405144956121e+00,-1.802885589980737224e+00
5.006305962578959878e+00,-3.915641472512389143e+00,-1.805114893166469114e+00
5.009517191547900872e+00,-3.931350781885389889e+00,-1.807346148171392386e+00
5.012728420516841865e+00,-3.947115306477643859e+00,-1.809579378256490623e+00
5.015939649485782859e+00,-3.962935120110575138e+00,-1.811814615512518767e+00
5.019150878454722964e+00,-3.978810426533457623e+00,-1.814051894842955148e+00
5.022362107423664845e+00,-3.994741561169445898e+00,-1.816291246818325211e+00
5.025573336392605839e+00,-4.010728963298493710e+00,-1.818532691054560946e+00
5.028784565361546832e+00,-4.026773123884209049e+00,-1.820776231684822166e+00
5.031995794330486937e+00,-4.042874520137480054e+00,-1.823021856021267872e+00
5.035207023299428819e+00,-4.059033551044440635e+00,-1.825269536771103374e+00
5.038418252268369812e+00,-4.075250487808878219e+00,-1.827519237369628957e+00
5.041629481237310806e+00,-4.091525449706062467e+00,-1.829770919316898503e+00
5.044840710206250911e+00,-4.107858410209469291e+00,-1.832024550003492624e+00
5.048051939175192793e+00,-4.124249231861995213e+00,-1.834280109455667107e+00
5.051263168144133786e+00,-4.140697722676824455e+00,-1.836537594704057419e+00
5.054474397113073891e+00,-4.157203703000527995e+00,-1.838797020994364706e+00
5.057685626082014885e+00,-4.173767070335197893e+00,-1.841058419683737846e+00
5.060896855050956766e+00,-4.190387850589756269e+00,-1.843321833269648602e+00
5.064108084019897760e+00,-4.207066227131564418e+00,-1.845587308472708576e+00
5.067319312988837865e+00,-4.223802543092905815e+00,-1.847854888578172705e+00
5.070530541957778858e+00,-4.240597276862208886e+00,-1.850124606314904607e+00
5.073741770926719852e+00,-4.257450994885133788e+00,-1.852396478431904914e+00
5.076952999895661733e+00,-4.274364289325286670e+00,-1.854670502856826442e+00
5.080164228864601839e+00,-4.291337710464257604e+00,-1.856946658930555660e+00
5.083375457833542832e+00,-4.308371704736298824e+00,-1.859224910750483239e+00
5.086586686802483825e+00,-4.325466568832512237e+00,-1.861505213169171835e+00
5.089797915771424819e+00,-4.342622428279671709e+00,-1.863787519540368365e+00
5.093009144740365812e+00,-4.359839245345949799e+00,-1.866071789948233084e+00
5.096220373709306806e+00,-4.377116856342448514e+00,-1.868357998472677028e+00
5.099431602678247799e+00,-4.394455032995757016e+00,-1.870646138099965938e+00
5.102642831647188792e+00,-4.411853557500908352e+00,-1.872936222218578806e+00
5.105854060616129786e+00,-4.429312297250052488e+00,-1.875228282227745513e+00
5.109065289585070779e+00,-4.446831264121414051e+00,-1.877522361545878260e+00
5.112276518554011773e+00,-4.464410645269910383e+00,-1.879818507092756885e+00
5.115487747522952766e+00,-4.482050797577275425e+00,-1.882116759951686369e+00
5.118698976491893760e+00,-4.499752205476271527e+00,-1.884417147222632316e+00
5.121910205460834753e+00,-4.517515410204414827e+00,-1.886719676938852785e+00
5.125121434429774858e+00,-4.535340925686124791e+00,-1.889024337321544955e+00
5.128332663398716740e+00,-4.553229160271696330e+00,-1.891331100692143385e+00
5.131543892367657733e+00,-4.571180363161449378e+00,-1.893639931258609410e+00
5.134755121336598727e+00,-4.589194609239772404e+00,-1.895950795009681222e+00
5.137966350305538832e+00,-4.607271827186130153e+00,-1.898263669351778482e+00
5.141177579274479825e+00,-4.625411865149391843e+00,-1.900578550088923846e+00
5.144388808243421707e+00,-4.643614578613085797e+00,-1.902895453921291447e+00
5.147600037212362700e+00,-4.661879918918504728e+00,-1.905214415707018993e+00
5.150811266181302805e+00,-4.680208000045223748e+00,-1.907535481039392744e+00
5.154022495150243799e+00,-4.698599126141606241e+00,-1.909858695904134152e+00
5.157233724119185680e+00,-4.717053771891056790e+00,-1.912184095975340892e+00
5.160444953088125786e+00,-4.735572519717965889e+00,-1.914511698259186989e+00
5.163656182057066779e+00,-4.754155968990845693e+00,-1.916841497242647296e+00
5.166867411026007773e+00,-4.772804639789193004e+00,-1.919173466579454423e+00
5.170078639994949654e+00,-4.791518895420661117e+00,-1.921507565934920336e+00
5.173289868963889759e+00,-4.810298903188480857e+00,-1.923843751286368864e+00
5.176501097932830753e+00,-4.829144643101277445e+00,-1.926181986090834686e+00
5.179712326901771746e+00,-4.848055961879794040e+00,-1.928522250524828063e+00
5.182923555870713628e+00,-4.867032658045870264e+00,-1.930864546527940595e+00
5.186134784839653733e+00,-4.886074576173518480e+00,-1.933208897498218004e+00
5.189346013808594726e+00,-4.905181686572071875e+00,-1.935555342887216312e+00
5.192557242777535720e+00,-4.924354131158802161e+00,-1.937903929245356149e+00
5.195768471746476713e+00,-4.943592225726159306e+00,-1.940254700123480891e+00
5.198979700715417707e+00,-4.962896420532392661e+00,-1.942607687423403062e+00
5.202190929684358700e+00,-4.982267231880114444e+00,-1.944962906277530212e+00
5.205402158653299693e+00,-5.001705164186222241e+00,-1.947320354489978200e+00
5.208613387622239799e+00,-5.021210643254371497e+00,-1.949680016299012220e+00
5.211824616591181680e+00,-5.040783976948159939e+00,-1.952041869086796222e+00
5.215035845560122674e+00,-5.060425350769676811e+00,-1.954405890978546889e+00
5.218247074529063667e+00,-5.080134855653145820e+00,-1.956772067209455734e+00
5.221458303498003772e+00,-5.099912536588753653e+00,-1.959140393677981873e+00
5.224669532466945654e+00,-5.119758445929095458e+00,-1.961510877056133806e+00
5.227880761435886647e+00,-5.139672685557060916e+00,-1.963883531886275291e+00
5.231091990404826753e+00,-5.159655427090198643e+00,-1.966258375937286917e+00
5.234303219373767746e+00,-5.179706907147560102e+00,-1.968635425478814982e+00
5.237514448342709628e+00,-5.199827402804020338e+00,-1.971014691971312072e+00
5.240725677311650621e+00,-5.220017198141886361e+00,-1.973396181046834563e+00
5.243936906280590726e+00,-5.240276554564070821e+00,-1.975779893799047615e+00
5.247148135249531720e+00,-5.260605694909878061e+00,-1.978165829604428216e+00
5.250359364218473601e+00,-5.281004805511527955e+00,-1.980553989224092204e+00
5.253570593187414595e+00,-5.301474053304747969e+00,-1.982944376935172004e+00
5.256781822156354700e+00,-5.322013609450268135e+00,-1.985337000897742676e+00
5.259993051125295693e+00,-5.342623668625805067e+00,-1.987731871706815312e+00
5.263204280094237575e+00,-5.363304455032704254e+00,-1.990128999838499224e+00
5.266415509063177680e+00,-5.384056211592086250e+00,-1.992528393196475012e+00
5.269626738032118674e+00,-5.404879175880996200e+00,-1.994930056007138575e+00
5.272837967001059667e+00,-5.425773552529852495e+00,-1.997333989861521664e+00
5.276049195970000660e+00,-5.446739494720089780e+00,-1.999740196894456812e+00
5.279260424938941654e+00,-5.467777105752351652e+00,-2.002148684195533157e+00
5.282471653907882647e+00,-5.488886465586802821e+00,-2.004559467880455692e+00
5.285682882876823641e+00,-5.510067678519606105e+00,-2.006972575077759835e+00
5.288894111845763746e+00,-5.531320929543110054e+00,-2.009388042518914563e+00
5.292105340814705627e+00,-5.552646531434293209e+00,-2.011805911378544032e+00
5.295316569783646621e+00,-5.574044944445207150e+00,-2.014226219231304960e+00
5.298527798752587614e+00,-5.595516756299284467e+00,-2.016648991098556554e+00
5.301739027721527719e+00,-5.617062620811770657e+00,-2.019074232179356443e+00
5.304950256690469601e+00,-5.638683166000677538e+00,-2.021501924745398693e+00
5.308161485659410594e+00,-5.660378893326512895e+00,-2.023932030786575353e+00
5.311372714628351588e+00,-5.682150095216639052e+00,-2.026364500517612299e+00
5.314583943597291693e+00,-5.703996816132769432e+00,-2.028799285185442169e+00
5.317795172566233575e+00,-5.725918873025864997e+00,-2.031236351228775661e+00
5.321006401535174568e+00,-5.747915936209596843e+00,-2.033675692163896542e+00
5.324217630504114673e+00,-5.769987655315382824e+00,-2.036117334853618566e+00
5.327428859473055667e+00,-5.792133801603779553e+00,-2.038561338046790183e+00
5.330640088441997548e+00,-5.814354391444008563e+00,-2.041007782969196160e+00
5.333851317410938542e+00,-5.836649758423230416e+00,-2.043456757815615532e+00
5.337062546379878647e+00,-5.859020553040567236e+00,-2.045908339677772414e+00
5.340273775348819640e+00,-5.881467666532249616e+00,-2.048362578268413614e+00
5.343485004317760634e+00,-5.903992094536036461e+00,-2.050819485513635243e+00
5.346696233286702515e+00,-5.926594771944837525e+00,-2.053279033728155234e+00
5.349907462255642621e+00,-5.949276418177040782e+00,-2.055741162998886207e+00
5.353118691224583614e+00,-5.972037429997776314e+00,-2.058205796122823728e+00
5.356329920193524607e+00,-5.994877847428607964e+00,-2.060672857574695982e+00
5.359541149162466489e+00,-6.017797400211262193e+00,-2.063142292009631618e+00
5.362752378131406594e+00,-6.040795622507818763e+00,-2.065614077984864405e+00
5.365963607100347588e+00,-6.063872007209697657e+00,-2.068088233851284929e+00
5.369174836069288581e+00,-6.087026162576666621e+00,-2.070564814768672601e+00
5.372386065038229574e+00,-6.110257934985753536e+00,-2.073043901995761384e+00
5.375597294007170568e+00,-6.133567471734701293e+00,-2.075525587417473172e+00
5.378808522976111561e+00,-6.156955214081247796e+00,-2.078009957238305283e+00
5.382019751945052555e+00,-6.180421828448436905e+00,-2.080497078679289569e+00
5.385230980913993548e+00,-6.203968098212567561e+00,-2.082986992448635277e+00
5.388442209882934542e+00,-6.227594806058137422e+00,-2.085479712057538570e+00
5.391653438851875535e+00,-6.251302635975362954e+00,-2.087975229222426954e+00
5.394864667820815640e+00,-6.275092115470535248e+00,-2.090473523139992018e+00
5.398075896789757522e+00,-6.298963605412350120e+00,-2.092974570711927829e+00
5.401287125758698515e+00,-6.322917331220992310e+00,-2.095478354966671120e+00
5.404498354727639509e+00,-6.346953438776949064e+00,-2.097984869847894451e+00
5.407709583696579614e+00,-6.371072054169703236e+00,-2.100494120875954884e+00
5.410920812665521495e+00,-6.395273328914550248e+00,-2.103006122502365738e+00
5.414132041634462489e+00,-6.419557460138197946e+00,-2.105520893869798016e+00
5.417343270603403482e+00,-6.443924685514350159e+00,-2.108038454919419991e+00
5.420554499572343587e+00,-6.468375261897091555e+00,-2.110558824335838857e+00
5.423765728541284581e+00,-6.492909441693045736e+00,-2.113082019888381957e+00
5.426976957510226462e+00,-6.517527460550508245e+00,-2.115608060663671353e+00
5.430188186479166568e+00,-6.542229544341805259e+00,-2.118136969865198616e+00
5.433399415448107561e+00,-6.567015934804007138e+00,-2.120668776565197255e+00
5.436610644417048555e+00,-6.591886924694897232e+00,-2.123203515132406238e+00
5.439821873385990436e+00,-6.616842887978941157e+00,-2.125741221911814804e+00
5.443033102354930541e+00,-6.641884290387201517e+00,-2.128281929808667705e+00
5.446244331323871535e+00,-6.667011670981157323e+00,-2.130825662356818917e+00
5.449455560292812528e+00,-6.692225594544836120e+00,-2.133372429299266848e+00
5.452666789261754410e+00,-6.717526584824956792e+00,-2.135922225493225746e+00
5.455878018230694515e+00,-6.742915056483148817e+00,-2.138475034102085726e+00
5.459089247199635508e+00,-6.768391266386025507e+00,-2.141030833788319931e+00
5.462300476168576502e+00,-6.793955301316056072e+00,-2.143589608349317555e+00
5.465511705137517495e+00,-6.819607110053954813e+00,-2.146151356340697536e+00
5.468722934106458489e+00,-6.845346575547106127e+00,-2.148716098007866115e+00
5.471934163075399482e+00,-6.871173611076589083e+00,-2.151283877400628430e+00
5.475145392044340475e+00,-6.897088256504594561e+00,-2.153854758750206155e+00
5.478356621013281469e+00,-6.923090749292213353e+00,-2.156428817716947499e+00
5.481567849982222462e+00,-6.949181550657384854e+00,-2.159006129539044583e+00
5.484779078951163456e+00,-6.975361318576018377e+00,-2.161586757017524008e+00
5.487990307920104449e+00,-7.001630833230786166e+00,-2.164170741392633879e+00
5.491201536889044554e+00,-7.027990893119268279e+00,-2.166758098455715764e+00
5.494412765857986436e+00,-7.054442207824406452e+00,-2.169348820889679619e+00
5.497623994826927429e+00,-7.080985314262038699e+00,-2.171942886212773871e+00
5.500835223795867535e+00,-7.107620536867010230e+00,-2.174540268261119458e+00
5.504046452764808528e+00,-7.134348000487252150e+00,-2.177140949277090343e+00
5.507257681733750410e+00,-7.161167691015899450e+00,-2.179744929598948389e+00
5.510468910702691403e+00,-7.188079546795417052e+00,-2.182352232670891290e+00
5.513680139671631508e+00,-7.215083556774931850e+00,-2.184962904388779936e+00
5.516891368640572502e+00,-7.242179841008221430e+00,-2.187577007290496756e+00
5.520102597609514383e+00,-7.269368695135894676e+00,-2.190194611375979594e+00
5.523313826578455377e+00,-7.296650591001256458e+00,-2.192815784065068385e+00
5.526525055547395482e+00,-7.324026137359238575e+00,-2.195440581808236757e+00
5.529736284516336475e+00,-7.351496014422119529e+00,-2.198069045203852490e+00
5.532947513485278357e+00,-7.379060901196837996e+00,-2.200701198380060397e+00
5.536158742454218462e+00,-7.406721414142875659e+00,-2.203337052211360891e+00
5.539369971423159456e+00,-7.434478070255332582e+00,-2.205976610002760907e+00
5.542581200392100449e+00,-7.462331279300508768e+00,-2.208619873830317104e+00
5.545792429361042331e+00,-7.490281361347616240e+00,-2.211266849852560945e+00
5.549003658329982436e+00,-7.518328579517142174e+00,-2.213917551500969694e+00
5.552214887298923429e+00,-7.546473175615372675e+00,-2.216572000283663968e+00
5.555426116267864423e+00,-7.574715398266333111e+00,-2.219230224707936294e+00
5.558637345236804528e+00,-7.603055518140892310e+00,-2.221892258300616430e+00
5.561848574205746409e+00,-7.631493830868977923e+00,-2.224558137756899256e+00
5.565059803174687403e+00,-7.660030652981841826e+00,-2.227227901907109509e+00
5.568271032143628396e+00,-7.688666318128466237e+00,-2.229901591621193280e+00
5.571482261112568501e+00,-7.717401179325005245e+00,-2.232579250209342447e+00
5.574693490081510383e+00,-7.746235618870132456e+00,-2.235260923548674228e+00
5.577904719050451376e+00,-7.775170062510162516e+00,-2.237946659203980282e+00
5.581115948019392370e+00,-7.804204990537763287e+00,-2.240636504210785862e+00
5.584327176988332475e+00,-7.833340937448936891e+00,-2.243330501809609245e+00
5.587538405957274357e+00,-7.862578474263352213e+00,-2.246028688030230924e+00
5.590749634926215350e+00,-7.891918173058389385e+00,-2.248731089382398185e+00
5.593960863895156344e+00,-7.921360559979492066e+00,-2.251437722847533074e+00
5.597172092864096449e+00,-7.950906068679868710e+00,-2.254148598853358720e+00
5.600383321833038330e+00,-7.980555008684255824e+00,-2.256863727072858428e+00
5.603594550801979324e+00,-8.010307561321086567e+00,-2.259583123965070328e+00
5.606805779770919429e+00,-8.040163809731451394e+00,-2.262306820260416185e+00
5.610017008739860422e+00,-8.070123800535588643e+00,-2.265034866335668973e+00
5.613228237708802304e+00,-8.100187625503460609e+00,-2.267767333745648539e+00
5.616439466677743297e+00,-8.130355504778917108e+00,-2.270504312032141314e+00
5.619650695646683403e+00,-8.160627851015942014e+00,-2.273245901103526201e+00
5.622861924615624396e+00,-8.191005297111372485e+00,-2.275992200653792263e+00
5.626073153584565389e+00,-8.221488678395903804e+00,-2.278743298935595796e+00
5.629284382553507271e+00,-8.252078971088886661e+00,-2.281499263471220118e+00
5.632495611522447376e+00,-8.282777199607044949e+00,-2.284260135888832810e+00
5.635706840491388370e+00,-8.313584333022365769e+00,-2.287025932106740989e+00
5.638918069460329363e+00,-8.344501193514426873e+00,-2.289796647812226915e+00
5.642129298429270357e+00,-8.375528396425078625e+00,-2.292572267936275665e+00
5.645340527398211350e+00,-8.406666333475182995e+00,-2.295352777939607236e+00
5.648551756367152343e+00,-8.437915200122935389e+00,-2.298138174420592872e+00
5.651762985336093337e+00,-8.469275057830301989e+00,-2.300928472885881870e+00
5.654974214305034330e+00,-8.500745914829474614e+00,-2.303723711366161275e+00
5.658185443273975324e+00,-8.532327806531235126e+00,-2.306523949653829675e+00
5.661396672242916317e+00,-8.564020859254025453e+00,-2.309329264973434270e+00
5.664607901211856422e+00,-8.595825327314210895e+00,-2.312139745596000218e+00
5.667819130180798304e+00,-8.627741601543302608e+00,-2.314955484119016305e+00
5.671030359149739297e+00,-8.659770194535155952e+00,-2.317776571854775813e+00
5.674241588118680291e+00,-8.691911712391378941e+00,-2.320603095146631212e+00
5.677452817087620396e+00,-8.724166823488607392e+00,-2.323435133700909372e+00
5.680664046056562277e+00,-8.756536232160513578e+00,-2.326272760426673969e+00
5.683875275025503271e+00,-8.789020660558669817e+00,-2.329116041991428077e+00
5.687086503994444264e+00,-8.821620837253103531e+00,-2.331965039380523574e+00
5.690297732963384369e+00,-8.854337488126878597e+00,-2.334819808111714412e+00
5.693508961932325363e+00,-8.887171324827814800e+00,-2.337680398226572809e+00
5.696720190901267244e+00,-8.920123028398723619e+00,-2.340546854549577560e+00
5.699931419870207350e+00,-8.953193229622078420e+00,-2.343419217811376853e+00
5.703142648839148343e+00,-8.986382491375865200e+00,-2.346297527017227047e+00
5.706353877808089337e+00,-9.019691300208801721e+00,-2.349181822973575695e+00
5.709565106777031218e+00,-9.053120073352038943e+00,-2.352072152337953082e+00
5.712776335745971323e+00,-9.086669183496310254e+00,-2.354968571146374590e+00
5.715987564714912317e+00,-9.120338997994089425e+00,-2.357871146681755015e+00
5.719198793683853310e+00,-9.154129923586454609e+00,-2.360779956858015005e+00
5.722410022652795192e+00,-9.188042444346878668e+00,-2.363695086951081326e+00
5.725621251621735297e+00,-9.222077140767714454e+00,-2.366616624325128093e+00
5.728832480590676290e+00,-9.256234682168059891e+00,-2.369544652520918504e+00
5.732043709559617284e+00,-9.290515791926726052e+00,-2.372479246442057654e+00
5.735254938528559165e+00,-9.324921193386467522e+00,-2.375420470235788173e+00
5.738466167497499271e+00,-9.359451551065976815e+00,-2.378368378810596706e+00
5.741677396466440264e+00,-9.394107424765662628e+00,-2.381323022920933230e+00
5.744888625435381257e+00,-9.428889252005717481e+00,-2.384284456662797425e+00
5.748099854404322251e+00,-9.463797367229044966e+00,-2.387252745390016528e+00
5.751311083373263244e+00,-9.498832056086488507e+00,-2.390227971752091118e+00
5.754522312342204238e+00,-9.533993632707236543e+00,-2.393210237900563531e+00
5.757733541311145231e+00,-9.569282520207849529e+00,-2.396199662853022438e+00
5.760944770280085336e+00,-9.604699312222304997e+00,-2.399196375302226070e+00
5.764155999249027218e+00,-9.640244796946150885e+00,-2.402200503455792724e+00
5.767367228217968211e+00,-9.675919934328241823e+00,-2.405212164416834053e+00
5.770578457186908317e+00,-9.711725789257561914e+00,-2.408231455888436123e+00
5.773789686155849310e+00,-9.747663435564961176e+00,-2.411258452502882843e+00
5.777000915124791192e+00,-9.783733854046650080e+00,-2.414293207949600895e+00
5.780212144093732185e+00,-9.819937850107574917e+00,-2.417335762597672577e+00
5.783423373062672290e+00,-9.856276012242545903e+00,-2.420386154876627671e+00
5.786634602031613284e+00,-9.892748722515735338e+00,-2.423444433681953392e+00
5.789845831000555165e+00,-9.929356217128411544e+00,-2.426510668780683222e+00
5.793057059969496159e+00,-9.966098682567414713e+00,-2.429584956685135744e+00
5.796268288938436264e+00,-1.000297636403349166e+01,-2.432667420603793040e+00
5.799479517907377257e+00,-1.003998966011733707e+01,-2.435758204558074347e+00
5.802690746876319139e+00,-1.007713918160209765e+01,-2.438857463179179952e+00
5.805901975845259244e+00,-1.011442576161497442e+01,-2.441965349701984422e+00
5.809113204814200238e+00,-1.015185041651566422e+01,-2.445082005011087745e+00
5.812324433783141231e+00,-1.018941426865305466e+01,-2.448207550211651373e+00
5.815535662752083113e+00,-1.022711845048078771e+01,-2.451342084231490581e+00
5.818746891721023218e+00,-1.026496401260435398e+01,-2.454485686692917668e+00
5.821958120689964211e+00,-1.030295185575699612e+01,-2.457638425063750187e+00
5.825169349658905205e+00,-1.034108269959476978e+01,-2.460800364209732027e+00
5.828380578627846198e+00,-1.037935709176149501e+01,-2.463971576111932293e+00
5.831591807596787191e+00,-1.041777545147814621e+01,-2.467152147712306398e+00
5.834803036565728185e+00,-1.045633813516900545e+01,-2.470342185490762787e+00
5.838014265534669178e+00,-1.049504550863345642e+01,-2.473541816241247027e+00
5.841225494503609283e+00,-1.053389801113216784e+01,-2.476751184360590496e+00
5.844436723472551165e+00,-1.057289620058235791e+01,-2.479970446595352929e+00
5.847647952441492158e+00,-1.061204077434723381e+01,-2.483199765505883505e+00
5.850859181410433152e+00,-1.065133256530365102e+01,-2.486439302906500615e+00
5.854070410379373257e+00,-1.069077251684131724e+01,-2.489689214313119514e+00
5.857281639348315139e+00,-1.073036164272971149e+01,-2.492949645098873290e+00
5.860492868317256132e+00,-1.077010097858817339e+01,-2.496220728734283245e+00
5.863704097286197126e+00,-1.080999153161191018e+01,-2.499502587230900019e+00
5.866915326255137231e+00,-1.085003423486847751e+01,-2.502795333714130432e+00
5.870126555224079112e+00,-1.089022991220761227e+01,-2.506099076877466469e+00
5.873337784193020106e+00,-1.093057925948497910e+01,-2.509413926865007749e+00
5.876549013161960211e+00,-1.097108284688253477e+01,-2.512740001873173146e+00
5.879760242130901204e+00,-1.101174114502868129e+01,-2.516077434493338316e+00
5.882971471099843086e+00,-1.105255457408619968e+01,-2.519426376626054065e+00
5.886182700068784079e+00,-1.109352357027757208e+01,-2.522787001799248863e+00
5.889393929037724185e+00,-1.113464865941382698e+01,-2.526159504007025269e+00
5.892605158006665178e+00,-1.117593052331225678e+01,-2.529544092769564045e+00
5.895816386975606171e+00,-1.121737004398979209e+01,-2.532940984914423765e+00
5.899027615944548053e+00,-1.125896831316045166e+01,-2.536350394416795773e+00
5.902238844913488158e+00,-1.130072660085325076e+01,-2.539772522280089984e+00
5.905450073882429152e+00,-1.134264628577745526e+01,-2.543207548673362961e+00
5.908661302851370145e+00,-1.138472875932026618e+01,-2.546655629242537078e+00
5.911872531820311139e+00,-1.142697532227320778e+01,-2.550116896693630508e+00
5.915083760789252132e+00,-1.146938709636202525e+01,-2.553591467578632201e+00
5.918294989758193125e+00,-1.151196497022993270e+01,-2.557079452986751988e+00
5.921506218727134119e+00,-1.155470959199401015e+01,-2.560580970884961616e+00
5.924717447696075112e+00,-1.159762140964330257e+01,-2.564096157436203782e+00
5.927928676665016106e+00,-1.164070074921058051e+01,-2.567625174883198635e+00
5.931139905633957099e+00,-1.168394791191057003e+01,-2.571168214463765089e+00
5.934351134602897204e+00,-1.172736326771506121e+01,-2.574725494082602317e+00
5.937562363571839086e+00,-1.177094732512796504e+01,-2.578297251753130404e+00
5.940773592540780079e+00,-1.181470076447168616e+01,-2.581883736778751270e+00
5.943984821509721073e+00,-1.185862443248301368e+01,-2.585485201003518529e+00
5.947196050478661178e+00,-1.190271930626721542e+01,-2.589101892147660067e+00
5.950407279447603059e+00,-1.194698644162681056e+01,-2.592734050382208277e+00
5.953618508416544053e+00,-1.199142692252001297e+01,-2.596381908186037535e+00
5.956829737385485046e+00,-1.203604182469326389e+01,-2.600045692537219733e+00
5.960040966354425152e+00,-1.208083219895628169e+01,-2.603725627939528220e+00
5.963252195323366145e+00,-1.212579907098730025e+01,-2.607421938838075270e+00
5.966463424292308027e+00,-1.217094344814090334e+01,-2.611134850585845602e+00
5.969674653261249020e+00,-1.221626632186141492e+01,-2.614864589035324371e+00
5.972885882230189125e+00,-1.226176865770255020e+01,-2.618611379680863216e+00
5.976097111199130119e+00,-1.230745137236261044e+01,-2.622375447713436891e+00
5.979308340168072000e+00,-1.235331530568874214e+01,-2.626157020157747102e+00
5.982519569137012105e+00,-1.239936120174589540e+01,-2.629956330459214175e+00
5.985730798105953099e+00,-1.244558971384818413e+01,-2.633773624733491303e+00
5.988942027074894092e+00,-1.249200144271673629e+01,-2.637609167809480404e+00
5.992153256043835974e+00,-1.253859700583126902e+01,-2.641463246641774454e+00
5.995364485012776079e+00,-1.258537712295791167e+01,-2.645336168958238421e+00
5.998575713981717072e+00,-1.263234269239302066e+01,-2.649228256193893571e+00
6.001786942950658066e+00,-1.267949482904253955e+01,-2.653139831575133556e+00
6.004998171919599947e+00,-1.272683484161656509e+01,-2.657071206123400753e+00
6.008209400888540053e+00,-1.277436414156191979e+01,-2.661022666693568794e+00
6.011420629857481046e+00,-1.282208409726945320e+01,-2.664994470389065562e+00
6.014631858826422039e+00,-1.286999586754199854e+01,-2.668986848534756540e+00
6.017843087795363033e+00,-1.291810026151772384e+01,-2.673000020990406345e+00
6.021054316764304026e+00,-1.296639767281918942e+01,-2.677034218526055831e+00
6.024265545733245020e+00,-1.301488812153595198e+01,-2.681089708121756399e+00
6.027476774702186013e+00,-1.306357141100597907e+01,-2.685166814314832173e+00
6.030688003671126118e+00,-1.311244737365784907e+01,-2.689265929785678910e+00
6.033899232640068000e+00,-1.316151615047725087e+01,-2.693387510465626189e+00
6.037110461609008993e+00,-1.321077843118439787e+01,-2.697532054197914864e+00
6.040321690577949099e+00,-1.326023558353827525e+01,-2.701700066478796014e+00
6.043532919546890092e+00,-1.330988962202476955e+01,-2.705892020826170086e+00
6.046744148515831974e+00,-1.335974300439440832e+01,-2.710108323661531315e+00
6.049955377484772967e+00,-1.340979828979595112e+01,-2.714349293417529729e+00
6.053166606453713072e+00,-1.346005773245645898e+01,-2.718615160720398105e+00
6.056377835422654066e+00,-1.351052290830211611e+01,-2.722906091522139693e+00
6.059589064391595947e+00,-1.356119447080105545e+01,-2.727222229193877023e+00
6.062800293360536941e+00,-1.361207210524257682e+01,-2.731563746397938086e+00
6.066011522329477046e+00,-1.366315470346272676e+01,-2.735930894501769295e+00
6.069222751298418039e+00,-1.371444072548046123e+01,-2.740324038337853541e+00
6.072433980267359921e+00,-1.376592866537315984e+01,-2.744743667392781195e+00
6.075645209236300026e+00,-1.381761750966662561e+01,-2.749190380271791412e+00
6.078856438205241020e+00,-1.386950707620784939e+01,-2.753664846054351578e+00
6.082067667174182013e+00,-1.392159815090923303e+01,-2.758167752117035132e+00
6.085278896143123895e+00,-1.397389239162468755e+01,-2.762699751502309731e+00
6.088490125112064000e+00,-1.402639202897429271e+01,-2.767261422945846761e+00
6.091701354081004993e+00,-1.407909944663936663e+01,-2.771853253177687826e+00
6.094912583049945987e+00,-1.413201675382784295e+01,-2.776475645013016802e+00
6.098123812018886980e+00,-1.418514546169226165e+01,-2.781128947726034362e+00
6.101335040987827973e+00,-1.423848634359105958e+01,-2.785813500221471450e+00
6.104546269956768967e+00,-1.429203950517021759e+01,-2.790529674275821215e+00
6.107757498925709960e+00,-1.434580462967073267e+01,-2.795277905541908137e+00
6.110968727894650065e+00,-1.439978131407943174e+01,-2.800058703975945917e+00
6.114179956863591947e+00,-1.445396938722111102e+01,-2.804872641706019021e+00
6.117391185832532940e+00,-1.450836910889206521e+01,-2.809720323252908880e+00
6.120602414801473934e+00,-1.456298118742100911e+01,-2.814602348399418474e+00
6.123813643770414039e+00,-1.461780661038713625e+01,-2.819519280264021877e+00
6.127024872739355921e+00,-1.467284634256708031e+01,-2.824471629557784080e+00
6.130236101708296914e+00,-1.472810098859683592e+01,-2.829459861015268363e+00
6.133447330677237908e+00,-1.478357053185193770e+01,-2.834484421047141378e+00
6.136658559646178013e+00,-1.483925424078179134e+01,-2.839545778838946877e+00
6.139869788615119894e+00,-1.489515078471797338e+01,-2.844644468501955625e+00
6.143081017584060888e+00,-1.495125853722151277e+01,-2.849781118939156421e+00
6.146292246553000993e+00,-1.500757598538347537e+01,-2.854956461223099762e+00
6.149503475521941986e+00,-1.506410212643910285e+01,-2.860171309674025331e+00
6.152714704490883868e+00,-1.512083673063352762e+01,-2.865426520650307118e+00
6.155925933459824861e+00,-1.517778038347046632e+01,-2.870722940002745194e+00
6.159137162428764967e+00,-1.523493428231128277e+01,-2.876061354074176180e+00
6.162348391397705960e+00,-1.529229983420600902e+01,-2.881442458753932900e+00
6.165559620366647842e+00,-1.534987816265445559e+01,-2.886866856376533175e+00
6.168770849335588835e+00,-1.540766966215890754e+01,-2.892335082436847227e+00
6.171982078304528940e+00,-1.546567373060174333e+01,-2.897847655395755062e+00
6.175193307273469934e+00,-1.552388876187663413e+01,-2.903405135820750882e+00
6.178404536242410927e+00,-1.558231240756212266e+01,-2.909008177883763757e+00
6.181615765211351921e+00,-1.564094203760909529e+01,-2.914657557905439678e+00
6.184826994180292914e+00,-1.569977526907179666e+01,-2.920354170865373522e+00
6.188038223149233907e+00,-1.575881040737384886e+01,-2.926098994911034978e+00
6.191249452118174901e+00,-1.581804666487712829e+01,-2.931893033313134556e+00
6.194460681087115894e+00,-1.587748408212991968e+01,-2.937737250281689416e+00
6.197671910056056888e+00,-1.593712316167696308e+01,-2.943632519458193375e+00
6.200883139024997881e+00,-1.599696430880742604e+01,-2.949579600890010589e+00
6.204094367993938874e+00,-1.605700723350242498e+01,-2.955579154582016699e+00
6.207305596962879868e+00,-1.611725048500141000e+01,-2.961631788402984355e+00
6.210516825931820861e+00,-1.617769125861583390e+01,-2.967738128107353379e+00
6.213728054900761855e+00,-1.623832554144235729e+01,-2.973898890411933227e+00
6.216939283869701960e+00,-1.629914856928403211e+01,-2.980114938488028109e+00
6.220150512838643841e+00,-1.636015547779955170e+01,-2.986387303482379796e+00
6.223361741807584835e+00,-1.642134197223855807e+01,-2.992717164698647903e+00
6.226572970776525828e+00,-1.648270482946069393e+01,-2.999105792404504367e+00
6.229784199745465934e+00,-1.654424208730711854e+01,-3.005554467720052969e+00
6.232995428714407815e+00,-1.660595285911782426e+01,-3.012064400717008095e+00
6.236206657683348809e+00,-1.666783681268732309e+01,-3.018636668777539889e+00
6.239417886652289802e+00,-1.672989344505550591e+01,-3.025272192092750778e+00
6.242629115621229907e+00,-1.679212134143319801e+01,-3.031971753303652317e+00
6.245840344590170901e+00,-1.685451761218549294e+01,-3.038736056417457920e+00
6.249051573559112782e+00,-1.691707765438608035e+01,-3.045565809555408343e+00
6.252262802528052887e+00,-1.697979529711868096e+01,-3.052461809733969744e+00
6.255474031496993881e+00,-1.704266328669815778e+01,-3.059425007493541848e+00
6.258685260465934874e+00,-1.710567397786492094e+01,-3.066456534836930370e+00
6.261896489434876756e+00,-1.716882004454176425e+01,-3.073557690004856902e+00
6.265107718403816861e+00,-1.723209502293628148e+01,-3.080729884256138806e+00
6.268318947372757854e+00,-1.729549354998019339e+01,-3.087974565785660985e+00
6.271530176341698848e+00,-1.735901124633302928e+01,-3.095293141471231468e+00
6.274741405310640729e+00,-1.742264429055673602e+01,-3.102686916848756304e+00
6.277952634279580835e+00,-1.748638881204584905e+01,-3.110157068816379322e+00
6.281163863248521828e+00,-1.755024027261998043e+01,-3.117704655892817645e+00
6.284375092217462822e+00,-1.761419299968598651e+01,-3.125330660265926763e+00
6.287586321186403815e+00,-1.767823998133140861e+01,-3.133036047412115721e+00
6.290797550155344808e+00,-1.774237295242749468e+01,-3.140821825091492325e+00
6.294008779124285802e+00,-1.780658271546793259e+01,3.134496222175810587e+00
6.297220008093226795e+00,-1.787085957558773330e+01,3.126546290502218550e+00
6.300431237062167789e+00,-1.793519374419842194e+01,3.118512414969349056e+00
6.303642466031108782e+00,-1.799957558595503926e+01,3.110393277706199111e+00
6.306853695000049775e+00,-1.806399564160258109e+01,3.102187559578458487e+00
6.310064923968990769e+00,-1.812844443570196873e+01,3.093893976971952675e+00
6.313276152937930874e+00,-1.819291214907222098e+01,3.085511298771884015e+00
6.316487381906872756e+00,-1.825738827889681914e+01,3.077038338639018988e+00
6.319698610875813749e+00,-1.832186141157080073e+01,3.068473926353196823e+00
6.322909839844753854e+00,-1.838631919411050575e+01,3.059816869379635929e+00
6.326121068813694848e+00,-1.845074852183783420e+01,3.051065919547092609e+00
6.329332297782636729e+00,-1.851513588468534621e+01,3.042219758577369149e+00
6.332543526751577723e+00,-1.857946775590560406e+01,3.033277010459758838e+00
6.335754755720517828e+00,-1.864373088433547210e+01,3.024236280050745851e+00
6.338965984689458821e+00,-1.870791237291621911e+01,3.015096208452491489e+00
6.342177213658400703e+00,-1.877199948662094187e+01,3.005855529460804032e+00
6.345388442627341696e+00,-1.883597921485700155e+01,2.996513109727123148e+00
6.348599671596281802e+00,-1.889983769233136002e+01,2.987067958940103019e+00
6.351810900565222795e+00,-1.896355963407271616e+01,2.977519204395612906e+00
6.355022129534164677e+00,-1.902712794813255570e+01,2.967866034532586905e+00
6.358233358503104782e+00,-1.909052364943064717e+01,2.958107625408750607e+00
6.361444587472045775e+00,-1.915372612033706901e+01,2.948243069882738432e+00
6.364655816440986769e+00,-1.921671366927915869e+01,2.938271329656628961e+00
6.367867045409928650e+00,-1.927946425455168367e+01,2.928191225047620971e+00
6.371078274378868755e+00,-1.934195619075831019e+01,2.918001467763023271e+00
6.374289503347809749e+00,-1.940416865461596174e+01,2.907700730667207356e+00
6.377500732316750742e+00,-1.946608185610129382e+01,2.897287738681107783e+00
6.380711961285690847e+00,-1.952767682687874284e+01,2.886761359286983630e+00
6.383923190254632729e+00,-1.958893487702092173e+01,2.876120671194407397e+00
6.387134419223573722e+00,-1.964983685601943719e+01,2.865364995511119783e+00
6.390345648192514716e+00,-1.971036240194673539e+01,2.854493883615224714e+00
6.393556877161454821e+00,-1.977048936099340892e+01,2.843507067093620222e+00
6.396768106130396703e+00,-1.983019351007876807e+01,2.832404384533020902e+00
6.399979335099337696e+00,-1.988944863269611929e+01,2.821185705120038634e+00
6.403190564068278690e+00,-1.994822690622491024e+01,2.809850868675096258e+00
6.406401793037218795e+00,-2.000649948307076187e+01,2.798399656234682897e+00
6.409613022006160676e+00,-2.006423710817718842e+01,2.786831796366001424e+00
6.412824250975101670e+00,-2.012141062072290509e+01,2.775147002693330478e+00
6.416035479944041775e+00,-2.017799123404117978e+01,2.763345030380392142e+00
6.419246708912982768e+00,-2.023395055936017428e+01,2.751425735595057098e+00
6.422457937881924650e+00,-2.028926041377335565e+01,2.739389123065886000e+00
6.425669166850865643e+00,-2.034389250907327451e+01,2.727235372068403940e+00
6.428880395819805749e+00,-2.039781814058585496e+01,2.714964838713251893e+00
6.432091624788746742e+00,-2.045100797970398077e+01,2.702578039826193823e+00
6.435302853757688624e+00,-2.050343202791549402e+01,2.690075628760732140e+00
6.438514082726629617e+00,-2.055505973015110399e+01,2.677458374764638993e+00
6.441725311695569722e+00,-2.060586019116853862e+01,2.664727154871894044e+00
6.444936540664510716e+00,-2.065580240758914954e+01,2.651882961795844373e+00
6.448147769633451709e+00,-2.070485542921869282e+01,2.638926924905157012e+00
6.451358998602393591e+00,-2.075298839485828850e+01,2.625860336241929271e+00
6.454570227571333696e+00,-2.080017043848067004e+01,2.612684671389692515e+00
6.457781456540274689e+00,-2.084637051390745910e+01,2.599401596512309176e+00
6.460992685509215683e+00,-2.089155722212769462e+01,2.586012957544075341e+00
6.464203914478156676e+00,-2.093569873269814607e+01,2.572520753763613222e+00
6.467415143447097670e+00,-2.097876286619973030e+01,2.558927103745249454e+00
6.470626372416038663e+00,-2.102071735579135492e+01,2.545234215006020762e+00
6.473837601384979656e+00,-2.106153024788814321e+01,2.531444368371000841e+00
6.477048830353920650e+00,-2.110117035351892767e+01,2.517559924127143134e+00
6.480260059322861643e+00,-2.113960763896285755e+01,2.503583350559885901e+00
6.483471288291802637e+00,-2.117681345509291191e+01,2.489517268428219854e+00
6.486682517260742742e+00,-2.121276054729857918e+01,2.475364499516929051e+00
6.489893746229684623e+00,-2.124742284987455321e+01,2.461128105338040939e+00
6.493104975198625617e+00,-2.128077513201511550e+01,2.446811404068887974e+00
6.496316204167566610e+00,-2.131279260801383302e+01,2.432417959409505226e+00
6.499527433136506716e+00,-2.134345063801017872e+01,2.417951542624224626e+00
6.502738662105448597e+00,-2.137272462311518240e+01,2.403416076393554146e+00
6.505949891074389591e+00,-2.140059014623352596e+01,2.388815574087245430e+00
6.509161120043330584e+00,-2.142702334255826102e+01,2.374154089221761410e+00
6.512372349012270689e+00,-2.145200142106595820e+01,2.359435686866443671e+00
6.515583577981211683e+00,-2.147550321838947340e+01,2.344664442518669123e+00
6.518794806950153564e+00,-2.149750966030058663e+01,2.329844466330935226e+00
6.522006035919093669e+00,-2.151800403465696121e+01,2.314979943772683679e+00
6.525217264888034663e+00,-2.153697203374380109e+01,2.300075179781055468e+00
6.528428493856975656e+00,-2.155440158685519947e+01,2.285134633260159198e+00
6.531639722825917538e+00,-2.157028255699578878e+01,2.270162932313314119e+00
6.534850951794857643e+00,-2.158460640364957683e+01,2.255164866611136354e+00
6.538062180763798636e+00,-2.159736590972180892e+01,2.240145359875838960e+00
6.541273409732739630e+00,-2.160855503814105560e+01,2.225109430572651981e+00
6.544484638701681511e+00,-2.161816893415166874e+01,2.210062151058208357e+00
6.547695867670621617e+00,-2.162620403978565164e+01,2.195008614151045201e+00
6.550907096639562610e+00,-2.163265825349753868e+01,2.179953911993841587e+00
6.554118325608503604e+00,-2.163753106080057620e+01,2.164903126698808578e+00
6.557329554577444597e+00,-2.164082358222505320e+01,2.149861327517677001e+00
6.560540783546385590e+00,-2.164253852493108354e+01,2.134833566818589823e+00
6.563752012515326584e+00,-2.164268006912654130e+01,2.119824867844251948e+00
6.566963241484267577e+00,-2.164125375362148773e+01,2.104840200840796705e+00
6.570174470453208571e+00,-2.163826643374470393e+01,2.089884449431196778e+00
6.573385699422149564e+00,-2.163372636494125700e+01,2.074962374185745695e+00
6.576596928391090557e+00,-2.162764342201654344e+01,2.060078583335598346e+00
6.579808157360031551e+00,-2.162002941096119812e+01,2.045237520230381634e+00
6.583019386328971656e+00,-2.161089838548411990e+01,2.030443473277010469e+00
6.586230615297913538e+00,-2.160026686007767793e+01,2.015700607715761983e+00
6.589441844266854531e+00,-2.158815382483924594e+01,2.001013011602035707e+00
6.592653073235794636e+00,-2.157458051311190061e+01,1.986384743013731136e+00
6.595864302204735630e+00,-2.155956993941043365e+01,1.971819863663238470e+00
6.599075531173677511e+00,-2.154314629281038407e+01,1.957322446634277568e+00
6.602286760142618505e+00,-2.152533431907758654e+01,1.942896552436868207e+00
6.605497989111558610e+00,-2.150615883719324017e+01,1.928546176278280733e+00
6.608709218080499603e+00,-2.148564450652698099e+01,1.914275177897395874e+00
6.611920447049441485e+00,-2.146381589604957441e+01,1.900087210963903983e+00
6.615131676018382478e+00,-2.144069782399304458e+01,1.885985670074590947e+00
6.618342904987322584e+00,-2.141631585881471977e+01,1.871973669260528217e+00
6.621554133956263577e+00,-2.139069682315319554e+01,1.858054057632493317e+00
6.624765362925205459e+00,-2.136386913712149038e+01,1.844229467591219640e+00
6.627976591894145564e+00,-2.133586287884960342e+01,1.830502381812642909e+00
6.631187820863086557e+00,-2.130670951807659108e+01,1.816875199687620235e+00
6.634399049832027551e+00,-2.127644137127973067e+01,1.803350283753569760e+00
6.637610278800969432e+00,-2.124509090793493726e+01,1.789929972075523290e+00
6.640821507769909537e+00,-2.121269008342324014e+01,1.776616552077530109e+00
6.644032736738850531e+00,-2.117926987097485281e+01,1.763412202331134049e+00
6.647243965707791524e+00,-2.114486011295843682e+01,1.750318918149015079e+00
6.650455194676731629e+00,-2.110948972497076781e+01,1.737338441819746171e+00
6.653666423645673511e+00,-2.107318718889963804e+01,1.724472217486611170e+00
6.656877652614614505e+00,-2.103598119094947805e+01,1.711721384211327246e+00
6.660088881583555498e+00,-2.099790122031487627e+01,1.699086810476715392e+00
6.663300110552495603e+00,-2.095897795518330753e+01,1.686569162174904157e+00
6.666511339521437485e+00,-2.091924332178425772e+01,1.674168987165732148e+00
6.669722568490378478e+00,-2.087873020228588672e+01,1.661886795283391338e+00
6.672933797459319472e+00,-2.083747186272612595e+01,1.649723114349664899e+00
6.676145026428259577e+00,-2.079550124587503745e+01,1.637678509751182343e+00
6.679356255397201458e+00,-2.075285030559622612e+01,1.625753565371828913e+00
6.682567484366142452e+00,-2.070954954099252987e+01,1.613948834164071755e+00
6.685778713335083445e+00,-2.066562782702999002e+01,1.602264774407712311e+00
6.688989942304023550e+00,-2.062111255244611030e+01,1.590701690615206720e+00
6.692201171272965432e+00,-2.057602999113443332e+01,1.579259695440665023e+00
6.695412400241906425e+00,-2.053040577433329261e+01,1.567938701806401713e+00
6.698623629210846531e+00,-2.048426531399659112e+01,1.556738445057934683e+00
6.701834858179787524e+00,-2.043763405591109006e+01,1.545658526178314229e+00
6.705046087148729406e+00,-2.039053750403521192e+01,1.534698461543922310e+00
6.708257316117670399e+00,-2.034300103456178377e+01,1.523857723938151443e+00
6.711468545086610504e+00,-2.029504958500987044e+01,1.513135763600977679e+00
6.714679774055551498e+00,-2.024670733969756853e+01,1.502532005534493509e+00
6.717891003024492491e+00,-2.019799752776344093e+01,1.492045827639312705e+00
6.721102231993434373e+00,-2.014894240619092258e+01,1.481676530817246151e+00
6.724313460962374478e+00,-2.009956343291734981e+01,1.471423314842560170e+00
6.727524689931315471e+00,-2.004988156636758845e+01,1.461285271739142688e+00
6.730735918900256465e+00,-1.999991758030200373e+01,1.451261402285797697e+00
6.733947147869197458e+00,-1.994969227258396316e+01,1.441350653094302992e+00
6.737158376838138452e+00,-1.989922647738587358e+01,1.431551964135261867e+00
6.740369605807079445e+00,-1.984854085326882966e+01,1.421864312137436359e+00
6.743580834776020438e+00,-1.979765549481825104e+01,1.412286735514133529e+00
6.746792063744961432e+00,-1.974658947900499939e+01,1.402818331468895563e+00
6.750003292713902425e+00,-1.969536048817476015e+01,1.393458224275111235e+00
6.753214521682843419e+00,-1.964398463831787822e+01,1.384205512879807198e+00
6.756425750651783524e+00,-1.959247658631193900e+01,1.375059213082204357e+00
6.759636979620725405e+00,-1.954084990855918491e+01,1.366018212260375009e+00
6.762848208589666399e+00,-1.948911765998122902e+01,1.357081251922821252e+00
6.766059437558607392e+00,-1.943729296231474990e+01,1.348246945839252975e+00
6.769270666527547498e+00,-1.938538945342353514e+01,1.339513831250467302e+00
6.772481895496489379e+00,-1.933342146187699839e+01,1.330880440667217890e+00
6.775693124465430373e+00,-1.928140384550203379e+01,1.322345375059426509e+00
6.778904353434371366e+00,-1.922935152829168359e+01,1.313907357933374653e+00
6.782115582403311471e+00,-1.917727885930101550e+01,1.305565254470013370e+00
6.785326811372252465e+00,-1.912519897346254183e+01,1.297318049364946546e+00
6.788538040341194346e+00,-1.907312334013913713e+01,1.289164788638466952e+00
6.791749269310134451e+00,-1.902106163761076019e+01,1.281104501143867536e+00
6.794960498279075445e+00,-1.896902200302863406e+01,1.273136121733632109e+00
6.798171727248016438e+00,-1.891701160230623913e+01,1.265258438153635367e+00
6.801382956216958320e+00,-1.886503737277481463e+01,1.257470077569123434e+00
6.804594185185898425e+00,-1.881310673964883051e+01,1.249769537833644417e+00
6.807805414154839418e+00,-1.876122811077376085e+01,1.242155256194640733e+00
6.811016643123780412e+00,-1.870941101249254146e+01,1.234625697588173976e+00
6.814227872092722293e+00,-1.865766582681677477e+01,1.227179439006489403e+00
6.817439101061662399e+00,-1.860600319929136859e+01,1.219815227255088841e+00
6.820650330030603392e+00,-1.855443327741625481e+01,1.212531994541687475e+00
6.823861558999544386e+00,-1.850296498593612426e+01,1.205328827771324551e+00
6.827072787968486267e+00,-1.845160553489655442e+01,1.198204899965590986e+00
6.830284016937426372e+00,-1.840036029228858894e+01,1.191159382389969545e+00
6.833495245906367366e+00,-1.834923305356607770e+01,1.184191360966240225e+00
6.836706474875308359e+00,-1.829822663323341914e+01,1.177299779046202755e+00
6.839917703844249353e+00,-1.824734361871952970e+01,1.170483421137046065e+00
6.843128932813190346e+00,-1.819658708689719973e+01,1.163740940865219731e+00
6.846340161782131339e+00,-1.814596109891422770e+01,1.157070924535609890e+00
6.849551390751072333e+00,-1.809547085393469601e+01,1.150471972382662855e+00
6.852762619720012438e+00,-1.804512247774412259e+01,1.143942775494117381e+00
6.855973848688954320e+00,-1.799492252080045418e+01,1.137482168390713477e+00
6.859185077657895313e+00,-1.794487731499037864e+01,1.131089144610528452e+00
6.862396306626835418e+00,-1.789499236941827576e+01,1.124762833150689367e+00
6.865607535595776412e+00,-1.784527196621074197e+01,1.118502444248631766e+00
6.868818764564718293e+00,-1.779571905504124274e+01,1.112307200808534846e+00
6.872029993533659287e+00,-1.774633545897693665e+01,1.106176274770221513e+00
6.875241222502599392e+00,-1.769712231920854606e+01,1.100108745287707634e+00
6.878452451471540385e+00,-1.764808064563987955e+01,1.094103588680967576e+00
6.881663680440482267e+00,-1.759921181958803871e+01,1.088159700896395021e+00
6.884874909409423260e+00,-1.755051791741302836e+01,1.082275944341606566e+00
6.888086138378363366e+00,-1.750200178088969594e+01,1.076451204879548262e+00
6.891297367347304359e+00,-1.745366683356941806e+01,1.070684442978232287e+00
6.894508596316246241e+00,-1.740551671080554996e+01,1.064974725717408699e+00
6.897719825285186346e+00,-1.735755481594899408e+01,1.059321232476211128e+00
6.900931054254127339e+00,-1.730978392587419989e+01,1.053723234704993184e+00
6.904142283223068333e+00,-1.726220594535524100e+01,1.048180056997948473e+00
6.907353512192010214e+00,-1.721482186149878757e+01,1.042691030908628802e+00
6.910564741160950319e+00,-1.716763189225917685e+01,1.037255453661862337e+00
6.913775970129891313e+00,-1.712063577388146030e+01,1.031872561279964184e+00
6.916987199098832306e+00,-1.707383310381981545e+01,1.026541520774642002e+00
6.920198428067773300e+00,-1.702722365368810742e+01,1.021261440606767490e+00
6.923409657036714293e+00,-1.698080758815642000e+01,1.016031394216953654e+00
6.926620886005655287e+00,-1.693458556080506838e+01,1.010850449202116863e+00
6.929832114974596280e+00,-1.688855869418954114e+01,1.005717694968575104e+00
6.933043343943536385e+00,-1.684272847749322821e+01,1.000632263919799536e+00
6.936254572912478267e+00,-1.679709662474009946e+01,9.955933443543204531e-01
6.939465801881419260e+00,-1.675166492970430099e+01,9.906001860254108893e-01
6.942677030850360254e+00,-1.670643513631367938e+01,9.856521008093568348e-01
6.945888259819300359e+00,-1.666140882461089134e+01,9.807484608041977525e-01
6.949099488788242240e+00,-1.661658730090591973e+01,9.758886947784616295e-01
6.952310717757183234e+00,-1.657197148159559319e+01,9.710722820639610120e-01
6.955521946726124227e+00,-1.652756177266831017e+01,9.662987417531024859e-01
6.958733175695064332e+00,-1.648335796528061081e+01,9.615676151887120326e-01
6.961944404664006214e+00,-1.643935918306568311e+01,9.568784414307586195e-01
6.965155633632947207e+00,-1.639556392046409883e+01,9.522307281837328885e-01
6.968366862601887313e+00,-1.635197019861543311e+01,9.476239235687829998e-01
6.971578091570828306e+00,-1.630857583745178729e+01,9.430573959289761943e-01
6.974789320539770188e+00,-1.626537880693967253e+01,9.385304286084299452e-01
6.978000549508711181e+00,-1.622237758830851106e+01,9.340422340094675091e-01
6.981211778477651286e+00,-1.617957145933658580e+01,9.295919866755291139e-01
6.984423007446592280e+00,-1.613696062439986534e+01,9.251788698670633249e-01
6.987634236415533273e+00,-1.609454614125341365e+01,9.208021256801649512e-01
6.990845465384475155e+00,-1.605232964575482058e+01,9.164610966896453714e-01
6.994056694353415260e+00,-1.601031292987946131e+01,9.121552482689012642e-01
6.997267923322356253e+00,-1.596849747160878863e+01,9.078841651057257822e-01
7.000479152291297247e+00,-1.592688403384436846e+01,9.036475219637789547e-01
7.003690381260238240e+00,-1.588547243617050242e+01,8.994450356661909396e-01
7.006901610229179234e+00,-1.584426155996861141e+01,8.952764105971436903e-01
7.010112839198120227e+00,-1.580324958509826416e+01,8.911412920907714197e-01
7.013324068167061220e+00,-1.576243439235364008e+01,8.870392401480107214e-01
7.016535297136002214e+00,-1.572181401875380047e+01,8.829697303891794746e-01
7.019746526104943207e+00,-1.568138703678599910e+01,8.789321814973365399e-01
7.022957755073884201e+00,-1.564115274964166247e+01,8.749260008032936353e-01
7.026168984042824306e+00,-1.560111114719367365e+01,8.709506343367382497e-01
7.029380213011766187e+00,-1.556126263730811132e+01,8.670056062433243449e-01
7.032591441980707181e+00,-1.552160763391434095e+01,8.630905354596613011e-01
7.035802670949648174e+00,-1.548214612727846173e+01,8.592051241668779982e-01
7.039013899918588280e+00,-1.544287736959966573e+01,8.553491209315680077e-01
7.042225128887530161e+00,-1.540379977728394856e+01,8.515222691469832572e-01
7.045436357856471155e+00,-1.536491108855403631e+01,8.477242561100297724e-01
7.048647586825412148e+00,-1.532620873928248884e+01,8.439546783436254751e-01
7.051858815794352253e+00,-1.528769035319523795e+01,8.402130344139813189e-01
7.055070044763294135e+00,-1.524935420481391546e+01,8.364987486769495106e-01
7.058281273732235128e+00,-1.521119951650318214e+01,8.328112203380011458e-01
7.061492502701176122e+00,-1.517322649483300978e+01,8.291498845563343156e-01
7.064703731670116227e+00,-1.513543608425376163e+01,8.255142683370821910e-01
7.067914960639057220e+00,-1.509782949723103229e+01,8.219040248782447655e-01
7.071126189607999102e+00,-1.506040764613246097e+01,8.183189357039428735e-01
7.074337418576939207e+00,-1.502317063393158492e+01,8.147588787783754949e-01
7.077548647545880200e+00,-1.498611744848239447e+01,8.112237703666994593e-01
7.080759876514821194e+00,-1.494924595157323211e+01,8.077134959687256588e-01
7.083971105483763075e+00,-1.491255317385984469e+01,8.042278490269904045e-01
7.087182334452703181e+00,-1.487603584245091071e+01,8.007664943063976803e-01
7.090393563421644174e+00,-1.483969100303174216e+01,7.973289663266296401e-01
7.093604792390585168e+00,-1.480351657117984132e+01,7.939147038018649072e-01
7.096816021359527049e+00,-1.476751166555217587e+01,7.905231113243569308e-01
7.100027250328467154e+00,-1.473167663378332115e+01,7.871536322097913985e-01
7.103238479297408148e+00,-1.469601276391490075e+01,7.838058135021379602e-01
7.106449708266349141e+00,-1.466052175722116324e+01,7.804793463636178208e-01
7.109660937235290135e+00,-1.462520509971158056e+01,7.771740717592157122e-01
7.112872166204231128e+00,-1.459006349313841433e+01,7.738899505725336248e-01
7.116083395173172121e+00,-1.455509648663985089e+01,7.706270064937422726e-01
7.119294624142113115e+00,-1.452030239390326116e+01,7.673852567163623739e-01
7.122505853111054108e+00,-1.448567850446091754e+01,7.641646479582586693e-01
7.125717082079995102e+00,-1.445122152280827521e+01,7.609650131005468721e-01
7.128928311048936095e+00,-1.441692811552114506e+01,7.577860576465511588e-01
7.132139540017876200e+00,-1.438279542761685725e+01,7.546273770962793614e-01
7.135350768986817194e+00,-1.434882144795418668e+01,7.514884985185315003e-01
7.138561997955759075e+00,-1.431500515184901090e+01,7.483689341696968533e-01
7.141773226924700069e+00,-1.428134641184357179e+01,7.452682332400126786e-01
7.144984455893640174e+00,-1.424784572636650992e+01,7.421860198688329247e-01
7.148195684862581167e+00,-1.421450385508179970e+01,7.391220105296835152e-01
7.151406913831523049e+00,-1.418132146025624962e+01,7.360760100658143568e-01
7.154618142800464042e+00,-1.414829883573037073e+01,7.330478911802195130e-01
7.157829371769404148e+00,-1.411543576757730456e+01,7.300375655477948644e-01
7.161040600738345141e+00,-1.408273152684312635e+01,7.270449552161778461e-01
7.164251829707287023e+00,-1.405018495890685237e+01,7.240699708395981204e-01
7.167463058676227128e+00,-1.401779461605860533e+01,7.211124995862411291e-01
7.170674287645168121e+00,-1.398555888309254591e+01,7.181724017137893767e-01
7.173885516614109115e+00,-1.395347606588523526e+01,7.152495121598181349e-01
7.177096745583050996e+00,-1.392154444044442485e+01,7.123436428425133915e-01
7.180307974551991101e+00,-1.388976228328177243e+01,7.094545827308582631e-01
7.183519203520932095e+00,-1.385812791396742405e+01,7.065820953910133539e-01
7.186730432489873088e+00,-1.382663977361644747e+01,7.037259164547029489e-01
7.189941661458814970e+00,-1.379529654181828491e+01,7.008857550720710705e-01
7.193152890427755075e+00,-1.376409726776147835e+01,6.980613031153133363e-01
7.196364119396696069e+00,-1.373304147019661059e+01,6.952522536206193760e-01
7.199575348365637062e+00,-1.370212915512892593e+01,6.924583263948368428e-01
7.202786577334577167e+00,-1.367136071438958034e+01,6.896792951215016121e-01
7.205997806303519049e+00,-1.364073670010993311e+01,6.869150080628609878e-01
7.209209035272460042e+00,-1.361025751057590227e+01,6.841653946062183911e-01
7.212420264241401036e+00,-1.357992305892631713e+01,6.814304527449627225e-01
7.215631493210341141e+00,-1.354973251480589624e+01,6.787102175249561942e-01
7.218842722179283022e+00,-1.351968420199688481e+01,6.760047161703266472e-01
7.222053951148224016e+00,-1.348977570143008720e+01,6.733139202986341276e-01
7.225265180117165009e+00,-1.346000415641654335e+01,6.706377077697839306e-01
7.228476409086105114e+00,-1.343036671963420758e+01,6.679758453782566052e-01
7.231687638055046996e+00,-1.340086103613327850e+01,6.653279988825978597e-01
7.234898867023987989e+00,-1.337148563775741827e+01,6.626937698898442974e-01
7.238110095992928095e+00,-1.334224013934400865e+01,6.600727517468500949e-01
7.241321324961869088e+00,-1.331312517374544768e+01,6.574645909358685092e-01
7.244532553930810970e+00,-1.328414206958687949e+01,6.548690382417734490e-01
7.247743782899751963e+00,-1.325529234482271690e+01,6.522859759571880689e-01
7.250955011868692068e+00,-1.322657714123715778e+01,6.497154132425916329e-01
7.254166240837633062e+00,-1.319799674487367014e+01,6.471574499722518858e-01
7.257377469806574943e+00,-1.316955031844721802e+01,6.446122177688831112e-01
7.260588698775515937e+00,-1.314123591830005466e+01,6.420798131531033626e-01
7.263799927744456042e+00,-1.311305079438088939e+01,6.395602400525197684e-01
7.267011156713397035e+00,-1.308499189699977450e+01,6.370533766313035695e-01
7.270222385682338029e+00,-1.305705645911555379e+01,6.345589750843415588e-01
7.273433614651279022e+00,-1.302924250274216611e+01,6.320766943789701831e-01
7.276644843620220016e+00,-1.300154913828101044e+01,6.296061572642451809e-01
7.279856072589161009e+00,-1.297397658066921089e+01,6.271470165448057577e-01
7.283067301558102002e+00,-1.294652588112022151e+01,6.246990133253849109e-01
7.286278530527042996e+00,-1.291919844758826486e+01,6.222620122484743277e-01
7.289489759495983989e+00,-1.289199548098018155e+01,6.198360049848191666e-01
7.292700988464924983e+00,-1.286491747353356274e+01,6.174210816542964331e-01
7.295912217433865976e+00,-1.283796389629506507e+01,6.150173781602260581e-01
7.299123446402806970e+00,-1.281113315048828305e+01,6.126250134093491617e-01
7.302334675371747963e+00,-1.278442278759084161e+01,6.102440325485603001e-01
7.305545904340688956e+00,-1.275782993425757539e+01,6.078743702451434583e-01
7.308757133309629062e+00,-1.273135180885385687e+01,6.055158423955852021e-01
7.311968362278570943e+00,-1.270498619837646892e+01,6.031681671098315656e-01
7.315179591247511937e+00,-1.267873178105319631e+01,6.008310084497573422e-01
7.318390820216452930e+00,-1.265258822468182132e+01,5.985040311130234159e-01
7.321602049185393035e+00,-1.262655605040928464e+01,5.961869522894280848e-01
7.324813278154334917e+00,-1.260063630971586512e+01,5.938795785552466455e-01
7.328024507123275910e+00,-1.257483016401600295e+01,5.915818202162950179e-01
7.331235736092216904e+00,-1.254913847221143008e+01,5.892936815532733297e-01
7.334446965061157009e+00,-1.252356148003213043e+01,5.870152312822827234e-01
7.337658194030098002e+00,-1.249809867178145950e+01,5.847465617483144085e-01
7.340869422999039884e+00,-1.247274880099115180e+01,5.824877470408490465e-01
7.344080651967979989e+00,-1.244751007393761988e+01,5.802388092499713990e-01
7.347291880936920982e+00,-1.242238042941743359e+01,5.779996990721719685e-01
7.350503109905861976e+00,-1.239735784542012809e+01,5.757702929861965302e-01
7.353714338874803857e+00,-1.237244060851207550e+01,5.735504054056641543e-01
7.356925567843743963e+00,-1.234762750015411825e+01,5.713398114833185826e-01
7.360136796812684956e+00,-1.232291787842017783e+01,5.691382750267909296e-01
7.363348025781625950e+00,-1.229831165627549794e+01,5.669455762047760361e-01
7.366559254750567831e+00,-1.227380919361153033e+01,5.647615349005162821e-01
7.369770483719507936e+00,-1.224941112801534437e+01,5.625860270772186089e-01
7.372981712688448930e+00,-1.222511817042947513e+01,5.604189928288580980e-01
7.376192941657389923e+00,-1.220093088998004305e+01,5.582604356524076827e-01
7.379404170626330917e+00,-1.217684951078745925e+01,5.561104129730747303e-01
7.382615399595271910e+00,-1.215287374422117495e+01,5.539690183917933552e-01
7.385826628564212903e+00,-1.212900268191700981e+01,5.518363568488940940e-01
7.389037857533153897e+00,-1.210523477486190558e+01,5.497125150811816852e-01
7.392249086502094890e+00,-1.208156791817356179e+01,5.475975312513549076e-01
7.395460315471035884e+00,-1.205799964733026819e+01,5.454913689914954178e-01
7.398671544439976877e+00,-1.203452742995582803e+01,5.433939016906230712e-01
7.401882773408917870e+00,-1.201114901189215090e+01,5.413049120977286854e-01
7.405094002377857976e+00,-1.198786275418281377e+01,5.392241099566122964e-01
7.408305231346799857e+00,-1.196466788668683101e+01,5.371511666890177450e-01
7.411516460315740851e+00,-1.194156461051722218e+01,5.350857618735657129e-01
7.414727689284680956e+00,-1.191855400727001069e+01,5.330276325641781776e-01
7.417938918253621949e+00,-1.189563775428819703e+01,5.309766145321428432e-01
7.421150147222563831e+00,-1.187281769281138111e+01,5.289326651480404928e-01
7.424361376191504824e+00,-1.185009533732430498e+01,5.268958610429413936e-01
7.427572605160444930e+00,-1.182747143739532802e+01,5.248663693068805758e-01
7.430783834129385923e+00,-1.180494569934267268e+01,5.228443974916615611e-01
7.433995063098327805e+00,-1.178251674256644854e+01,5.208301333848749382e-01
7.437206292067268798e+00,-1.176018231069267017e+01,5.188236887805153241e-01
7.440417521036208903e+00,-1.173793969396304426e+01,5.168250612074681838e-01
7.443628750005149897e+00,-1.171578626327890937e+01,5.148341236154349021e-01
7.446839978974091778e+00,-1.169371998368251830e+01,5.128506452062101539e-01
7.450051207943031883e+00,-1.167173977597650847e+01,5.108743386304939182e-01
7.453262436911972877e+00,-1.164984563102585824e+01,5.089049217543687442e-01
7.456473665880913870e+00,-1.162803844380718665e+01,5.069421780812651823e-01
7.459684894849855752e+00,-1.160631960748760072e+01,5.049859999213199835e-01
7.462896123818795857e+00,-1.158469047219183423e+01,5.030364026630054219e-01
7.466107352787736851e+00,-1.156315181092026023e+01,5.010935059839668471e-01
7.469318581756677844e+00,-1.154170343540887700e+01,4.991574865854737642e-01
7.472529810725617949e+00,-1.152034406671726252e+01,4.972285146997032501e-01
7.475741039694559831e+00,-1.149907149864984923e+01,4.953066911037680708e-01
7.478952268663500824e+00,-1.147788301443815762e+01,4.933920014194873027e-01
7.482163497632441818e+00,-1.145677594936026544e+01,4.914843000240281534e-01
7.485374726601381923e+00,-1.143574825255954153e+01,4.895833281153861849e-01
7.488585955570323804e+00,-1.141479890102255368e+01,4.876887614579453745e-01
7.491797184539264798e+00,-1.139392805760717842e+01,4.858002755114540494e-01
7.495008413508205791e+00,-1.137313693257200597e+01,4.839176111288098769e-01
7.498219642477145896e+00,-1.135242738587303180e+01,4.820406239907910617e-01
7.501430871446087778e+00,-1.133180137452192682e+01,4.801693053894124374e-01
7.504642100415028771e+00,-1.131126038768252329e+01,4.783037696203584210e-01
7.507853329383968877e+00,-1.129080501211996079e+01,4.764442119892080552e-01
7.511064558352909870e+00,-1.127043473296539311e+01,4.745908489067074409e-01
7.514275787321851752e+00,-1.125014801057793079e+01,4.727438557753612103e-01
7.517487016290792745e+00,-1.122994260157585700e+01,4.709033183163571223e-01
7.520698245259732850e+00,-1.120981603067003718e+01,4.690692088116728553e-01
7.523909474228673844e+00,-1.118976608584321752e+01,4.672413917196225341e-01
7.527120703197615725e+00,-1.116979121070865766e+01,4.654196552721509561e-01
7.530331932166556719e+00,-1.114989070256078918e+01,4.636037591375257727e-01
7.533543161135496824e+00,-1.113006468161889373e+01,4.617934847342921589e-01
7.536754390104437817e+00,-1.111031385953080530e+01,4.599886750985433537e-01
7.539965619073378811e+00,-1.109063918590171838e+01,4.581892550273010678e-01
7.543176848042320692e+00,-1.107104147722762022e+01,4.563952282763166224e-01
7.546388077011260798e+00,-1.105152112769044592e+01,4.546066550555135644e-01
7.549599305980201791e+00,-1.103207796929423523e+01,4.528236181056550236e-01
7.552810534949142784e+00,-1.101271130073478588e+01,4.510461879371154281e-01
7.556021763918083778e+00,-1.099342005507475584e+01,4.492743969145637228e-01
7.559232992887024771e+00,-1.097420304002510250e+01,4.475082282788001020e-01
7.562444221855965765e+00,-1.095505917097442961e+01,4.457476211602990901e-01
7.565655450824906758e+00,-1.093598762816518999e+01,4.439924877531460368e-01
7.568866679793847752e+00,-1.091698790034743460e+01,4.422427355314462738e-01
7.572077908762788745e+00,-1.089805971703779974e+01,4.404982865804772940e-01
7.575289137731729738e+00,-1.087920290733514861e+01,4.387590878565603703e-01
7.578500366700669844e+00,-1.086041724422051757e+01,4.370251097723487632e-01
7.581711595669611725e+00,-1.084170233369926706e+01,4.352963346889441865e-01
7.584922824638552719e+00,-1.082305758901307158e+01,4.335727403196412144e-01
7.588134053607493712e+00,-1.080448229851892883e+01,4.318542846507459343e-01
7.591345282576433817e+00,-1.078597576240764511e+01,4.301408983195226798e-01
7.594556511545375699e+00,-1.076753744908911337e+01,4.284324877471420989e-01
7.597767740514316692e+00,-1.074916711446154594e+01,4.267289486112518238e-01
7.600978969483257686e+00,-1.073086483854979534e+01,4.250301856790225097e-01
7.604190198452197791e+00,-1.071263096026413919e+01,4.233361327521104056e-01
7.607401427421138784e+00,-1.069446592376120009e+01,4.216467662137742267e-01
7.610612656390080666e+00,-1.067637007865897836e+01,4.199621074863191250e-01
7.613823885359020771e+00,-1.065834349213929144e+01,4.182822130235732128e-01
7.617035114327961765e+00,-1.064038582889594586e+01,4.166071542398371852e-01
7.620246343296902758e+00,-1.062249633566817764e+01,4.149369928470811875e-01
7.623457572265844640e+00,-1.060467393670490033e+01,4.132717585017900985e-01
7.626668801234784745e+00,-1.058691741421887755e+01,4.116114350319010073e-01
7.629880030203725738e+00,-1.056922562342570160e+01,4.099559590335378756e-01
7.633091259172666732e+00,-1.055159768229318473e+01,4.083052310608764057e-01
7.636302488141608613e+00,-1.053403308419480489e+01,4.066591360539029143e-01
7.639513717110548718e+00,-1.051653170452076402e+01,4.050175671094565777e-01
7.642724946079489712e+00,-1.049909370289597277e+01,4.033804459161131617e-01
7.645936175048430705e+00,-1.048171935186616821e+01,4.017477343186626193e-01
7.649147404017371699e+00,-1.046440884233531143e+01,4.001194341552903322e-01
7.652358632986312692e+00,-1.044716212046361115e+01,3.984955758883578780e-01
7.655569861955253685e+00,-1.042997879955964002e+01,3.968761996272632819e-01
7.658781090924194679e+00,-1.041285816770223072e+01,3.952613340537171061e-01
7.661992319893135672e+00,-1.039579928455976443e+01,3.936509790256548236e-01
7.665203548862076666e+00,-1.037880113717809394e+01,3.920450962828513353e-01
7.668414777831017659e+00,-1.036186281086690286e+01,3.904436102019303023e-01
7.671626006799958652e+00,-1.034498363082937900e+01,3.888464177404832300e-01
7.674837235768898758e+00,-1.032816324185654011e+01,3.872534043957058802e-01
7.678048464737840639e+00,-1.031140161276376155e+01,3.856644617944474107e-01
7.681259693706781633e+00,-1.029469897292740299e+01,3.840795026574325699e-01
7.684470922675721738e+00,-1.027805570416417069e+01,3.824984701472863291e-01
7.687682151644662731e+00,-1.026147221826770384e+01,3.809213404990077767e-01
7.690893380613604613e+00,-1.024494884794282257e+01,3.793481196903304986e-01
7.694104609582545606e+00,-1.022848576897442463e+01,3.777788361740684886e-01
7.697315838551485712e+00,-1.021208295865261206e+01,3.762135320656901372e-01
7.700527067520426705e+00,-1.019574018458386355e+01,3.746522546980957102e-01
7.703738296489368587e+00,-1.017945701259814051e+01,3.730950494594490463e-01
7.706949525458309580e+00,-1.016323282361141267e+01,3.715419538083621909e-01
7.710160754427249685e+00,-1.014706683543677457e+01,3.699929917651181843e-01
7.713371983396190679e+00,-1.013095813311725735e+01,3.684481682522658952e-01
7.716583212365132560e+00,-1.011490571632408120e+01,3.669074633513246808e-01
7.719794441334072665e+00,-1.009890857174527667e+01,3.653708275289123675e-01
7.723005670303013659e+00,-1.008296577149282314e+01,3.638381796885577502e-01
7.726216899271954652e+00,-1.006707658735500210e+01,3.623094100783346150e-01
7.729428128240896534e+00,-1.005124059925959834e+01,3.607843893908525557e-01
7.732639357209836639e+00,-1.003545776932442379e+01,3.592629839088477550e-01
7.735850586178777633e+00,-1.001972845406366019e+01,3.577450746694013639e-01
7.739061815147718626e+00,-1.000405333793619889e+01,3.562305769387986709e-01
7.742273044116658731e+00,-9.988433289559425887e+00,3.547194554156800628e-01
7.745484273085600613e+00,-9.972869162881144334e+00,3.532117309241878389e-01
7.748695502054541606e+00,-9.957361583247054782e+00,3.517074759821273711e-01
7.751906731023482600e+00,-9.941910766886911333e+00,3.502067991925555401e-01
7.755117959992422705e+00,-9.926516418421574173e+00,3.487098212503542127e-01
7.758329188961364586e+00,-9.911177734625075786e+00,3.472166476810086833e-01
7.761540417930305580e+00,-9.895893517631007441e+00,3.457273445403535872e-01
7.764751646899246573e+00,-9.880662373561921896e+00,3.442419228209018800e-01
7.767962875868186678e+00,-9.865482950621577984e+00,3.427603352951264504e-01
7.771174104837128560e+00,-9.850354160209411347e+00,3.412824864812028514e-01
7.774385333806069553e+00,-9.835275328701552411e+00,3.398082531485130953e-01
7.777596562775010547e+00,-9.820246245249109052e+00,3.383375101706159738e-01
7.780807791743950652e+00,-9.805267097528842513e+00,3.368701552859038606e-01
7.784019020712892534e+00,-9.790338315639973032e+00,3.354061267645913058e-01
7.787230249681833527e+00,-9.775460366693893732e+00,3.339454099585440483e-01
7.790441478650773632e+00,-9.760633553288011299e+00,3.324880316603320285e-01
7.793652707619714626e+00,-9.745857865577200130e+00,3.310340443013251033e-01
7.796863936588656507e+00,-9.731132920603817738e+00,3.295835044460050378e-01
7.800075165557597501e+00,-9.716457998845152488e+00,3.281364511851998511e-01
7.803286394526537606e+00,-9.701832163328406367e+00,3.266928896739690891e-01
7.806497623495478599e+00,-9.687254427698871240e+00,3.252527834061188505e-01
7.809708852464420481e+00,-9.672723930807606507e+00,3.238160564131767893e-01
7.812920081433361474e+00,-9.658240078023951014e+00,3.223826041266018017e-01
7.816131310402301580e+00,-9.643802621581953005e+00,3.209523097959822713e-01
7.819342539371242573e+00,-9.629411669425158138e+00,3.195250625191410343e-01
7.822553768340183566e+00,-9.615067628945695333e+00,3.181007731816108963e-01
7.825764997309124560e+00,-9.600771104269169243e+00,3.166793856721237810e-01
7.828976226278065553e+00,-9.586522770966084295e+00,3.152608821840022224e-01
7.832187455247006547e+00,-9.572323250490873292e+00,3.138452827450340377e-01
7.835398684215947540e+00,-9.558173000611425607e+00,3.124326399899526319e-01
7.838609913184888534e+00,-9.544072230947367785e+00,3.110230304864851081e-01
7.841821142153829527e+00,-9.530020847446607490e+00,3.096165437791223995e-01
7.845032371122770520e+00,-9.516018427641096622e+00,3.082132700154451843e-01
7.848243600091710626e+00,-9.502064229297488396e+00,3.068132868768368993e-01
7.851454829060652507e+00,-9.488157236460853738e+00,3.054166467308630506e-01
7.854666058029593501e+00,-9.474296246155908818e+00,3.040233654217845416e-01
7.857877286998534494e+00,-9.460479994191427267e+00,3.026334146672548520e-01
7.861088515967474599e+00,-9.446707309491298332e+00,3.012467202598966276e-01
7.864299744936416481e+00,-9.432977275286292596e+00,2.998631678433311687e-01
7.867510973905357474e+00,-9.419289366239176786e+00,2.984826168013575143e-01
7.870722202874298468e+00,-9.405643527510164859e+00,2.971049209250145040e-01
7.873933431843238573e+00,-9.392040168062571581e+00,2.957299524658261181e-01
7.877144660812180454e+00,-9.378480056654737496e+00,2.943576245907631450e-01
7.880355889781121448e+00,-9.364964132084313775e+00,2.929879067557639161e-01
7.883567118750061553e+00,-9.351493263509784271e+00,2.916208284966074760e-01
7.886778347719002547e+00,-9.338068014791993221e+00,2.902564695686031260e-01
7.889989576687943540e+00,-9.324688472267263606e+00,2.888949377484404946e-01
7.893200805656885422e+00,-9.311354184690852520e+00,2.875363390666180741e-01
7.896412034625825527e+00,-9.298064238318536567e+00,2.861807477488328977e-01
7.899623263594766520e+00,-9.284817455033969935e+00,2.848281838539801769e-01
7.902834492563707514e+00,-9.271612666386200630e+00,2.834786050981044081e-01
7.906045721532649395e+00,-9.258448991665757077e+00,2.821319158640168134e-01
7.909256950501589500e+00,-9.245326041945814310e+00,2.807879917505525791e-01
7.912468179470530494e+00,-9.232243987800716312e+00,2.794467134718054968e-01
7.915679408439471487e+00,-9.219203463404467058e+00,2.781080008133936521e-01
7.918890637408413369e+00,-9.206205325200937040e+00,2.767718367116203115e-01
7.922101866377353474e+00,-9.193250326831366337e+00,2.754382737169348006e-01
7.925313095346294467e+00,-9.180338800667922072e+00,2.741074197022705383e-01
7.928524324315235461e+00,-9.167470440729900361e+00,2.727794055100871695e-01
7.931735553284176454e+00,-9.154644259000880524e+00,2.714543426882616295e-01
7.934946782253117448e+00,-9.141858741996479409e+00,2.701322829372420631e-01
7.938158011222058441e+00,-9.129112178447542192e+00,2.688131912462667916e-01
7.941369240190999435e+00,-9.116403077592693194e+00,2.674969416349103901e-01
7.944580469159940428e+00,-9.103730565829838639e+00,2.661833386047958161e-01
7.947791698128881421e+00,-9.091094647583279453e+00,2.648721603392997226e-01
7.951002927097822415e+00,-9.078496246451225105e+00,2.635632133001827304e-01
7.954214156066762520e+00,-9.065936998243115497e+00,2.622563839997159030e-01
7.957425385035703513e+00,-9.053418834129885795e+00,2.609516735919977792e-01
7.960636614004645395e+00,-9.040943451784311691e+00,2.596492047485150501e-01
7.963847842973586388e+00,-9.028511808233597336e+00,2.583491971825028766e-01
7.967059071942526494e+00,-9.016123769312647696e+00,2.570519163948810637e-01
7.970270300911467487e+00,-9.003778015437685411e+00,2.557576075362016366e-01
7.973481529880409369e+00,-8.991472240225002466e+00,2.544664306928124953e-01
7.976692758849350362e+00,-8.979203603483226104e+00,2.531784141292168222e-01
7.979903987818290467e+00,-8.966969333166264988e+00,2.518934378822316189e-01
7.983115216787231461e+00,-8.954767330072165521e+00,2.506112526167972865e-01
7.986326445756173342e+00,-8.942596625733164828e+00,2.493315297538159503e-01
7.989537674725113447e+00,-8.930457579427413251e+00,2.480539309100520673e-01
7.992748903694054441e+00,-8.918351765480348803e+00,2.467781797631420082e-01
7.995960132662995434e+00,-8.906281579913301272e+00,2.455041188792997375e-01
7.999171361631937316e+00,-8.894249665538152883e+00,2.442317379607670536e-01
8.002382590600877421e+00,-8.882258298465991686e+00,2.429611673267286498e-01
8.005593819569819303e+00,-8.870308885495134632e+00,2.416926392686893632e-01
8.008805048538759408e+00,-8.858401689864779271e+00,2.404264278852337733e-01
8.012016277507701290e+00,-8.846535841551958157e+00,2.391627830345041950e-01
8.015227506476641395e+00,-8.834709614426332180e+00,2.379018748994080890e-01
8.018438735445583276e+00,-8.822920885874022900e+00,2.366437622344838287e-01
8.021649964414523382e+00,-8.811167652245984527e+00,2.353883906915880675e-01
8.024861193383463487e+00,-8.799448465923015661e+00,2.341356195750573799e-01
8.028072422352405368e+00,-8.787762687568974940e+00,2.328852681313471062e-01
8.031283651321345474e+00,-8.776110501439834621e+00,2.316371679159625885e-01
8.034494880290287355e+00,-8.764492706851370940e+00,2.303912069917106176e-01
8.037706109259227460e+00,-8.752910357226108218e+00,2.291473547287201651e-01
8.040917338228169342e+00,-8.741364354345769527e+00,2.279056618065670170e-01
8.044128567197109447e+00,-8.729855111006221691e+00,2.266662369609202254e-01
8.047339796166051329e+00,-8.718382370358479960e+00,2.254292081564576999e-01
8.050551025134991434e+00,-8.706945223176473903e+00,2.241946796064485381e-01
8.053762254103933316e+00,-8.695542308974683721e+00,2.229626965346391265e-01
8.056973483072873421e+00,-8.684172138591296886e+00,2.217332268532900275e-01
8.060184712041815303e+00,-8.672833447027457510e+00,2.205061639356904468e-01
8.063395941010755408e+00,-8.661525482433180656e+00,2.192813488693257928e-01
8.066607169979697289e+00,-8.650248159194791953e+00,2.180586055801858603e-01
8.069818398948637395e+00,-8.639002042517875068e+00,2.168377792874278120e-01
8.073029627917579276e+00,-8.627788177022605254e+00,2.156187685016164590e-01
8.076240856886519381e+00,-8.616607810388570599e+00,2.144015430736800343e-01
8.079452085855461263e+00,-8.605462085499418379e+00,2.131861448251740065e-01
8.082663314824401368e+00,-8.594351776467396675e+00,2.119726718464843840e-01
8.085874543793343250e+00,-8.583277126823213976e+00,2.107612514145041360e-01
8.089085772762283355e+00,-8.572237818359086603e+00,2.095520087395770781e-01
8.092297001731223460e+00,-8.561233065559964217e+00,2.083450390100246297e-01
8.095508230700165342e+00,-8.550261802106637887e+00,2.071403886371386838e-01
8.098719459669107223e+00,-8.539322908960887304e+00,2.059380488401595377e-01
8.101930688638047329e+00,-8.528415430556199439e+00,2.047379615955078613e-01
8.105141917606987434e+00,-8.517538735147903495e+00,2.035400353113458183e-01
8.108353146575929316e+00,-8.506692593019764104e+00,2.023441659273104987e-01
8.111564375544871197e+00,-8.495877166392469704e+00,2.011502586705897766e-01
8.114775604513811302e+00,-8.485092922515979907e+00,1.999582462733676402e-01
8.117986833482751408e+00,-8.474340493399317609e+00,1.987681007010783374e-01
8.121198062451693289e+00,-8.463620511090141463e+00,1.975798369253429776e-01
8.124409291420633394e+00,-8.452933447392744881e+00,1.963935086577794364e-01
8.127620520389575276e+00,-8.442279483344115931e+00,1.952091970669618259e-01
8.130831749358515381e+00,-8.431658428415390816e+00,1.940269943198870140e-01
8.134042978327457263e+00,-8.421069703139908214e+00,1.928469843982570653e-01
8.137254207296397368e+00,-8.410512391559725742e+00,1.916692241008767783e-01
8.140465436265339250e+00,-8.399985360920362965e+00,1.904937274232490485e-01
8.143676665234279355e+00,-8.389487435197343856e+00,1.893204564580636684e-01
8.146887894203221236e+00,-8.379017597234867054e+00,1.881493213839710854e-01
8.150099123172161342e+00,-8.368575183896867387e+00,1.869801908588247796e-01
8.153310352141103223e+00,-8.358160033075437312e+00,1.858129122372635389e-01
8.156521581110043329e+00,-8.347772544014876672e+00,1.846473387705114544e-01
8.159732810078983434e+00,-8.337413625071734558e+00,1.834833588327400566e-01
8.162944039047925315e+00,-8.327084524961229306e+00,1.823209208860062380e-01
8.166155268016867197e+00,-8.316786570823339275e+00,1.811600479059001512e-01
8.169366496985807302e+00,-8.306520862578336661e+00,1.800008366237165203e-01
8.172577725954747407e+00,-8.296287990528846024e+00,1.788434400473594144e-01
8.175788954923689289e+00,-8.286087845693105081e+00,1.776880356854152743e-01
8.179000183892631171e+00,-8.275919576979637426e+00,1.765347857464453496e-01
8.182211412861571276e+00,-8.265781717878102342e+00,1.753837982400504591e-01
8.185422641830511381e+00,-8.255672464573006408e+00,1.742350984908952183e-01
8.188633870799453263e+00,-8.245590047490939156e+00,1.730886187059876014e-01
8.191845099768395144e+00,-8.235533110320398364e+00,1.719442091831224484e-01
8.195056328737335249e+00,-8.225501003222564833e+00,1.708016694358403254e-01
8.198267557706275355e+00,-8.215493913916501967e+00,1.696607922966739124e-01
8.201478786675217236e+00,-8.205512798626397597e+00,1.685214103839755007e-01
8.204690015644159118e+00,-8.195559125338407469e+00,1.673834332849200579e-01
8.207901244613099223e+00,-8.185634491235008525e+00,1.662468658501438101e-01
8.211112473582039328e+00,-8.175740210887234127e+00,1.651118027040779646e-01
8.214323702550981210e+00,-8.165876981560794334e+00,1.639784002669196772e-01
8.217534931519923092e+00,-8.156044713150565784e+00,1.628468336034559483e-01
8.220746160488863197e+00,-8.146242567040969718e+00,1.617172495836780022e-01
8.223957389457803302e+00,-8.136469191886437358e+00,1.605897289422645036e-01
8.227168618426745184e+00,-8.126723090297520713e+00,1.594642674666948146e-01
8.230379847395685289e+00,-8.117003013911913811e+00,1.583407813039354184e-01
8.233591076364627170e+00,-8.107308275991524482e+00,1.572191346653128430e-01
8.236802305333567276e+00,-8.097638893438102059e+00,1.560991818954038934e-01
8.240013534302509157e+00,-8.087995518083578972e+00,1.549808117511563554e-01
8.243224763271449262e+00,-8.078379177079545670e+00,1.538639810218462300e-01
8.246435992240391144e+00,-8.068790897278148577e+00,1.527487275681899404e-01
8.249647221209331249e+00,-8.059231322853634083e+00,1.516351586850086808e-01
8.252858450178273131e+00,-8.049700438917545497e+00,1.505234177724035505e-01
8.256069679147213236e+00,-8.040197485081133522e+00,1.494136386261744054e-01
8.259280908116155118e+00,-8.030721089611136065e+00,1.483059004072360965e-01
8.262492137085095223e+00,-8.021269591940146881e+00,1.472001964145676633e-01
8.265703366054035328e+00,-8.011841466688444768e+00,1.460964261022314192e-01
8.268914595022977210e+00,-8.002435731710356492e+00,1.449944133568032145e-01
8.272125823991919091e+00,-7.993052224962142738e+00,1.438939466893361663e-01
8.275337052960859197e+00,-7.983691669824903414e+00,1.427948307797746730e-01
8.278548281929799302e+00,-7.974355506233948176e+00,1.416969355098372796e-01
8.281759510898741183e+00,-7.965045529340598840e+00,1.406002291765575951e-01
8.284970739867683065e+00,-7.955763430330890174e+00,1.395047868392531032e-01
8.288181968836623170e+00,-7.946510360606574785e+00,1.384107715115282522e-01
8.291393197805563275e+00,-7.937286633499378574e+00,1.373183932570661570e-01
8.294604426774505157e+00,-7.928091639329247542e+00,1.362278571211465727e-01
8.297815655743447039e+00,-7.918923991082950309e+00,1.351393136066242895e-01
8.301026884712387144e+00,-7.909781856000620337e+00,1.340528243620603965e-01
8.304238113681327249e+00,-7.900663380329410401e+00,1.329683512656398003e-01
8.307449342650269131e+00,-7.891567093527635635e+00,1.318857705083466836e-01
8.310660571619211012e+00,-7.882492189346640643e+00,1.308049065166870806e-01
8.313871800588151117e+00,-7.873438620215649664e+00,1.297255755238348462e-01
8.317083029557091223e+00,-7.864406996061573452e+00,1.286476266584532235e-01
8.320294258526033104e+00,-7.855398332806585948e+00,1.275709699945476450e-01
8.323505487494974986e+00,-7.846413733743511365e+00,1.264955854779532818e-01
8.326716716463915091e+00,-7.837454098534139213e+00,1.254215125721060142e-01
8.329927945432855196e+00,-7.828519937661457817e+00,1.243488260286396418e-01
8.333139174401797078e+00,-7.819611331319562098e+00,1.232776067469400355e-01
8.336350403370737183e+00,-7.810728023843664047e+00,1.222079172689864851e-01
8.339561632339679065e+00,-7.801869603038738887e+00,1.211397890336970012e-01
8.342772861308619170e+00,-7.793035690902620161e+00,1.200732239889870517e-01
8.345984090277561052e+00,-7.784226074697669695e+00,1.190082080578817175e-01
8.349195319246501157e+00,-7.775440733373032209e+00,1.179447299441659935e-01
8.352406548215443038e+00,-7.766679754762877863e+00,1.168827971244649350e-01
8.355617777184383144e+00,-7.757943180098765268e+00,1.158224421030622092e-01
8.358829006153323249e+00,-7.749230840406707621e+00,1.147637156644620987e-01
8.362040235122265130e+00,-7.740542254846586090e+00,1.137066687167253703e-01
8.365251464091207012e+00,-7.731876641866335831e+00,1.126513287484852688e-01
8.368462693060147117e+00,-7.723233056115875073e+00,1.115976794183987653e-01
8.371673922029087223e+00,-7.714610619568818883e+00,1.105456514574539584e-01
8.374885150998029104e+00,-7.706008778840061524e+00,1.094951298948702717e-01
8.378096379966970986e+00,-7.697427504688276301e+00,1.084459775393991215e-01
8.381307608935911091e+00,-7.688867360389737726e+00,1.073980692279911386e-01
8.384518837904851196e+00,-7.680329400978136434e+00,1.063513273270273313e-01
8.387730066873793078e+00,-7.671814915293440507e+00,1.053057476954957494e-01
8.390941295842734959e+00,-7.663325072404619576e+00,1.042614073401957747e-01
8.394152524811675065e+00,-7.654860567819850914e+00,1.032184498502421721e-01
8.397363753780615170e+00,-7.646421371799856814e+00,1.021770510384495956e-01
8.400574982749557051e+00,-7.638006658701693041e+00,1.011373731830926270e-01
8.403786211718498933e+00,-7.629614948325567525e+00,1.000995200451282735e-01
8.406997440687439038e+00,-7.621244431028062039e+00,9.906350522029927497e-02
8.410208669656379143e+00,-7.612893394985640327e+00,9.802924313702068848e-02
8.413419898625321025e+00,-7.604560642284131866e+00,9.699656596599852409e-02
8.416631127594262907e+00,-7.596245780319183183e+00,9.596526254902762454e-02
8.419842356563203012e+00,-7.587949307135398058e+00,9.493512923052702113e-02
8.423053585532143117e+00,-7.579672465184610353e+00,9.390601900088996201e-02
8.426264814501084999e+00,-7.571416901874204797e+00,9.287787567968211477e-02
8.429476043470025104e+00,-7.563184228987482882e+00,9.185074393588948949e-02
8.432687272438966986e+00,-7.554975601123486761e+00,9.082475263202631488e-02
8.435898501407907091e+00,-7.546791427547161035e+00,8.980007639287514165e-02
8.439109730376848972e+00,-7.538631293798934152e+00,8.877688632246301392e-02
8.442320959345789078e+00,-7.530494109934780411e+00,8.775530370329172325e-02
8.445532188314730959e+00,-7.522378438390822986e+00,8.673536948347701503e-02
8.448743417283671064e+00,-7.514282904480332093e+00,8.571703769882860202e-02
8.451954646252612946e+00,-7.506206570683199075e+00,8.470019404206961811e-02
8.455165875221553051e+00,-7.498149168260184183e+00,8.368469358493357824e-02
8.458377104190494933e+00,-7.490111122497210339e+00,8.267040625390185971e-02
8.461588333159435038e+00,-7.482093368495347008e+00,8.165725659713155005e-02
8.464799562128375143e+00,-7.474097015240693587e+00,8.064524622310077773e-02
8.468010791097317025e+00,-7.466122959173459250e+00,7.963445247288206130e-02
8.471222020066258906e+00,-7.458171562240609731e+00,7.862500388038876076e-02
8.474433249035199012e+00,-7.450242489775234844e+00,7.761703974295988684e-02
8.477644478004139117e+00,-7.442334756489036529e+00,7.661066571777538914e-02
8.480855706973080999e+00,-7.434446968223102026e+00,7.560591847533255916e-02
8.484066935942022880e+00,-7.426577690467711435e+00,7.460274979329399592e-02
8.487278164910962985e+00,-7.418725838258063199e+00,7.360103486232083547e-02
8.490489393879903091e+00,-7.410890976090907856e+00,7.260060264089744642e-02
8.493700622848844972e+00,-7.403073442323621300e+00,7.160127983613343017e-02
8.496911851817785077e+00,-7.395274262340933547e+00,7.060293627651097192e-02
8.500123080786726959e+00,-7.387494874103646580e+00,6.960551912640425276e-02
8.503334309755667064e+00,-7.379736741586473414e+00,6.860906660209657726e-02
8.506545538724608946e+00,-7.372000961581294476e+00,6.761369761355043306e-02
8.509756767693549051e+00,-7.364287969441568826e+00,6.661958040163673544e-02
8.512967996662490933e+00,-7.356597420269689991e+00,6.562688888545474553e-02
8.516179225631431038e+00,-7.348928272712587528e+00,6.463575853161798723e-02
8.519390454600372919e+00,-7.341279047277255998e+00,6.364625332363826882e-02
8.522601683569313025e+00,-7.333648185440997835e+00,6.265835202404805571e-02
8.525812912538254906e+00,-7.326034412082861103e+00,6.167195644241234981e-02
8.529024141507195012e+00,-7.318437007545445461e+00,6.068691845218533026e-02
8.532235370476136893e+00,-7.310855924632847724e+00,5.970307771090371807e-02
8.535446599445076998e+00,-7.303291730770748558e+00,5.872029969446881242e-02
8.538657828414018880e+00,-7.295745403104465510e+00,5.773850427056987505e-02
8.541869057382958985e+00,-7.288218041169926664e+00,5.675767826202997995e-02
8.545080286351900867e+00,-7.280710578401203392e+00,5.577787022524897942e-02
8.548291515320840972e+00,-7.273223566903580739e+00,5.479917055641455453e-02
8.551502744289782854e+00,-7.265757083258358229e+00,5.382168366471642290e-02
8.554713973258722959e+00,-7.258310765672700171e+00,5.284550039723003717e-02
8.557925202227664840e+00,-7.250883956020309995e+00,5.187067793603340748e-02
8.561136431196604946e+00,-7.243475894646519642e+00,5.089723149818856096e-02
8.564347660165545051e+00,-7.236085907598908129e+00,4.992513835857777943e-02
8.567558889134486932e+00,-7.228713535919858657e+00,4.895435117684145826e-02
8.570770118103427038e+00,-7.221358580089654033e+00,4.798481535425729028e-02
8.573981347072368919e+00,-7.214021061303984794e+00,4.701648471471817775e-02
8.577192576041309025e+00,-7.206701125858745449e+00,4.604933113674375411e-02
8.580403805010250906e+00,-7.199398932394781347e+00,4.508334626644835280e-02
8.583615033979191011e+00,-7.192114561116390803e+00,4.411853621040234819e-02
8.586826262948132893e+00,-7.184847971055581262e+00,4.315491223589230235e-02
8.590037491917074775e+00,-7.177599011545009233e+00,4.219248137392159204e-02
8.593248720886014880e+00,-7.170367474579385281e+00,4.123124027208104753e-02
8.596459949854954985e+00,-7.163153162229354720e+00,4.027117400775978573e-02
8.599671178823896867e+00,-7.155955941392550201e+00,3.931225951699070242e-02
8.602882407792836972e+00,-7.148775766663922226e+00,3.835447158606655055e-02
8.606093636761777077e+00,-7.141612667092573474e+00,3.739778858687914376e-02
8.609304865730718959e+00,-7.134466708066888430e+00,3.644219553886095253e-02
8.612516094699660840e+00,-7.127337949602722489e+00,3.548768344251333057e-02
8.615727323668602722e+00,-7.120226423140767480e+00,3.453424559538792460e-02
8.618938552637542827e+00,-7.113132140305396867e+00,3.358187307038381503e-02
8.622149781606482932e+00,-7.106055132219553983e+00,3.263055211658637267e-02
8.625361010575424814e+00,-7.098995502594029006e+00,3.168026566541254363e-02
8.628572239544364919e+00,-7.091953467998494354e+00,3.073099954640567608e-02
8.631783468513305024e+00,-7.084929358782030562e+00,2.978275197614121267e-02
8.634994697482246906e+00,-7.077923564964258674e+00,2.883554312283014356e-02
8.638205926451187011e+00,-7.070936430118509364e+00,2.788942076105072054e-02
8.641417155420128893e+00,-7.063968116833687638e+00,2.694445861359535260e-02
8.644628384389070774e+00,-7.057018482643641732e+00,2.600074587908408549e-02
8.647839613358010880e+00,-7.050087009446341035e+00,2.505836915445459542e-02
8.651050842326952761e+00,-7.043172819771676529e+00,2.411739065432658147e-02
8.654262071295892866e+00,-7.036274791525602978e+00,2.317782841669869046e-02
8.657473300264832972e+00,-7.029391754824060534e+00,2.223964440252503352e-02
8.660684529233774853e+00,-7.022522728459477115e+00,2.130274483319010217e-02
8.663895758202714958e+00,-7.015667137603950110e+00,2.036699409650872053e-02
8.667106987171656840e+00,-7.008824954134860619e+00,1.943223989032679885e-02
8.670318216140598722e+00,-7.001996717594034081e+00,1.849834400921066685e-02
8.673529445109538827e+00,-6.995183424373970560e+00,1.756521129555075125e-02
8.676740674078478932e+00,-6.988386307341213133e+00,1.663280938852038440e-02
8.679951903047420814e+00,-6.981606558029255893e+00,1.570117406570606389e-02
8.683163132016360919e+00,-6.974845060074309266e+00,1.477039863911860061e-02
8.686374360985302800e+00,-6.968102200672564805e+00,1.384061004351006506e-02
8.689585589954242906e+00,-6.961377806660648204e+00,1.291193777469538083e-02
8.692796818923184787e+00,-6.954671218764336693e+00,1.198448370180791797e-02
8.696008047892126669e+00,-6.947981480778225638e+00,1.105830045367706647e-02
8.699219276861066774e+00,-6.941307590215051171e+00,1.013338365088021532e-02
8.702430505830006879e+00,-6.934648741739964706e+00,9.209679406113724376e-03
8.705641734798948761e+00,-6.928004498644101616e+00,8.287104334462126395e-03
8.708852963767888866e+00,-6.921374849399757778e+00,7.365571978757321295e-03
8.712064192736828971e+00,-6.914760139594763544e+00,6.445017989415766264e-03
8.715275421705770853e+00,-6.908160904698334548e+00,5.525417013857511842e-03
8.718486650674710958e+00,-6.901577656197089183e+00,4.606786831012753269e-03
8.721697879643654616e+00,-6.895010685167032527e+00,3.689179038730213810e-03
8.724909108612594721e+00,-6.888459940409560112e+00,2.772659468903031655e-03
8.728120337581534827e+00,-6.881925015300121018e+00,1.857284367086502099e-03
8.731331566550476708e+00,-6.875405245417203659e+00,9.430794438318321682e-04
8.734542795519416813e+00,-6.868899887184428010e+00,3.002792872634526790e-05
8.737754024488356919e+00,-6.862408325181027280e+00,-8.819289301832325531e-04
8.740965253457298800e+00,-6.855930248560645701e+00,-1.792879068331344966e-03
8.744176482426238906e+00,-6.849465746705609703e+00,-2.702918105737439538e-03
8.747387711395180787e+00,-6.843015297539549735e+00,-3.612125095056630854e-03
8.750598940364122669e+00,-6.836579651820247960e+00,-4.520542099221518811e-03
8.753810169333062774e+00,-6.830159644681538467e+00,-5.428162995794644924e-03
8.757021398302004656e+00,-6.823755984087708448e+00,-6.334934308911513955e-03
8.760232627270944761e+00,-6.817369070175748114e+00,-7.240767643968344311e-03
8.763443856239884866e+00,-6.810998889336531192e+00,-8.145560355079742992e-03
8.766655085208826748e+00,-6.804645005991981854e+00,-9.049219183021841445e-03
8.769866314177766853e+00,-6.798306649720445627e+00,-9.951681187323742003e-03
8.773077543146706958e+00,-6.791982872718199893e+00,-1.085292734464642778e-02
8.776288772115650616e+00,-6.785672738230990042e+00,-1.175298628155376293e-02
8.779500001084590721e+00,-6.779375497358098634e+00,-1.265192809481802821e-02
8.782711230053530826e+00,-6.773090718955190326e+00,-1.354985039822114400e-02
8.785922459022472708e+00,-6.766818351850370838e+00,-1.444686010613208810e-02
8.789133687991412813e+00,-6.760558715368145677e+00,-1.534305480784485011e-02
8.792344916960354695e+00,-6.754312428536821677e+00,-1.623850701378341116e-02
8.795556145929294800e+00,-6.748080297229886781e+00,-1.713325341759047021e-02
8.798767374898234905e+00,-6.741863181067355271e+00,-1.802729005909549029e-02
8.801978603867178563e+00,-6.735661859549733066e+00,-1.892057326189287153e-02
8.805189832836118669e+00,-6.729476912264895638e+00,-1.981302563562645919e-02
8.808401061805058774e+00,-6.723308623772968673e+00,-2.070454623417341058e-02
8.811612290774000655e+00,-6.717156921505941014e+00,-2.159502393776104381e-02
8.814823519742940761e+00,-6.711021354593023069e+00,-2.248435302533654048e-02
8.818034748711880866e+00,-6.704901121292011545e+00,-2.337244955834153620e-02
8.821245977680822747e+00,-6.698795150354067474e+00,-2.425926662806748152e-02
8.824457206649762853e+00,-6.692702235388273024e+00,-2.514480594574616465e-02
8.827668435618706511e+00,-6.686621210949146743e+00,-2.602912302335347663e-02
8.830879664587646616e+00,-6.680551146582146771e+00,-2.691232363599879718e-02
8.834090893556586721e+00,-6.674491524158502997e+00,-2.779455053648920843e-02
8.837302122525528603e+00,-6.668442358908319711e+00,-2.867596139003921601e-02
8.840513351494468708e+00,-6.662404229127700361e+00,-2.955670119084212455e-02
8.843724580463408813e+00,-6.656378194699535733e+00,-3.043687437843499433e-02
8.846935809432350695e+00,-6.650365608182605470e+00,-3.131652282560511841e-02
8.850147038401290800e+00,-6.644367849019443995e+00,-3.219561534460672197e-02
8.853358267370230905e+00,-6.638386034221738008e+00,-3.307405225363740930e-02
8.856569496339174563e+00,-6.632420770648922215e+00,-3.395168522269907674e-02
8.859780725308114668e+00,-6.626472009963304544e+00,-3.482834884992539598e-02
8.862991954277056550e+00,-6.620539046836825037e+00,-3.570389720289057767e-02
8.866203183245996655e+00,-6.614620668010910975e+00,-3.657823683785246804e-02
8.869414412214936760e+00,-6.608715422337176015e+00,-3.745134818771905100e-02
8.872625641183878642e+00,-6.602821949868800999e+00,-3.832328974429102808e-02
8.875836870152818747e+00,-6.596939290548221813e+00,-3.919418360331873574e-02
8.879048099121758852e+00,-6.591067095664539188e+00,-4.006418565424743616e-02
8.882259328090702510e+00,-6.585205688310127314e+00,-4.093344772298877776e-02
8.885470557059642616e+00,-6.579355957115232911e+00,-4.180208118819123825e-02
8.888681786028582721e+00,-6.573519110713682778e+00,-4.267013132124416325e-02
8.891893014997524602e+00,-6.567696357023626419e+00,-4.353756884996916321e-02
8.895104243966464708e+00,-6.561888591312904140e+00,-4.440430071212062707e-02
8.898315472935406589e+00,-6.556096174382863850e+00,-4.527019686239357882e-02
8.901526701904346695e+00,-6.550318857465544653e+00,-4.613512572637484821e-02
8.904737930873286800e+00,-6.544555870231105743e+00,-4.699898864785231889e-02
8.907949159842228681e+00,-6.538806143734783305e+00,-4.786174408916928774e-02
8.911160388811170563e+00,-6.533068603634358595e+00,-4.872341530972442575e-02
8.914371617780110668e+00,-6.527342450819264563e+00,-4.958407993290574883e-02
8.917582846749052550e+00,-6.521627351793760852e+00,-5.044384489220388179e-02
8.920794075717992655e+00,-6.515923488172800759e+00,-5.130281428259294424e-02
8.924005304686932760e+00,-6.510231455663626932e+00,-5.216105949223825283e-02
8.927216533655874642e+00,-6.504552046099940199e+00,-5.301860013987454850e-02
8.930427762624814747e+00,-6.498885979056133522e+00,-5.387540106122635369e-02
8.933638991593754852e+00,-6.493233662896253477e+00,-5.473138584119092986e-02
8.936850220562698510e+00,-6.487595055142706180e+00,-5.558646256389174201e-02
8.940061449531638615e+00,-6.481969661913441705e+00,-5.644055395042056611e-02
8.943272678500580497e+00,-6.476356674854457651e+00,-5.729362287899756462e-02
8.946483907469520602e+00,-6.470755203658890231e+00,-5.814568575148196944e-02
8.949695136438460707e+00,-6.465164534690362785e+00,-5.899680982399983786e-02
8.952906365407402589e+00,-6.459584339330471714e+00,-5.984709536256661855e-02
8.956117594376342694e+00,-6.454014771206955103e+00,-6.069664791324381331e-02
8.959328823345282800e+00,-6.448456424566316514e+00,-6.154554879617503416e-02
8.962540052314226457e+00,-6.442910166753302192e+00,-6.239383233973649912e-02
8.965751281283166563e+00,-6.437376893966427538e+00,-6.324147628476090022e-02
8.968962510252108444e+00,-6.431857280602514493e+00,-6.408840786782589449e-02
8.972173739221048550e+00,-6.426351592650370925e+00,-6.493452352886826262e-02
8.975384968189988655e+00,-6.420859615163196032e+00,-6.577971634406785950e-02
8.978596197158930536e+00,-6.415380709380173130e+00,-6.662390328174766507e-02
8.981807426127870642e+00,-6.409913977205119906e+00,-6.746704476434559061e-02
8.985018655096810747e+00,-6.404458480904694717e+00,-6.830915161006489988e-02
8.988229884065752628e+00,-6.399013452807786884e+00,-6.915027837651809006e-02
8.991441113034694510e+00,-6.393578436910579477e+00,-6.999050619374835858e-02
8.994652342003634615e+00,-6.388153328786180474e+00,-7.082992110527148999e-02
8.997863570972576497e+00,-6.382738313914703809e+00,-7.166859486042422012e-02
9.001074799941516602e+00,-6.377333736626588312e+00,-7.250657378965559563e-02
9.004286028910458484e+00,-6.371939952126805196e+00,-7.334387832426934872e-02
9.007497257879398589e+00,-6.366557216264467023e+00,-7.418051192321904741e-02
9.010708486848338694e+00,-6.361185651400687924e+00,-7.501647489530297030e-02
9.013919715817280576e+00,-6.355825297450535594e+00,-7.585177693459267678e-02
9.017130944786222457e+00,-6.350476224694228122e+00,-7.668644268090799021e-02
9.020342173755162563e+00,-6.345138660158279542e+00,-7.752050713506945800e-02
9.023553402724104444e+00,-6.339813070800634165e+00,-7.835400149615555365e-02
9.026764631693044549e+00,-6.334500157812291476e+00,-7.918693372467229541e-02
9.029975860661984655e+00,-6.329200744177708948e+00,-8.001927061729952051e-02
9.033187089630926536e+00,-6.323915573781276223e+00,-8.085092851821484849e-02
9.036398318599866641e+00,-6.318645073378645449e+00,-8.168177775961789344e-02
9.039609547568806747e+00,-6.313389147772526577e+00,-8.251166204093719758e-02
9.042820776537750405e+00,-6.308147076630371330e+00,-8.334042935226239346e-02
9.046032005506690510e+00,-6.302917557917590230e+00,-8.416796712778917833e-02
9.049243234475632391e+00,-6.297698903928465874e+00,-8.499423233158820423e-02
9.052454463444572497e+00,-6.292489352438430217e+00,-8.581926783878479625e-02
9.055665692413512602e+00,-6.287287420423581352e+00,-8.664319971011238963e-02
9.058876921382454483e+00,-6.282092211873303356e+00,-8.746621491722864072e-02
9.062088150351394589e+00,-6.276903599844853687e+00,-8.828852436714799967e-02
9.065299379320334694e+00,-6.271722234314203170e+00,-8.911032016629387431e-02
9.068510608289276576e+00,-6.266549373029919323e+00,-8.993173774595818182e-02
9.071721837258218457e+00,-6.261386579585092704e+00,-9.075283221568655745e-02
9.074933066227160339e+00,-6.256235367810311310e+00,-9.157357444742930674e-02
9.078144295196100444e+00,-6.251096884290766376e+00,-9.239386701687613002e-02
9.081355524165040549e+00,-6.245971707693626307e+00,-9.321357478507744099e-02
9.084566753133982431e+00,-6.240859808590121460e+00,-9.403256113358493540e-02
9.087777982102922536e+00,-6.235760666941096098e+00,-9.485071974683988161e-02
9.090989211071862641e+00,-6.230673500126969522e+00,-9.566799365728255455e-02
9.094200440040804523e+00,-6.225597525356768358e+00,-9.648437744761276247e-02
9.097411669009746404e+00,-6.220532174872271725e+00,-9.729990375599358032e-02
9.100622897978686510e+00,-6.215477201793950357e+00,-9.811461995387750490e-02
9.103834126947628391e+00,-6.210432652422397837e+00,-9.892856363162524924e-02
9.107045355916568496e+00,-6.205398725358074685e+00,-9.974174550694651920e-02
9.110256584885510378e+00,-6.200375574980223625e+00,-1.005541455969102549e-01
9.113467813854450483e+00,-6.195363134937906580e+00,-1.013657238503660046e-01
9.116679042823390589e+00,-6.190361030543894749e+00,-1.021764413961086665e-01
9.119890271792332470e+00,-6.185368619247714861e+00,-1.029862847333892911e-01
9.123101500761272575e+00,-6.180385154863764718e+00,-1.037952838276305217e-01
9.126312729730214457e+00,-6.175410027625519938e+00,-1.046035166750219347e-01
9.129523958699156339e+00,-6.170443002465643367e+00,-1.054110970424443350e-01
9.132735187668096444e+00,-6.165484372234505628e+00,-1.062181475393139812e-01
9.135946416637036549e+00,-6.160534963711027601e+00,-1.070247652504567742e-01
9.139157645605978431e+00,-6.155595976784993262e+00,-1.078309902270207371e-01
9.142368874574918536e+00,-6.150668688792984895e+00,-1.086367871294838944e-01
9.145580103543858641e+00,-6.145754101051173812e+00,-1.094420470830578945e-01
9.148791332512800523e+00,-6.140852628880125508e+00,-1.102466111672341931e-01
9.152002561481742404e+00,-6.135963931317434117e+00,-1.110503105129310719e-01
9.155213790450684286e+00,-6.131086942239402759e+00,-1.118530126327274832e-01
9.158425019419624391e+00,-6.126220109559541882e+00,-1.126546610242685903e-01
9.161636248388564496e+00,-6.121361788851796604e+00,-1.134552961742145566e-01
9.164847477357506378e+00,-6.116510689670996648e+00,-1.142550507113557351e-01
9.168058706326446483e+00,-6.111666251640361480e+00,-1.150541184302163455e-01
9.171269935295386588e+00,-6.106828840403981218e+00,-1.158527043158994463e-01
9.174481164264328470e+00,-6.101999698517436954e+00,-1.166509684344693432e-01
9.177692393233270352e+00,-6.097180651709532384e+00,-1.174489789061925055e-01
9.180903622202212233e+00,-6.092373638919864831e+00,-1.182466873577504574e-01
9.184114851171152338e+00,-6.087580186039117436e+00,-1.190439346228592127e-01
9.187326080140092444e+00,-6.082800963410027961e+00,-1.198404864833078620e-01
9.190537309109034325e+00,-6.078035549383587366e+00,-1.206360910665479902e-01
9.193748538077974430e+00,-6.073282470511756514e+00,-1.214305433981126142e-01
9.196959767046914536e+00,-6.068539516755068419e+00,-1.222237402766308961e-01
9.200170996015856417e+00,-6.063804256750802146e+00,-1.230157108071833760e-01
9.203382224984796522e+00,-6.059074623676935722e+00,-1.238066140776056950e-01
9.206593453953738404e+00,-6.054349421574895196e+00,-1.245967039769762946e-01
9.209804682922680286e+00,-6.049628621065061829e+00,-1.253862697603477516e-01
9.213015911891620391e+00,-6.044913367320941866e+00,-1.261755673460402127e-01
9.216227140860560496e+00,-6.040205697604475787e+00,-1.269647587758762630e-01
9.219438369829502378e+00,-6.035508040714824496e+00,-1.277538751256084293e-01
9.222649598798442483e+00,-6.030822626383271157e+00,-1.285428120137071528e-01
9.225860827767384365e+00,-6.026150954335109944e+00,-1.293313583840974834e-01
9.229072056736324470e+00,-6.021493455090421776e+00,-1.301192507037138291e-01
9.232283285705266351e+00,-6.016849422861046293e+00,-1.309062383755813797e-01
9.235494514674208233e+00,-6.012217229407173846e+00,-1.316921436539585100e-01
9.238705743643148338e+00,-6.007594755728754343e+00,-1.324769012368202104e-01
9.241916972612088443e+00,-6.002979924949592316e+00,-1.332605683921307127e-01
9.245128201581030325e+00,-5.998371198257519410e+00,-1.340433043423937265e-01
9.248339430549970430e+00,-5.993767910915430264e+00,-1.348253255452205313e-01
9.251550659518910535e+00,-5.989170371866018527e+00,-1.356068493803986585e-01
9.254761888487852417e+00,-5.984579714847947152e+00,-1.363880411168633122e-01
9.257973117456792522e+00,-5.979997553481561923e+00,-1.371689774087666569e-01
9.261184346425736180e+00,-5.975425540403679570e+00,-1.379496345658923206e-01
9.264395575394676285e+00,-5.970864949428942303e+00,-1.387299029457489674e-01
9.267606804363616391e+00,-5.966316386324463039e+00,-1.395096219480233546e-01
9.270818033332558272e+00,-5.961779693373205014e+00,-1.402886250805258916e-01
9.274029262301498377e+00,-5.957254057738373909e+00,-1.410667826419900184e-01
9.277240491270438483e+00,-5.952738279310857195e+00,-1.418440310671037763e-01
9.280451720239380364e+00,-5.948231114732291047e+00,-1.426203822967159474e-01
9.283662949208320470e+00,-5.943731600169429363e+00,-1.433959123379775769e-01
9.286874178177264127e+00,-5.939239268405716032e+00,-1.441707338076189671e-01
9.290085407146204233e+00,-5.934754210648497619e+00,-1.449449611960188511e-01
9.293296636115144338e+00,-5.930276979235635793e+00,-1.457186788913535924e-01
9.296507865084086220e+00,-5.925808370970627514e+00,-1.464919204855403556e-01
9.299719094053026325e+00,-5.921349160393233113e+00,-1.472646641535224898e-01
9.302930323021966430e+00,-5.916899860783486176e+00,-1.480368441284888037e-01
9.306141551990908312e+00,-5.912460577257298233e+00,-1.488083738678103451e-01
9.309352780959848417e+00,-5.908030986192834177e+00,-1.495791736088561141e-01
9.312564009928790298e+00,-5.903610437909759590e+00,-1.503491943355017568e-01
9.315775238897732180e+00,-5.899198145790471415e+00,-1.511184317394294041e-01
9.318986467866672285e+00,-5.894793403895147499e+00,-1.518869269694378965e-01
9.322197696835612390e+00,-5.890395771437279215e+00,-1.526547548112811847e-01
9.325408925804554272e+00,-5.886005175929145850e+00,-1.534220033246477821e-01
9.328620154773494377e+00,-5.881621912352692050e+00,-1.541887509920747967e-01
9.331831383742436259e+00,-5.877246545406451972e+00,-1.549550476614784122e-01
9.335042612711376364e+00,-5.872879747288623165e+00,-1.557209040769336750e-01
9.338253841680316469e+00,-5.868522118070233162e+00,-1.564862921419860886e-01
9.341465070649260127e+00,-5.864174036511268007e+00,-1.572511550662793745e-01
9.344676299618200233e+00,-5.859835577251600647e+00,-1.580154240464822502e-01
9.347887528587140338e+00,-5.855506510101827544e+00,-1.587790367460370222e-01
9.351098757556082219e+00,-5.851186374891800490e+00,-1.595419528175526513e-01
9.354309986525022325e+00,-5.846874607101932853e+00,-1.603041629114664024e-01
9.357521215493962430e+00,-5.842570679590380678e+00,-1.610656895773555086e-01
9.360732444462904311e+00,-5.838274225649500160e+00,-1.618265805851495653e-01
9.363943673431844417e+00,-5.833985117044813151e+00,-1.625868969073676340e-01
9.367154902400788075e+00,-5.829703484204310726e+00,-1.633466985375378322e-01
9.370366131369728180e+00,-5.825429680117746756e+00,-1.641060313692077055e-01
9.373577360338668285e+00,-5.821164201072786426e+00,-1.648649176741486533e-01
9.376788589307610167e+00,-5.816907583876782084e+00,-1.656233516139361817e-01
9.379999818276550272e+00,-5.812660300318869488e+00,-1.663813000551586652e-01
9.383211047245490377e+00,-5.808422666509224896e+00,-1.671387080199422670e-01
9.386422276214432259e+00,-5.804194779416814498e+00,-1.678955075298801947e-01
9.389633505183372364e+00,-5.799976487387331403e+00,-1.686516283782631964e-01
9.392844734152312469e+00,-5.795767396892465229e+00,-1.694070093725159321e-01
9.396055963121256127e+00,-5.791566914451040660e+00,-1.701616086803079964e-01
9.399267192090196232e+00,-5.787374319964325942e+00,-1.709154119947698391e-01
9.402478421059138114e+00,-5.783188864736066748e+00,-1.716684373074590653e-01
9.405689650028078219e+00,-5.779009883685882976e+00,-1.724207352316792508e-01
9.408900878997018324e+00,-5.774836907022525168e+00,-1.731723841793905705e-01
9.412112107965960206e+00,-5.770669753130412083e+00,-1.739234803491982173e-01
9.415323336934900311e+00,-5.766508583382520925e+00,-1.746741234110334162e-01
9.418534565903840416e+00,-5.762353902614441914e+00,-1.754243998190945786e-01
9.421745794872784074e+00,-5.758206496762737991e+00,-1.761743665800747927e-01
9.424957023841724180e+00,-5.754067310932832413e+00,-1.769240387427872818e-01
9.428168252810664285e+00,-5.749937284651976732e+00,-1.776733836173784165e-01
9.431379481779606166e+00,-5.745817172965428377e+00,-1.784223236981452021e-01
9.434590710748546272e+00,-5.741707388871425621e+00,-1.791707485908635156e-01
9.437801939717488153e+00,-5.737607901794786969e+00,-1.799185342774491381e-01
9.441013168686428259e+00,-5.733518217605347189e+00,-1.806655662613185775e-01
9.444224397655368364e+00,-5.729437449568482776e+00,-1.814117620035776146e-01
9.447435626624312022e+00,-5.725364470056145905e+00,-1.821570879268381571e-01
9.450646855593252127e+00,-5.721298114518291733e+00,-1.829015672321226138e-01
9.453858084562192232e+00,-5.717237396731617238e+00,-1.836452766619680876e-01
9.457069313531134114e+00,-5.713181690994497686e+00,-1.843883327187259002e-01
9.460280542500074219e+00,-5.709130843744399719e+00,-1.851308701418559466e-01
9.463491771469014324e+00,-5.705085192468034805e+00,-1.858730171050726743e-01
9.466703000437956206e+00,-5.701045490000590021e+00,-1.866148722187044307e-01
9.469914229406896311e+00,-5.697012752441287020e+00,-1.873564878858609006e-01
9.473125458375838193e+00,-5.692988064171156992e+00,-1.880978630297092946e-01
9.476336687344780074e+00,-5.688972380484294433e+00,-1.888389460923529939e-01
9.479547916313720179e+00,-5.684966366004644556e+00,-1.895796470364147779e-01
9.482759145282662061e+00,-5.680970296638692574e+00,-1.903198553678667193e-01
9.485970374251602166e+00,-5.676984037488677970e+00,-1.910594602957711441e-01
9.489181603220542272e+00,-5.673007092998709311e+00,-1.917983691675603508e-01
9.492392832189484153e+00,-5.669038712425434667e+00,-1.925365211390895892e-01
9.495604061158424258e+00,-5.665078026040473169e+00,-1.932738943474333060e-01
9.498815290127364364e+00,-5.661124186020126459e+00,-1.940105062689280457e-01
9.502026519096308022e+00,-5.657176489764986549e+00,-1.947464081279166037e-01
9.505237748065248127e+00,-5.653234470285688928e+00,-1.954816749697848854e-01
9.508448977034190008e+00,-5.649297945869856008e+00,-1.962163932906758335e-01
9.511660206003130114e+00,-5.645367027632715029e+00,-1.969506480343800325e-01
9.514871434972070219e+00,-5.641442087931395122e+00,-1.976845105049627738e-01
9.518082663941012100e+00,-5.637523695267603330e+00,-1.984180284666660354e-01
9.521293892909952206e+00,-5.633612523204968525e+00,-1.991512194910415867e-01
9.524505121878892311e+00,-5.629709243003092389e+00,-1.998840684352799490e-01
9.527716350847834192e+00,-5.625814412543741483e+00,-2.006165296828668620e-01
9.530927579816776074e+00,-5.621928377146431899e+00,-2.013485343210081879e-01
9.534138808785716179e+00,-5.618051199631388215e+00,-2.020800017089510181e-01
9.537350037754658061e+00,-5.614182635743642180e+00,-2.028108539751978801e-01
9.540561266723598166e+00,-5.610322165525381877e+00,-2.035410310765590758e-01
9.543772495692540048e+00,-5.606469081358728346e+00,-2.042705034555168386e-01
9.546983724661480153e+00,-5.602622620757323091e+00,-2.049992793353253573e-01
9.550194953630420258e+00,-5.598782119580879346e+00,-2.057274044642078137e-01
9.553406182599362140e+00,-5.594947152901372789e+00,-2.064549536177024691e-01
9.556617411568304021e+00,-5.591117629542623035e+00,-2.071820151050254022e-01
9.559828640537244127e+00,-5.587293813996920377e+00,-2.079086714208231157e-01
9.563039869506186008e+00,-5.583476265191936960e+00,-2.086349804871804603e-01
9.566251098475126113e+00,-5.579665702064097843e+00,-2.093609621865796522e-01
9.569462327444066219e+00,-5.575862825835715242e+00,-2.100865938906133212e-01
9.572673556413008100e+00,-5.572068142550456571e+00,-2.108118165846779302e-01
9.575884785381948205e+00,-5.568281832262577780e+00,-2.115365504626853799e-01
9.579096014350890087e+00,-5.564503701489988075e+00,-2.122607162380615031e-01
9.582307243319831969e+00,-5.560733234856799712e+00,-2.129842566467397558e-01
9.585518472288772074e+00,-5.556969735334788218e+00,-2.137071522778160593e-01
9.588729701257713955e+00,-5.553212517328335096e+00,-2.144294271586683343e-01
9.591940930226654061e+00,-5.549461100354395882e+00,-2.151511421823764092e-01
9.595152159195594166e+00,-5.545715348545295242e+00,-2.158723778162729423e-01
9.598363388164536047e+00,-5.541975514209425135e+00,-2.165932106452335693e-01
9.601574617133476153e+00,-5.538242169339488541e+00,-2.173136902673608040e-01
9.604785846102416258e+00,-5.534516040509754653e+00,-2.180338232414433530e-01
9.607997075071358140e+00,-5.530797791196022217e+00,-2.187535690391042287e-01
9.611208304040300021e+00,-5.527087812722662363e+00,-2.194728496909039150e-01
9.614419533009241903e+00,-5.523386085228361608e+00,-2.201915709106398722e-01
9.617630761978182008e+00,-5.519692152385252903e+00,-2.209096490433127280e-01
9.620841990947122113e+00,-5.516005222418480791e+00,-2.216270362339800015e-01
9.624053219916063995e+00,-5.512324371733097195e+00,-2.223437363932256328e-01
9.627264448885004100e+00,-5.508648796502511047e+00,-2.230598068836343872e-01
9.630475677853944205e+00,-5.504978041159819035e+00,-2.237753447815824248e-01
9.633686906822886087e+00,-5.501312136270239073e+00,-2.244904610041274784e-01
9.636898135791827968e+00,-5.497651601570963109e+00,-2.252052492632290459e-01
9.640109364760768074e+00,-5.493997307101611938e+00,-2.259197586204173824e-01
9.643320593729709955e+00,-5.490350226116608390e+00,-2.266339777628727792e-01
9.646531822698650060e+00,-5.486711146219226620e+00,-2.273478360960954348e-01
9.649743051667591942e+00,-5.483080420117949494e+00,-2.280612221290405361e-01
9.652954280636532047e+00,-5.479457829587699891e+00,-2.287740146834772448e-01
9.656165509605472153e+00,-5.475842607016177865e+00,-2.294861185977373486e-01
9.659376738574414034e+00,-5.472233615914531057e+00,-2.301974949603092513e-01
9.662587967543354139e+00,-5.468629646755861273e+00,-2.309081770447374837e-01
9.665799196512296021e+00,-5.465029750206483072e+00,-2.316182667936634854e-01
9.669010425481237903e+00,-5.461433516284108336e+00,-2.323279119560884010e-01
9.672221654450178008e+00,-5.457841219659083976e+00,-2.330372693825331076e-01
9.675432883419118113e+00,-5.454253785631482110e+00,-2.337464640140370919e-01
9.678644112388059995e+00,-5.450672579251548910e+00,-2.344555545990225920e-01
9.681855341357000100e+00,-5.447099068563420410e+00,-2.351645156596003094e-01
9.685066570325940205e+00,-5.443534448588540187e+00,-2.358732410621617037e-01
9.688277799294882087e+00,-5.439979325337624516e+00,-2.365815688290305308e-01
9.691489028263823968e+00,-5.436433545004203616e+00,-2.372893211082604259e-01
9.694700257232765850e+00,-5.432896216085657315e+00,-2.379963490652886038e-01
9.697911486201705955e+00,-5.429365921495517000e+00,-2.387025710216666430e-01
9.701122715170646060e+00,-5.425841067475075441e+00,-2.394079938500888460e-01
9.704333944139587942e+00,-5.422320279902176132e+00,-2.401127119931460996e-01
9.707545173108528047e+00,-5.418802746189527397e+00,-2.408168843258507719e-01
9.710756402077468152e+00,-5.415288415584869952e+00,-2.415206948465696002e-01
9.713967631046410034e+00,-5.411778008160810671e+00,-2.422243073117271994e-01
9.717178860015351916e+00,-5.408272832782739847e+00,-2.429278253432518575e-01
9.720390088984293797e+00,-5.404774463297165710e+00,-2.436312679057103803e-01
9.723601317953233902e+00,-5.401284357081689080e+00,-2.443345658761985062e-01
9.726812546922174008e+00,-5.397803512052950836e+00,-2.450375798941938632e-01
9.730023775891115889e+00,-5.394332244825128519e+00,-2.457401342948310752e-01
9.733235004860055994e+00,-5.390870138477873219e+00,-2.464420581192701687e-01
9.736446233828996100e+00,-5.387416163324093787e+00,-2.471432229005129100e-01
9.739657462797937981e+00,-5.383968930663817432e+00,-2.478435683597657868e-01
9.742868691766878086e+00,-5.380527009209423284e+00,-2.485431107817090146e-01
9.746079920735819968e+00,-5.377089223920945571e+00,-2.492419335606186892e-01
9.749291149704761850e+00,-5.373654868644104354e+00,-2.499401638833883277e-01
9.752502378673701955e+00,-5.370223792406235930e+00,-2.506379425546704787e-01
9.755713607642643836e+00,-5.366796355363694815e+00,-2.513353948690915662e-01
9.758924836611583942e+00,-5.363373283597856478e+00,-2.520326091442116612e-01
9.762136065580524047e+00,-5.359955473286685645e+00,-2.527296266204102637e-01
9.765347294549465929e+00,-5.356543799463572064e+00,-2.534264429029282062e-01
9.768558523518406034e+00,-5.353138973131885692e+00,-2.541230180557211282e-01
9.771769752487347915e+00,-5.349741468223008667e+00,-2.548192907092857729e-01
9.774980981456289797e+00,-5.346351514885776979e+00,-2.555151914882397013e-01
9.778192210425229902e+00,-5.342969136123149276e+00,-2.562106525098379328e-01
9.781403439394170007e+00,-5.339594196612363675e+00,-2.569056119960471674e-01
9.784614668363111889e+00,-5.336226437240578768e+00,-2.576000152950084221e-01
9.787825897332051994e+00,-5.332865483557121422e+00,-2.582938150113592291e-01
9.791037126300992099e+00,-5.329510834761464366e+00,-2.589869730266369796e-01
9.794248355269933981e+00,-5.326161854667023299e+00,-2.596794659663626548e-01
9.797459584238874086e+00,-5.322817791371450724e+00,-2.603712936277121637e-01
9.800670813207817744e+00,-5.319477845628731494e+00,-2.610624878107919988e-01
9.803882042176757849e+00,-5.316141290983390277e+00,-2.617531177186557811e-01
9.807093271145697955e+00,-5.312807627186382220e+00,-2.624432881766404213e-01
9.810304500114639836e+00,-5.309476729823156660e+00,-2.631331284880544796e-01
9.813515729083579942e+00,-5.306148950480173099e+00,-2.638227723991758422e-01
9.816726958052520047e+00,-5.302825127294376273e+00,-2.645123326005651143e-01
9.819938187021461928e+00,-5.299506485116708632e+00,-2.652018754943213374e-01
9.823149415990402034e+00,-5.296194433000279034e+00,-2.658914028006579833e-01
9.826360644959345692e+00,-5.292890296302465103e+00,-2.665808455604875005e-01
9.829571873928285797e+00,-5.289595042515977674e+00,-2.672700733630674619e-01
9.832783102897225902e+00,-5.286309066998883033e+00,-2.679589178672079353e-01
9.835994331866167784e+00,-5.283032094082891206e+00,-2.686472059123657941e-01
9.839205560835107889e+00,-5.279763222706119308e+00,-2.693347948021519445e-01
9.842416789804047994e+00,-5.276501110443176046e+00,-2.700216014900468364e-01
9.845628018772989876e+00,-5.273244255041839246e+00,-2.707076186994924472e-01
9.848839247741929981e+00,-5.269991307820031778e+00,-2.713929141587404503e-01
9.852050476710871862e+00,-5.266741345342735414e+00,-2.720776132947876902e-01
9.855261705679813744e+00,-5.263494036852795155e+00,-2.727618697938180015e-01
9.858472934648753849e+00,-5.260249671880044886e+00,-2.734458313130451734e-01
9.861684163617695731e+00,-5.257009047866372242e+00,-2.741296085742542799e-01
9.864895392586635836e+00,-5.253773251902589259e+00,-2.748132548809862352e-01
9.868106621555575941e+00,-5.250543394733404590e+00,-2.754967601677261180e-01
9.871317850524517823e+00,-5.247320363111071195e+00,-2.761800598640145044e-01
9.874529079493457928e+00,-5.244104647105041650e+00,-2.768630552013978674e-01
9.877740308462398033e+00,-5.240896275688482930e+00,-2.775456390688981201e-01
9.880951537431341691e+00,-5.237694864017021779e+00,-2.782277207280642317e-01
9.884162766400281797e+00,-5.234499747850057005e+00,-2.789092437080099574e-01
9.887373995369221902e+00,-5.231310161944361603e+00,-2.795901935810849448e-01
9.890585224338163783e+00,-5.228125414141823413e+00,-2.802705952853151161e-01
9.893796453307103889e+00,-5.224945015232256296e+00,-2.809505023266426482e-01
9.897007682276043994e+00,-5.221768742553352105e+00,-2.816299818480396677e-01
9.900218911244985875e+00,-5.218596636343884931e+00,-2.823090998502973958e-01
9.903430140213925981e+00,-5.215428945469698263e+00,-2.829879098919823588e-01
9.906641369182869639e+00,-5.212266048478709557e+00,-2.836664468607095757e-01
9.909852598151809744e+00,-5.209108375379275735e+00,-2.843447255635579984e-01
9.913063827120749849e+00,-5.205956346887950836e+00,-2.850227425579732188e-01
9.916275056089691731e+00,-5.202810335526977248e+00,-2.857004792141549232e-01
9.919486285058631836e+00,-5.199670642100091555e+00,-2.863779044843711707e-01
9.922697514027571941e+00,-5.196537475922066385e+00,-2.870549769293214148e-01
9.925908742996513823e+00,-5.193410929388887709e+00,-2.877316466852152255e-01
9.929119971965453928e+00,-5.190290945669955747e+00,-2.884078587146786110e-01
9.932331200934397586e+00,-5.187177288616804383e+00,-2.890835585384138873e-01
9.935542429903337691e+00,-5.184069531545483223e+00,-2.897587006919457031e-01
9.938753658872277796e+00,-5.180967082348554520e+00,-2.904332587325766379e-01
9.941964887841219678e+00,-5.177869254864893911e+00,-2.911072343009258878e-01
9.945176116810159783e+00,-5.174775382235994314e+00,-2.917806621073596451e-01
9.948387345779099888e+00,-5.171684951601188018e+00,-2.924536081559546141e-01
9.951598574748041770e+00,-5.168597726845531426e+00,-2.931261600660045041e-01
9.954809803716981875e+00,-5.165513822518978060e+00,-2.937984106260029260e-01
9.958021032685921980e+00,-5.162433700229525080e+00,-2.944704380294201895e-01
9.961232261654865638e+00,-5.159358077724301772e+00,-2.951422878076230827e-01
9.964443490623805744e+00,-5.156287765664732348e+00,-2.958139616676359607e-01
9.967654719592745849e+00,-5.153223470409979079e+00,-2.964854170254252463e-01
9.970865948561687730e+00,-5.150165615286613985e+00,-2.971565782682049073e-01
9.974077177530627836e+00,-5.147114232379387033e+00,-2.978273574125360756e-01
9.977288406499569717e+00,-5.144068960521734901e+00,-2.984976788433267858e-01
9.980499635468509823e+00,-5.141029156509536513e+00,-2.991675011836032461e-01
9.983710864437449928e+00,-5.137994093378551952e+00,-2.998368296763557761e-01
9.986922093406393586e+00,-5.134963191672468952e+00,-3.005057148164258507e-01
9.990133322375333691e+00,-5.131936215897638043e+00,-3.011742367904934325e-01
9.993344551344273796e+00,-5.128913374021509597e+00,-3.018424795160697949e-01
9.996555780313215678e+00,-5.125895282583966761e+00,-3.025105014673813986e-01
9.999767009282155783e+00,-5.122882797621022277e+00,-3.031783119598048248e-01
1.000297823825109589e+01,-5.119876751742491905e+00,-3.038458605667261336e-01
1.000618946722003777e+01,-5.116877668576710114e+00,-3.045130440042408404e-01
1.000940069618897788e+01,-5.113885537710952889e+00,-3.051797299861854218e-01
1.001261192515791976e+01,-5.110899721618632263e+00,-3.058457925589582183e-01
1.001582315412686164e+01,-5.107919032983259555e+00,-3.065111497217614667e-01
1.001903438309580174e+01,-5.104941974788040682e+00,-3.071757928645507119e-01
1.002224561206474363e+01,-5.101967089179834325e+00,-3.078397991977815940e-01
1.002545684103368373e+01,-5.098993327689339772e+00,-3.085033225657188849e-01
1.002866807000262384e+01,-5.096020344929587331e+00,-3.091665637345597517e-01
1.003187929897156572e+01,-5.093048634194992985e+00,-3.098297268715866082e-01
1.003509052794050582e+01,-5.090079462717438830e+00,-3.104929728995542426e-01
1.003830175690944593e+01,-5.087114616332534034e+00,-3.111563815684178502e-01
1.004151298587838959e+01,-5.084156013785329442e+00,-3.118199320513949657e-01
1.004472421484732969e+01,-5.081205285855679321e+00,-3.124835071560603805e-01
1.004793544381627157e+01,-5.078263424096523870e+00,-3.131469201168062821e-01
1.005114667278521168e+01,-5.075330585475076539e+00,-3.138099570821067941e-01
1.005435790175415178e+01,-5.072406097692469196e+00,-3.144724244383658163e-01
1.005756913072309366e+01,-5.069488656985305930e+00,-3.151341891027813480e-01
1.006078035969203377e+01,-5.066576660500010654e+00,-3.157952021151122501e-01
1.006399158866097387e+01,-5.063668582548506159e+00,-3.164555006031331552e-01
1.006720281762991753e+01,-5.060763296927158095e+00,-3.171151891196815065e-01
1.007041404659885764e+01,-5.057860267336601545e+00,-3.177744067696852137e-01
1.007362527556779774e+01,-5.054959568404306047e+00,-3.184332899577662079e-01
1.007683650453673962e+01,-5.052061748756853099e+00,-3.190919410925551203e-01
1.008004773350567973e+01,-5.049167590738367295e+00,-3.197504111431991869e-01
1.008325896247462161e+01,-5.046277846499942044e+00,-3.204086993724372112e-01
1.008647019144356172e+01,-5.043393030668912758e+00,-3.210667682854856930e-01
1.008968142041250182e+01,-5.040513326463155863e+00,-3.217245674224313845e-01
1.009289264938144370e+01,-5.037638622821667411e+00,-3.223820573685762803e-01
1.009610387835038559e+01,-5.034768657325416008e+00,-3.230392258668311478e-01
1.009931510731932569e+01,-5.031903206583475452e+00,-3.236960909441754519e-01
1.010252633628826757e+01,-5.029042252323552731e+00,-3.243526905050744813e-01
1.010573756525720768e+01,-5.026186061405006456e+00,-3.250090624482804280e-01
1.010894879422614778e+01,-5.023335147847923565e+00,-3.256652225822838642e-01
1.011216002319508966e+01,-5.020490125104911883e+00,-3.263211484465616818e-01
1.011537125216402977e+01,-5.017651494442385562e+00,-3.269767753374586139e-01
1.011858248113297165e+01,-5.014819438523198336e+00,-3.276320069582451255e-01
1.012179371010191353e+01,-5.011993690662793099e+00,-3.282867383754797808e-01
1.012500493907085364e+01,-5.009173529108799983e+00,-3.289408848505374072e-01
1.012821616803979552e+01,-5.006357908382071287e+00,-3.295944079214340738e-01
1.013142739700873562e+01,-5.003545697566145201e+00,-3.302473305466852027e-01
1.013463862597767573e+01,-5.000735961367831273e+00,-3.308997360973301993e-01
1.013784985494661761e+01,-4.997928204345007508e+00,-3.315517506251912661e-01
1.014106108391555772e+01,-4.995122506870011136e+00,-3.322035127601433713e-01
1.014427231288449782e+01,-4.992319511007796251e+00,-3.328551393160811833e-01
1.014748354185343970e+01,-4.989520256898488881e+00,-3.335066960865903929e-01
1.015069477082238159e+01,-4.986725912922938875e+00,-3.341581819536385556e-01
1.015390599979132347e+01,-4.983937473272942675e+00,-3.348095307072569415e-01
1.015711722876026357e+01,-4.981155505614825785e+00,-3.354606299785945489e-01
1.016032845772920368e+01,-4.978380016758278792e+00,-3.361113518936684197e-01
1.016353968669814556e+01,-4.975610470149540276e+00,-3.367615868618825670e-01
1.016675091566708566e+01,-4.972845945806427359e+00,-3.374112712342143827e-01
1.016996214463602577e+01,-4.970085393775891980e+00,-3.380604015563597464e-01
1.017317337360496765e+01,-4.967327907801792009e+00,-3.387090321634399492e-01
1.017638460257390953e+01,-4.964572943406544425e+00,-3.393572576856480616e-01
1.017959583154284964e+01,-4.961820424106454297e+00,-3.400051862168989580e-01
1.018280706051179152e+01,-4.959070714509038247e+00,-3.406529112261986736e-01
1.018601828948073162e+01,-4.956324478606329187e+00,-3.413004901387735046e-01
1.018922951844967351e+01,-4.953582473646803486e+00,-3.419479350232480508e-01
1.019244074741861361e+01,-4.950845345152527166e+00,-3.425952168419929555e-01
1.019565197638755372e+01,-4.948113483027726467e+00,-3.432422805337775329e-01
1.019886320535649560e+01,-4.945386974924791623e+00,-3.438890651053872483e-01
1.020207443432543748e+01,-4.942665659322752703e+00,-3.445355218333817637e-01
1.020528566329437758e+01,-4.939949248257075709e+00,-3.451816248771485407e-01
1.020849689226331947e+01,-4.937237468753902903e+00,-3.458273716055694225e-01
1.021170812123225957e+01,-4.934530169214031758e+00,-3.464727736991080054e-01
1.021491935020119968e+01,-4.931827352696543265e+00,-3.471178433373516281e-01
1.021813057917014156e+01,-4.929129127616278083e+00,-3.477625804353401961e-01
1.022134180813908166e+01,-4.926435597921807741e+00,-3.484069664041283265e-01
1.022455303710802355e+01,-4.923746738504792830e+00,-3.490509674511929616e-01
1.022776426607696365e+01,-4.921062309127040457e+00,-3.496945468367980148e-01
1.023097549504590553e+01,-4.918381848588809113e+00,-3.503376819905548722e-01
1.023418672401484741e+01,-4.915704763631357110e+00,-3.509803801910376664e-01
1.023739795298378752e+01,-4.913030492975092756e+00,-3.516226864352042791e-01
1.024060918195272762e+01,-4.910358697350914348e+00,-3.522646793013572419e-01
1.024382041092166951e+01,-4.907689411720207673e+00,-3.529064544182731189e-01
1.024703163989060961e+01,-4.905023101935826801e+00,-3.535480994026912183e-01
1.025024286885954972e+01,-4.902360594137272543e+00,-3.541896674240857523e-01
1.025345409782849160e+01,-4.899702883878226167e+00,-3.548311577489236535e-01
1.025666532679743348e+01,-4.897050871534517569e+00,-3.554725101800179088e-01
1.025987655576637536e+01,-4.894405098225243833e+00,-3.561136165338757986e-01
1.026308778473531547e+01,-4.891765562708319415e+00,-3.567543472456229936e-01
1.026629901370425557e+01,-4.889131681191035916e+00,-3.573945863735190631e-01
1.026951024267319745e+01,-4.886502413034506276e+00,-3.580342652132356696e-01
1.027272147164213756e+01,-4.883876526822385600e+00,-3.586733844749660505e-01
1.027593270061107766e+01,-4.881252937578883788e+00,-3.593120177568964735e-01
1.027914392958001955e+01,-4.878631020623645398e+00,-3.599502941779510468e-01
1.028235515854895965e+01,-4.876010809202677265e+00,-3.605883640749915076e-01
1.028556638751790153e+01,-4.873393012397127855e+00,-3.612263568510558631e-01
1.028877761648684341e+01,-4.870778839320254683e+00,-3.618643427950907765e-01
1.029198884545578352e+01,-4.868169671373831164e+00,-3.625023100674317766e-01
1.029520007442472540e+01,-4.865566670089881640e+00,-3.631401641164483385e-01
1.029841130339366551e+01,-4.862970430010572720e+00,-3.637777506015828499e-01
1.030162253236260561e+01,-4.860380776963771687e+00,-3.644148961883948434e-01
1.030483376133154749e+01,-4.857796773723717543e+00,-3.650514562961724163e-01
1.030804499030048760e+01,-4.855216937794629040e+00,-3.656873565932408643e-01
1.031125621926942948e+01,-4.852639616075193452e+00,-3.663226164826224318e-01
1.031446744823837136e+01,-4.850063415740519801e+00,-3.669573476603429363e-01
1.031767867720731147e+01,-4.847487573179449782e+00,-3.675917277254616700e-01
1.032088990617625157e+01,-4.844912158714672401e+00,-3.682259558205944749e-01
1.032410113514519345e+01,-4.842338059961851293e+00,-3.688602023729984358e-01
1.032731236411413356e+01,-4.839766748376549188e+00,-3.694945667078287643e-01
1.033052359308307544e+01,-4.837199894200122863e+00,-3.701290541039674031e-01
1.033373482205201555e+01,-4.834638937228485922e+00,-3.707635783727572520e-01
1.033694605102095743e+01,-4.832084732426404017e+00,-3.713979888300485421e-01
1.034015727998989931e+01,-4.829537367059972830e+00,-3.720321136741621681e-01
1.034336850895883941e+01,-4.826996196216074786e+00,-3.726658072485734552e-01
1.034657973792777952e+01,-4.824460080761632241e+00,-3.732989877560475844e-01
1.034979096689672140e+01,-4.821927754157277590e+00,-3.739316549461410566e-01
1.035300219586566151e+01,-4.819398208711630716e+00,-3.745638832430783771e-01
1.035621342483460161e+01,-4.816870988078173710e+00,-3.751957929738230502e-01
1.035942465380354349e+01,-4.814346301927473704e+00,-3.758275086994408709e-01
1.036263588277248360e+01,-4.811824932053388792e+00,-3.764591173074144370e-01
1.036584711174142726e+01,-4.809307960971908713e+00,-3.770906384436481518e-01
1.036905834071036736e+01,-4.806796406244545850e+00,-3.777220161011946020e-01
1.037226956967930747e+01,-4.804290871138764629e+00,-3.783531338643627007e-01
1.037548079864824935e+01,-4.801791317004648008e+00,-3.789838492961292160e-01
1.037869202761718945e+01,-4.799297026661935917e+00,-3.796140373061502871e-01
1.038190325658612956e+01,-4.796806771904137179e+00,-3.802436296852038100e-01
1.038511448555507144e+01,-4.794319138450957141e+00,-3.808726390899674352e-01
1.038832571452401154e+01,-4.791832915724937969e+00,-3.815011602617483510e-01
1.039153694349295343e+01,-4.789347439905552228e+00,-3.821293478306154179e-01
1.039474817246189531e+01,-4.786862792044735748e+00,-3.827573767730882426e-01
1.039795940143083541e+01,-4.784379794419350240e+00,-3.833853965186055923e-01
1.040117063039977729e+01,-4.781899805492491495e+00,-3.840134914433838143e-01
1.040438185936871740e+01,-4.779424370231101449e+00,-3.846416585981143332e-01
1.040759308833765751e+01,-4.776954821989589206e+00,-3.852698085928518146e-01
1.041080431730659939e+01,-4.774491943831909779e+00,-3.858977890736630667e-01
1.041401554627553949e+01,-4.772035778387681226e+00,-3.865254240522492113e-01
1.041722677524447960e+01,-4.769585632298992905e+00,-3.871525582326211801e-01
1.042043800421342326e+01,-4.767140266973229679e+00,-3.877790945169256043e-01
1.042364923318236336e+01,-4.764698217492360222e+00,-3.884050152221385499e-01
1.042686046215130347e+01,-4.762258150061017936e+00,-3.890303823995917565e-01
1.043007169112024535e+01,-4.759819163366144856e+00,-3.896553185275050679e-01
1.043328292008918545e+01,-4.757380960739075348e+00,-3.902799740214432100e-01
1.043649414905812733e+01,-4.754943860417914614e+00,-3.909044910423507546e-01
1.043970537802706744e+01,-4.752508657741953080e+00,-3.915289732382535859e-01
1.044291660699600754e+01,-4.750076391896413064e+00,-3.921534684816593286e-01
1.044612783596495120e+01,-4.747648090090613948e+00,-3.927779673099021651e-01
1.044933906493389131e+01,-4.745224559219130001e+00,-3.934024150660530017e-01
1.045255029390283141e+01,-4.742806271844349553e+00,-3.940267321188567484e-01
1.045576152287177329e+01,-4.740393358567425608e+00,-3.946508350290734435e-01
1.045897275184071340e+01,-4.737985684400404907e+00,-3.952746524213737733e-01
1.046218398080965351e+01,-4.735582963660968758e+00,-3.958981321270981235e-01
1.046539520977859539e+01,-4.733184862909035395e+00,-3.965212398029009933e-01
1.046860643874753549e+01,-4.730791054922659278e+00,-3.971439524029155566e-01
1.047181766771647915e+01,-4.728401212811271570e+00,-3.977662515013461464e-01
1.047502889668541926e+01,-4.726014962086560800e+00,-3.983881210121670846e-01
1.047824012565435936e+01,-4.723631829147151073e+00,-3.990095515497543710e-01
1.048145135462330124e+01,-4.721251229403568672e+00,-3.996305503894244104e-01
1.048466258359224135e+01,-4.718872524984782046e+00,-4.002511529477967289e-01
1.048787381256118145e+01,-4.716495154838383108e+00,-4.008714300783201567e-01
1.049108504153012333e+01,-4.714118808370187708e+00,-4.014914859753038190e-01
1.049429627049906344e+01,-4.711743588940545457e+00,-4.021114440917485378e-01
1.049750749946800354e+01,-4.709370105204232715e+00,-4.027314224528754649e-01
1.050071872843694720e+01,-4.706999441058269618e+00,-4.033515038172851286e-01
1.050392995740588731e+01,-4.704632986616447354e+00,-4.039717089066688360e-01
1.050714118637482919e+01,-4.702272154456576203e+00,-4.045919813286276145e-01
1.051035241534376929e+01,-4.699918044685980512e+00,-4.052121904872196256e-01
1.051356364431270940e+01,-4.697571146310361101e+00,-4.058321541984749037e-01
1.051677487328165128e+01,-4.695231162082047049e+00,-4.064516771374157567e-01
1.051998610225059139e+01,-4.692897017510262003e+00,-4.070705962751915985e-01
1.052319733121953149e+01,-4.690567068032743592e+00,-4.076888216717737268e-01
1.052640856018847515e+01,-4.688239463965977905e+00,-4.083063613584903551e-01
1.052961978915741525e+01,-4.685912586284325165e+00,-4.089233226712450375e-01
1.053283101812635536e+01,-4.683585441543631767e+00,-4.095398884139125895e-01
1.053604224709529724e+01,-4.681257909640827108e+00,-4.101562730318973893e-01
1.053925347606423735e+01,-4.678930773458436221e+00,-4.107726696494742313e-01
1.054246470503317745e+01,-4.676605515977646732e+00,-4.113892017134898604e-01
1.054567593400211933e+01,-4.674283932962477905e+00,-4.120058921742496549e-01
1.054888716297105944e+01,-4.671967660453561599e+00,-4.126226587345935282e-01
1.055209839194000132e+01,-4.669657741475107926e+00,-4.132393368448921134e-01
1.055530962090894320e+01,-4.667354347977777707e+00,-4.138557246675874102e-01
1.055852084987788331e+01,-4.665056733839406888e+00,-4.144716382354368123e-01
1.056173207884682519e+01,-4.662763433387969947e+00,-4.150869621600543069e-01
1.056494330781576529e+01,-4.660472654077852717e+00,-4.157016823326150079e-01
1.056815453678470540e+01,-4.658182759689285746e+00,-4.163158918241751660e-01
1.057136576575364728e+01,-4.655892716079710780e+00,-4.169297683439872615e-01
1.057457699472258739e+01,-4.653602381722564907e+00,-4.175435291951813954e-01
1.057778822369152749e+01,-4.651312567089084915e+00,-4.181573756100016026e-01
1.058099945266047115e+01,-4.649024848730011428e+00,-4.187714410482267224e-01
1.058421068162941125e+01,-4.646741188683804147e+00,-4.193857568079216169e-01
1.058742191059835314e+01,-4.644463459978976694e+00,-4.200002435236637743e-01
1.059063313956729324e+01,-4.642193001235213501e+00,-4.206147301753367374e-01
1.059384436853623335e+01,-4.639930312357399167e+00,-4.212289950303546027e-01
1.059705559750517523e+01,-4.637674962955314228e+00,-4.218428174442044876e-01
1.060026682647411533e+01,-4.635425727238364324e+00,-4.224560270775309379e-01
1.060347805544305544e+01,-4.633180899982868084e+00,-4.230685383785335318e-01
1.060668928441199910e+01,-4.630938703782494059e+00,-4.236803626316466564e-01
1.060990051338093920e+01,-4.628697679531530440e+00,-4.242915961424378324e-01
1.061311174234988108e+01,-4.626456963654246302e+00,-4.249023894251257039e-01
1.061632297131882119e+01,-4.624216392275954490e+00,-4.255129068663394687e-01
1.061953420028776129e+01,-4.621976422893436798e+00,-4.261232880900432396e-01
1.062274542925670318e+01,-4.619737913473667135e+00,-4.267336208311910961e-01
1.062595665822564328e+01,-4.617501833680333512e+00,-4.273439311295946230e-01
1.062916788719458339e+01,-4.615268994346672038e+00,-4.279541913626915273e-01
1.063237911616352527e+01,-4.613039867734149091e+00,-4.285643416212757684e-01
1.063559034513246715e+01,-4.610814538097991466e+00,-4.291743165985851260e-01
1.063880157410140725e+01,-4.608592780410555534e+00,-4.297840693484274444e-01
1.064201280307034914e+01,-4.606374227401954791e+00,-4.303935850339773994e-01
1.064522403203928924e+01,-4.604158562077487638e+00,-4.310028814456723367e-01
1.064843526100822935e+01,-4.601945670354503193e+00,-4.316119974136540804e-01
1.065164648997717123e+01,-4.599735705863878366e+00,-4.322209739451157162e-01
1.065485771894611133e+01,-4.597529049875687335e+00,-4.328298349129728884e-01
1.065806894791505322e+01,-4.595326183681310184e+00,-4.334385739093034040e-01
1.066128017688399510e+01,-4.593127518057808167e+00,-4.340471516386070205e-01
1.066449140585293520e+01,-4.590933236784610294e+00,-4.346555047400229577e-01
1.066770263482187708e+01,-4.588743205569314476e+00,-4.352635633040701779e-01
1.067091386379081719e+01,-4.586556976665577601e+00,-4.358712716836973811e-01
1.067412509275975729e+01,-4.584373889908143873e+00,-4.364786062475763950e-01
1.067733632172869918e+01,-4.582193241999059197e+00,-4.370855846957477642e-01
1.068054755069763928e+01,-4.580014476153168701e+00,-4.376922640843661783e-01
1.068375877966657939e+01,-4.577837339015257356e+00,-4.382987279788750912e-01
1.068697000863552127e+01,-4.575661961910910236e+00,-4.389050661891944483e-01
1.069018123760446315e+01,-4.573488845280648363e+00,-4.395113524776779190e-01
1.069339246657340503e+01,-4.571318751708315808e+00,-4.401176259829657211e-01
1.069660369554234514e+01,-4.569152536500595829e+00,-4.407238808734095237e-01
1.069981492451128524e+01,-4.566990958952522384e+00,-4.413300663915956656e-01
1.070302615348022712e+01,-4.564834519093828646e+00,-4.419360967214801539e-01
1.070623738244916723e+01,-4.562683354584225803e+00,-4.425418677896699182e-01
1.070944861141810733e+01,-4.560537214564200248e+00,-4.431472767943608893e-01
1.071265984038704921e+01,-4.558395507526321389e+00,-4.437522401773842384e-01
1.071587106935599110e+01,-4.556257404348713180e+00,-4.443567067631852274e-01
1.071908229832493298e+01,-4.554121969342653564e+00,-4.449606644282927403e-01
1.072229352729387308e+01,-4.551988292454955065e+00,-4.455641403548232238e-01
1.072550475626281319e+01,-4.549855602746545102e+00,-4.461671961567786893e-01
1.072871598523175507e+01,-4.547723353186427175e+00,-4.467699196766190539e-01
1.073192721420069518e+01,-4.545591275546488674e+00,-4.473724150592358617e-01
1.073513844316963528e+01,-4.543459408807316358e+00,-4.479747921031203561e-01
1.073834967213857716e+01,-4.541328104186900916e+00,-4.485771552695064779e-01
1.074156090110751904e+01,-4.539198006173040589e+00,-4.491795924583468214e-01
1.074477213007645915e+01,-4.537070004833783088e+00,-4.497821639026649554e-01
1.074798335904540103e+01,-4.534945153509218230e+00,-4.503848921973735986e-01
1.075119458801434114e+01,-4.532824549903487821e+00,-4.509877552440024195e-01
1.075440581698328124e+01,-4.530709187586717590e+00,-4.515906843313755026e-01
1.075761704595222312e+01,-4.528599796597018390e+00,-4.521935693184672700e-01
1.076082827492116323e+01,-4.526496702125445637e+00,-4.527962717917623503e-01
1.076403950389010511e+01,-4.524399734766111791e+00,-4.533986452918584154e-01
1.076725073285904521e+01,-4.522308221389816474e+00,-4.540005596858616155e-01
1.077046196182798710e+01,-4.520221071784412459e+00,-4.546019251120154703e-01
1.077367319079692898e+01,-4.518136955309677738e+00,-4.552027102263365155e-01
1.077688441976586908e+01,-4.516054539048470318e+00,-4.558029501025753771e-01
1.078009564873480919e+01,-4.513972740636281955e+00,-4.564027410798018325e-01
1.078330687770375107e+01,-4.511890940811852602e+00,-4.570022227230124412e-01
1.078651810667269118e+01,-4.509809106002508727e+00,-4.576015501584169143e-01
1.078972933564163128e+01,-4.507727789596595258e+00,-4.582008625427922421e-01
1.079294056461057316e+01,-4.505648007897743668e+00,-4.588002546161373263e-01
1.079615179357951504e+01,-4.503571016312617914e+00,-4.593997577865948090e-01
1.079936302254845693e+01,-4.501498035415620436e+00,-4.599993350739040587e-01
1.080257425151739703e+01,-4.499429988744429565e+00,-4.605988910050621832e-01
1.080578548048633714e+01,-4.497367311196983408e+00,-4.611982940359881100e-01
1.080899670945527902e+01,-4.495309869466775687e+00,-4.617974061716189627e-01
1.081220793842421912e+01,-4.493257008683726461e+00,-4.623961129121507696e-01
1.081541916739315923e+01,-4.491207709495254718e+00,-4.629943468316052857e-01
1.081863039636210111e+01,-4.489160814947494416e+00,-4.635920998967469342e-01
1.082184162533104299e+01,-4.487115272834768298e+00,-4.641894225310855271e-01
1.082505285429998310e+01,-4.485070339568294706e+00,-4.647864106231331394e-01
1.082826408326892498e+01,-4.483025705058546251e+00,-4.653831843347503994e-01
1.083147531223786508e+01,-4.480981520161574139e+00,-4.659798640448569729e-01
1.083468654120680696e+01,-4.478938332454377225e+00,-4.665765487897049479e-01
1.083789777017574707e+01,-4.476896955969611014e+00,-4.671733012752521397e-01
1.084110899914468717e+01,-4.474858311321213478e+00,-4.677701414296357441e-01
1.084432022811362906e+01,-4.472823272694043339e+00,-4.683670482036113580e-01
1.084753145708256916e+01,-4.470792549008536731e+00,-4.689639675515955841e-01
1.085074268605151104e+01,-4.468766612258981752e+00,-4.695608236543191150e-01
1.085395391502045292e+01,-4.466745671637946558e+00,-4.701575305688821538e-01
1.085716514398939303e+01,-4.464729682012073653e+00,-4.707540023828730158e-01
1.086037637295833314e+01,-4.462718371998301237e+00,-4.713501611579903883e-01
1.086358760192727502e+01,-4.460711280070360552e+00,-4.719459429784872428e-01
1.086679883089621512e+01,-4.458707794241814959e+00,-4.725413029001300780e-01
1.087001005986515700e+01,-4.456707198120090752e+00,-4.731362194044895775e-01
1.087322128883409711e+01,-4.454708729912860043e+00,-4.737306982592285332e-01
1.087643251780303899e+01,-4.452711659261922250e+00,-4.743247748368292771e-01
1.087964374677198087e+01,-4.450715379864581323e+00,-4.749185133896390298e-01
1.088285497574092098e+01,-4.448719506251842759e+00,-4.755120018569293228e-01
1.088606620470986108e+01,-4.446723954721338856e+00,-4.761053415965910141e-01
1.088927743367880296e+01,-4.444728985132647026e+00,-4.766986328107014614e-01
1.089248866264774307e+01,-4.442735184455709252e+00,-4.772919579517670430e-01
1.089569989161668317e+01,-4.440743384561303131e+00,-4.778853665298758435e-01
1.089891112058562506e+01,-4.438754523064510238e+00,-4.784788650353711259e-01
1.090212234955456516e+01,-4.436769472466675523e+00,-4.790724149245824681e-01
1.090533357852350882e+01,-4.434788874249590229e+00,-4.796659398908061367e-01
1.090854480749244892e+01,-4.432813016939642914e+00,-4.802593413776339304e-01
1.091175603646138903e+01,-4.430841788941388693e+00,-4.808525191081939321e-01
1.091496726543033091e+01,-4.428874719719247288e+00,-4.814453919424325212e-01
1.091817849439927102e+01,-4.426911101050051478e+00,-4.820379140977444354e-01
1.092138972336821112e+01,-4.424950159528215465e+00,-4.826300828119449160e-01
1.092460095233715300e+01,-4.422991238077671028e+00,-4.832219356474347083e-01
1.092781218130609311e+01,-4.421033941819580093e+00,-4.838135382692350106e-01
1.093102341027503499e+01,-4.419078213087331619e+00,-4.844049659564000909e-01
1.093423463924397687e+01,-4.417124319121469078e+00,-4.849962836564837843e-01
1.093744586821291698e+01,-4.415172758817652365e+00,-4.855875296446017786e-01
1.094065709718185886e+01,-4.413224115512054624e+00,-4.861787067513558269e-01
1.094386832615079896e+01,-4.411278895563314428e+00,-4.867697830100582435e-01
1.094707955511973907e+01,-4.409337394173475033e+00,-4.873607010563258402e-01
1.095029078408868095e+01,-4.407399620471618817e+00,-4.879513934011146525e-01
1.095350201305762106e+01,-4.405465296516470453e+00,-4.885417993862134489e-01
1.095671324202656294e+01,-4.403533924833904045e+00,-4.891318795286448418e-01
1.095992447099550482e+01,-4.401604902151079912e+00,-4.897216240126091580e-01
1.096313569996444492e+01,-4.399677647625154009e+00,-4.903110539082116137e-01
1.096634692893338503e+01,-4.397751714058261818e+00,-4.909002157012129497e-01
1.096955815790232691e+01,-4.395826859316888324e+00,-4.914891713139644125e-01
1.097276938687126702e+01,-4.393903068920523403e+00,-4.920779865651453422e-01
1.097598061584020890e+01,-4.391980534791210644e+00,-4.926667208296771072e-01
1.097919184480914900e+01,-4.390059605095835593e+00,-4.932554197092603454e-01
1.098240307377808911e+01,-4.388140723377374819e+00,-4.938441112284729928e-01
1.098561430274703277e+01,-4.386224371700491176e+00,-4.944328049259250069e-01
1.098882553171597287e+01,-4.384311024667858270e+00,-4.950214926081548672e-01
1.099203676068491298e+01,-4.382401112673728782e+00,-4.956101496333339962e-01
1.099524798965385486e+01,-4.380494987422451025e+00,-4.961987362650198130e-01
1.099845921862279496e+01,-4.378592882899482674e+00,-4.967871995252927109e-01
1.100167044759173507e+01,-4.376694870654141312e+00,-4.973754766307206809e-01
1.100488167656067695e+01,-4.374800817055112923e+00,-4.979635011446704174e-01
1.100809290552961706e+01,-4.372910358157321653e+00,-4.985512122877458485e-01
1.101130413449856071e+01,-4.371022910888532564e+00,-4.991385665789193626e-01
1.101451536346750082e+01,-4.369137734794026784e+00,-4.997255495632710320e-01
1.101772659243644092e+01,-4.367254046547591528e+00,-5.003121843773487010e-01
1.102093782140538281e+01,-4.365371172750640127e+00,-5.008985338036120449e-01
1.102414905037432291e+01,-4.363488710317324326e+00,-5.014846935111444415e-01
1.102736027934326302e+01,-4.361606653769111830e+00,-5.020707762400709040e-01
1.103057150831220490e+01,-4.359725449562412258e+00,-5.026568892607485850e-01
1.103378273728114500e+01,-4.357845950727004869e+00,-5.032431097796932207e-01
1.103699396625008511e+01,-4.355969268376095549e+00,-5.038294643008454088e-01
1.104020519521902877e+01,-4.354096544338422525e+00,-5.044159177334371913e-01
1.104341642418796887e+01,-4.352228693504157420e+00,-5.050023761365878272e-01
1.104662765315691075e+01,-4.350366177917617705e+00,-5.055887037763112657e-01
1.104983888212585086e+01,-4.348508872188324936e+00,-5.061747514440237961e-01
1.105305011109479096e+01,-4.346656060705189617e+00,-5.067603897696622006e-01
1.105626134006373285e+01,-4.344806575521781511e+00,-5.073455395108061872e-01
1.105947256903267295e+01,-4.342959047656601790e+00,-5.079301911073050846e-01
1.106268379800161306e+01,-4.341112213744480641e+00,-5.085144081984483977e-01
1.106589502697055671e+01,-4.339265203332286269e+00,-5.090983137476636777e-01
1.106910625593949682e+01,-4.337417734876085618e+00,-5.096820618832480498e-01
1.107231748490843692e+01,-4.335570170625953068e+00,-5.102658023286710254e-01
1.107552871387737881e+01,-4.333723416555072205e+00,-5.108496463030204326e-01
1.107873994284631891e+01,-4.331878693705355943e+00,-5.114336424266470171e-01
1.108195117181526079e+01,-4.330037240756990258e+00,-5.120177685245534960e-01
1.108516240078420090e+01,-4.328200024967914672e+00,-5.126019409855439024e-01
1.108837362975314100e+01,-4.326367534975476659e+00,-5.131860386733548829e-01
1.109158485872208466e+01,-4.324539705310762372e+00,-5.137699345935224926e-01
1.109479608769102477e+01,-4.322715985529770322e+00,-5.143535266532979211e-01
1.109800731665996487e+01,-4.320895527103598255e+00,-5.149367594213973831e-01
1.110121854562890675e+01,-4.319077429915000543e+00,-5.155196316122330202e-01
1.110442977459784686e+01,-4.317260976191574784e+00,-5.161021882518362913e-01
1.110764100356678696e+01,-4.315445786735669031e+00,-5.166845008915410542e-01
1.111085223253572885e+01,-4.313631860008626973e+00,-5.172666425387154598e-01
1.111406346150466895e+01,-4.311819491162082407e+00,-5.178486652221724329e-01
1.111727469047360906e+01,-4.310009104514850087e+00,-5.184305869666937516e-01
1.112048591944255271e+01,-4.308201058392161720e+00,-5.190123917911596552e-01
1.112369714841149282e+01,-4.306395488161515850e+00,-5.195940421426868960e-01
1.112690837738043470e+01,-4.304592239780154372e+00,-5.201754992179080661e-01
1.113011960634937481e+01,-4.302790916447849057e+00,-5.207567441095768412e-01
1.113333083531831491e+01,-4.300991024168408394e+00,-5.213377924209288139e-01
1.113654206428725679e+01,-4.299192169466114599e+00,-5.219186970096580946e-01
1.113975329325619690e+01,-4.297394244250805961e+00,-5.224995372521781256e-01
1.114296452222513700e+01,-4.295597534670021922e+00,-5.230803975263615957e-01
1.114617575119408066e+01,-4.293802712461650906e+00,-5.236613411790280725e-01
1.114938698016302077e+01,-4.292010702524567733e+00,-5.242423879637038153e-01
1.115259820913196265e+01,-4.290222458663115468e+00,-5.248235022413023643e-01
1.115580943810090275e+01,-4.288438709160150353e+00,-5.254045962893600930e-01
1.115902066706984286e+01,-4.286659745812601230e+00,-5.259855487054272416e-01
1.116223189603878474e+01,-4.284885320316244695e+00,-5.265662333962404240e-01
1.116544312500772484e+01,-4.283114682844029630e+00,-5.271465513566546690e-01
1.116865435397666495e+01,-4.281346757543825987e+00,-5.277264563630489347e-01
1.117186558294560683e+01,-4.279580410115122469e+00,-5.283059671968365345e-01
1.117507681191454871e+01,-4.277814735238116839e+00,-5.288851626827987262e-01
1.117828804088348882e+01,-4.276049284615040413e+00,-5.294641606358471142e-01
1.118149926985243070e+01,-4.274284172053703479e+00,-5.300430863748686328e-01
1.118471049882137081e+01,-4.272520026079867250e+00,-5.306220394575036359e-01
1.118792172779031269e+01,-4.270757803323083301e+00,-5.312010678367108385e-01
1.119113295675925279e+01,-4.268998515107536917e+00,-5.317801565666648855e-01
1.119434418572819290e+01,-4.267242944013570849e+00,-5.323592340792042688e-01
1.119755541469713478e+01,-4.265491429652727540e+00,-5.329381940894383218e-01
1.120076664366607666e+01,-4.263743782831878271e+00,-5.335169267943353777e-01
1.120397787263501677e+01,-4.261999350490071059e+00,-5.340953504587480083e-01
1.120718910160395865e+01,-4.260257210894425661e+00,-5.346734344660659666e-01
1.121040033057289875e+01,-4.258516441900811245e+00,-5.352512074334272452e-01
1.121361155954183886e+01,-4.256776385067557733e+00,-5.358287483109065441e-01
1.121682278851078074e+01,-4.255036830622354493e+00,-5.364061632466213814e-01
1.122003401747972084e+01,-4.253298071839697769e+00,-5.369835550074036901e-01
1.122324524644866095e+01,-4.251560815280304162e+00,-5.375609937619820755e-01
1.122645647541760461e+01,-4.249825974531764139e+00,-5.381384975108124413e-01
1.122966770438654471e+01,-4.248094407743913337e+00,-5.387160275726415870e-01
1.123287893335548659e+01,-4.246366674179033573e+00,-5.392935001732224176e-01
1.123609016232442670e+01,-4.244642878254238916e+00,-5.398708106004861396e-01
1.123930139129336681e+01,-4.242922643491574775e+00,-5.404478629052801297e-01
1.124251262026230869e+01,-4.241205221257299485e+00,-5.410245967085862695e-01
1.124572384923124879e+01,-4.239489701131944344e+00,-5.416010036820927409e-01
1.124893507820018890e+01,-4.237775262061282078e+00,-5.421771293521323587e-01
1.125214630716913078e+01,-4.236061393704316558e+00,-5.427530601033611068e-01
1.125535753613807266e+01,-4.234348027868169773e+00,-5.433288993914675569e-01
1.125856876510701454e+01,-4.232635546983129160e+00,-5.439047400398371312e-01
1.126177999407595465e+01,-4.230924671952857707e+00,-5.444806403206490231e-01
1.126499122304489475e+01,-4.229216265026936483e+00,-5.450566101459327628e-01
1.126820245201383663e+01,-4.227511105165657312e+00,-5.456326105981222918e-01
1.127141368098277674e+01,-4.225809697950730026e+00,-5.462085661702809070e-01
1.127462490995171684e+01,-4.224112168910361120e+00,-5.467843856039731332e-01
1.127783613892065873e+01,-4.222418262820399448e+00,-5.473599850906503139e-01
1.128104736788960061e+01,-4.220727440383932105e+00,-5.479353073840805832e-01
1.128425859685854071e+01,-4.219039036992045411e+00,-5.485103320182336262e-01
1.128746982582748259e+01,-4.217352433592841621e+00,-5.490850747510664931e-01
1.129068105479642270e+01,-4.215667190679729615e+00,-5.496595776228573316e-01
1.129389228376536281e+01,-4.213983111840336804e+00,-5.502338936341789610e-01
1.129710351273430469e+01,-4.212300227678309028e+00,-5.508080712638498966e-01
1.130031474170324479e+01,-4.210618716277880758e+00,-5.513821435732294551e-01
1.130352597067218667e+01,-4.208938794837186137e+00,-5.519561247225902578e-01
1.130673719964112678e+01,-4.207260623248330056e+00,-5.525300140375349889e-01
1.130994842861006866e+01,-4.205584252906108489e+00,-5.531038051989599635e-01
1.131315965757901054e+01,-4.203909635887145058e+00,-5.536774965079701571e-01
1.131637088654795065e+01,-4.202236687139934368e+00,-5.542510979908534807e-01
1.131958211551689075e+01,-4.200565372975681555e+00,-5.548246323806417246e-01
1.132279334448583263e+01,-4.198895789298079606e+00,-5.553981292938600101e-01
1.132600457345477274e+01,-4.197228195856153476e+00,-5.559716144470407961e-01
1.132921580242371284e+01,-4.195562987423736345e+00,-5.565450976869558142e-01
1.133242703139265473e+01,-4.193900604475206073e+00,-5.571185642939375793e-01
1.133563826036159661e+01,-4.192241407618101157e+00,-5.576919732087357584e-01
1.133884948933053849e+01,-4.190585554652011879e+00,-5.582652637559807340e-01
1.134206071829947859e+01,-4.188932921687739785e+00,-5.588383697249458271e-01
1.134527194726841870e+01,-4.187283099030574718e+00,-5.594112371670725281e-01
1.134848317623736058e+01,-4.185635471387247009e+00,-5.599838407783379601e-01
1.135169440520630069e+01,-4.183989366577359981e+00,-5.605561937579041087e-01
1.135490563417524079e+01,-4.182344234944676664e+00,-5.611283476256477831e-01
1.135811686314418267e+01,-4.180699809865190630e+00,-5.617003812194204526e-01
1.136132809211312455e+01,-4.179056202043200052e+00,-5.622723812031561463e-01
1.136453932108206644e+01,-4.177413896493751722e+00,-5.628444189960378763e-01
1.136775055005100654e+01,-4.175773646970765363e+00,-5.634165303136917657e-01
1.137096177901994665e+01,-4.174136290977464192e+00,-5.639887030893133701e-01
1.137417300798888853e+01,-4.172502531415760885e+00,-5.645608774912997951e-01
1.137738423695782863e+01,-4.170872741860270239e+00,-5.651329586120918957e-01
1.138059546592676874e+01,-4.169246848140279127e+00,-5.657048390185303033e-01
1.138380669489571062e+01,-4.167624320333269239e+00,-5.662764256473359348e-01
1.138701792386465073e+01,-4.166004281279119148e+00,-5.668476642371133023e-01
1.139022915283359261e+01,-4.164385707712425777e+00,-5.674185549632395631e-01
1.139344038180253449e+01,-4.162767675972754766e+00,-5.679891550622016005e-01
1.139665161077147459e+01,-4.161149592239707040e+00,-5.685595674418046919e-01
1.139986283974041470e+01,-4.159531350335983646e+00,-5.691299177420956479e-01
1.140307406870935658e+01,-4.157913377369912844e+00,-5.697003251586331141e-01
1.140628529767829669e+01,-4.156296554299348855e+00,-5.702708738668463839e-01
1.140949652664723857e+01,-4.154682028083994894e+00,-5.708415917504198189e-01
1.141270775561617867e+01,-4.153070957230498905e+00,-5.714124414201001700e-01
1.141591898458512055e+01,-4.151464247421882803e+00,-5.719833256757798079e-01
1.141913021355406244e+01,-4.149862335531461000e+00,-5.725541063206077697e-01
1.142234144252300254e+01,-4.148265068933813637e+00,-5.731246323403746956e-01
1.142555267149194265e+01,-4.146671705904548588e+00,-5.736947715398287295e-01
1.142876390046088453e+01,-4.145081037242892563e+00,-5.742644391357513145e-01
1.143197512942982463e+01,-4.143491604791210037e+00,-5.748336175764906519e-01
1.143518635839876474e+01,-4.141901974172489176e+00,-5.754023637268168567e-01
1.143839758736770662e+01,-4.140311009931331832e+00,-5.759708020647054116e-01
1.144160881633664673e+01,-4.138718102251266018e+00,-5.765391051507939846e-01
1.144482004530559038e+01,-4.137123304400456725e+00,-5.771074648691698616e-01
1.144803127427453049e+01,-4.135527356452733727e+00,-5.776760594525247594e-01
1.145124250324347059e+01,-4.133931590382128540e+00,-5.782450219197800001e-01
1.145445373221241248e+01,-4.132337731095399924e+00,-5.788144152575562806e-01
1.145766496118135258e+01,-4.130747624598773982e+00,-5.793842185807764888e-01
1.146087619015029269e+01,-4.129162936238261139e+00,-5.799543268047940847e-01
1.146408741911923457e+01,-4.127584867462472218e+00,-5.805245642878572587e-01
1.146729864808817467e+01,-4.126013938124674318e+00,-5.810947107186065219e-01
1.147050987705711833e+01,-4.124449872895463720e+00,-5.816645355050401589e-01
1.147372110602605844e+01,-4.122891615540767773e+00,-5.822338353536093969e-01
1.147693233499499854e+01,-4.121337475155172569e+00,-5.828024688813905341e-01
1.148014356396394042e+01,-4.119785386425165896e+00,-5.833703821979211446e-01
1.148335479293288053e+01,-4.118233245010690879e+00,-5.839376205321378244e-01
1.148656602190182063e+01,-4.116679263043731218e+00,-5.845043231012078122e-01
1.148977725087076251e+01,-4.115122282198219850e+00,-5.850707012560397713e-01
1.149298847983970262e+01,-4.113561985339137195e+00,-5.856370030330545484e-01
1.149619970880864450e+01,-4.111998963020355724e+00,-5.862034700044492785e-01
1.149941093777758638e+01,-4.110434616228504368e+00,-5.867702941466901301e-01
1.150262216674652649e+01,-4.108870907494369007e+00,-5.873375828643498942e-01
1.150583339571546659e+01,-4.107310002798982396e+00,-5.879053391004829265e-01
1.150904462468440848e+01,-4.105753870065965927e+00,-5.884734607677069018e-01
1.151225585365334858e+01,-4.104203910946409017e+00,-5.890417600291300015e-01
1.151546708262229046e+01,-4.102660698004980233e+00,-5.896099989936305352e-01
1.151867831159123057e+01,-4.101123869606634997e+00,-5.901779350185279993e-01
1.152188954056017067e+01,-4.099592203586863270e+00,-5.907453667924416063e-01
1.152510076952911433e+01,-4.098063854723292820e+00,-5.913121721778780149e-01
1.152831199849805444e+01,-4.096536707955283241e+00,-5.918783304958705749e-01
1.153152322746699454e+01,-4.095008776492123026e+00,-5.924439251685570396e-01
1.153473445643593642e+01,-4.093478566360385429e+00,-5.930091266817902884e-01
1.153794568540487653e+01,-4.091945337994793874e+00,-5.935741597882309151e-01
1.154115691437381663e+01,-4.090409218758483512e+00,-5.941392618762044719e-01
1.154436814334275851e+01,-4.088871152170999501e+00,-5.947046408578658960e-01
1.154757937231169862e+01,-4.087332702747119129e+00,-5.952704405443318691e-01
1.155079060128064228e+01,-4.085795762410696419e+00,-5.958367194659827115e-01
1.155400183024958238e+01,-4.084262219986257492e+00,-5.964034460144405081e-01
1.155721305921852249e+01,-4.082733656871392114e+00,-5.969705093855257605e-01
1.156042428818746437e+01,-4.081211120643429169e+00,-5.975377428538732882e-01
1.156363551715640448e+01,-4.079695007914009963e+00,-5.981049539949442329e-01
1.156684674612534458e+01,-4.078185063725317860e+00,-5.986719558703981203e-01
1.157005797509428646e+01,-4.076680482801880778e+00,-5.992385938504972698e-01
1.157326920406322657e+01,-4.075180082362596323e+00,-5.998047643230569603e-01
1.157648043303217023e+01,-4.073682509093393023e+00,-6.003704235360327601e-01
1.157969166200111033e+01,-4.072186444028184304e+00,-6.009355867381543925e-01
1.158290289097005044e+01,-4.070690776334568994e+00,-6.015003192430087298e-01
1.158611411993899232e+01,-4.069194727254995314e+00,-6.020647218723378380e-01
1.158932534890793242e+01,-4.067697915754299842e+00,-6.026289134649396306e-01
1.159253657787687253e+01,-4.066200365782202120e+00,-6.031930129441621657e-01
1.159574780684581441e+01,-4.064702460830572406e+00,-6.037571230431445501e-01
1.159895903581475451e+01,-4.063204855167017016e+00,-6.043213173687852491e-01
1.160217026478369462e+01,-4.061708353845574493e+00,-6.048856321116031776e-01
1.160538149375263828e+01,-4.060213776244582462e+00,-6.054500633354500394e-01
1.160859272272157838e+01,-4.058721820610713849e+00,-6.060145703003051443e-01
1.161180395169051849e+01,-4.057232949096564845e+00,-6.065790845890810523e-01
1.161501518065946037e+01,-4.055747312602176358e+00,-6.071435239226024017e-01
1.161822640962840048e+01,-4.054264730908531789e+00,-6.077078085840236232e-01
1.162143763859734236e+01,-4.052784735454247667e+00,-6.082718775800525224e-01
1.162464886756628246e+01,-4.051306670374917651e+00,-6.088357013318120847e-01
1.162786009653522257e+01,-4.049829834344808255e+00,-6.093992880438952042e-01
1.163107132550416623e+01,-4.048353634666909784e+00,-6.099626820142908246e-01
1.163428255447310633e+01,-4.046877719447540045e+00,-6.105259538638797556e-01
1.163749378344204644e+01,-4.045402056074627772e+00,-6.110891846086480284e-01
1.164070501241098832e+01,-4.043926935120651933e+00,-6.116524471631961113e-01
1.164391624137992842e+01,-4.042452896277652030e+00,-6.122157897498305967e-01
1.164712747034886853e+01,-4.040980592861670218e+00,-6.127792254569141006e-01
1.165033869931781041e+01,-4.039510628452812391e+00,-6.133427307946044404e-01
1.165354992828675051e+01,-4.038043408302564252e+00,-6.139062538230725119e-01
1.165676115725569240e+01,-4.036579046020552397e+00,-6.144697298484329551e-01
1.165997238622463428e+01,-4.035117352507865185e+00,-6.150331005046887345e-01
1.166318361519357438e+01,-4.033657912196289885e+00,-6.155963309150116469e-01
1.166639484416251626e+01,-4.032200227106626400e+00,-6.161594199435709296e-01
1.166960607313145637e+01,-4.030743888939836594e+00,-6.167224003080966632e-01
1.167281730210039647e+01,-4.029288729460274610e+00,-6.172853281023746863e-01
1.167602853106933836e+01,-4.027834903285823387e+00,-6.178482643331653090e-01
1.167923976003827846e+01,-4.026382874516029275e+00,-6.184112535398316179e-01
1.168245098900721857e+01,-4.024933305124964278e+00,-6.189743056925517406e-01
1.168566221797616222e+01,-4.023486871537088838e+00,-6.195373869600178107e-01
1.168887344694510233e+01,-4.022044058158664726e+00,-6.201004226861051016e-01
1.169208467591404421e+01,-4.020604986097505495e+00,-6.206633125853991961e-01
1.169529590488298432e+01,-4.019169328524024642e+00,-6.212259546668023047e-01
1.169850713385192442e+01,-4.017736342306107211e+00,-6.217882717209360921e-01
1.170171836282086630e+01,-4.016305014273548579e+00,-6.223502331632729812e-01
1.170492959178980641e+01,-4.014874288276260472e+00,-6.229118659779451228e-01
1.170814082075874651e+01,-4.013443315229327624e+00,-6.234732512648967218e-01
1.171135204972769017e+01,-4.012011659710565503e+00,-6.240345067390601352e-01
1.171456327869663028e+01,-4.010579406372654532e+00,-6.245957594114470712e-01
1.171777450766557038e+01,-4.009147135296001530e+00,-6.251571155005453129e-01
1.172098573663451226e+01,-4.007715770599895144e+00,-6.257186355497621477e-01
1.172419696560345237e+01,-4.006286341451258615e+00,-6.262803214504230054e-01
1.172740819457239425e+01,-4.004859719213872182e+00,-6.268421188975906722e-01
1.173061942354133436e+01,-4.003436401691290669e+00,-6.274039345938245971e-01
1.173383065251027446e+01,-4.002016402860878230e+00,-6.279656634355383904e-01
1.173704188147921634e+01,-4.000599277390112896e+00,-6.285272181263119595e-01
1.174025311044815822e+01,-3.999184271576328609e+00,-6.290885529735915638e-01
1.174346433941709833e+01,-3.997770556749897786e+00,-6.296496752654555662e-01
1.174667556838604021e+01,-3.996357477818000437e+00,-6.302106411556156473e-01
1.174988679735498032e+01,-3.994944745351375559e+00,-6.307715374206473991e-01
1.175309802632392042e+01,-3.993532515902566082e+00,-6.313324545304485058e-01
1.175630925529286230e+01,-3.992121337665905934e+00,-6.318934590105641513e-01
1.175952048426180241e+01,-3.990711977986816539e+00,-6.324545733174981033e-01
1.176273171323074429e+01,-3.989305184266775495e+00,-6.330157692910118872e-01
1.176594294219968617e+01,-3.987901450220290300e+00,-6.335769772796042698e-01
1.176915417116862628e+01,-3.986500859004355135e+00,-6.341381083819599418e-01
1.177236540013756816e+01,-3.985103053173773002e+00,-6.346990832542636074e-01
1.177557662910650826e+01,-3.983707344560479147e+00,-6.352598587827444909e-01
1.177878785807544837e+01,-3.982312935437763102e+00,-6.358204442859352046e-01
1.178199908704439025e+01,-3.980919187777956392e+00,-6.363809017513537558e-01
1.178521031601333036e+01,-3.979525860323494868e+00,-6.369413291684395961e-01
1.178842154498227046e+01,-3.978133239067653815e+00,-6.375018310196530757e-01
1.179163277395121234e+01,-3.976742114603730727e+00,-6.380624839987478758e-01
1.179484400292015422e+01,-3.975353602325710334e+00,-6.386233078498193549e-01
1.179805523188909611e+01,-3.973968846917558473e+00,-6.391842502655616931e-01
1.180126646085803621e+01,-3.972588688061824413e+00,-6.397451912281678643e-01
1.180447768982697632e+01,-3.971213379416332234e+00,-6.403059669449318037e-01
1.180768891879591820e+01,-3.969842442724917486e+00,-6.408664080452515233e-01
1.181090014776485830e+01,-3.968474705507413880e+00,-6.414263824965804606e-01
1.181411137673379841e+01,-3.967108522737927689e+00,-6.419858319747921982e-01
1.181732260570274029e+01,-3.965742133164289918e+00,-6.425447917355142646e-01
1.182053383467168217e+01,-3.964374063100015277e+00,-6.431033880941552372e-01
1.182374506364062228e+01,-3.963003475272382392e+00,-6.436618133852405332e-01
1.182695629260956416e+01,-3.961630372257257449e+00,-6.442202841997505258e-01
1.183016752157850426e+01,-3.960255600410706567e+00,-6.447789931853206147e-01
1.183337875054744615e+01,-3.958880651529309347e+00,-6.453380665024168739e-01
1.183658997951638625e+01,-3.957507312048720305e+00,-6.458975376402890101e-01
1.183980120848532636e+01,-3.956137249259941147e+00,-6.464573440564299611e-01
1.184301243745426824e+01,-3.954771640027161528e+00,-6.470173471375194607e-01
1.184622366642321012e+01,-3.953410935444556351e+00,-6.475773698889264463e-01
1.184943489539215022e+01,-3.952054817991772939e+00,-6.481372421837181541e-01
1.185264612436109211e+01,-3.950702356003470417e+00,-6.486968415727958348e-01
1.185585735333003221e+01,-3.949352307666407658e+00,-6.492561190623801215e-01
1.185906858229897232e+01,-3.948003487535944434e+00,-6.498151035119845709e-01
1.186227981126791420e+01,-3.946655093309430207e+00,-6.503738842312264401e-01
1.186549104023685430e+01,-3.945306903354775407e+00,-6.509325773377732105e-01
1.186870226920579441e+01,-3.943959292673038242e+00,-6.514912858481871627e-01
1.187191349817473629e+01,-3.942613066317360193e+00,-6.520500651073312115e-01
1.187512472714367817e+01,-3.941269160683403605e+00,-6.526089035792638215e-01
1.187833595611262005e+01,-3.939928300416138285e+00,-6.531677246618188271e-01
1.188154718508156016e+01,-3.938590711683382928e+00,-6.537264092463050957e-01
1.188475841405050026e+01,-3.937255977634937398e+00,-6.542848328523760415e-01
1.188796964301944215e+01,-3.935923083002164535e+00,-6.548429069430156124e-01
1.189118087198838225e+01,-3.934590642526143434e+00,-6.554006126308042912e-01
1.189439210095732236e+01,-3.933257256423681181e+00,-6.559580168220074947e-01
1.189760332992626424e+01,-3.931921899418696853e+00,-6.565152654332546689e-01
1.190081455889520612e+01,-3.930584238033223432e+00,-6.570725544352921110e-01
1.190402578786414800e+01,-3.929244787233598935e+00,-6.576300854926149242e-01
1.190723701683308811e+01,-3.927904857985468734e+00,-6.581880172640894866e-01
1.191044824580202821e+01,-3.926566301176692697e+00,-6.587464248514801612e-01
1.191365947477097009e+01,-3.925231106524543989e+00,-6.593052780372485877e-01
1.191687070373991020e+01,-3.923900953509458223e+00,-6.598644443119497938e-01
1.192008193270885030e+01,-3.922576824993408540e+00,-6.604237164620039291e-01
1.192329316167779218e+01,-3.921258779453754784e+00,-6.609828582888566118e-01
1.192650439064673229e+01,-3.919945938567111376e+00,-6.615416574612638101e-01
1.192971561961567417e+01,-3.918636693404951465e+00,-6.620999727286124292e-01
1.193292684858461605e+01,-3.917329078531023079e+00,-6.626577641755603265e-01
1.193613807755355616e+01,-3.916021222554154413e+00,-6.632150994719667736e-01
1.193934930652249804e+01,-3.914711766323640596e+00,-6.637721350447617352e-01
1.194256053549143815e+01,-3.913400149942158457e+00,-6.643290772326492233e-01
1.194577176446037825e+01,-3.912086704040630636e+00,-6.648861332327347107e-01
1.194898299342932013e+01,-3.910772530131350511e+00,-6.654434638504260757e-01
1.195219422239826024e+01,-3.909459206550490062e+00,-6.660011492366239017e-01
1.195540545136720212e+01,-3.908148397515676553e+00,-6.665591752369460776e-01
1.195861668033614400e+01,-3.906841463263159842e+00,-6.671174426659327583e-01
1.196182790930508411e+01,-3.905539164728005552e+00,-6.676757961435438871e-01
1.196503913827402421e+01,-3.904241528877345768e+00,-6.682340645214305264e-01
1.196825036724296609e+01,-3.902947898361615486e+00,-6.687921024877171439e-01
1.197146159621190620e+01,-3.901657142851959748e+00,-6.693498231842963664e-01
1.197467282518084630e+01,-3.900367970998922296e+00,-6.699072144151809738e-01
1.197788405414978818e+01,-3.899079260577984041e+00,-6.704643354635747565e-01
1.198109528311873007e+01,-3.897790324547310004e+00,-6.710212964770967403e-01
1.198430651208767195e+01,-3.896501051262597048e+00,-6.715782265671729201e-01
1.198751774105661205e+01,-3.895211891752194511e+00,-6.721352391979662499e-01
1.199072897002555216e+01,-3.893923706325236989e+00,-6.726924036067102319e-01
1.199394019899449404e+01,-3.892637516800000697e+00,-6.732497289915397864e-01
1.199715142796343414e+01,-3.891354231173087541e+00,-6.738071646538076331e-01
1.200036265693237425e+01,-3.890074410350673695e+00,-6.743646151652382681e-01
1.200357388590131613e+01,-3.888798132076853875e+00,-6.749219660002190313e-01
1.200678511487025624e+01,-3.887524980134807073e+00,-6.754791127926267347e-01
1.200999634383919989e+01,-3.886254154771049851e+00,-6.760359869125560639e-01
1.201320757280814000e+01,-3.884984671311423998e+00,-6.765925713955971421e-01
1.201641880177708011e+01,-3.883715594914823654e+00,-6.771489039383418174e-01
1.201963003074602199e+01,-3.882446254179144240e+00,-6.777050669477980849e-01
1.202284125971496209e+01,-3.881176385024458941e+00,-6.782611676669009215e-01
1.202605248868390220e+01,-3.879906175693043302e+00,-6.788173134919175400e-01
1.202926371765284408e+01,-3.878636208314332645e+00,-6.793735883400110476e-01
1.203247494662178418e+01,-3.877367316076268278e+00,-6.799300352686925564e-01
1.203568617559072607e+01,-3.876100392303672315e+00,-6.804866487803807873e-01
1.203889740455966795e+01,-3.874836195414279594e+00,-6.810433778794642290e-01
1.204210863352860805e+01,-3.873575191142374585e+00,-6.816001385771428556e-01
1.204531986249754993e+01,-3.872317462332853122e+00,-6.821568326785023562e-01
1.204853109146649004e+01,-3.871062700409961810e+00,-6.827133686701628568e-01
1.205174232043543014e+01,-3.869810275325154425e+00,-6.832696804564659665e-01
1.205495354940437203e+01,-3.868559365991975252e+00,-6.838257404528456096e-01
1.205816477837331213e+01,-3.867309123402143278e+00,-6.843815648722175737e-01
1.206137600734225224e+01,-3.866058834831699542e+00,-6.849372106082951550e-01
1.206458723631119589e+01,-3.864808059525792316e+00,-6.854927646240005501e-01
1.206779846528013600e+01,-3.863556712812250993e+00,-6.860483279649072230e-01
1.207100969424907611e+01,-3.862305085138866279e+00,-6.866039973035196198e-01
1.207422092321801799e+01,-3.861053793439401804e+00,-6.871598472302472560e-01
1.207743215218695809e+01,-3.859803673093892051e+00,-6.877159163485798699e-01
1.208064338115589820e+01,-3.858555628356645784e+00,-6.882721996440953616e-01
1.208385461012484008e+01,-3.857310466403074400e+00,-6.888286486401754560e-01
1.208706583909378018e+01,-3.856068744059222286e+00,-6.893851796163558143e-01
1.209027706806272384e+01,-3.854830655893395797e+00,-6.899416887818836663e-01
1.209348829703166395e+01,-3.853595987057183425e+00,-6.904980719581162996e-01
1.209669952600060405e+01,-3.852364144119376110e+00,-6.910542452684997894e-01
1.209991075496954593e+01,-3.851134263177055317e+00,-6.916101628166733128e-01
1.210312198393848604e+01,-3.849905378904374675e+00,-6.921658275552321493e-01
1.210633321290742614e+01,-3.848676623975554989e+00,-6.927212925928420972e-01
1.210954444187636803e+01,-3.847447418891631443e+00,-6.932766519599051769e-01
1.211275567084530813e+01,-3.846217610579353963e+00,-6.938320220588352072e-01
1.211596689981425179e+01,-3.844987525744851364e+00,-6.943875172074513991e-01
1.211917812878319189e+01,-3.843757921298164959e+00,-6.949432243156679068e-01
1.212238935775213200e+01,-3.842529836339531712e+00,-6.954991823490749292e-01
1.212560058672107388e+01,-3.841304373440173059e+00,-6.960553715575228395e-01
1.212881181569001399e+01,-3.840082455593600841e+00,-6.966117155104096792e-01
1.213202304465895409e+01,-3.838864614124946062e+00,-6.971680961417251465e-01
1.213523427362789597e+01,-3.837650858875120807e+00,-6.977243788991402962e-01
1.213844550259683608e+01,-3.836440665023119756e+00,-6.982804424779484043e-01
1.214165673156577618e+01,-3.835233084262992698e+00,-6.988362062082175141e-01
1.214486796053471984e+01,-3.834026957821583537e+00,-6.993916484025166636e-01
1.214807918950365995e+01,-3.832821182520925518e+00,-6.999468109140996042e-01
1.215129041847260005e+01,-3.831614965798031847e+00,-7.005017884083281077e-01
1.215450164744154193e+01,-3.830408005918731540e+00,-7.010567046479808662e-01
1.215771287641048204e+01,-3.829200550348794696e+00,-7.016116814772941357e-01
1.216092410537942392e+01,-3.827993314865094199e+00,-7.021668082540966083e-01
1.216413533434836403e+01,-3.826787281373580374e+00,-7.027221196177432239e-01
1.216734656331730413e+01,-3.825583424515554665e+00,-7.032775875663771492e-01
1.217055779228624779e+01,-3.824382437380232425e+00,-7.038331302639505571e-01
1.217376902125518789e+01,-3.823184529154934452e+00,-7.043886356744640809e-01
1.217698025022412800e+01,-3.821989350954366760e+00,-7.049439941401086651e-01
1.218019147919306988e+01,-3.820796074028508293e+00,-7.054991314483998188e-01
1.218340270816200999e+01,-3.819603604962457766e+00,-7.060540335042695403e-01
1.218661393713095009e+01,-3.818410885560699075e+00,-7.066087556270582715e-01
1.218982516609989197e+01,-3.817217200710960601e+00,-7.071634133061358574e-01
1.219303639506883208e+01,-3.816022412509987305e+00,-7.077181560282278516e-01
1.219624762403777396e+01,-3.814827055238337206e+00,-7.082731303045144422e-01
1.219945885300671584e+01,-3.813632259741654096e+00,-7.088284410804832625e-01
1.220267008197565595e+01,-3.812439518994679588e+00,-7.093841214642698789e-01
1.220588131094459783e+01,-3.811250348032358293e+00,-7.099401189034594273e-01
1.220909253991353793e+01,-3.810065920204561696e+00,-7.104963019862090556e-01
1.221230376888247804e+01,-3.808886770119858767e+00,-7.110524869205330223e-01
1.221551499785141992e+01,-3.807712639149343214e+00,-7.116084777569102737e-01
1.221872622682036003e+01,-3.806542505339847171e+00,-7.121641108482801297e-01
1.222193745578930013e+01,-3.805374794506305669e+00,-7.127192928186464327e-01
1.222514868475824379e+01,-3.804207724518347433e+00,-7.132740227689654544e-01
1.222835991372718389e+01,-3.803039701715137610e+00,-7.138283932311383362e-01
1.223157114269612578e+01,-3.801869675342111510e+00,-7.143825695369765416e-01
1.223478237166506588e+01,-3.800697366136620570e+00,-7.149367524999132861e-01
1.223799360063400599e+01,-3.799523315988681649e+00,-7.154911333035481880e-01
1.224120482960294787e+01,-3.798348749080466380e+00,-7.160458512697487343e-01
1.224441605857188797e+01,-3.797175280087103477e+00,-7.166009643309123600e-01
1.224762728754082808e+01,-3.796004540703680874e+00,-7.171564388157058989e-01
1.225083851650977174e+01,-3.794837813388862280e+00,-7.177121604218070772e-01
1.225404974547871184e+01,-3.793675756968691193e+00,-7.182679631960490196e-01
1.225726097444765195e+01,-3.792518284370969273e+00,-7.188236692153202601e-01
1.226047220341659383e+01,-3.791364614929635835e+00,-7.193791294288841565e-01
1.226368343238553393e+01,-3.790213482122299915e+00,-7.199342562451938043e-01
1.226689466135447582e+01,-3.789063442462617282e+00,-7.204890407842934330e-01
1.227010589032341592e+01,-3.787913210645132978e+00,-7.210435515962188013e-01
1.227331711929235603e+01,-3.786761944016731718e+00,-7.215979160549493843e-01
1.227652834826129791e+01,-3.785609415345335904e+00,-7.221522895001044606e-01
1.227973957723023979e+01,-3.784456041717387365e+00,-7.227068196439930814e-01
1.228295080619917989e+01,-3.783302771528048059e+00,-7.232616143246050067e-01
1.228616203516812178e+01,-3.782150862619264586e+00,-7.238167193868846327e-01
1.228937326413706188e+01,-3.781001605817633227e+00,-7.243721107745351162e-01
1.229258449310600199e+01,-3.779856055564971840e+00,-7.249277015557382686e-01
1.229579572207494387e+01,-3.778714822757084590e+00,-7.254833614053900481e-01
1.229900695104388397e+01,-3.777577967294855732e+00,-7.260389437101356647e-01
1.230221818001282585e+01,-3.776445004311020259e+00,-7.265943143594277842e-01
1.230542940898176774e+01,-3.775315014289833293e+00,-7.271493765100129902e-01
1.230864063795070784e+01,-3.774186828260646109e+00,-7.277040869361903752e-01
1.231185186691964972e+01,-3.773059248030201651e+00,-7.282584615798030070e-01
1.231506309588858983e+01,-3.771931258968273859e+00,-7.288125701045110594e-01
1.231827432485752993e+01,-3.770802198203437872e+00,-7.293665212079707416e-01
1.232148555382647181e+01,-3.769671851997229428e+00,-7.299204418592641908e-01
1.232469678279541192e+01,-3.768540469871401122e+00,-7.304744543736779727e-01
1.232790801176435203e+01,-3.767408697300229647e+00,-7.310286553147514743e-01
1.233111924073329568e+01,-3.766277441552061678e+00,-7.315830997124221913e-01
1.233433046970223579e+01,-3.765147695272164530e+00,-7.321377931297700092e-01
1.233754169867117767e+01,-3.764020348763981172e+00,-7.326926928296663144e-01
1.234075292764011778e+01,-3.762896023977256199e+00,-7.332477178220742076e-01
1.234396415660905788e+01,-3.761774960432121340e+00,-7.338027660705062072e-01
1.234717538557799976e+01,-3.760656975486618592e+00,-7.343577358004752531e-01
1.235038661454693987e+01,-3.759541508918972763e+00,-7.349125469194244253e-01
1.235359784351587997e+01,-3.758427746148532478e+00,-7.354671582650310624e-01
1.235680907248482185e+01,-3.757314798066265116e+00,-7.360215769224600635e-01
1.236002030145376374e+01,-3.756201901750477301e+00,-7.365758572268730209e-01
1.236323153042270384e+01,-3.755088598859889437e+00,-7.371300891318106618e-01
1.236644275939164572e+01,-3.753974850001146280e+00,-7.376843780030759579e-01
1.236965398836058583e+01,-3.752861054866296620e+00,-7.382388200604055317e-01
1.237286521732952771e+01,-3.751747967981930110e+00,-7.387934790656127682e-01
1.237607644629846781e+01,-3.750636524537588556e+00,-7.393483699918360630e-01
1.237928767526740792e+01,-3.749527614175552692e+00,-7.399034541164478673e-01
1.238249890423634980e+01,-3.748421856566789501e+00,-7.404586474335344004e-01
1.238571013320529168e+01,-3.747319436062535036e+00,-7.410138410185582725e-01
1.238892136217423179e+01,-3.746220041523139699e+00,-7.415689287937512475e-01
1.239213259114317367e+01,-3.745122933203470783e+00,-7.421238358979381777e-01
1.239534382011211378e+01,-3.744027126681550133e+00,-7.426785402456586027e-01
1.239855504908105388e+01,-3.742931652231713091e+00,-7.432330811699918716e-01
1.240176627804999576e+01,-3.741835825346308653e+00,-7.437875520775379945e-01
1.240497750701893587e+01,-3.740739457118275713e+00,-7.443420781057320523e-01
1.240818873598787775e+01,-3.739642944901478305e+00,-7.448967838289277665e-01
1.241139996495681785e+01,-3.738547212095645556e+00,-7.454517590060114607e-01
1.241461119392575974e+01,-3.737453504338691168e+00,-7.460070313290528832e-01
1.241782242289470162e+01,-3.736363087934453819e+00,-7.465625537440602200e-01
1.242103365186364172e+01,-3.735276924517905162e+00,-7.471182104250331246e-01
1.242424488083258183e+01,-3.734195405598321749e+00,-7.476738407380713047e-01
1.242745610980152371e+01,-3.733118218284191769e+00,-7.482292757664317229e-01
1.243066733877046381e+01,-3.732044381646325348e+00,-7.487843784726816443e-01
1.243387856773940392e+01,-3.730972449752356201e+00,-7.493390773438682873e-01
1.243708979670834580e+01,-3.729900833807801241e+00,-7.498933848051620998e-01
1.244030102567728768e+01,-3.728828163873820323e+00,-7.504473954800003899e-01
1.244351225464622956e+01,-3.727753599231470982e+00,-7.510012645470982573e-01
1.244672348361516967e+01,-3.726677009105547000e+00,-7.515551716203088262e-01
1.244993471258410977e+01,-3.725598979065665617e+00,-7.521092793512688113e-01
1.245314594155305166e+01,-3.724520644067521591e+00,-7.526636972862277286e-01
1.245635717052199176e+01,-3.723443394414880370e+00,-7.532184600194058444e-01
1.245956839949093187e+01,-3.722368533524183398e+00,-7.537735247763676094e-01
1.246277962845987375e+01,-3.721296977331628675e+00,-7.543287883084830447e-01
1.246599085742881563e+01,-3.720229071584405744e+00,-7.548841178375682581e-01
1.246920208639775574e+01,-3.719164569066929715e+00,-7.554393871818082529e-01
1.247241331536669762e+01,-3.718102763773540875e+00,-7.559945081088651486e-01
1.247562454433563772e+01,-3.717042735921322283e+00,-7.565494486718731260e-01
1.247883577330457960e+01,-3.715983632652628987e+00,-7.571042342657390289e-01
1.248204700227351971e+01,-3.714924902357253256e+00,-7.576589322262726744e-01
1.248525823124245981e+01,-3.713866417386275209e+00,-7.582136255065161645e-01
1.248846946021140170e+01,-3.712808455288219012e+00,-7.587683839453931434e-01
1.249168068918034180e+01,-3.711751551983724529e+00,-7.593232420493714052e-01
1.249489191814928368e+01,-3.710696278670997383e+00,-7.598781899532326412e-01
1.249810314711822556e+01,-3.709643016406432015e+00,-7.604331800092448690e-01
1.250131437608716567e+01,-3.708591801766813578e+00,-7.609881465498286035e-01
1.250452560505610577e+01,-3.707542294063083776e+00,-7.615430322520780893e-01
1.250773683402504766e+01,-3.706493876204163485e+00,-7.620978124416369903e-01
1.251094806299398776e+01,-3.705445859083839721e+00,-7.626525092427479668e-01
1.251415929196292964e+01,-3.704397726054107221e+00,-7.632071905506314646e-01
1.251737052093186975e+01,-3.703349339820056318e+00,-7.637619534617481332e-01
1.252058174990081163e+01,-3.702301043464053532e+00,-7.643168966535336395e-01
1.252379297886975351e+01,-3.701253617771613769e+00,-7.648720897928419360e-01
1.252700420783869362e+01,-3.700208099741258749e+00,-7.654275492705537864e-01
1.253021543680763372e+01,-3.699165509508686167e+00,-7.659832280017323525e-01
1.253342666577657560e+01,-3.698126562245171556e+00,-7.665390231114488362e-01
1.253663789474551571e+01,-3.697091448946732584e+00,-7.670948001665419680e-01
1.253984912371445581e+01,-3.696059752841134305e+00,-7.676504277147643274e-01
1.254306035268339770e+01,-3.695030531024772635e+00,-7.682058126976578638e-01
1.254627158165233780e+01,-3.694002544407762212e+00,-7.687609267717712136e-01
1.254948281062128146e+01,-3.692974576453288194e+00,-7.693158158970738736e-01
1.255269403959022156e+01,-3.691945754872774099e+00,-7.698705900966917870e-01
1.255590526855916167e+01,-3.690915788088833693e+00,-7.704253957773936623e-01
1.255911649752810355e+01,-3.689885050743615391e+00,-7.709803778681739717e-01
1.256232772649704366e+01,-3.688854493536632528e+00,-7.715356419009669064e-01
1.256553895546598376e+01,-3.687825400654195285e+00,-7.720912262121040204e-01
1.256875018443492564e+01,-3.686799059487336105e+00,-7.726470916782185450e-01
1.257196141340386575e+01,-3.685776430660850256e+00,-7.732031316097466300e-01
1.257517264237280763e+01,-3.684757905294208769e+00,-7.737591989681967819e-01
1.257838387134174951e+01,-3.683743211555192243e+00,-7.743151434792105992e-01
1.258159510031068962e+01,-3.682731491307817517e+00,-7.748708487412047097e-01
1.258480632927963150e+01,-3.681721521818091425e+00,-7.754262597144686575e-01
1.258801755824857160e+01,-3.680712019878942698e+00,-7.759813938617574625e-01
1.259122878721751171e+01,-3.679701946481163333e+00,-7.765363338158371986e-01
1.259444001618645359e+01,-3.678690733926744727e+00,-7.770912044345640313e-01
1.259765124515539370e+01,-3.677678382045663774e+00,-7.776461410741352109e-01
1.260086247412433558e+01,-3.676665408088127585e+00,-7.782012578129857694e-01
1.260407370309327746e+01,-3.675652674707117207e+00,-7.787566237710095152e-01
1.260728493206221756e+01,-3.674641151002592920e+00,-7.793122528964574469e-01
1.261049616103115767e+01,-3.673631674890801335e+00,-7.798681085472185526e-01
1.261370739000009955e+01,-3.672624778504456788e+00,-7.804241200973237591e-01
1.261691861896903966e+01,-3.671620615207500826e+00,-7.809802058164425631e-01
1.262012984793798154e+01,-3.670618994987515205e+00,-7.815362951642577105e-01
1.262334107690692164e+01,-3.669619504328702320e+00,-7.820923445768258597e-01
1.262655230587586175e+01,-3.668621665964251655e+00,-7.826483433495170505e-01
1.262976353484480541e+01,-3.667625088321112337e+00,-7.832043094530224403e-01
1.263297476381374551e+01,-3.666629564203601532e+00,-7.837602780267381997e-01
1.263618599278268562e+01,-3.665635098831031335e+00,-7.843162870329049019e-01
1.263939722175162750e+01,-3.664641871295881259e+00,-7.848723647146365057e-01
1.264260845072056760e+01,-3.663650152972909524e+00,-7.854285222034504965e-01
1.264581967968950771e+01,-3.662660215653049001e+00,-7.859847524464239621e-01
1.264903090865844959e+01,-3.661672259318089928e+00,-7.865410343859403630e-01
1.265224213762738970e+01,-3.660686376861987501e+00,-7.870973397934792892e-01
1.265545336659633335e+01,-3.659702556227407477e+00,-7.876536397945167467e-01
1.265866459556527346e+01,-3.658720705978097065e+00,-7.882099089372546219e-01
1.266187582453421356e+01,-3.657740683599191467e+00,-7.887661262341568724e-01
1.266508705350315545e+01,-3.656762308973886544e+00,-7.893222742563210659e-01
1.266829828247209555e+01,-3.655785356809162057e+00,-7.898783383914657064e-01
1.267150951144103566e+01,-3.654809536336049547e+00,-7.904343083410407811e-01
1.267472074040997754e+01,-3.653834478060047353e+00,-7.909901828045791117e-01
1.267793196937891764e+01,-3.652859750322160259e+00,-7.915459764946005672e-01
1.268114319834785775e+01,-3.651884920635859899e+00,-7.921017268606794781e-01
1.268435442731680141e+01,-3.650909659980874800e+00,-7.926574969433062279e-01
1.268756565628574151e+01,-3.649933867984314073e+00,-7.932133711585872549e-01
1.269077688525468339e+01,-3.648957780723812050e+00,-7.937694426130347258e-01
1.269398811422362350e+01,-3.647982017700899249e+00,-7.943257933205882804e-01
1.269719934319256360e+01,-3.647007534188560385e+00,-7.948824715830047349e-01
1.270041057216150548e+01,-3.646035468699360571e+00,-7.954394727875575555e-01
1.270362180113044559e+01,-3.645066906841574639e+00,-7.959967301403781947e-01
1.270683303009938570e+01,-3.644102612974094324e+00,-7.965541200394520294e-01
1.271004425906832935e+01,-3.643142799806878607e+00,-7.971114831951454649e-01
1.271325548803726946e+01,-3.642187005943900324e+00,-7.976686581375419527e-01
1.271646671700620956e+01,-3.641234130057597884e+00,-7.982255196952917631e-01
1.271967794597515145e+01,-3.640282632036622612e+00,-7.987820126780694752e-01
1.272288917494409155e+01,-3.639330865828688033e+00,-7.993381712302570774e-01
1.272610040391303166e+01,-3.638377468650281887e+00,-7.998941173253244497e-01
1.272931163288197354e+01,-3.637421708981221080e+00,-8.004500370004584697e-01
1.273252286185091364e+01,-3.636463699169267372e+00,-8.010061388711525732e-01
1.273573409081985730e+01,-3.635504408399273579e+00,-8.015626045678412304e-01
1.273894531978879741e+01,-3.634545461411427425e+00,-8.021195434942059999e-01
1.274215654875773751e+01,-3.633588764772492485e+00,-8.026769638059088052e-01
1.274536777772667939e+01,-3.632636050193287502e+00,-8.032347677268353303e-01
1.274857900669561950e+01,-3.631688449630901427e+00,-8.037927731725702518e-01
1.275179023566455960e+01,-3.630746211858217887e+00,-8.043507567622061316e-01
1.275500146463350148e+01,-3.629808635298006347e+00,-8.049085075582803617e-01
1.275821269360244159e+01,-3.628874236124123520e+00,-8.054658778980101630e-01
1.276142392257138169e+01,-3.627941108945647031e+00,-8.060228183416213721e-01
1.276463515154032535e+01,-3.627007386761422314e+00,-8.065793879312592729e-01
1.276784638050926546e+01,-3.626071681365046206e+00,-8.071357375041847693e-01
1.277105760947820734e+01,-3.625133392113113029e+00,-8.076920709338916149e-01
1.277426883844714744e+01,-3.624192808010846534e+00,-8.082485949075542964e-01
1.277748006741608755e+01,-3.623250984929201834e+00,-8.088054706059754073e-01
1.278069129638502943e+01,-3.622309440384536394e+00,-8.093627796986354594e-01
1.278390252535396954e+01,-3.621369755668212065e+00,-8.099205127264272885e-01
1.278711375432290964e+01,-3.620433196148319155e+00,-8.104785815045900677e-01
1.279032498329185330e+01,-3.619500449929025976e+00,-8.110368505090089775e-01
1.279353621226079341e+01,-3.618571546593161159e+00,-8.115951772170184597e-01
1.279674744122973529e+01,-3.617645963300214262e+00,-8.121534494461036813e-01
1.279995867019867539e+01,-3.616722871321278010e+00,-8.127116093380180040e-01
1.280316989916761550e+01,-3.615801438007749002e+00,-8.132696581943841263e-01
1.280638112813655738e+01,-3.614881087969485485e+00,-8.138276424452179914e-01
1.280959235710549748e+01,-3.613961645423445113e+00,-8.143856267650610992e-01
1.281280358607443759e+01,-3.613043320942794345e+00,-8.149436640231652040e-01
1.281601481504337947e+01,-3.612126557014898154e+00,-8.155017723002115915e-01
1.281922604401232135e+01,-3.611211791939096472e+00,-8.160599265284513848e-01
1.282243727298126146e+01,-3.610299226789885907e+00,-8.166180673073949459e-01
1.282564850195020334e+01,-3.609388677871164131e+00,-8.171761237112118437e-01
1.282885973091914344e+01,-3.608479568308009089e+00,-8.177340422466210512e-01
1.283207095988808355e+01,-3.607571066395892423e+00,-8.182918120036607457e-01
1.283528218885702543e+01,-3.606662329632232655e+00,-8.188494771330762090e-01
1.283849341782596554e+01,-3.605752777401344034e+00,-8.194071317477676919e-01
1.284170464679490742e+01,-3.604842303548500659e+00,-8.199648979482552225e-01
1.284491587576384930e+01,-3.603931356534650021e+00,-8.205228931597190467e-01
1.284812710473278941e+01,-3.603020854709575893e+00,-8.210811966083305657e-01
1.285133833370173129e+01,-3.602111955322126580e+00,-8.216398253826437958e-01
1.285454956267067139e+01,-3.601205742393710274e+00,-8.221987278743171368e-01
1.285776079163961150e+01,-3.600302925908388296e+00,-8.227577972370516690e-01
1.286097202060855338e+01,-3.599403644043812633e+00,-8.233169013973054007e-01
1.286418324957749348e+01,-3.598507431043751037e+00,-8.238759209672331663e-01
1.286739447854643359e+01,-3.597613364228877675e+00,-8.244347837674700363e-01
1.287060570751537725e+01,-3.596720349253216042e+00,-8.249934854289113773e-01
1.287381693648431735e+01,-3.595827459601468767e+00,-8.255520895433924311e-01
1.287702816545325923e+01,-3.594934227882757849e+00,-8.261107069153392768e-01
1.288023939442219934e+01,-3.594040798810228310e+00,-8.266694598184782805e-01
1.288345062339113944e+01,-3.593147893714378593e+00,-8.272284418596252964e-01
1.288666185236008133e+01,-3.592256592447059305e+00,-8.277876856414737583e-01
1.288987308132902143e+01,-3.591367993985312257e+00,-8.283471483603480623e-01
1.289308431029796154e+01,-3.590482855243863902e+00,-8.289067203257436400e-01
1.289629553926690342e+01,-3.589601316799910791e+00,-8.294662546361643018e-01
1.289950676823584530e+01,-3.588722801195759260e+00,-8.300256098804849048e-01
1.290271799720478718e+01,-3.587846120567583785e+00,-8.305846936556559035e-01
1.290592922617372729e+01,-3.586969769673648667e+00,-8.311434941407618293e-01
1.290914045514266739e+01,-3.586092325711400797e+00,-8.317020901520427723e-01
1.291235168411160927e+01,-3.585212843748527334e+00,-8.322606361291509103e-01
1.291556291308054938e+01,-3.584331135871226426e+00,-8.328193256324508686e-01
1.291877414204948948e+01,-3.583447853692826257e+00,-8.333783430949077697e-01
1.292198537101843137e+01,-3.582564348637578000e+00,-8.339378169773298266e-01
1.292519659998737325e+01,-3.581682346596786637e+00,-8.344977871352972087e-01
1.292840782895631335e+01,-3.580803525201184279e+00,-8.350581952271770581e-01
1.293161905792525523e+01,-3.579929108272707605e+00,-8.356189005408058978e-01
1.293483028689419534e+01,-3.579059585698662449e+00,-8.361797165669196952e-01
1.293804151586313544e+01,-3.578194630253626496e+00,-8.367404580285005000e-01
1.294125274483207733e+01,-3.577333226812117850e+00,-8.373009854722734957e-01
1.294446397380101743e+01,-3.576473970418966974e+00,-8.378612356250961790e-01
1.294767520276995931e+01,-3.575615444804824961e+00,-8.384212301093748598e-01
1.295088643173889942e+01,-3.574756574665713060e+00,-8.389810614433891311e-01
1.295409766070784130e+01,-3.573896857807849159e+00,-8.395408616368920107e-01
1.295730888967678318e+01,-3.573036422321122618e+00,-8.401007632775970846e-01
1.296052011864572329e+01,-3.572175906924643929e+00,-8.406608645209043829e-01
1.296373134761466339e+01,-3.571316213434795550e+00,-8.412212075209379858e-01
1.296694257658360527e+01,-3.570458214020681531e+00,-8.417817752712637436e-01
1.297015380555254538e+01,-3.569602503234039936e+00,-8.423425060371282358e-01
1.297336503452148548e+01,-3.568749264701602364e+00,-8.429033193509308797e-01
1.297657626349042737e+01,-3.567898282172254465e+00,-8.434641444648753872e-01
1.297978749245936925e+01,-3.567049077532882251e+00,-8.440249420592994545e-01
1.298299872142831113e+01,-3.566201119334423630e+00,-8.445857127948159793e-01
1.298620995039725123e+01,-3.565354026232452345e+00,-8.451464909806876147e-01
1.298942117936619134e+01,-3.564507695875615667e+00,-8.457073266562358249e-01
1.299263240833513322e+01,-3.563662318385636407e+00,-8.462682631255946664e-01
1.299584363730407333e+01,-3.562818274787807216e+00,-8.468293182725074031e-01
1.299905486627301343e+01,-3.561975960840228161e+00,-8.473904764437902859e-01
1.300226609524195531e+01,-3.561135602497896180e+00,-8.479516938764048994e-01
1.300547732421089719e+01,-3.560297132313858803e+00,-8.485129158346143008e-01
1.300868855317983730e+01,-3.559460175424964845e+00,-8.490740994199046376e-01
1.301189978214877918e+01,-3.558624156128096239e+00,-8.496352338215108491e-01
1.301511101111771929e+01,-3.557788493741420144e+00,-8.501963503472871331e-01
1.301832224008666117e+01,-3.556952823444792688e+00,-8.507575177778162745e-01
1.302153346905560127e+01,-3.556117165279724546e+00,-8.513188234270471222e-01
1.302474469802454138e+01,-3.555281977219624689e+00,-8.518803452250196528e-01
1.302795592699348326e+01,-3.554448062911665041e+00,-8.524421235504445749e-01
1.303116715596242337e+01,-3.553616350915438815e+00,-8.530041422657757000e-01
1.303437838493136525e+01,-3.552787605602607535e+00,-8.535663261019164061e-01
1.303758961390030713e+01,-3.551962156390255476e+00,-8.541285568112080284e-01
1.304080084286924723e+01,-3.551139732565538942e+00,-8.546907047454588291e-01
1.304401207183818734e+01,-3.550319464336887165e+00,-8.552526674770728476e-01
1.304722330080712922e+01,-3.549500064018909384e+00,-8.558144043540312218e-01
1.305043452977606933e+01,-3.548680147922427253e+00,-8.563759563900006366e-01
1.305364575874501121e+01,-3.547858615480464106e+00,-8.569374446061610584e-01
1.305685698771395131e+01,-3.547034980923118308e+00,-8.574990458587340436e-01
1.306006821668289319e+01,-3.546209561436867830e+00,-8.580609516173828277e-01
1.306327944565183508e+01,-3.545383462492411208e+00,-8.586233202259656583e-01
1.306649067462077518e+01,-3.544558355834612762e+00,-8.591862353676055220e-01
1.306970190358971529e+01,-3.543736102962629531e+00,-8.597496820817477348e-01
1.307291313255865717e+01,-3.542918320330397108e+00,-8.603135470866355439e-01
1.307612436152759727e+01,-3.542105999430356533e+00,-8.608776436308394064e-01
1.307933559049653738e+01,-3.541299280467671728e+00,-8.614417544819387151e-01
1.308254681946547926e+01,-3.540497436629720163e+00,-8.620056818329626669e-01
1.308575804843441936e+01,-3.539699068967536721e+00,-8.625692912182629790e-01
1.308896927740336302e+01,-3.538902455873824238e+00,-8.631325384169469261e-01
1.309218050637230313e+01,-3.538105961821645273e+00,-8.636954731895355453e-01
1.309539173534124323e+01,-3.537308398101138174e+00,-8.642582201026771660e-01
1.309860296431018511e+01,-3.536509246350076907e+00,-8.648209427960987794e-01
1.310181419327912522e+01,-3.535708697608392903e+00,-8.653838021201056829e-01
1.310502542224806533e+01,-3.534907512606993762e+00,-8.659469195394231544e-01
1.310823665121700721e+01,-3.534106757405215404e+00,-8.665103549153237994e-01
1.311144788018594731e+01,-3.533307498579052464e+00,-8.670741030515185521e-01
1.311465910915488919e+01,-3.532510546091947923e+00,-8.676381077163611844e-01
1.311787033812383108e+01,-3.531716309960875932e+00,-8.682022869512495689e-01
1.312108156709277118e+01,-3.530924796807433541e+00,-8.687665607596379846e-01
1.312429279606171306e+01,-3.530135727392691880e+00,-8.693308724421648925e-01
1.312750402503065317e+01,-3.529348720287636354e+00,-8.698951976945065168e-01
1.313071525399959327e+01,-3.528563470602978480e+00,-8.704595400942745087e-01
1.313392648296853515e+01,-3.527779860354546937e+00,-8.710239162747693831e-01
1.313713771193747526e+01,-3.526997965113500833e+00,-8.715883374206612189e-01
1.314034894090641714e+01,-3.526217960282858055e+00,-8.721527946952979393e-01
1.314356016987535902e+01,-3.525439966726629848e+00,-8.727172545716568308e-01
1.314677139884429913e+01,-3.524663897640172738e+00,-8.732816663814298996e-01
1.314998262781323923e+01,-3.523889369339462618e+00,-8.738459799531335115e-01
1.315319385678218111e+01,-3.523115717886073028e+00,-8.744101674548964143e-01
1.315640508575112122e+01,-3.522342127944444012e+00,-8.749742417359919200e-01
1.315961631472006310e+01,-3.521567841544960942e+00,-8.755382641931083176e-01
1.316282754368900321e+01,-3.520792385135993463e+00,-8.761023382726925712e-01
1.316603877265794331e+01,-3.520015743150315402e+00,-8.766665892019391837e-01
1.316925000162688697e+01,-3.519238418971393223e+00,-8.772311350052124368e-01
1.317246123059582708e+01,-3.518461356136513452e+00,-8.777960568857710033e-01
1.317567245956476718e+01,-3.517685734196903447e+00,-8.783613776479634039e-01
1.317888368853370906e+01,-3.516912692060167434e+00,-8.789270547658150079e-01
1.318209491750264917e+01,-3.516143054900578768e+00,-8.794929905620082478e-01
1.318530614647158927e+01,-3.515377141439216757e+00,-8.800590569882674741e-01
1.318851737544053115e+01,-3.514614706063493799e+00,-8.806251282036569039e-01
1.319172860440947126e+01,-3.513855031450900501e+00,-8.811911118435384882e-01
1.319493983337841492e+01,-3.513097143742733408e+00,-8.817569702684079358e-01
1.319815106234735502e+01,-3.512340087050570325e+00,-8.823227260653256909e-01
1.320136229131629513e+01,-3.511583177809959988e+00,-8.828884507426733030e-01
1.320457352028523701e+01,-3.510826167067083059e+00,-8.834542404956124972e-01
1.320778474925417711e+01,-3.510069267758384903e+00,-8.840201866300926303e-01
1.321099597822311722e+01,-3.509313045459370173e+00,-8.845863496022683403e-01
1.321420720719205910e+01,-3.508558212212227634e+00,-8.851527442634222753e-01
1.321741843616099921e+01,-3.507805391321159316e+00,-8.857193402443159780e-01
1.322062966512994109e+01,-3.507054927879092787e+00,-8.862860766143569879e-01
1.322384089409888297e+01,-3.506306803349605872e+00,-8.868528855029136349e-01
1.322705212306782308e+01,-3.505560678075289704e+00,-8.874197166499235845e-01
1.323026335203676496e+01,-3.504816043981975771e+00,-8.879865546973970680e-01
1.323347458100570506e+01,-3.504072434054563256e+00,-8.885534234813475818e-01
1.323668580997464517e+01,-3.503329616592262941e+00,-8.891203758633182686e-01
1.323989703894358705e+01,-3.502587706707269266e+00,-8.896874724083290165e-01
1.324310826791252715e+01,-3.501847153752452257e+00,-8.902547559699168778e-01
1.324631949688146726e+01,-3.501108603294778465e+00,-8.908222307880201418e-01
1.324953072585041092e+01,-3.500372673491626951e+00,-8.913898535248667709e-01
1.325274195481935102e+01,-3.499639715339840862e+00,-8.919575400831876166e-01
1.325595318378829113e+01,-3.498909634761815823e+00,-8.925251871444634943e-01
1.325916441275723301e+01,-3.498181838777899344e+00,-8.930927026309607442e-01
1.326237564172617311e+01,-3.497455332402883865e+00,-8.936600362016675625e-01
1.326558687069511500e+01,-3.496728947867357107e+00,-8.942272004260939378e-01
1.326879809966405510e+01,-3.496001646801543572e+00,-8.947942756434558165e-01
1.327200932863299521e+01,-3.495272811595913076e+00,-8.953613960562952778e-01
1.327522055760193886e+01,-3.494542441927981358e+00,-8.959287200105786608e-01
1.327843178657087897e+01,-3.493811196931218443e+00,-8.964963920876183323e-01
1.328164301553981907e+01,-3.493080265837415599e+00,-8.970645071855355424e-01
1.328485424450876096e+01,-3.492351097953808825e+00,-8.976330864240551488e-01
1.328806547347770106e+01,-3.491625062592327300e+00,-8.982020715398024713e-01
1.329127670244664117e+01,-3.490903129476142119e+00,-8.987713393522721583e-01
1.329448793141558305e+01,-3.490185654426756656e+00,-8.993407323384988716e-01
1.329769916038452315e+01,-3.489472325477881220e+00,-8.999100969523367022e-01
1.330091038935346326e+01,-3.488762279619044282e+00,-9.004793193189528644e-01
1.330412161832240692e+01,-3.488054353159309340e+00,-9.010483488793015194e-01
1.330733284729134702e+01,-3.487347392771167787e+00,-9.016172041455410291e-01
1.331054407626028890e+01,-3.486640539745407441e+00,-9.021859598883104070e-01
1.331375530522922901e+01,-3.485933410642317209e+00,-9.027547203017199928e-01
1.331696653419816911e+01,-3.485226129788963512e+00,-9.033235864786359759e-01
1.332017776316711100e+01,-3.484519213175477859e+00,-9.038926278178258666e-01
1.332338899213605110e+01,-3.483813346225059782e+00,-9.044618654612966990e-01
1.332660022110499121e+01,-3.483109127243408487e+00,-9.050312720335551564e-01
1.332981145007393486e+01,-3.482406855897748787e+00,-9.056007869924238562e-01
1.333302267904287497e+01,-3.481706430161546351e+00,-9.061703422762965587e-01
1.333623390801181685e+01,-3.481007380982217292e+00,-9.067398899870628970e-01
1.333944513698075696e+01,-3.480309031887375504e+00,-9.073094234040974815e-01
1.334265636594969706e+01,-3.479610733294355551e+00,-9.078789847581584249e-01
1.334586759491863894e+01,-3.478912099269995561e+00,-9.084486572288785755e-01
1.334907882388757905e+01,-3.478213174014820552e+00,-9.090185433525241887e-01
1.335229005285651915e+01,-3.477514476146683187e+00,-9.095887360526964116e-01
1.335550128182546281e+01,-3.476816904518243323e+00,-9.101592906839744979e-01
1.335871251079440292e+01,-3.476121529278959343e+00,-9.107302062154988276e-01
1.336192373976334302e+01,-3.475429324667472564e+00,-9.113014211010249666e-01
1.336513496873228490e+01,-3.474740916437954574e+00,-9.118728252653006683e-01
1.336834619770122501e+01,-3.474056412627904322e+00,-9.124442851787801789e-01
1.337155742667016689e+01,-3.473375363258395687e+00,-9.130156754483311765e-01
1.337476865563910700e+01,-3.472696859461342100e+00,-9.135869086775778580e-01
1.337797988460804710e+01,-3.472019745477651576e+00,-9.141579559473074212e-01
1.338119111357698898e+01,-3.471342888130272808e+00,-9.147288528902483007e-01
1.338440234254593086e+01,-3.470665435206264249e+00,-9.152996901948158293e-01
1.338761357151487097e+01,-3.469986999499651947e+00,-9.158705913791360675e-01
1.339082480048381285e+01,-3.469307726722035579e+00,-9.164416837582337605e-01
1.339403602945275296e+01,-3.468628236516562158e+00,-9.170130699242106109e-01
1.339724725842169306e+01,-3.467949457708098926e+00,-9.175848065125183917e-01
1.340045848739063494e+01,-3.467272403367150257e+00,-9.181568948133215224e-01
1.340366971635957505e+01,-3.466597942551213229e+00,-9.187292846010832736e-01
1.340688094532851515e+01,-3.465926621944174890e+00,-9.193018892894591065e-01
1.341009217429745881e+01,-3.465258574325218000e+00,-9.198746080021211746e-01
1.341330340326639892e+01,-3.464593527178765342e+00,-9.204473489354809690e-01
1.341651463223534080e+01,-3.463930900413355829e+00,-9.210200486343252946e-01
1.341972586120428090e+01,-3.463269963081192060e+00,-9.215926832750256370e-01
1.342293709017322101e+01,-3.462610009061175997e+00,-9.221652702448751571e-01
1.342614831914216289e+01,-3.461950511943956865e+00,-9.227378606073758371e-01
1.342935954811110300e+01,-3.461291228243272844e+00,-9.233105249107350643e-01
1.343257077708004310e+01,-3.460632232188167290e+00,-9.238833358880629287e-01
1.343578200604898498e+01,-3.459973880800385260e+00,-9.244563518176611705e-01
1.343899323501792686e+01,-3.459316721368930647e+00,-9.250296037818519501e-01
1.344220446398686875e+01,-3.458661362706811460e+00,-9.256030890349288276e-01
1.344541569295580885e+01,-3.458008336031098473e+00,-9.261767714455524381e-01
1.344862692192474896e+01,-3.457357971346084913e+00,-9.267505887459465130e-01
1.345183815089369084e+01,-3.456710311731828078e+00,-9.273244652435808089e-01
1.345504937986263094e+01,-3.456065081830223207e+00,-9.278983278025417780e-01
1.345826060883157105e+01,-3.455421718697619049e+00,-9.284721223232883514e-01
1.346147183780051293e+01,-3.454779463514883631e+00,-9.290458276947255456e-01
1.346468306676945481e+01,-3.454137502061034315e+00,-9.296194643437584171e-01
1.346789429573839492e+01,-3.453495131569656706e+00,-9.301930951499918221e-01
1.347110552470733680e+01,-3.452851923495152686e+00,-9.307668176600158993e-01
1.347431675367627690e+01,-3.452207848133894696e+00,-9.313407481411649647e-01
1.347752798264521701e+01,-3.451563330050997802e+00,-9.319149998170015436e-01
1.348073921161415889e+01,-3.450919213821944886e+00,-9.324896592412312835e-01
1.348395044058309900e+01,-3.450276636822902532e+00,-9.330647657449052668e-01
1.348716166955204088e+01,-3.449636826668686762e+00,-9.336402988485908994e-01
1.349037289852098276e+01,-3.449000860644491073e+00,-9.342161772850902102e-01
1.349358412748992286e+01,-3.448369437708034280e+00,-9.347922709540898989e-01
1.349679535645886475e+01,-3.447742715846819905e+00,-9.353684241817700196e-01
1.350000658542780485e+01,-3.447120256671586169e+00,-9.359444857885061975e-01
1.350321781439674496e+01,-3.446501096444596346e+00,-9.365203394560777106e-01
1.350642904336568684e+01,-3.445883933110799546e+00,-9.370959273669532408e-01
1.350964027233462694e+01,-3.445267389662672208e+00,-9.376712613467194091e-01
1.351285150130356705e+01,-3.444650293295119958e+00,-9.382464185871500773e-01
1.351606273027250893e+01,-3.444031903623596680e+00,-9.388215228063251372e-01
1.351927395924145081e+01,-3.443412034430273216e+00,-9.393967154402416142e-01
1.352248518821039269e+01,-3.442791039916117235e+00,-9.399721241243654823e-01
1.352569641717933280e+01,-3.442169671720215263e+00,-9.405478365173587374e-01
1.352890764614827290e+01,-3.441548847567207581e+00,-9.411238861332544836e-01
1.353211887511721478e+01,-3.440929396542313334e+00,-9.417002535813652209e-01
1.353533010408615489e+01,-3.440311852417078597e+00,-9.422768823213222289e-01
1.353854133305509500e+01,-3.439696352690962300e+00,-9.428537039162259159e-01
1.354175256202403688e+01,-3.439082670369184580e+00,-9.434306650061264898e-01
1.354496379099297876e+01,-3.438470366325786287e+00,-9.440077476740796891e-01
1.354817501996192064e+01,-3.437859013598060898e+00,-9.445849767714804557e-01
1.355138624893086075e+01,-3.437248421969580470e+00,-9.451624116312439261e-01
1.355459747789980085e+01,-3.436638789004851979e+00,-9.457401243514957923e-01
1.355780870686874273e+01,-3.436030723709266876e+00,-9.463181710975443472e-01
1.356101993583768284e+01,-3.435425126095031256e+00,-9.468965653562763096e-01
1.356423116480662294e+01,-3.434822949758670418e+00,-9.474752619713420199e-01
1.356744239377556482e+01,-3.434224912342103142e+00,-9.480541580120971368e-01
1.357065362274450493e+01,-3.433631238965515031e+00,-9.486331117935725699e-01
1.357386485171344681e+01,-3.433041519622536342e+00,-9.492119759847805760e-01
1.357707608068238869e+01,-3.432454733242196632e+00,-9.497906362754149345e-01
1.358028730965132880e+01,-3.431869445866864599e+00,-9.503690448658153045e-01
1.358349853862026890e+01,-3.431284140610094902e+00,-9.509472388416808641e-01
1.358670976758921078e+01,-3.430697596942726690e+00,-9.515253371884945244e-01
1.358992099655815089e+01,-3.430109218303715402e+00,-9.521035158463584391e-01
1.359313222552709277e+01,-3.429519216127032699e+00,-9.526819662683422285e-01
1.359634345449603288e+01,-3.428928593487605259e+00,-9.532608477248687429e-01
1.359955468346497476e+01,-3.428338923634342006e+00,-9.538402457123829059e-01
1.360276591243391664e+01,-3.427751973633590410e+00,-9.544201476162098574e-01
1.360597714140285674e+01,-3.427169266040603013e+00,-9.550004425059198665e-01
1.360918837037179685e+01,-3.426591689987027678e+00,-9.555809457279893504e-01
1.361239959934073873e+01,-3.426019261963697993e+00,-9.561614424799418366e-01
1.361561082830967884e+01,-3.425451098689238805e+00,-9.567417395624120413e-01
1.361882205727861894e+01,-3.424885609980256707e+00,-9.573217123632782322e-01
1.362203328624756082e+01,-3.424320863203349496e+00,-9.579013353977833267e-01
1.362524451521650271e+01,-3.423755027817703578e+00,-9.584806890384317546e-01
1.362845574418544459e+01,-3.423186790017646697e+00,-9.590599412199622975e-01
1.363166697315438469e+01,-3.422615637963048130e+00,-9.596393092185062645e-01
1.363487820212332480e+01,-3.422041953941788783e+00,-9.602190113951402095e-01
1.363808943109226668e+01,-3.421466900626643159e+00,-9.607992208409269486e-01
1.364130066006120678e+01,-3.420892140222633326e+00,-9.613800317333113243e-01
1.364451188903014689e+01,-3.420319463950310279e+00,-9.619614453683136279e-01
1.364772311799908877e+01,-3.419750425380028158e+00,-9.625433774515004259e-01
1.365093434696802888e+01,-3.419186061763185513e+00,-9.631256828574050743e-01
1.365414557593697253e+01,-3.418626757076681066e+00,-9.637081901539426010e-01
1.365735680490591264e+01,-3.418072259004182989e+00,-9.642907366852143669e-01
1.366056803387485274e+01,-3.417521821955918249e+00,-9.648731961141576718e-01
1.366377926284379463e+01,-3.416974420589811601e+00,-9.654554934835766211e-01
1.366699049181273473e+01,-3.416428969742541177e+00,-9.660376069459439830e-01
1.367020172078167484e+01,-3.415884497615493842e+00,-9.666195590393287240e-01
1.367341294975061672e+01,-3.415340243962737166e+00,-9.672014026684874199e-01
1.367662417871955682e+01,-3.414795684508313389e+00,-9.677832072443274258e-01
1.367983540768849871e+01,-3.414250506797339213e+00,-9.683650488749607765e-01
1.368304663665744059e+01,-3.413704573637784012e+00,-9.689470058165471356e-01
1.368625786562638069e+01,-3.413157905571679862e+00,-9.695291576403689549e-01
1.368946909459532080e+01,-3.412610696327785131e+00,-9.701115847786299096e-01
1.369268032356426268e+01,-3.412063352251543780e+00,-9.706943649227075532e-01
1.369589155253320278e+01,-3.411516527409292454e+00,-9.712775642226477713e-01
1.369910278150214467e+01,-3.410971118233284471e+00,-9.718612238297910100e-01
1.370231401047108477e+01,-3.410428189010742628e+00,-9.724453450706190827e-01
1.370552523944002488e+01,-3.409888820640119445e+00,-9.730298783810941154e-01
1.370873646840896853e+01,-3.409353903307855482e+00,-9.736147212748094137e-01
1.371194769737790864e+01,-3.408823919575253214e+00,-9.741997288191592830e-01
1.371515892634684874e+01,-3.408298778435436827e+00,-9.747847367566820909e-01
1.371837015531579063e+01,-3.407777757084012649e+00,-9.753695934879220708e-01
1.372158138428473073e+01,-3.407259584730362612e+00,-9.759541938466660405e-01
1.372479261325367084e+01,-3.406742666969023503e+00,-9.765385060544079510e-01
1.372800384222261272e+01,-3.406225409812237537e+00,-9.771225840762833847e-01
1.373121507119155282e+01,-3.405706570993118021e+00,-9.777065607638929512e-01
1.373442630016049648e+01,-3.405185552422214990e+00,-9.782906219047251550e-01
1.373763752912943659e+01,-3.404662556818249364e+00,-9.788749663404791024e-01
1.374084875809837669e+01,-3.404138562204346297e+00,-9.794597612560402844e-01
1.374405998706731857e+01,-3.403615112586355185e+00,-9.800451034273625073e-01
1.374727121603625868e+01,-3.403093969926529905e+00,-9.806309961032217970e-01
1.375048244500519878e+01,-3.402576708811259731e+00,-9.812173475084994267e-01
1.375369367397414067e+01,-3.402064351005924525e+00,-9.818039916404988077e-01
1.375690490294308077e+01,-3.401557127961974292e+00,-9.823907264875508805e-01
1.376011613191202443e+01,-3.401054427658054991e+00,-9.829773604987269708e-01
1.376332736088096453e+01,-3.400554936392663485e+00,-9.835637561977493837e-01
1.376653858984990464e+01,-3.400056938460500167e+00,-9.841498607347686223e-01
1.376974981881884652e+01,-3.399558699468286260e+00,-9.847357166076109447e-01
1.377296104778778663e+01,-3.399058841654619023e+00,-9.853214507922102294e-01
1.377617227675672673e+01,-3.398556625660483110e+00,-9.859072457498397890e-01
1.377938350572566861e+01,-3.398052080057095026e+00,-9.864932998767472760e-01
1.378259473469460872e+01,-3.397545959527408677e+00,-9.870797869488613374e-01
1.378580596366354882e+01,-3.397039553990941041e+00,-9.876668236255600197e-01
1.378901719263249248e+01,-3.396534403511592970e+00,-9.882544514259335999e-01
1.379222842160143259e+01,-3.396031990053700156e+00,-9.888426356380310978e-01
1.379543965057037269e+01,-3.395533474544624397e+00,-9.894312794946491518e-01
1.379865087953931457e+01,-3.395039528987189748e+00,-9.900202487113866079e-01
1.380186210850825468e+01,-3.394550285251594524e+00,-9.906093998448231019e-01
1.380507333747719656e+01,-3.394065393069568337e+00,-9.911986060877067128e-01
1.380828456644613667e+01,-3.393584157200133067e+00,-9.917877757609535605e-01
1.381149579541507677e+01,-3.393105712381194294e+00,-9.923768612190141392e-01
1.381470702438402043e+01,-3.392629195321381630e+00,-9.929658583714187081e-01
1.381791825335296053e+01,-3.392153882907368967e+00,-9.935547988887943882e-01
1.382112948232190064e+01,-3.391679280162888777e+00,-9.941437380662185852e-01
1.382434071129084252e+01,-3.391205155218736778e+00,-9.947327412831723503e-01
1.382755194025978263e+01,-3.390731528033092523e+00,-9.953218713393697792e-01
1.383076316922872273e+01,-3.390258623673929606e+00,-9.959111780955000048e-01
1.383397439819766461e+01,-3.389786800871551264e+00,-9.965006911807786638e-01
1.383718562716660472e+01,-3.389316464942591089e+00,-9.970904162149581973e-01
1.384039685613554660e+01,-3.388847973744977704e+00,-9.976803349534573151e-01
1.384360808510448848e+01,-3.388381547379113901e+00,-9.982704097408962030e-01
1.384681931407342859e+01,-3.387917196195931346e+00,-9.988605923532166697e-01
1.385003054304237047e+01,-3.387454684794676929e+00,-9.994508365519799709e-01
1.385324177201131057e+01,-3.386993548856380709e+00,-1.000041112540231092e+00
1.385645300098025068e+01,-3.386533174448715489e+00,-1.000631420332738220e+00
1.385966422994919256e+01,-3.386072935649953042e+00,-1.001221798332795787e+00
1.386287545891813267e+01,-3.385612368642294090e+00,-1.001812323620538514e+00
1.386608668788707277e+01,-3.385151343937973234e+00,-1.002403101853200029e+00
1.386929791685601643e+01,-3.384690189226413182e+00,-1.002994247124497473e+00
1.387250914582495653e+01,-3.384229718452665292e+00,-1.003585855084330403e+00
1.387572037479389842e+01,-3.383771139991185617e+00,-1.004177975238979448e+00
1.387893160376283852e+01,-3.383315845627951735e+00,-1.004770589736344810e+00
1.388214283273177863e+01,-3.382865115716083171e+00,-1.005363605429308471e+00
1.388535406170072051e+01,-3.382419804866336754e+00,-1.005956863437236448e+00
1.388856529066966061e+01,-3.381980087429337534e+00,-1.006550166246592770e+00
1.389177651963860072e+01,-3.381545336409450098e+00,-1.007143317621634893e+00
1.389498774860754438e+01,-3.381114182328399220e+00,-1.007736166560518232e+00
1.389819897757648448e+01,-3.380684755295289445e+00,-1.008328644492064941e+00
1.390141020654542459e+01,-3.380255064894145178e+00,-1.008920785667531961e+00
1.390462143551436647e+01,-3.379823431898486774e+00,-1.009512724317073618e+00
1.390783266448330657e+01,-3.379388865572265477e+00,-1.010104667836687176e+00
1.391104389345224845e+01,-3.378951287837534512e+00,-1.010696851599116375e+00
1.391425512242118856e+01,-3.378511540819461700e+00,-1.011289486195456444e+00
1.391746635139012866e+01,-3.378071169135587581e+00,-1.011882710462611357e+00
1.392067758035907055e+01,-3.377632028493021465e+00,-1.012476562650290290e+00
1.392388880932801243e+01,-3.377195820992088038e+00,-1.013070977611830958e+00
1.392710003829695253e+01,-3.376763680618050767e+00,-1.013665811049241139e+00
1.393031126726589441e+01,-3.376335921977580590e+00,-1.014260884428863196e+00
1.393352249623483452e+01,-3.375912022870140472e+00,-1.014856038284613682e+00
1.393673372520377463e+01,-3.375490847492947033e+00,-1.015451178976234381e+00
1.393994495417271651e+01,-3.375071049241280985e+00,-1.016046305449844533e+00
1.394315618314165661e+01,-3.374651539321282367e+00,-1.016641507890273965e+00
1.394636741211059849e+01,-3.374231885295579492e+00,-1.017236937976905953e+00
1.394957864107954038e+01,-3.373812519588627268e+00,-1.017832758614790389e+00
1.395278987004848048e+01,-3.373394688636958350e+00,-1.018429087197191718e+00
1.395600109901742236e+01,-3.372980145493428950e+00,-1.019025948838692797e+00
1.395921232798636247e+01,-3.372570662452338830e+00,-1.019623253800855389e+00
1.396242355695530257e+01,-3.372167494768682161e+00,-1.020220807003061392e+00
1.396563478592424445e+01,-3.371770945799111185e+00,-1.020818348740184511e+00
1.396884601489318456e+01,-3.371380161474195170e+00,-1.021415616922881187e+00
1.397205724386212466e+01,-3.370993223128287752e+00,-1.022012414790099522e+00
1.397526847283106655e+01,-3.370607527965773009e+00,-1.022608665958766982e+00
1.397847970180000843e+01,-3.370220367608975476e+00,-1.023204441547749477e+00
1.398169093076895031e+01,-3.369829559159520205e+00,-1.023799951240884631e+00
1.398490215973789041e+01,-3.369433965882202120e+00,-1.024395499636019613e+00
1.398811338870683052e+01,-3.369033771279688505e+00,-1.024991418482242622e+00
1.399132461767577240e+01,-3.368630434085954750e+00,-1.025587991891221629e+00
1.399453584664471251e+01,-3.368226335338965871e+00,-1.026185393526883649e+00
1.399774707561365261e+01,-3.367824209395342994e+00,-1.026783651594208813e+00
1.400095830458259449e+01,-3.367426506506947081e+00,-1.027382650036940070e+00
1.400416953355153638e+01,-3.367034850324403195e+00,-1.027982164756344741e+00
1.400738076252047648e+01,-3.366649725489469613e+00,-1.028581924511366319e+00
1.401059199148941836e+01,-3.366270466554126539e+00,-1.029181679940959437e+00
1.401380322045835847e+01,-3.365895537799497461e+00,-1.029781262509654072e+00
1.401701444942730035e+01,-3.365523016730924688e+00,-1.030380618477119370e+00
1.402022567839624045e+01,-3.365151142964329267e+00,-1.030979810221792858e+00
1.402343690736518056e+01,-3.364778782233941890e+00,-1.031578986331822767e+00
1.402664813633412244e+01,-3.364405684575469735e+00,-1.032178330271463773e+00
1.402985936530306432e+01,-3.364032477099029528e+00,-1.032778002847989596e+00
1.403307059427200443e+01,-3.363660407238941552e+00,-1.033378094740790898e+00
1.403628182324094631e+01,-3.363290920605029211e+00,-1.033978601867376668e+00
1.403949305220988641e+01,-3.362925199879853722e+00,-1.034579429472805900e+00
1.404270428117882652e+01,-3.362563796762337187e+00,-1.035180422576897685e+00
1.404591551014776840e+01,-3.362206457566624174e+00,-1.035781413147335739e+00
1.404912673911670851e+01,-3.361852184922462516e+00,-1.036382270076469547e+00
1.405233796808564861e+01,-3.361499510401481761e+00,-1.036982937805625227e+00
1.405554919705459049e+01,-3.361146895102550047e+00,-1.037583453161548430e+00
1.405876042602353237e+01,-3.360793143004483952e+00,-1.038183936436273491e+00
1.406197165499247426e+01,-3.360437713103738844e+00,-1.038784560024761161e+00
1.406518288396141436e+01,-3.360080849103299183e+00,-1.039385503961555157e+00
1.406839411293035447e+01,-3.359723499018623105e+00,-1.039986910848080370e+00
1.407160534189929635e+01,-3.359367055486402798e+00,-1.040588852206655979e+00
1.407481657086823645e+01,-3.359012994259815255e+00,-1.041191314562399883e+00
1.407802779983717656e+01,-3.358662511042120435e+00,-1.041794207773445891e+00
1.408123902880611844e+01,-3.358316250669824754e+00,-1.042397392041858772e+00
1.408445025777506032e+01,-3.357974191389267560e+00,-1.043000715356853902e+00
1.408766148674400220e+01,-3.357635701138024231e+00,-1.043604051046854275e+00
1.409087271571294231e+01,-3.357299736286548431e+00,-1.044207326016992399e+00
1.409408394468188241e+01,-3.356965119247503626e+00,-1.044810533613761860e+00
1.409729517365082430e+01,-3.356630818103064406e+00,-1.045413729712239226e+00
1.410050640261976440e+01,-3.356296160548077889e+00,-1.046017015118366311e+00
1.410371763158870451e+01,-3.355960940911174362e+00,-1.046620510456055086e+00
1.410692886055764639e+01,-3.355625413089173392e+00,-1.047224330650092572e+00
1.411014008952658827e+01,-3.355290192945721728e+00,-1.047828564922237415e+00
1.411335131849552837e+01,-3.354956112354805953e+00,-1.048433265544577608e+00
1.411656254746447026e+01,-3.354624069675082421e+00,-1.049038445484734350e+00
1.411977377643341036e+01,-3.354294909704640393e+00,-1.049644082594085148e+00
1.412298500540235224e+01,-3.353969346345640368e+00,-1.050250126862507738e+00
1.412619623437129235e+01,-3.353647921646194074e+00,-1.050856507670608231e+00
1.412940746334023245e+01,-3.353330982961747253e+00,-1.051463139522210488e+00
1.413261869230917434e+01,-3.353018659554027447e+00,-1.052069926651396647e+00
1.413582992127811444e+01,-3.352710830147587640e+00,-1.052676768297239773e+00
1.413904115024705632e+01,-3.352407088672358260e+00,-1.053283566692872597e+00
1.414225237921599820e+01,-3.352106729270787788e+00,-1.053890238765383902e+00
1.414546360818493831e+01,-3.351808776831282088e+00,-1.054496730568512231e+00
1.414867483715387841e+01,-3.351512082188397024e+00,-1.055103031355473009e+00
1.415188606612282030e+01,-3.351215482759870579e+00,-1.055709182853126871e+00
1.415509729509176040e+01,-3.350918005392073962e+00,-1.056315279418267972e+00
1.415830852406070051e+01,-3.350619066974120486e+00,-1.056921456555152350e+00
1.416151975302964239e+01,-3.350318618319569897e+00,-1.057527868364164680e+00
1.416473098199858427e+01,-3.350017183219085481e+00,-1.058134657978262672e+00
1.416794221096752615e+01,-3.349715767599509064e+00,-1.058741927791207349e+00
1.417115343993646626e+01,-3.349415647904122828e+00,-1.059349717284350678e+00
1.417436466890540636e+01,-3.349118083406208868e+00,-1.059957994991429064e+00
1.417757589787434824e+01,-3.348824023092187741e+00,-1.060566667767681492e+00
1.418078712684328835e+01,-3.348533885059983728e+00,-1.061175605902809016e+00
1.418399835581222845e+01,-3.348247471300530798e+00,-1.061784678050020414e+00
1.418720958478117034e+01,-3.347964046193729892e+00,-1.062393786823585318e+00
1.419042081375011044e+01,-3.347682562161718334e+00,-1.063002895276222493e+00
1.419363204271905410e+01,-3.347401973482574178e+00,-1.063612036640010139e+00
1.419684327168799420e+01,-3.347121552007787493e+00,-1.064221304199485463e+00
1.420005450065693431e+01,-3.346841115207566553e+00,-1.064830823741345300e+00
1.420326572962587619e+01,-3.346561099541354167e+00,-1.065440716090103823e+00
1.420647695859481630e+01,-3.346282454900203263e+00,-1.066051060282328988e+00
1.420968818756375640e+01,-3.346006386860455706e+00,-1.066661867993258461e+00
1.421289941653269828e+01,-3.345734017968072127e+00,-1.067273076805659304e+00
1.421611064550163839e+01,-3.345466064004083417e+00,-1.067884564612332277e+00
1.421932187447058027e+01,-3.345202618457817856e+00,-1.068496181376197063e+00
1.422253310343952215e+01,-3.344943108515590957e+00,-1.069107789402452102e+00
1.422574433240846226e+01,-3.344686437076240360e+00,-1.069719300712150822e+00
1.422895556137740414e+01,-3.344431271684745965e+00,-1.070330700837069271e+00
1.423216679034634424e+01,-3.344176398528663885e+00,-1.070942052210130724e+00
1.423537801931528435e+01,-3.343921040465367422e+00,-1.071553476205504785e+00
1.423858924828422623e+01,-3.343665048314095056e+00,-1.072165119076093243e+00
1.424180047725316633e+01,-3.343408911574406339e+00,-1.072777111720930154e+00
1.424501170622210822e+01,-3.343153587614450473e+00,-1.073389534997631900e+00
1.424822293519105010e+01,-3.342900201682608596e+00,-1.074002400630661214e+00
1.425143416415999020e+01,-3.342649708061395941e+00,-1.074615653128189408e+00
1.425464539312893031e+01,-3.342402613977007331e+00,-1.075229191867361989e+00
1.425785662209787219e+01,-3.342158849017812905e+00,-1.075842906486615957e+00
1.426106785106681230e+01,-3.341917819248622301e+00,-1.076456714722524355e+00
1.426427908003575240e+01,-3.341678629741948736e+00,-1.077070591045994119e+00
1.426749030900469428e+01,-3.341440408281108443e+00,-1.077684577138381172e+00
1.427070153797363439e+01,-3.341202631663804823e+00,-1.078298770625642167e+00
1.427391276694257805e+01,-3.340965353740182664e+00,-1.078913294981992621e+00
1.427712399591151815e+01,-3.340729261908160108e+00,-1.079528259212490182e+00
1.428033522488045826e+01,-3.340495538310004786e+00,-1.080143719144231573e+00
1.428354645384940014e+01,-3.340265559015207053e+00,-1.080759651941352040e+00
1.428675768281834024e+01,-3.340040512409345297e+00,-1.081375951858474238e+00
1.428996891178728035e+01,-3.339821042890206648e+00,-1.081992449298769809e+00
1.429318014075622223e+01,-3.339607020602268772e+00,-1.082608948664880444e+00
1.429639136972516233e+01,-3.339397503942184819e+00,-1.083225275175890401e+00
1.429960259869410599e+01,-3.339190908827593063e+00,-1.083841318283290889e+00
1.430281382766304610e+01,-3.338985342422906122e+00,-1.084457060248334326e+00
1.430602505663198620e+01,-3.338779015143928497e+00,-1.085072582529820195e+00
1.430923628560092808e+01,-3.338570625445097306e+00,-1.085688048662140526e+00
1.431244751456986819e+01,-3.338359621951105360e+00,-1.086303668535887335e+00
1.431565874353880830e+01,-3.338146283213967003e+00,-1.086919653673638297e+00
1.431886997250775018e+01,-3.337931605810399827e+00,-1.087536174966963864e+00
1.432208120147669028e+01,-3.337717041870869039e+00,-1.088153333002034096e+00
1.432529243044563039e+01,-3.337504163290105463e+00,-1.088771147084993896e+00
1.432850365941457405e+01,-3.337294342390028312e+00,-1.089389563667642946e+00
1.433171488838351415e+01,-3.337088525595027555e+00,-1.090008479693579391e+00
1.433492611735245426e+01,-3.336887143276779266e+00,-1.090627772905275128e+00
1.433813734632139614e+01,-3.336690156511968208e+00,-1.091247330258256598e+00
1.434134857529033624e+01,-3.336497203267938527e+00,-1.091867067339937325e+00
1.434455980425927812e+01,-3.336307783592876497e+00,-1.092486935345035937e+00
1.434777103322821823e+01,-3.336121421450632063e+00,-1.093106916438367104e+00
1.435098226219715833e+01,-3.335937758710267875e+00,-1.093727011847906327e+00
1.435419349116610199e+01,-3.335756567081582968e+00,-1.094347228715028209e+00
1.435740472013504210e+01,-3.335577695520204333e+00,-1.094967571176197252e+00
1.436061594910398220e+01,-3.335400992966774503e+00,-1.095588038709576217e+00
1.436382717807292408e+01,-3.335226252047673867e+00,-1.096208631414695489e+00
1.436703840704186419e+01,-3.335053207274450315e+00,-1.096829358844281455e+00
1.437024963601080429e+01,-3.334881596254042346e+00,-1.097450247371815291e+00
1.437346086497974618e+01,-3.334711263811706683e+00,-1.098071341442593551e+00
1.437667209394868628e+01,-3.334542267303563179e+00,-1.098692696301349692e+00
1.437988332291762994e+01,-3.334374934947844871e+00,-1.099314363132581462e+00
1.438309455188657004e+01,-3.334209840729699614e+00,-1.099936370805768560e+00
1.438630578085551015e+01,-3.334047686036491598e+00,-1.100558710397867790e+00
1.438951700982445203e+01,-3.333889111055161614e+00,-1.101181328582458985e+00
1.439272823879339214e+01,-3.333734486970859834e+00,-1.101804133719695766e+00
1.439593946776233224e+01,-3.333583753147229434e+00,-1.102427014681639283e+00
1.439915069673127412e+01,-3.333436356265045752e+00,-1.103049868283586310e+00
1.440236192570021423e+01,-3.333291321875344160e+00,-1.103672628024520153e+00
1.440557315466915433e+01,-3.333147450431409808e+00,-1.104295285769727020e+00
1.440878438363809799e+01,-3.333003591278029809e+00,-1.104917899507023460e+00
1.441199561260703810e+01,-3.332858921587206424e+00,-1.105540584039299112e+00
1.441520684157597998e+01,-3.332713151803172291e+00,-1.106163486375388860e+00
1.441841807054492008e+01,-3.332566597449023060e+00,-1.106786752167926435e+00
1.442162929951386019e+01,-3.332420094417823719e+00,-1.107410492381767364e+00
1.442484052848280207e+01,-3.332274780254784741e+00,-1.108034759519222590e+00
1.442805175745174218e+01,-3.332131803662690572e+00,-1.108659540050693337e+00
1.443126298642068228e+01,-3.331992046111095007e+00,-1.109284764950783764e+00
1.443447421538962594e+01,-3.331855935872710006e+00,-1.109910334837620693e+00
1.443768544435856604e+01,-3.331723406599329973e+00,-1.110536151815513239e+00
1.444089667332750615e+01,-3.331594007949888692e+00,-1.111162148114674286e+00
1.444410790229644803e+01,-3.331467128385008802e+00,-1.111788302679089790e+00
1.444731913126538814e+01,-3.331342254845626183e+00,-1.112414640704080915e+00
1.445053036023433002e+01,-3.331219182034601989e+00,-1.113041216614342410e+00
1.445374158920327012e+01,-3.331098099751786279e+00,-1.113668086401889301e+00
1.445695281817221023e+01,-3.330979525901707650e+00,-1.114295278884757323e+00
1.446016404714115211e+01,-3.330864103583668800e+00,-1.114922776089478429e+00
1.446337527611009399e+01,-3.330752327234203225e+00,-1.115550510301382969e+00
1.446658650507903410e+01,-3.330644290083356829e+00,-1.116178380098220790e+00
1.446979773404797598e+01,-3.330539543728512797e+00,-1.116806281453179173e+00
1.447300896301691608e+01,-3.330437129653121442e+00,-1.117434144705352184e+00
1.447622019198585619e+01,-3.330335790504767690e+00,-1.118061965571360394e+00
1.447943142095479807e+01,-3.330234311315138473e+00,-1.118689819368245519e+00
1.448264264992373818e+01,-3.330131895408317888e+00,-1.119317852102414301e+00
1.448585387889268006e+01,-3.330028461288452757e+00,-1.119946248830692381e+00
1.448906510786162194e+01,-3.329924762405527705e+00,-1.120575186742725382e+00
1.449227633683056204e+01,-3.329822278281444170e+00,-1.121204785600679044e+00
1.449548756579950393e+01,-3.329722890353352227e+00,-1.121835069830753095e+00
1.449869879476844403e+01,-3.329628420289738155e+00,-1.122465954024291168e+00
1.450191002373738414e+01,-3.329540153094227684e+00,-1.123097257449444664e+00
1.450512125270632602e+01,-3.329458477911465764e+00,-1.123728745083365288e+00
1.450833248167526612e+01,-3.329382751632957049e+00,-1.124360184974714016e+00
1.451154371064420623e+01,-3.329311431019178258e+00,-1.124991406722453569e+00
1.451475493961314989e+01,-3.329242444540663648e+00,-1.125622345070929731e+00
1.451796616858208999e+01,-3.329173706878740813e+00,-1.126253056424493248e+00
1.452117739755103187e+01,-3.329103637111300529e+00,-1.126883703482915555e+00
1.452438862651997198e+01,-3.329031538853772343e+00,-1.127514512113553469e+00
1.452759985548891208e+01,-3.328957738585391013e+00,-1.128145712437463866e+00
1.453081108445785397e+01,-3.328883446669116175e+00,-1.128777480603506689e+00
1.453402231342679407e+01,-3.328810384649520060e+00,-1.129409897495278425e+00
1.453723354239573418e+01,-3.328740289266516328e+00,-1.130042935669985926e+00
1.454044477136467606e+01,-3.328674438491312948e+00,-1.130676477568022698e+00
1.454365600033361794e+01,-3.328613337196942190e+00,-1.131310358859244136e+00
1.454686722930255804e+01,-3.328556651710438352e+00,-1.131944423410953471e+00
1.455007845827149993e+01,-3.328503407450226881e+00,-1.132578572980886822e+00
1.455328968724044003e+01,-3.328452384244822149e+00,-1.133212796402237599e+00
1.455650091620938191e+01,-3.328402583531049341e+00,-1.133847169292429902e+00
1.455971214517832202e+01,-3.328353618811657366e+00,-1.134481824357256752e+00
1.456292337414726212e+01,-3.328305902912378045e+00,-1.135116901492451369e+00
1.456613460311620400e+01,-3.328260566748455940e+00,-1.135752493349828640e+00
1.456934583208514589e+01,-3.328219126701012165e+00,-1.136388603829747490e+00
1.457255706105408599e+01,-3.328182996808127125e+00,-1.137025133445811687e+00
1.457576829002302787e+01,-3.328152993766254397e+00,-1.137661897623478247e+00
1.457897951899196798e+01,-3.328128990861476844e+00,-1.138298674016786860e+00
1.458219074796090808e+01,-3.328109837772521562e+00,-1.138935265812712760e+00
1.458540197692984997e+01,-3.328093587149376642e+00,-1.139571562510500957e+00
1.458861320589879007e+01,-3.328077977696195067e+00,-1.140207579568843554e+00
1.459182443486773195e+01,-3.328061043979279710e+00,-1.140843463801809010e+00
1.459503566383667206e+01,-3.328041679397783614e+00,-1.141479461016206454e+00
1.459824689280561394e+01,-3.328019984823084698e+00,-1.142115853397866809e+00
1.460145812177455582e+01,-3.327997291119067391e+00,-1.142752883362450955e+00
1.460466935074349593e+01,-3.327975834266712507e+00,-1.143390685223038883e+00
1.460788057971243603e+01,-3.327958161686445759e+00,-1.144029244594038985e+00
1.461109180868137791e+01,-3.327946428733681294e+00,-1.144668398186918790e+00
1.461430303765031802e+01,-3.327941781332683924e+00,-1.145307875501250461e+00
1.461751426661925812e+01,-3.327944002426412862e+00,-1.145947371994455288e+00
1.462072549558820000e+01,-3.327951530185602635e+00,-1.146586634041058872e+00
1.462393672455714189e+01,-3.327961853496202327e+00,-1.147225532095589973e+00
1.462714795352608377e+01,-3.327972183687164964e+00,-1.147864101193867281e+00
1.463035918249502387e+01,-3.327980221094921642e+00,-1.148502536634385285e+00
1.463357041146396398e+01,-3.327984804306072242e+00,-1.149141145020082577e+00
1.463678164043290586e+01,-3.327986258467393377e+00,-1.149780263377080614e+00
1.463999286940184597e+01,-3.327986339875285360e+00,-1.150420168252318520e+00
1.464320409837078607e+01,-3.327987785162048517e+00,-1.151060999873954493e+00
1.464641532733972795e+01,-3.327993583885378026e+00,-1.151702722648837884e+00
1.464962655630866983e+01,-3.328006172071979574e+00,-1.152345133448537728e+00
1.465283778527760994e+01,-3.328026768747794684e+00,-1.152987915987942369e+00
1.465604901424655182e+01,-3.328055040257413388e+00,-1.153630726781624150e+00
1.465926024321549193e+01,-3.328089188088036110e+00,-1.154273289266108504e+00
1.466247147218443381e+01,-3.328126439459365926e+00,-1.154915470219463280e+00
1.466568270115337391e+01,-3.328163808441656712e+00,-1.155557317322228883e+00
1.466889393012231402e+01,-3.328198919921221854e+00,-1.156199047311539330e+00
1.467210515909125590e+01,-3.328230670498637078e+00,-1.156840987755980876e+00
1.467531638806019600e+01,-3.328259544622581778e+00,-1.157483488257011972e+00
1.467852761702913789e+01,-3.328287498759576302e+00,-1.158126825313587460e+00
1.468173884599807977e+01,-3.328317444979819850e+00,-1.158771126829115650e+00
1.468495007496701987e+01,-3.328352475110023967e+00,-1.159416336818107851e+00
1.468816130393595998e+01,-3.328395037193474515e+00,-1.160062229802597766e+00
1.469137253290490186e+01,-3.328446288034041078e+00,-1.160708470759550082e+00
1.469458376187384196e+01,-3.328505796073505607e+00,-1.161354704069863963e+00
1.469779499084278385e+01,-3.328571671855693026e+00,-1.162000647145810639e+00
1.470100621981172395e+01,-3.328641086012908090e+00,-1.162646163383346254e+00
1.470421744878066583e+01,-3.328711029610906369e+00,-1.163291295019478033e+00
1.470742867774960771e+01,-3.328779107648089930e+00,-1.163936247662739509e+00
1.471063990671854782e+01,-3.328844150690232873e+00,-1.164581331561456379e+00
1.471385113568748793e+01,-3.328906482885643392e+00,-1.165226876386689092e+00
1.471706236465642981e+01,-3.328967781432140782e+00,-1.165873143226761055e+00
1.472027359362536991e+01,-3.329030575583274754e+00,-1.166520257780463865e+00
1.472348482259431002e+01,-3.329097531023724077e+00,-1.167168182422421596e+00
1.472669605156325190e+01,-3.329170721166485603e+00,-1.167816733753038516e+00
1.472990728053219200e+01,-3.329251085971107305e+00,-1.168465639578999848e+00
1.473311850950113566e+01,-3.329338222563986260e+00,-1.169114618531317706e+00
1.473632973847007577e+01,-3.329430556893566262e+00,-1.169763459651306903e+00
1.473954096743901587e+01,-3.329525838936164828e+00,-1.170412079792935822e+00
1.474275219640795775e+01,-3.329621815358292825e+00,-1.171060543333949377e+00
1.474596342537689786e+01,-3.329716887220951271e+00,-1.171709039497346394e+00
1.474917465434583796e+01,-3.329810568274541360e+00,-1.172357824483504896e+00
1.475238588331477985e+01,-3.329903618365644302e+00,-1.173007145285106745e+00
1.475559711228371995e+01,-3.329997819127772374e+00,-1.173657166869033874e+00
1.475880834125266183e+01,-3.330095459167699445e+00,-1.174307923126918007e+00
1.476201957022160371e+01,-3.330198675605753778e+00,-1.174959305095512274e+00
1.476523079919054382e+01,-3.330308836537763550e+00,-1.175611089446199742e+00
1.476844202815948570e+01,-3.330426135256231213e+00,-1.176262999103718343e+00
1.477165325712842581e+01,-3.330549506764058698e+00,-1.176914779146890355e+00
1.477486448609736591e+01,-3.330676887756173876e+00,-1.177566267196156202e+00
1.477807571506630779e+01,-3.330805747847265241e+00,-1.178217439270347500e+00
1.478128694403524790e+01,-3.330933747839165626e+00,-1.178868418978307409e+00
1.478449817300418978e+01,-3.331059349169556594e+00,-1.179519447909198160e+00
1.478770940197313166e+01,-3.331182214805090691e+00,-1.180170825422538705e+00
1.479092063094207177e+01,-3.331303300041326576e+00,-1.180822833933201865e+00
1.479413185991101187e+01,-3.331424615106381548e+00,-1.181475669205005685e+00
1.479734308887995375e+01,-3.331548727105642538e+00,-1.182129393349761193e+00
1.480055431784889386e+01,-3.331678133936809338e+00,-1.182783921847639919e+00
1.480376554681783574e+01,-3.331814671004374340e+00,-1.183439046821478380e+00
1.480697677578677585e+01,-3.331959097054864039e+00,-1.184094489511409387e+00
1.481018800475571595e+01,-3.332110954023599803e+00,-1.184749967841629781e+00
1.481339923372465961e+01,-3.332268722669325278e+00,-1.185405261869200144e+00
1.481661046269359971e+01,-3.332430221087520739e+00,-1.186060261341654876e+00
1.481982169166253982e+01,-3.332593136277289148e+00,-1.186714984926964700e+00
1.482303292063148170e+01,-3.332755553265718262e+00,-1.187369568297394817e+00
1.482624414960042181e+01,-3.332916356286581561e+00,-1.188024226043213005e+00
1.482945537856936191e+01,-3.333075416985731287e+00,-1.188679198363971956e+00
1.483266660753830379e+01,-3.333233542881654188e+00,-1.189334696262205782e+00
1.483587783650724390e+01,-3.333392219078954000e+00,-1.189990858116884320e+00
1.483908906547618756e+01,-3.333553222291425033e+00,-1.190647726589115329e+00
1.484230029444512766e+01,-3.333718208352668633e+00,-1.191305249102122765e+00
1.484551152341406777e+01,-3.333888369582005406e+00,-1.191963299263629983e+00
1.484872275238300965e+01,-3.334064230929113748e+00,-1.192621712047284621e+00
1.485193398135194975e+01,-3.334245613380669049e+00,-1.193280323289232170e+00
1.485514521032088986e+01,-3.334431751439334679e+00,-1.193939004339005239e+00
1.485835643928983174e+01,-3.334621519039082216e+00,-1.194597685090674544e+00
1.486156766825877185e+01,-3.334813701541294861e+00,-1.195256362191846833e+00
1.486477889722771373e+01,-3.335007251820863772e+00,-1.195915092907765320e+00
1.486799012619665561e+01,-3.335201482553802776e+00,-1.196573977992782645e+00
1.487120135516559571e+01,-3.335396168356832280e+00,-1.197233138470128466e+00
1.487441258413453760e+01,-3.335591553499611006e+00,-1.197892691388795727e+00
1.487762381310347770e+01,-3.335788278158240416e+00,-1.198552728746958840e+00
1.488083504207241781e+01,-3.335987246090141856e+00,-1.199213302377746260e+00
1.488404627104135969e+01,-3.336189459639839594e+00,-1.199874416197588500e+00
1.488725750001029979e+01,-3.336395846612614680e+00,-1.200536026137469570e+00
1.489046872897923990e+01,-3.336607100760126787e+00,-1.201198047366968336e+00
1.489367995794818356e+01,-3.336823555414460518e+00,-1.201860367918016426e+00
1.489689118691712366e+01,-3.337045108356094136e+00,-1.202522867278400520e+00
1.490010241588606377e+01,-3.337271213727218466e+00,-1.203185437796685742e+00
1.490331364485500565e+01,-3.337500951328536303e+00,-1.203848005866521964e+00
1.490652487382394575e+01,-3.337733173221073990e+00,-1.204510549113142925e+00
1.490973610279288586e+01,-3.337966712386656987e+00,-1.205173105603274175e+00
1.491294733176182774e+01,-3.338200621022269665e+00,-1.205835771827116654e+00
1.491615856073076785e+01,-3.338434391722972627e+00,-1.206498688022177745e+00
1.491936978969971150e+01,-3.338668108929735645e+00,-1.207162012129491035e+00
1.492258101866865161e+01,-3.338902484899319845e+00,-1.207825886718757458e+00
1.492579224763759171e+01,-3.339138755249240642e+00,-1.208490405753238406e+00
1.492900347660653360e+01,-3.339378440750331745e+00,-1.209155589223944727e+00
1.493221470557547370e+01,-3.339623017353591905e+00,-1.209821372859060995e+00
1.493542593454441381e+01,-3.339873565888875628e+00,-1.210487617202107513e+00
1.493863716351335569e+01,-3.340130487116645508e+00,-1.211154135857911429e+00
1.494184839248229579e+01,-3.340393360658472588e+00,-1.211820737681335913e+00
1.494505962145123590e+01,-3.340660997042635749e+00,-1.212487273478449312e+00
1.494827085042017956e+01,-3.340931686290733005e+00,-1.213153675678506849e+00
1.495148207938911966e+01,-3.341203595141761795e+00,-1.213819980231948703e+00
1.495469330835806154e+01,-3.341475221870743084e+00,-1.214486323760794795e+00
1.495790453732700165e+01,-3.341745795390452578e+00,-1.215152914960665465e+00
1.496111576629594175e+01,-3.342015511819065754e+00,-1.215819985966210437e+00
1.496432699526488364e+01,-3.342285537398744122e+00,-1.216487735055935993e+00
1.496753822423382374e+01,-3.342557763861838893e+00,-1.217156275060097048e+00
1.497074945320276385e+01,-3.342834366835518711e+00,-1.217825601152069837e+00
1.497396068217170750e+01,-3.343117272489787517e+00,-1.218495587311756889e+00
1.497717191114064761e+01,-3.343407666930595656e+00,-1.219166013636985069e+00
1.498038314010958949e+01,-3.343705677538179266e+00,-1.219836618639135617e+00
1.498359436907852960e+01,-3.344010315341924944e+00,-1.220507163831448194e+00
1.498680559804746970e+01,-3.344319701961847358e+00,-1.221177494206948211e+00
1.499001682701641158e+01,-3.344631530367041972e+00,-1.221847578737354612e+00
1.499322805598535169e+01,-3.344943645474099281e+00,-1.222517519815285114e+00
1.499643928495429179e+01,-3.345254595882294790e+00,-1.223187528456905149e+00
1.499965051392323545e+01,-3.345564012052748115e+00,-1.223857871043440015e+00
1.500286174289217556e+01,-3.345872708958079755e+00,-1.224528801019464819e+00
1.500607297186111566e+01,-3.346182482084649301e+00,-1.225200493191821671e+00
1.500928420083005754e+01,-3.346495646172742422e+00,-1.225872997872731851e+00
1.501249542979899765e+01,-3.346814434729410870e+00,-1.226546227105255848e+00
1.501570665876793775e+01,-3.347140416467300206e+00,-1.227219976872148122e+00
1.501891788773687963e+01,-3.347474081746486974e+00,-1.227893979719682171e+00
1.502212911670581974e+01,-3.347814708208550982e+00,-1.228567974161207887e+00
1.502534034567476162e+01,-3.348160541564721537e+00,-1.229241772740992111e+00
1.502855157464370350e+01,-3.348509244442748223e+00,-1.229915310962243602e+00
1.503176280361264361e+01,-3.348858495591937157e+00,-1.230588664342057825e+00
1.503497403258158549e+01,-3.349206582558589940e+00,-1.231262029294907467e+00
1.503818526155052560e+01,-3.349552833644322103e+00,-1.231935673093311756e+00
1.504139649051946570e+01,-3.349897778645600788e+00,-1.232609866240407914e+00
1.504460771948840758e+01,-3.350243000533831950e+00,-1.233284815051201688e+00
1.504781894845734769e+01,-3.350590722063631510e+00,-1.233960611910669414e+00
1.505103017742628779e+01,-3.350943240160282333e+00,-1.234637215702759860e+00
1.505424140639523145e+01,-3.351302358468255527e+00,-1.235314466692471580e+00
1.505745263536417156e+01,-3.351668965056024962e+00,-1.235992130965208435e+00
1.506066386433311344e+01,-3.352042859704828182e+00,-1.236669961882688629e+00
1.506387509330205354e+01,-3.352422865873581515e+00,-1.237347761937403146e+00
1.506708632227099365e+01,-3.352807185819020042e+00,-1.238025428893323454e+00
1.507029755123993553e+01,-3.353193894499859606e+00,-1.238702974923504563e+00
1.507350878020887563e+01,-3.353581435538060873e+00,-1.239380515148214901e+00
1.507672000917781574e+01,-3.353968988514791860e+00,-1.240058230339254663e+00
1.507993123814675762e+01,-3.354356618253721223e+00,-1.240736315262562117e+00
1.508314246711569950e+01,-3.354745180738688326e+00,-1.241414927388059475e+00
1.508635369608464138e+01,-3.355136028237560186e+00,-1.242094149729967123e+00
1.508956492505358149e+01,-3.355530608866545528e+00,-1.242773976833989158e+00
1.509277615402252160e+01,-3.355930078998729638e+00,-1.243454325897956458e+00
1.509598738299146348e+01,-3.356335035266515998e+00,-1.244135067798540106e+00
1.509919861196040358e+01,-3.356745431285185433e+00,-1.244816067477928501e+00
1.510240984092934369e+01,-3.357160685998316740e+00,-1.245497221180564829e+00
1.510562106989828557e+01,-3.357579933469531763e+00,-1.246178479853505383e+00
1.510883229886722745e+01,-3.358002324859806542e+00,-1.246859852939919078e+00
1.511204352783616756e+01,-3.358427283235807526e+00,-1.247541393214345096e+00
1.511525475680510944e+01,-3.358854632787729777e+00,-1.248223169236464480e+00
1.511846598577404954e+01,-3.359284568646456748e+00,-1.248905235640204392e+00
1.512167721474298965e+01,-3.359717487401121971e+00,-1.249587611760639483e+00
1.512488844371193153e+01,-3.360153744650315133e+00,-1.250270276007760861e+00
1.512809967268087163e+01,-3.360593430047838392e+00,-1.250953177936838134e+00
1.513131090164981352e+01,-3.361036244817570573e+00,-1.251636263876091837e+00
1.513452213061875540e+01,-3.361481533276748479e+00,-1.252319507182319658e+00
1.513773335958769550e+01,-3.361928468855936103e+00,-1.253002932237105238e+00
1.514094458855663738e+01,-3.362376342320017031e+00,-1.253686622839179865e+00
1.514415581752557749e+01,-3.362824862010938887e+00,-1.254370710287163293e+00
1.514736704649451760e+01,-3.363274365283788647e+00,-1.255055342814016539e+00
1.515057827546345948e+01,-3.363725861128955330e+00,-1.255740644202209211e+00
1.515378950443239958e+01,-3.364180870990850281e+00,-1.256426673462490706e+00
1.515700073340133969e+01,-3.364641094635850038e+00,-1.257113398074680033e+00
1.516021196237028157e+01,-3.365107982967070921e+00,-1.257800690141007038e+00
1.516342319133922345e+01,-3.365582333229950152e+00,-1.258488348683019620e+00
1.516663442030816533e+01,-3.366064023294478069e+00,-1.259176143920307522e+00
1.516984564927710544e+01,-3.366551969047298698e+00,-1.259863872825437880e+00
1.517305687824604554e+01,-3.367044330658476969e+00,-1.260551411487298656e+00
1.517626810721498742e+01,-3.367538925535886296e+00,-1.261238750009749499e+00
1.517947933618392753e+01,-3.368033747253627030e+00,-1.261925999887537619e+00
1.518269056515286763e+01,-3.368527457473201814e+00,-1.262613370950281366e+00
1.518590179412180952e+01,-3.369019721561776315e+00,-1.263301123104570101e+00
1.518911302309075140e+01,-3.369511297929574489e+00,-1.263989504975715494e+00
1.519232425205969150e+01,-3.370003855683719074e+00,-1.264678695219977111e+00
1.519553548102863338e+01,-3.370499567423816512e+00,-1.265368761686503252e+00
1.519874670999757349e+01,-3.371000583965682029e+00,-1.266059648881218358e+00
1.520195793896651537e+01,-3.371508528843838448e+00,-1.266751196604873897e+00
1.520516916793545548e+01,-3.372024143973675780e+00,-1.267443184288606473e+00
1.520838039690439558e+01,-3.372547175653619167e+00,-1.268135388734666247e+00
1.521159162587333746e+01,-3.373076523903045132e+00,-1.268827639561681320e+00
1.521480285484227757e+01,-3.373610606345982532e+00,-1.269519857575013955e+00
1.521801408381121945e+01,-3.374147830325942898e+00,-1.270212066248580296e+00
1.522122531278016133e+01,-3.374687039462693328e+00,-1.270904374107753920e+00
1.522443654174910144e+01,-3.375227810767662096e+00,-1.271596933913033300e+00
1.522764777071804154e+01,-3.375770522603045887e+00,-1.272289890905230703e+00
1.523085899968698342e+01,-3.376316179573845666e+00,-1.272983335234831426e+00
1.523407022865592353e+01,-3.376866049344260379e+00,-1.273677272299971186e+00
1.523728145762486541e+01,-3.377421219146085285e+00,-1.274371619492092211e+00
1.524049268659380552e+01,-3.377982201854146993e+00,-1.275066230289487734e+00
1.524370391556274740e+01,-3.378548707088478320e+00,-1.275760938873742312e+00
1.524691514453168928e+01,-3.379119646219843176e+00,-1.276455612632721337e+00
1.525012637350062938e+01,-3.379693374629372471e+00,-1.277150197649266961e+00
1.525333760246956949e+01,-3.380268108398777116e+00,-1.277844744148707745e+00
1.525654883143851137e+01,-3.380842404016757285e+00,-1.278539404333167262e+00
1.525976006040745148e+01,-3.381415571815073129e+00,-1.279234402531797210e+00
1.526297128937639158e+01,-3.381987911204266783e+00,-1.279929985071280862e+00
1.526618251834533346e+01,-3.382560703168655092e+00,-1.280626362690084008e+00
1.526939374731427534e+01,-3.383135959619248290e+00,-1.281323660250689445e+00
1.527260497628321723e+01,-3.383715992533746775e+00,-1.282021886491700569e+00
1.527581620525215733e+01,-3.384302911406384506e+00,-1.282720931230026506e+00
1.527902743422109744e+01,-3.384898173692123535e+00,-1.283420590275449857e+00
1.528223866319003932e+01,-3.385502296229712549e+00,-1.284120611303410708e+00
1.528544989215897942e+01,-3.386114791563312743e+00,-1.284820748894959008e+00
1.528866112112791953e+01,-3.386734334272274438e+00,-1.285520815146808715e+00
1.529187235009686141e+01,-3.387359104914438923e+00,-1.286220714018291966e+00
1.529508357906580152e+01,-3.387987217995760858e+00,-1.286920452288377259e+00
1.529829480803474340e+01,-3.388617125455908763e+00,-1.287620126263273823e+00
1.530150603700368528e+01,-3.389247900963696214e+00,-1.288319889475871616e+00
1.530471726597262538e+01,-3.389879347512658736e+00,-1.289019910962396986e+00
1.530792849494156727e+01,-3.390511920123042255e+00,-1.289720335260049033e+00
1.531113972391050737e+01,-3.391146503061440054e+00,-1.290421253821246950e+00
1.531435095287944748e+01,-3.391784114409343687e+00,-1.291122693686386658e+00
1.531756218184838936e+01,-3.392425622242496441e+00,-1.291824624205281991e+00
1.532077341081732946e+01,-3.393071544821422147e+00,-1.292526977792994636e+00
1.532398463978627134e+01,-3.393721977155699676e+00,-1.293229677418938905e+00
1.532719586875521323e+01,-3.394376647762400001e+00,-1.293932662517388366e+00
1.533040709772415333e+01,-3.395035073621221589e+00,-1.294635906347845866e+00
1.533361832669309344e+01,-3.395696757790402476e+00,-1.295339420947037468e+00
1.533682955566203532e+01,-3.396361368246977541e+00,-1.296043249681477327e+00
1.534004078463097542e+01,-3.397028848248189181e+00,-1.296747450889389475e+00
1.534325201359991730e+01,-3.397699432951225340e+00,-1.297452078260797892e+00
1.534646324256885741e+01,-3.398373576124373852e+00,-1.298157163966217720e+00
1.534967447153779752e+01,-3.399051815908831209e+00,-1.298862709179973152e+00
1.535288570050674117e+01,-3.399734623054447624e+00,-1.299568684108308947e+00
1.535609692947568128e+01,-3.400422275838502095e+00,-1.300275036759356295e+00
1.535930815844462138e+01,-3.401114794172640288e+00,-1.300981707329860404e+00
1.536251938741356327e+01,-3.401811945856924702e+00,-1.301688643847451310e+00
1.536573061638250337e+01,-3.402513316966219836e+00,-1.302395814823129161e+00
1.536894184535144348e+01,-3.403218422078502226e+00,-1.303103215946668003e+00
1.537215307432038536e+01,-3.403926822534045549e+00,-1.303810869791322435e+00
1.537536430328932546e+01,-3.404638223153975130e+00,-1.304518819445391831e+00
1.537857553225826912e+01,-3.405352527835072252e+00,-1.305227118393764929e+00
1.538178676122720923e+01,-3.406069848106549003e+00,-1.305935819507334283e+00
1.538499799019614933e+01,-3.406790471457572522e+00,-1.306644965647871359e+00
1.538820921916509121e+01,-3.407514804371110095e+00,-1.307354583423755434e+00
1.539142044813403132e+01,-3.408243306904668035e+00,-1.308064680460321094e+00
1.539463167710297142e+01,-3.408976432038527626e+00,-1.308775245598650105e+00
1.539784290607191330e+01,-3.409714576364982097e+00,-1.309486250986244826e+00
1.540105413504085341e+01,-3.410458042226949260e+00,-1.310197655123507499e+00
1.540426536400979529e+01,-3.411207007811469349e+00,-1.310909406412585909e+00
1.540747659297873717e+01,-3.411961502137559332e+00,-1.311621447313177757e+00
1.541068782194767728e+01,-3.412721385665332896e+00,-1.312333719528353093e+00
1.541389905091661916e+01,-3.413486342192618039e+00,-1.313046170525926426e+00
1.541711027988555927e+01,-3.414255890990545161e+00,-1.313758761148424714e+00
1.542032150885449937e+01,-3.415029427489440383e+00,-1.314471473280433234e+00
1.542353273782344125e+01,-3.415806295470439125e+00,-1.315184315858091368e+00
1.542674396679238136e+01,-3.416585884764679726e+00,-1.315897327259673233e+00
1.542995519576132146e+01,-3.417367738662103083e+00,-1.316610572520815481e+00
1.543316642473026512e+01,-3.418151648086666494e+00,-1.317324134867980945e+00
1.543637765369920523e+01,-3.418937708148980015e+00,-1.318038102517051557e+00
1.543958888266814533e+01,-3.419726318401942855e+00,-1.318752553124379556e+00
1.544280011163708721e+01,-3.420518120229089742e+00,-1.319467539242183740e+00
1.544601134060602732e+01,-3.421313880349648340e+00,-1.320183078260068088e+00
1.544922256957496920e+01,-3.422114344106730766e+00,-1.320899149481129964e+00
1.545243379854390930e+01,-3.422920091603091741e+00,-1.321615699344339756e+00
1.545564502751284941e+01,-3.423731430738394810e+00,-1.322332653780699196e+00
1.545885625648179307e+01,-3.424548352996368283e+00,-1.323049934836842079e+00
1.546206748545073317e+01,-3.425370562329845825e+00,-1.323767477551659244e+00
1.546527871441967328e+01,-3.426197568817695327e+00,-1.324485242978420407e+00
1.546848994338861516e+01,-3.427028822097448302e+00,-1.325203224259396295e+00
1.547170117235755527e+01,-3.427863849622728054e+00,-1.325921444514133629e+00
1.547491240132649537e+01,-3.428702364398011682e+00,-1.326639947481309978e+00
1.547812363029543725e+01,-3.429544316106228230e+00,-1.327358783744260862e+00
1.548133485926437736e+01,-3.430389875779096709e+00,-1.328077996440927944e+00
1.548454608823331746e+01,-3.431239362667070303e+00,-1.328797610318010358e+00
1.548775731720226112e+01,-3.432093137429677476e+00,-1.329517626869780589e+00
1.549096854617120123e+01,-3.432951493824751843e+00,-1.330238026451007860e+00
1.549417977514014311e+01,-3.433814579604864026e+00,-1.330958776225808160e+00
1.549739100410908321e+01,-3.434682367053206065e+00,-1.331679841205702930e+00
1.550060223307802332e+01,-3.435554677816256230e+00,-1.332401194899284214e+00
1.550381346204696520e+01,-3.436431250280296279e+00,-1.333122826428811747e+00
1.550702469101590530e+01,-3.437311825618662997e+00,-1.333844742229062907e+00
1.551023591998484541e+01,-3.438196224312298099e+00,-1.334566962218655561e+00
1.551344714895378907e+01,-3.439084389469866387e+00,-1.335289512066756501e+00
1.551665837792272917e+01,-3.439976384975931722e+00,-1.336012414338838106e+00
1.551986960689167105e+01,-3.440872351553176500e+00,-1.336735681552423616e+00
1.552308083586061116e+01,-3.441772437473806789e+00,-1.337459313455163556e+00
1.552629206482955126e+01,-3.442676728673175646e+00,-1.338183299399399839e+00
1.552950329379849315e+01,-3.443585203012045515e+00,-1.338907624993555423e+00
1.553271452276743325e+01,-3.444497725539092947e+00,-1.339632280794968766e+00
1.553592575173637336e+01,-3.445414088398368158e+00,-1.340357270109154841e+00
1.553913698070531701e+01,-3.446334084678561727e+00,-1.341082613185790029e+00
1.554234820967425712e+01,-3.447257594463509989e+00,-1.341808346171790234e+00
1.554555943864319723e+01,-3.448184656966966077e+00,-1.342534514758374931e+00
1.554877066761213911e+01,-3.449115506166195999e+00,-1.343261164054887269e+00
1.555198189658107921e+01,-3.450050557592257761e+00,-1.343988327355251977e+00
1.555519312555002109e+01,-3.450990347683504655e+00,-1.344716016803557901e+00
1.555840435451896120e+01,-3.451935440188644399e+00,-1.345444218433930361e+00
1.556161558348790130e+01,-3.452886322684306286e+00,-1.346172892843214619e+00
1.556482681245684319e+01,-3.453843318036033061e+00,-1.346901981239494450e+00
1.556803804142578507e+01,-3.454806530434464396e+00,-1.347631415253945697e+00
1.557124927039472517e+01,-3.455775835460422662e+00,-1.348361128093134464e+00
1.557446049936366705e+01,-3.456750911854907571e+00,-1.349091064538192386e+00
1.557767172833260716e+01,-3.457731302934332618e+00,-1.349821187918135212e+00
1.558088295730154726e+01,-3.458716490618356509e+00,-1.350551483234431638e+00
1.558409418627048915e+01,-3.459705965784842796e+00,-1.351281956713635601e+00
1.558730541523942925e+01,-3.460699284108722296e+00,-1.352012632851359752e+00
1.559051664420836936e+01,-3.461696104119968975e+00,-1.352743550260379513e+00
1.559372787317731301e+01,-3.462696210806181618e+00,-1.353474757336229573e+00
1.559693910214625312e+01,-3.463699531144479593e+00,-1.354206308102248402e+00
1.560015033111519500e+01,-3.464706146448257584e+00,-1.354938257921707967e+00
1.560336156008413511e+01,-3.465716301237702801e+00,-1.355670658403440587e+00
1.560657278905307521e+01,-3.466730401989122967e+00,-1.356403550992582918e+00
1.560978401802201709e+01,-3.467748994804623841e+00,-1.357136959429990464e+00
1.561299524699095720e+01,-3.468772711504699569e+00,-1.357870882253766620e+00
1.561620647595989730e+01,-3.469802180018271898e+00,-1.358605287413028107e+00
1.561941770492884096e+01,-3.470837906148598329e+00,-1.359340111443882115e+00
1.562262893389778107e+01,-3.471880146653915755e+00,-1.360075265219366392e+00
1.562584016286672295e+01,-3.472928803694434574e+00,-1.360810646975322724e+00
1.562905139183566305e+01,-3.473983373811600384e+00,-1.361546161380687181e+00
1.563226262080460316e+01,-3.475042978101693159e+00,-1.362281741369635757e+00
1.563547384977354504e+01,-3.476106484222997839e+00,-1.363017367915341005e+00
1.563868507874248515e+01,-3.477172708480202434e+00,-1.363753082469512101e+00
1.564189630771142525e+01,-3.478240663036796132e+00,-1.364488987737494163e+00
1.564510753668036713e+01,-3.479309795902091995e+00,-1.365225234748267846e+00
1.564831876564930901e+01,-3.480380165446160134e+00,-1.365961997353708934e+00
1.565152999461824912e+01,-3.481452499901686704e+00,-1.366699438586079562e+00
1.565474122358719100e+01,-3.482528114923357787e+00,-1.367437675835777799e+00
1.565795245255613111e+01,-3.483608694180508003e+00,-1.368176752827024112e+00
1.566116368152507121e+01,-3.484695971604503839e+00,-1.368916625459325465e+00
1.566437491049401309e+01,-3.485791380679057028e+00,-1.369657165825272083e+00
1.566758613946295320e+01,-3.486895748652735882e+00,-1.370398184685690524e+00
1.567079736843189508e+01,-3.488009107664917341e+00,-1.371139468327278177e+00
1.567400859740083696e+01,-3.489130670970408410e+00,-1.371880822128127120e+00
1.567721982636977707e+01,-3.490258985830095639e+00,-1.372622111251974752e+00
1.568043105533871895e+01,-3.491392233797281808e+00,-1.373363289225622896e+00
1.568364228430765905e+01,-3.492528614028884260e+00,-1.374104407719189291e+00
1.568685351327659916e+01,-3.493666724679265645e+00,-1.374845605076046473e+00
1.569006474224554104e+01,-3.494805856739513938e+00,-1.375587076029187505e+00
1.569327597121448115e+01,-3.495946134351143986e+00,-1.376329029411416327e+00
1.569648720018342125e+01,-3.497088471082447914e+00,-1.377071643450135996e+00
1.569969842915236313e+01,-3.498234354398430668e+00,-1.377815028750229320e+00
1.570290965812130501e+01,-3.499385510245241360e+00,-1.378559207184501645e+00
1.570612088709024690e+01,-3.500543526730603539e+00,-1.379304111093912821e+00
1.570933211605918700e+01,-3.501709523879577457e+00,-1.380049602384515683e+00
1.571254334502812711e+01,-3.502883943658214871e+00,-1.380795506465759992e+00
1.571575457399706899e+01,-3.504066504251633241e+00,-1.381541652621298688e+00
1.571896580296600909e+01,-3.505256322507726452e+00,-1.382287911125025026e+00
1.572217703193494920e+01,-3.506452168333970665e+00,-1.383034218482861011e+00
1.572538826090389108e+01,-3.507652784320773875e+00,-1.383780585293771459e+00
1.572859948987283296e+01,-3.508857190128194858e+00,-1.384527085593143081e+00
1.573181071884177484e+01,-3.510064897209746348e+00,-1.385273831091677899e+00
1.573502194781071495e+01,-3.511275983454834382e+00,-1.386020937352911764e+00
1.573823317677965505e+01,-3.512491013232317272e+00,-1.386768490801484122e+00
1.574144440574859694e+01,-3.513710827286405269e+00,-1.387516525100230824e+00
1.574465563471753704e+01,-3.514936259539480634e+00,-1.388265012986228841e+00
1.574786686368647715e+01,-3.516167856281338100e+00,-1.389013875719355973e+00
1.575107809265541903e+01,-3.517405673083157769e+00,-1.389763007823993757e+00
1.575428932162436091e+01,-3.518649206078911629e+00,-1.390512310869034263e+00
1.575750055059330101e+01,-3.519897481373134518e+00,-1.391261727579096164e+00
1.576071177956224290e+01,-3.521149286953006552e+00,-1.392011267203083325e+00
1.576392300853118300e+01,-3.522403494869795093e+00,-1.392761014906935157e+00
1.576713423750012311e+01,-3.523659396349251960e+00,-1.393511121617663884e+00
1.577034546646906499e+01,-3.524916965141878133e+00,-1.394261775410612803e+00
1.577355669543800509e+01,-3.526176977134964918e+00,-1.395013160135385011e+00
1.577676792440694697e+01,-3.527440944780856569e+00,-1.395765410435504617e+00
1.577997915337588708e+01,-3.528710866842498461e+00,-1.396518573775715533e+00
1.578319038234482896e+01,-3.529988838042523280e+00,-1.397272589118476960e+00
1.578640161131377084e+01,-3.531276599266631955e+00,-1.398027288596499940e+00
1.578961284028271095e+01,-3.532575128224543448e+00,-1.398782423558461385e+00
1.579282406925165105e+01,-3.533884367547414307e+00,-1.399537710784684252e+00
1.579603529822059294e+01,-3.535203161657855642e+00,-1.400292889739796820e+00
1.579924652718953304e+01,-3.536529430058481527e+00,-1.401047778631261620e+00
1.580245775615847315e+01,-3.537860552068765152e+00,-1.401802316601256981e+00
1.580566898512741503e+01,-3.539193888242064379e+00,-1.402556581850776363e+00
1.580888021409635691e+01,-3.540527328513813465e+00,-1.403310780469354757e+00
1.581209144306529879e+01,-3.541859745657072178e+00,-1.404065207197271903e+00
1.581530267203423890e+01,-3.543191248884554945e+00,-1.404820185841510582e+00
1.581851390100317900e+01,-3.544523174100311369e+00,-1.405576002066363683e+00
1.582172512997212088e+01,-3.545857805788320327e+00,-1.406332843515128772e+00
1.582493635894106099e+01,-3.547197887682252748e+00,-1.407090761015673763e+00
1.582814758791000109e+01,-3.548546030398752826e+00,-1.407849660103028144e+00
1.583135881687894297e+01,-3.549904151262863294e+00,-1.408609325198736606e+00
1.583457004584788308e+01,-3.551273076964051256e+00,-1.409369471095685888e+00
1.583778127481682674e+01,-3.552652403266904901e+00,-1.410129809762333375e+00
1.584099250378576684e+01,-3.554040645497817508e+00,-1.410890116582462994e+00
1.584420373275470695e+01,-3.555435643086493069e+00,-1.411650280058593498e+00
1.584741496172364883e+01,-3.556835118359912506e+00,-1.412410322888207448e+00
1.585062619069258893e+01,-3.558237250259193907e+00,-1.413170389327957688e+00
1.585383741966152904e+01,-3.559641118521761793e+00,-1.413930702211358081e+00
1.585704864863047092e+01,-3.561046905556945141e+00,-1.414691500756776854e+00
1.586025987759941103e+01,-3.562455804681171401e+00,-1.415452975363425736e+00
1.586347110656835291e+01,-3.563869659447967742e+00,-1.416215216542669353e+00
1.586668233553729479e+01,-3.565290429966959884e+00,-1.416978191600143155e+00
1.586989356450623490e+01,-3.566719629402399061e+00,-1.417741755474200893e+00
1.587310479347517500e+01,-3.568157884008996028e+00,-1.418505693059592510e+00
1.587631602244411688e+01,-3.569604739303482432e+00,-1.419269781775640782e+00
1.587952725141305699e+01,-3.571058770356824397e+00,-1.420033857394628951e+00
1.588273848038199887e+01,-3.572517972169715783e+00,-1.420797864864447035e+00
1.588594970935093897e+01,-3.573980328384231964e+00,-1.421561879523258742e+00
1.588916093831988086e+01,-3.575444404483472116e+00,-1.422326091869205333e+00
1.589237216728882274e+01,-3.576909800182868082e+00,-1.423090758923800436e+00
1.589558339625776284e+01,-3.578377329370270754e+00,-1.423856134576546584e+00
1.589879462522670295e+01,-3.579848866940063878e+00,-1.424622397537207874e+00
1.590200585419564483e+01,-3.581326891899059728e+00,-1.425389596833889438e+00
1.590521708316458493e+01,-3.582813841052055359e+00,-1.426157630657306497e+00
1.590842831213352504e+01,-3.584311443861232682e+00,-1.426926265725740217e+00
1.591163954110246692e+01,-3.585820220305113715e+00,-1.427695193460232659e+00
1.591485077007140703e+01,-3.587339285222576724e+00,-1.428464109037686391e+00
1.591806199904035068e+01,-3.588866523708666545e+00,-1.429232792660283469e+00
1.592127322800929079e+01,-3.590399103065570863e+00,-1.430001171096977108e+00
1.592448445697823090e+01,-3.591934194181968909e+00,-1.430769342230143071e+00
1.592769568594717278e+01,-3.593469714591827735e+00,-1.431537554866997297e+00
1.593090691491611288e+01,-3.595004894343597712e+00,-1.432306147976406541e+00
1.593411814388505299e+01,-3.596540508551969495e+00,-1.433075464592019177e+00
1.593732937285399487e+01,-3.598078706771704383e+00,-1.433845762829756065e+00
1.594054060182293497e+01,-3.599622476565612850e+00,-1.434617147738239673e+00
1.594375183079187863e+01,-3.601174877987125544e+00,-1.435389542555807196e+00
1.594696305976081874e+01,-3.602738249854542385e+00,-1.436162707661541527e+00
1.595017428872975884e+01,-3.604313599476827168e+00,-1.436936302792281461e+00
1.595338551769870072e+01,-3.605900341037673318e+00,-1.437709976381561727e+00
1.595659674666764083e+01,-3.607496455932939661e+00,-1.438483458371587087e+00
1.595980797563658093e+01,-3.609099035404264022e+00,-1.439256631662026109e+00
1.596301920460552282e+01,-3.610705062347911110e+00,-1.440029562894846293e+00
1.596623043357446292e+01,-3.612312223528306721e+00,-1.440802484100734748e+00
1.596944166254340303e+01,-3.613919533891414737e+00,-1.441575729951313445e+00
1.597265289151234668e+01,-3.615527604368842240e+00,-1.442349647385887002e+00
1.597586412048128679e+01,-3.617138480380115872e+00,-1.443124501917972813e+00
1.597907534945022689e+01,-3.618755094286228324e+00,-1.443900405886095584e+00
1.598228657841916878e+01,-3.620380479687393738e+00,-1.444677287999028170e+00
1.598549780738810888e+01,-3.622016960011062103e+00,-1.445454912330627506e+00
1.598870903635705076e+01,-3.623665530533570323e+00,-1.446232941495998681e+00
1.599192026532599087e+01,-3.625325599922194719e+00,-1.447011026762815789e+00
1.599513149429493097e+01,-3.626995159114127620e+00,-1.447788900600828210e+00
1.599834272326387463e+01,-3.628671328849477629e+00,-1.448566446630592308e+00
1.600155395223281474e+01,-3.630351134431351490e+00,-1.449343728234362416e+00
1.600476518120175484e+01,-3.632032295452466641e+00,-1.450120968488584516e+00
1.600797641017069495e+01,-3.633713815862676277e+00,-1.450898487419823191e+00
1.601118763913963861e+01,-3.635396216248671930e+00,-1.451676614196933279e+00
1.601439886810857871e+01,-3.637081349704330169e+00,-1.452455598564340811e+00
1.601761009707751882e+01,-3.638771857509911278e+00,-1.453235545779083759e+00
1.602082132604645892e+01,-3.640470419228837962e+00,-1.454016392594382756e+00
1.602403255501540258e+01,-3.642179006730049906e+00,-1.454797930340018919e+00
1.602724378398434268e+01,-3.643898348247219143e+00,-1.455579868098924257e+00
1.603045501295328279e+01,-3.645627748355015463e+00,-1.456361917990107280e+00
1.603366624192222289e+01,-3.647365309870113759e+00,-1.457143878657485736e+00
1.603687747089116655e+01,-3.649108492175706431e+00,-1.457925693813701074e+00
1.604008869986010666e+01,-3.650854848258578311e+00,-1.458707469818861124e+00
1.604329992882904676e+01,-3.652602735098972708e+00,-1.459489447744272805e+00
1.604651115779798687e+01,-3.654351801602613303e+00,-1.460271937960388566e+00
1.604972238676692697e+01,-3.656103121661229860e+00,-1.461055235504206129e+00
1.605293361573587063e+01,-3.657858938946709326e+00,-1.461839539533158705e+00
1.605614484470481074e+01,-3.659622096821011361e+00,-1.462624898737309387e+00
1.605935607367375084e+01,-3.661395311662962726e+00,-1.463411197154624643e+00
1.606256730264269095e+01,-3.663180487869810875e+00,-1.464198183565232458e+00
1.606577853161163461e+01,-3.664978257540159490e+00,-1.464985535710979780e+00
1.606898976058057471e+01,-3.666787862641041063e+00,-1.465772941304591903e+00
1.607220098954951482e+01,-3.668607401325805206e+00,-1.466560173670677480e+00
1.607541221851845492e+01,-3.670434360237220250e+00,-1.467347141929534526e+00
1.607862344748739858e+01,-3.672266278811581408e+00,-1.468133903185662836e+00
1.608183467645633868e+01,-3.674101360260132232e+00,-1.468920634999193009e+00
1.608504590542527879e+01,-3.675938864709604292e+00,-1.469707577422243672e+00
1.608825713439421889e+01,-3.677779185922850580e+00,-1.470494962009229356e+00
1.609146836336316255e+01,-3.679623604653356583e+00,-1.471282948263674895e+00
1.609467959233210266e+01,-3.681473802825204089e+00,-1.472071585231084168e+00
1.609789082130104276e+01,-3.683331287892949835e+00,-1.472860808292624668e+00
1.610110205026998287e+01,-3.685196898259416542e+00,-1.473650470913488331e+00
1.610431327923892297e+01,-3.687070533441803022e+00,-1.474440401099020415e+00
1.610752450820786663e+01,-3.688951185433044344e+00,-1.475230465409701264e+00
1.611073573717680674e+01,-3.690837260067608483e+00,-1.476020621454874115e+00
1.611394696614574684e+01,-3.692727094104155672e+00,-1.476810943270105092e+00
1.611715819511469050e+01,-3.694619518322809881e+00,-1.477601611810447135e+00
1.612036942408363061e+01,-3.696514304165101628e+00,-1.478392872703069072e+00
1.612358065305257071e+01,-3.698412364131657526e+00,-1.479184972607453741e+00
1.612679188202151082e+01,-3.700315644467695453e+00,-1.479978091493967751e+00
1.613000311099045092e+01,-3.702226733153431315e+00,-1.480772289285976706e+00
1.613321433995939458e+01,-3.704148283406618170e+00,-1.481567481395385855e+00
1.613642556892833468e+01,-3.706082401882435651e+00,-1.482363449885439888e+00
1.613963679789727479e+01,-3.708030158847898772e+00,-1.483159887518179065e+00
1.614284802686621489e+01,-3.709991343612592196e+00,-1.483956463385671221e+00
1.614605925583515855e+01,-3.711964522669071620e+00,-1.484752893458152867e+00
1.614927048480409866e+01,-3.713947378872949123e+00,-1.485548998548935407e+00
1.615248171377303876e+01,-3.715937239078850318e+00,-1.486344735969933994e+00
1.615569294274197887e+01,-3.717931653478595777e+00,-1.487140198366851740e+00
1.615890417171092253e+01,-3.719928883126119246e+00,-1.487935581834346710e+00
1.616211540067986263e+01,-3.721928183002290780e+00,-1.488731133081960589e+00
1.616532662964880274e+01,-3.723929826613316951e+00,-1.489527090163660805e+00
1.616853785861774284e+01,-3.725934887675151241e+00,-1.490323631981867791e+00
1.617174908758668650e+01,-3.727944855911334621e+00,-1.491120848448825864e+00
1.617496031655562660e+01,-3.729961201457356879e+00,-1.491918736930291756e+00
1.617817154552456671e+01,-3.731985007122566422e+00,-1.492717223237040702e+00
1.618138277449350682e+01,-3.734016760339536667e+00,-1.493516199000103128e+00
1.618459400346244692e+01,-3.736056346189282618e+00,-1.494315563443616046e+00
1.618780523243139058e+01,-3.738103224318452433e+00,-1.495115257242928930e+00
1.619101646140033068e+01,-3.740156722182144122e+00,-1.495915279225282557e+00
1.619422769036927079e+01,-3.742216348138563298e+00,-1.496715682123794799e+00
1.619743891933821445e+01,-3.744282027319715489e+00,-1.497516549826229282e+00
1.620065014830715455e+01,-3.746354189761460951e+00,-1.498317963827820565e+00
1.620386137727609466e+01,-3.748433685569237284e+00,-1.499119969501402361e+00
1.620707260624503476e+01,-3.750521552810604398e+00,-1.499922552635199136e+00
1.621028383521397487e+01,-3.752618706276646066e+00,-1.500725633609374388e+00
1.621349506418291853e+01,-3.754725637963920892e+00,-1.501529081512179786e+00
1.621670629315185863e+01,-3.756842217490405478e+00,-1.502332744857492131e+00
1.621991752212079874e+01,-3.758967653955745725e+00,-1.503136490881813003e+00
1.622312875108974239e+01,-3.761100637550949255e+00,-1.503940242895793089e+00
1.622633998005868250e+01,-3.763239631141769959e+00,-1.504744005464795586e+00
1.622955120902762260e+01,-3.765383241657660918e+00,-1.505547870178017389e+00
1.623276243799656271e+01,-3.767530578694138654e+00,-1.506351999638243067e+00
1.623597366696550282e+01,-3.769681508789090252e+00,-1.507156592809647533e+00
1.623918489593444292e+01,-3.771836737896986591e+00,-1.507961839615368671e+00
1.624239612490338658e+01,-3.773997695538144903e+00,-1.508767875509553713e+00
1.624560735387232668e+01,-3.776166241832885628e+00,-1.509574746981252158e+00
1.624881858284126679e+01,-3.778344261586725317e+00,-1.510382396538456629e+00
1.625202981181021045e+01,-3.780533237555779191e+00,-1.511190671257899965e+00
1.625524104077915055e+01,-3.782733901462211445e+00,-1.511999353531292334e+00
1.625845226974809066e+01,-3.784946044826240197e+00,-1.512808207468424371e+00
1.626166349871703076e+01,-3.787168536115623318e+00,-1.513617030726861712e+00
1.626487472768597087e+01,-3.789399544283075016e+00,-1.514425700170294098e+00
1.626808595665491453e+01,-3.791636922054370196e+00,-1.515234201022370941e+00
1.627129718562385463e+01,-3.793878665928653415e+00,-1.516042632793753508e+00
1.627450841459279474e+01,-3.796123351988500261e+00,-1.516851190404875149e+00
1.627771964356173839e+01,-3.798370451355477684e+00,-1.517660124450333381e+00
1.628093087253067850e+01,-3.800620455474278181e+00,-1.518469689210853568e+00
1.628414210149961860e+01,-3.802874783516067669e+00,-1.519280089762373276e+00
1.628735333046855871e+01,-3.805135492623026749e+00,-1.520091439730756777e+00
1.629056455943749881e+01,-3.807404855528948140e+00,-1.520903738838103036e+00
1.629377578840644247e+01,-3.809684899290320281e+00,-1.521716874917092399e+00
1.629698701737538258e+01,-3.811977006698143100e+00,-1.522530649547716886e+00
1.630019824634432268e+01,-3.814281666524334646e+00,-1.523344821165178331e+00
1.630340947531326634e+01,-3.816598423598579259e+00,-1.524159155632516915e+00
1.630662070428220645e+01,-3.818926033013836374e+00,-1.524973472773874184e+00
1.630983193325114655e+01,-3.821262775571298675e+00,-1.525787678581918216e+00
1.631304316222008666e+01,-3.823606855201258536e+00,-1.526601776453983650e+00
1.631625439118902676e+01,-3.825956782342547324e+00,-1.527415855990707838e+00
1.631946562015796687e+01,-3.828311654200265757e+00,-1.528230063332346012e+00
1.632267684912691053e+01,-3.830671271623628638e+00,-1.529044561355683118e+00
1.632588807809585063e+01,-3.833036075674001175e+00,-1.529859490214088291e+00
1.632909930706479429e+01,-3.835406933601959167e+00,-1.530674938131431517e+00
1.633231053603373439e+01,-3.837784841742357234e+00,-1.531490929220213904e+00
1.633552176500267450e+01,-3.840170631804513235e+00,-1.532307430229464362e+00
1.633873299397161460e+01,-3.842564762148473534e+00,-1.533124372854937523e+00
1.634194422294055471e+01,-3.844967248290751538e+00,-1.533941684005914352e+00
1.634515545190949481e+01,-3.847377744670462008e+00,-1.534759314396990204e+00
1.634836668087843847e+01,-3.849795744485245308e+00,-1.535577256598225304e+00
1.635157790984737858e+01,-3.852220829095018395e+00,-1.536395547034549836e+00
1.635478913881631868e+01,-3.854652883442764466e+00,-1.537214251432864609e+00
1.635800036778526234e+01,-3.857092203920957196e+00,-1.538033438432804934e+00
1.636121159675420245e+01,-3.859539457735002177e+00,-1.538853149963567590e+00
1.636442282572314255e+01,-3.861995498984732045e+00,-1.539673378345969734e+00
1.636763405469208266e+01,-3.864461092998530578e+00,-1.540494058411856715e+00
1.637084528366102276e+01,-3.866936632948919872e+00,-1.541315078625108637e+00
1.637405651262996642e+01,-3.869421941025621869e+00,-1.542136309424154916e+00
1.637726774159890653e+01,-3.871916226773554293e+00,-1.542957641455544371e+00
1.638047897056784663e+01,-3.874418232099683834e+00,-1.543779022716771587e+00
1.638369019953679029e+01,-3.876926537595690725e+00,-1.544600483075705410e+00
1.638690142850573039e+01,-3.879439953979924471e+00,-1.545422137523729811e+00
1.639011265747467050e+01,-3.881957891022724816e+00,-1.546244165186233088e+00
1.639332388644361060e+01,-3.884480594735836956e+00,-1.547066768036618800e+00
1.639653511541255071e+01,-3.887009174064132822e+00,-1.547890119467086878e+00
1.639974634438149437e+01,-3.889545393682191765e+00,-1.548714316496656140e+00
1.640295757335043447e+01,-3.892091274954840863e+00,-1.549539349241360275e+00
1.640616880231937458e+01,-3.894648604153637006e+00,-1.550365097176359175e+00
1.640938003128831824e+01,-3.897218478661719221e+00,-1.551191354670141909e+00
1.641259126025725834e+01,-3.899801017764811917e+00,-1.552017880158514718e+00
1.641580248922619845e+01,-3.902395324238174812e+00,-1.552844456436689002e+00
1.641901371819513855e+01,-3.904999716290340928e+00,-1.553670945913635748e+00
1.642222494716407866e+01,-3.907612174504294877e+00,-1.554497325471112523e+00
1.642543617613301876e+01,-3.910230886318997623e+00,-1.555323690747992815e+00
1.642864740510196242e+01,-3.912854739530721382e+00,-1.556150227914394613e+00
1.643185863407090253e+01,-3.915483626226676783e+00,-1.556977160066514321e+00
1.643506986303984618e+01,-3.918118468035323598e+00,-1.557804682704696519e+00
1.643828109200878629e+01,-3.920760949738845813e+00,-1.558632906209513225e+00
1.644149232097772639e+01,-3.923413030237155041e+00,-1.559461821704271722e+00
1.644470354994666650e+01,-3.926076364396933194e+00,-1.560291300482549826e+00
1.644791477891560660e+01,-3.928751797623636577e+00,-1.561121127931738961e+00
1.645112600788454671e+01,-3.931439078109808083e+00,-1.561951063156114650e+00
1.645433723685349037e+01,-3.934136873406033796e+00,-1.562780908052761708e+00
1.645754846582243047e+01,-3.936843093932389070e+00,-1.563610566588534034e+00
1.646075969479137058e+01,-3.939555439676412085e+00,-1.564440077408310925e+00
1.646397092376031424e+01,-3.942272022112759622e+00,-1.565269610095302966e+00
1.646718215272925434e+01,-3.944991889940246299e+00,-1.566099425439869686e+00
1.647039338169819445e+01,-3.947715311830924279e+00,-1.566929810145202717e+00
1.647360461066713455e+01,-3.950443735660640332e+00,-1.567761003644822404e+00
1.647681583963607466e+01,-3.953179433264788045e+00,-1.568593137036378593e+00
1.648002706860501831e+01,-3.955924927368736022e+00,-1.569426200841512742e+00
1.648323829757395842e+01,-3.958682358023927872e+00,-1.570260050281021780e+00
1.648644952654289852e+01,-3.961452962210744388e+00,-1.571094446271358969e+00
1.648966075551184218e+01,-3.964236807461997802e+00,-1.571929120387809409e+00
1.649287198448078229e+01,-3.967032847751594371e+00,-1.572763845450391607e+00
1.649608321344972239e+01,-3.969839278325655307e+00,-1.573598492056511366e+00
1.649929444241866250e+01,-3.972654081991607189e+00,-1.574433055680941829e+00
1.650250567138760260e+01,-3.975475606876111456e+00,-1.575267647629935874e+00
1.650571690035654626e+01,-3.978303009887325103e+00,-1.576102453643583923e+00
1.650892812932548637e+01,-3.981136442523644625e+00,-1.576937673222494674e+00
1.651213935829442647e+01,-3.983976933613617710e+00,-1.577773458103086890e+00
1.651535058726337013e+01,-3.986826013952867953e+00,-1.578609868167556662e+00
1.651856181623231024e+01,-3.989685203847568307e+00,-1.579446857515726776e+00
1.652177304520125034e+01,-3.992555523726361244e+00,-1.580284294119450150e+00
1.652498427417019045e+01,-3.995437178636929154e+00,-1.581122006216570952e+00
1.652819550313913055e+01,-3.998329512444808831e+00,-1.581959840464419065e+00
1.653140673210807066e+01,-4.001231243437076479e+00,-1.582797713320592603e+00
1.653461796107701431e+01,-4.004140905178637411e+00,-1.583635639245993376e+00
1.653782919004595442e+01,-4.007057351570685100e+00,-1.584473726523655035e+00
1.654104041901489808e+01,-4.009980163153302968e+00,-1.585312141612093439e+00
1.654425164798383818e+01,-4.012909820061654642e+00,-1.586151052946900508e+00
1.654746287695277829e+01,-4.015847577860528261e+00,-1.586990571905744440e+00
1.655067410592171839e+01,-4.018795074918081411e+00,-1.587830710109531251e+00
1.655388533489065850e+01,-4.021753786243428941e+00,-1.588671367772316545e+00
1.655709656385959860e+01,-4.024724492261985809e+00,-1.589512358638505374e+00
1.656030779282854226e+01,-4.027706934541365413e+00,-1.590353465814790423e+00
1.656351902179748237e+01,-4.030699781328307196e+00,-1.591194512860249821e+00
1.656673025076642247e+01,-4.033700936970145534e+00,-1.592035428888810555e+00
1.656994147973536613e+01,-4.036708126120734264e+00,-1.592876287002662927e+00
1.657315270870430624e+01,-4.039719596321516448e+00,-1.593717302170970740e+00
1.657636393767324634e+01,-4.042734737547392321e+00,-1.594558785914799381e+00
1.657957516664218645e+01,-4.045754429412627751e+00,-1.595401067716790022e+00
1.658278639561112655e+01,-4.048780994502974906e+00,-1.596244403329288852e+00
1.658599762458007021e+01,-4.051817742102953090e+00,-1.597088895060209568e+00
1.658920885354901031e+01,-4.054868201345546375e+00,-1.597934447085577636e+00
1.659242008251795042e+01,-4.057935234161404559e+00,-1.598780770233944493e+00
1.659563131148689408e+01,-4.061020259918221242e+00,-1.599627437753375681e+00
1.659884254045583418e+01,-4.064122802479730900e+00,-1.600473979818515025e+00
1.660205376942477429e+01,-4.067240491145409642e+00,-1.601319993763142380e+00
1.660526499839371439e+01,-4.070369530415459458e+00,-1.602165242248958510e+00
1.660847622736265450e+01,-4.073505531157639581e+00,-1.603009714184017387e+00
1.661168745633159460e+01,-4.076644500730655984e+00,-1.603853632535431784e+00
1.661489868530053826e+01,-4.079783747702622421e+00,-1.604697406741674826e+00
1.661810991426947837e+01,-4.082922479178384911e+00,-1.605541541566529729e+00
1.662132114323842202e+01,-4.086061948994351489e+00,-1.606386525158006062e+00
1.662453237220736213e+01,-4.089205131024298723e+00,-1.607232723901211635e+00
1.662774360117630223e+01,-4.092356012006130861e+00,-1.608080309202027935e+00
1.663095483014524234e+01,-4.095518690521281258e+00,-1.608929232428081280e+00
1.663416605911418245e+01,-4.098696509240425279e+00,-1.609779251423331559e+00
1.663737728808312255e+01,-4.101891427240039967e+00,-1.610629998854109735e+00
1.664058851705206621e+01,-4.105103765912247127e+00,-1.611481072670435166e+00
1.664379974602100631e+01,-4.108332357751073083e+00,-1.612332124712220205e+00
1.664701097498994997e+01,-4.111575021718010703e+00,-1.613182925821074365e+00
1.665022220395889008e+01,-4.114829210664830761e+00,-1.614033393750774925e+00
1.665343343292783018e+01,-4.118092645214440850e+00,-1.614883581216531416e+00
1.665664466189677029e+01,-4.121363770277842953e+00,-1.615733632354049654e+00
1.665985589086571039e+01,-4.124641935626554456e+00,-1.616583723641611847e+00
1.666306711983465050e+01,-4.127927289477987927e+00,-1.617434007988501010e+00
1.666627834880359416e+01,-4.131220457513050448e+00,-1.618284577796704315e+00
1.666948957777253426e+01,-4.134522135371140550e+00,-1.619135455562053627e+00
1.667270080674147437e+01,-4.137832736076367368e+00,-1.619986611391951215e+00
1.667591203571041802e+01,-4.141152203797587639e+00,-1.620837998515329392e+00
1.667912326467935813e+01,-4.144480043484547238e+00,-1.621689592867677332e+00
1.668233449364829823e+01,-4.147815542758825025e+00,-1.622541422461132754e+00
1.668554572261723834e+01,-4.151158100836370046e+00,-1.623393576357139656e+00
1.668875695158617845e+01,-4.154507547505529530e+00,-1.624246190163409986e+00
1.669196818055512210e+01,-4.157864341692613763e+00,-1.625099412751348726e+00
1.669517940952406221e+01,-4.161229580309236731e+00,-1.625953364901863818e+00
1.669839063849300231e+01,-4.164604809817674003e+00,-1.626808103038662523e+00
1.670160186746194597e+01,-4.167991695390184326e+00,-1.627663599460264399e+00
1.670481309643088608e+01,-4.171391646259083430e+00,-1.628519745212165581e+00
1.670802432539982618e+01,-4.174805507845980479e+00,-1.629376374690989948e+00
1.671123555436876629e+01,-4.178233408721011344e+00,-1.630233304482321621e+00
1.671444678333770639e+01,-4.181674801348468584e+00,-1.631090374833989776e+00
1.671765801230664650e+01,-4.185128675902396012e+00,-1.631947481758266649e+00
1.672086924127559016e+01,-4.188593875010028889e+00,-1.632804591062485100e+00
1.672408047024453026e+01,-4.192069409867734464e+00,-1.633661731495086533e+00
1.672729169921347392e+01,-4.195554682663876989e+00,-1.634518970754451850e+00
1.673050292818241402e+01,-4.199049554369988613e+00,-1.635376383267018285e+00
1.673371415715135413e+01,-4.202554249222326455e+00,-1.636234020810054313e+00
1.673692538612029423e+01,-4.206069140632217263e+00,-1.637091895615872650e+00
1.674013661508923434e+01,-4.209594500791276950e+00,-1.637949981080791595e+00
1.674334784405817445e+01,-4.213130306121806612e+00,-1.638808229112365566e+00
1.674655907302711810e+01,-4.216676170133410118e+00,-1.639666597463498521e+00
1.674977030199605821e+01,-4.220231431084825680e+00,-1.640525076956511397e+00
1.675298153096500187e+01,-4.223795368493872715e+00,-1.641383708404043462e+00
1.675619275993394197e+01,-4.227367477273958229e+00,-1.642242582325601941e+00
1.675940398890288208e+01,-4.230947705826309857e+00,-1.643101820196742668e+00
1.676261521787182218e+01,-4.234536572315396263e+00,-1.643961542157700739e+00
1.676582644684076229e+01,-4.238135109540274392e+00,-1.644821830866062928e+00
1.676903767580970239e+01,-4.241744642246766617e+00,-1.645682702951752230e+00
1.677224890477864605e+01,-4.245366454766078768e+00,-1.646544097692770547e+00
1.677546013374758616e+01,-4.249001444440424713e+00,-1.647405887573385685e+00
1.677867136271652626e+01,-4.252649865202529078e+00,-1.648267908793643377e+00
1.678188259168546992e+01,-4.256311242428338026e+00,-1.649130003585582482e+00
1.678509382065441002e+01,-4.259984491198301804e+00,-1.649992062291001593e+00
1.678830504962335013e+01,-4.263668209840131951e+00,-1.650854052822898321e+00
1.679151627859229023e+01,-4.267361067256778107e+00,-1.651716028551128757e+00
1.679472750756123034e+01,-4.271062172447239291e+00,-1.652578111864868582e+00
1.679793873653017400e+01,-4.274771317398454507e+00,-1.653440457848538214e+00
1.680114996549911410e+01,-4.278489019984805353e+00,-1.654303208518974833e+00
1.680436119446805421e+01,-4.282216351641593199e+00,-1.655166451083442070e+00
1.680757242343699787e+01,-4.285954598414948080e+00,-1.656030192734479378e+00
1.681078365240593797e+01,-4.289704854612122809e+00,-1.656894359809541584e+00
1.681399488137487808e+01,-4.293467670419511606e+00,-1.657758822037743052e+00
1.681720611034381818e+01,-4.297242861484052767e+00,-1.658623435134324087e+00
1.682041733931275829e+01,-4.301029542915167703e+00,-1.659488089378924114e+00
1.682362856828169839e+01,-4.304826385290106749e+00,-1.660352749706819342e+00
1.682683979725064205e+01,-4.308632024666203542e+00,-1.661217474925325899e+00
1.683005102621958216e+01,-4.312445511351497451e+00,-1.662082409401965499e+00
1.683326225518852581e+01,-4.316266667184558870e+00,-1.662947748357621824e+00
1.683647348415746592e+01,-4.320096243102839573e+00,-1.663813685533443554e+00
1.683968471312640602e+01,-4.323935822070366086e+00,-1.664680357307310343e+00
1.684289594209534613e+01,-4.327787482309465084e+00,-1.665547798784389855e+00
1.684610717106428623e+01,-4.331653302802472183e+00,-1.666415924528570569e+00
1.684931840003322634e+01,-4.335534838516744927e+00,-1.667284540196028786e+00
1.685252962900217000e+01,-4.339432704070079083e+00,-1.668153383125980715e+00
1.685574085797111010e+01,-4.343346378408396546e+00,-1.669022182177579694e+00
1.685895208694005021e+01,-4.347274286620766759e+00,-1.669890721882520301e+00
1.686216331590899387e+01,-4.351214143566077830e+00,-1.670758894703358255e+00
1.686537454487793397e+01,-4.355163476694147384e+00,-1.671626728157052932e+00
1.686858577384687408e+01,-4.359120200031970427e+00,-1.672494379945514975e+00
1.687179700281581418e+01,-4.363083099303917578e+00,-1.673362102301596543e+00
1.687500823178475429e+01,-4.367052111966117423e+00,-1.674230184378567188e+00
1.687821946075369794e+01,-4.371028338483451847e+00,-1.675098886731577696e+00
1.688143068972263805e+01,-4.375013788113154334e+00,-1.675968383500423542e+00
1.688464191869157816e+01,-4.379010926244870205e+00,-1.676838725542693309e+00
1.688785314766052181e+01,-4.383022135016351406e+00,-1.677709832247932464e+00
1.689106437662946192e+01,-4.387049214206326653e+00,-1.678581512624779393e+00
1.689427560559840202e+01,-4.391093033108907306e+00,-1.679453509362417218e+00
1.689748683456734213e+01,-4.395153402200268289e+00,-1.680325554616902695e+00
1.690069806353628223e+01,-4.399229177982199701e+00,-1.681197424348538139e+00
1.690390929250522589e+01,-4.403318560016884931e+00,-1.682068979382118856e+00
1.690712052147416600e+01,-4.407419499002838137e+00,-1.682940185381337495e+00
1.691033175044310610e+01,-4.411530117243679605e+00,-1.683811109409653284e+00
1.691354297941204976e+01,-4.415649050058913616e+00,-1.684681896230896037e+00
1.691675420838098987e+01,-4.419775644289873462e+00,-1.685552731668797266e+00
1.691996543734992997e+01,-4.423909989196344483e+00,-1.686423802347174705e+00
1.692317666631887008e+01,-4.428052795033188715e+00,-1.687295260753200576e+00
1.692638789528781018e+01,-4.432205165857439511e+00,-1.688167202198705974e+00
1.692959912425675029e+01,-4.436368329456199966e+00,-1.689039656728129835e+00
1.693281035322569394e+01,-4.440543387035585710e+00,-1.689912595333115775e+00
1.693602158219463405e+01,-4.444731131097187316e+00,-1.690785946869822309e+00
1.693923281116357415e+01,-4.448931957357386224e+00,-1.691659620404494246e+00
1.694244404013251781e+01,-4.453145872305587893e+00,-1.692533527492939172e+00
1.694565526910145792e+01,-4.457372577903560895e+00,-1.693407599908697492e+00
1.694886649807039802e+01,-4.461611602693290379e+00,-1.694281800099961321e+00
1.695207772703933813e+01,-4.465862445247682722e+00,-1.695156123623752675e+00
1.695528895600827823e+01,-4.470124700162535269e+00,-1.696030594503773248e+00
1.695850018497722189e+01,-4.474398145898668133e+00,-1.696905255592509043e+00
1.696171141394616200e+01,-4.478682784623543078e+00,-1.697780156504808957e+00
1.696492264291510210e+01,-4.482978834193170670e+00,-1.698655341616075232e+00
1.696813387188404576e+01,-4.487286680025991181e+00,-1.699530840163674394e+00
1.697134510085298587e+01,-4.491606799384056714e+00,-1.700406659847148561e+00
1.697455632982192597e+01,-4.495939672777062412e+00,-1.701282784637142775e+00
1.697776755879086608e+01,-4.500285697404445173e+00,-1.702159176855001066e+00
1.698097878775980618e+01,-4.504645116218545020e+00,-1.703035783004951176e+00
1.698419001672874984e+01,-4.509017973537627455e+00,-1.703912542342920666e+00
1.698740124569768994e+01,-4.513404104219779889e+00,-1.704789396778806143e+00
1.699061247466663005e+01,-4.517803158364191773e+00,-1.705666300486992526e+00
1.699382370363557015e+01,-4.522214657801985283e+00,-1.706543227607943081e+00
1.699703493260451381e+01,-4.526638075141390161e+00,-1.707420176705476189e+00
1.700024616157345392e+01,-4.531072921972871370e+00,-1.708297171187407981e+00
1.700345739054239402e+01,-4.535518831066799095e+00,-1.709174255616286331e+00
1.700666861951133413e+01,-4.539975618593788731e+00,-1.710051488584242829e+00
1.700987984848027779e+01,-4.544443316394156440e+00,-1.710928933430618137e+00
1.701309107744921789e+01,-4.548922170165867307e+00,-1.711806648402239839e+00
1.701630230641815800e+01,-4.553412605656839141e+00,-1.712684677831782576e+00
1.701951353538709810e+01,-4.557915170010994110e+00,-1.713563045578128108e+00
1.702272476435604176e+01,-4.562430458267352940e+00,-1.714441751459945040e+00
1.702593599332498187e+01,-4.566959035400939726e+00,-1.715320770885769619e+00
1.702914722229392197e+01,-4.571501362838310101e+00,-1.716200057483711738e+00
1.703235845126286208e+01,-4.576057736253588359e+00,-1.717079548326619687e+00
1.703556968023180218e+01,-4.580628239849414030e+00,-1.717959171297865906e+00
1.703878090920074584e+01,-4.585212721898114907e+00,-1.718838854131312877e+00
1.704199213816968594e+01,-4.589810796797625159e+00,-1.719718534545614297e+00
1.704520336713862605e+01,-4.594421879138407050e+00,-1.720598170590226239e+00
1.704841459610756971e+01,-4.599045253703772040e+00,-1.721477749855249595e+00
1.705162582507650981e+01,-4.603680180677634404e+00,-1.722357295732053428e+00
1.705483705404544992e+01,-4.608326027430806882e+00,-1.723236868704642433e+00
1.705804828301439002e+01,-4.612982408469609830e+00,-1.724116560966577838e+00
1.706125951198333013e+01,-4.617649306296186751e+00,-1.724996483646772605e+00
1.706447074095227379e+01,-4.622327141632215586e+00,-1.725876747530316724e+00
1.706768196992121389e+01,-4.627016764854860575e+00,-1.726757440066424287e+00
1.707089319889015400e+01,-4.631719352999287942e+00,-1.727638603147368723e+00
1.707410442785909410e+01,-4.636436217020277084e+00,-1.728520217028908901e+00
1.707731565682803776e+01,-4.641168547997297722e+00,-1.729402195366172013e+00
1.708052688579697787e+01,-4.645917152301184849e+00,-1.730284394479924659e+00
1.708373811476591797e+01,-4.650682237598068980e+00,-1.731166636885083765e+00
1.708694934373485808e+01,-4.655463308707306958e+00,-1.732048745464984885e+00
1.709016057270380173e+01,-4.660259213014269264e+00,-1.732930581406697534e+00
1.709337180167274184e+01,-4.665068342220027198e+00,-1.733812077111071881e+00
1.709658303064168194e+01,-4.669888957958098885e+00,-1.734693255490121766e+00
1.709979425961062205e+01,-4.674719573339501721e+00,-1.735574229589845530e+00
1.710300548857956571e+01,-4.679559301123052961e+00,-1.736455180913648366e+00
1.710621671754850581e+01,-4.684408079464152053e+00,-1.737336320159134972e+00
1.710942794651744592e+01,-4.689266710261278170e+00,-1.738217838940851800e+00
1.711263917548638602e+01,-4.694136688663366641e+00,-1.739099864069869605e+00
1.711585040445532968e+01,-4.699019855087593456e+00,-1.739982426109466296e+00
1.711906163342426979e+01,-4.703917949396511311e+00,-1.740865450952120197e+00
1.712227286239320989e+01,-4.708832177130537033e+00,-1.741748777647982749e+00
1.712548409136215000e+01,-4.713762900371357922e+00,-1.742632198994690906e+00
1.712869532033109010e+01,-4.718709538463416564e+00,-1.743515515234968838e+00
1.713190654930003376e+01,-4.723670712199103505e+00,-1.744398587318291671e+00
1.713511777826897386e+01,-4.728644602006577102e+00,-1.745281375747560704e+00
1.713832900723791397e+01,-4.733629432845932961e+00,-1.746163954334971180e+00
1.714154023620685408e+01,-4.738623961936875517e+00,-1.747046494493087465e+00
1.714475146517579773e+01,-4.743627840931026185e+00,-1.747929223384052211e+00
1.714796269414473784e+01,-4.748641754062747466e+00,-1.748812366288496678e+00
1.715117392311367794e+01,-4.753667291055567290e+00,-1.749696087992739457e+00
1.715438515208261805e+01,-4.758706583226185671e+00,-1.750580448545310697e+00
1.715759638105156171e+01,-4.763761794556621965e+00,-1.751465385161441013e+00
1.716080761002050181e+01,-4.768834599065745472e+00,-1.752350725254847141e+00
1.716401883898944192e+01,-4.773925780428676546e+00,-1.753236227360894350e+00
1.716723006795838202e+01,-4.779035057819045917e+00,-1.754121639314970560e+00
1.717044129692732568e+01,-4.784161181871915858e+00,-1.755006758495541774e+00
1.717365252589626579e+01,-4.789302272841344355e+00,-1.755891478488766477e+00
1.717686375486520589e+01,-4.794456309151440720e+00,-1.756775810302536822e+00
1.718007498383414955e+01,-4.799621636107238132e+00,-1.757659873198334388e+00
1.718328621280308965e+01,-4.804797361904577180e+00,-1.758543858384301162e+00
1.718649744177202976e+01,-4.809983541542235841e+00,-1.759427975953302692e+00
1.718970867074096986e+01,-4.815181108960769230e+00,-1.760312399597371957e+00
1.719291989970990997e+01,-4.820391586605369483e+00,-1.761197223693445668e+00
1.719613112867885363e+01,-4.825616660217870724e+00,-1.762082443415131872e+00
1.719934235764779373e+01,-4.830857738872236240e+00,-1.762967961796766847e+00
1.720255358661673384e+01,-4.836115617841707071e+00,-1.763853620143417622e+00
1.720576481558567394e+01,-4.841390326732134319e+00,-1.764739242008432463e+00
1.720897604455461405e+01,-4.846681188746654101e+00,-1.765624677860414327e+00
1.721218727352355415e+01,-4.851987056162104572e+00,-1.766509838300523771e+00
1.721539850249249781e+01,-4.857306639995341513e+00,-1.767394707885229899e+00
1.721860973146143792e+01,-4.862638831680673235e+00,-1.768279337864809175e+00
1.722182096043037802e+01,-4.867982926134494015e+00,-1.769163822499558947e+00
1.722503218939932168e+01,-4.873338693875903793e+00,-1.770048268134220892e+00
1.722824341836826179e+01,-4.878706301906017728e+00,-1.770932765588343116e+00
1.723145464733720544e+01,-4.884086131960343913e+00,-1.771817374358204411e+00
1.723466587630614555e+01,-4.889478575095515644e+00,-1.772702122411373482e+00
1.723787710527508565e+01,-4.894883884134342722e+00,-1.773587019596045034e+00
1.724108833424402576e+01,-4.900302140092341219e+00,-1.774472077798967540e+00
1.724429956321296586e+01,-4.905733344192650058e+00,-1.775357328579681981e+00
1.724751079218190597e+01,-4.911177598457909355e+00,-1.776242829882730634e+00
1.725072202115084963e+01,-4.916635301535824176e+00,-1.777128657311502824e+00
1.725393325011978973e+01,-4.922107274883626538e+00,-1.778014881077670140e+00
1.725714447908872984e+01,-4.927594752288518620e+00,-1.778901535265842160e+00
1.726035570805766994e+01,-4.933099208006273884e+00,-1.779788589615251659e+00
1.726356693702661005e+01,-4.938622052526013384e+00,-1.780675934350211653e+00
1.726677816599555371e+01,-4.944164272988194497e+00,-1.781563385428625690e+00
1.726998939496449381e+01,-4.949726121736296669e+00,-1.782450711777220365e+00
1.727320062393343392e+01,-4.955306951843867935e+00,-1.783337679368268258e+00
1.727641185290237402e+01,-4.960905262698521945e+00,-1.784224101438315335e+00
1.727962308187131768e+01,-4.966518961555872025e+00,-1.785109881535004828e+00
1.728283431084025779e+01,-4.972145785078103231e+00,-1.785995037328286461e+00
1.728604553980920144e+01,-4.977783776880576383e+00,-1.786879697999276928e+00
1.728925676877814155e+01,-4.983431697922372727e+00,-1.787764075169198330e+00
1.729246799774708165e+01,-4.989089262682652404e+00,-1.788648414672278308e+00
1.729567922671602176e+01,-4.994757141387744070e+00,-1.789532941828294588e+00
1.729889045568496186e+01,-5.000436733497584996e+00,-1.790417814613734615e+00
1.730210168465390552e+01,-5.006129781115338240e+00,-1.791303096714298215e+00
1.730531291362284563e+01,-5.011837934082637780e+00,-1.792188756565779473e+00
1.730852414259178573e+01,-5.017562388413844054e+00,-1.793074690906903079e+00
1.731173537156072584e+01,-5.023303693557700456e+00,-1.793960764355164050e+00
1.731494660052966594e+01,-5.029061769860393660e+00,-1.794846852186737340e+00
1.731815782949860605e+01,-5.034836112200194336e+00,-1.795732873151384856e+00
1.732136905846754971e+01,-5.040626099220645528e+00,-1.796618802860435071e+00
1.732458028743648981e+01,-5.046431297370592262e+00,-1.797504664876928171e+00
1.732779151640542992e+01,-5.052251654419567473e+00,-1.798390504038475335e+00
1.733100274537437357e+01,-5.058087516532696171e+00,-1.799276352417424674e+00
1.733421397434331368e+01,-5.063939463958857523e+00,-1.800162200790886624e+00
1.733742520331225734e+01,-5.069808023572833555e+00,-1.801047986728175898e+00
1.734063643228119744e+01,-5.075693361577922502e+00,-1.801933604905030073e+00
1.734384766125013755e+01,-5.081595071638790095e+00,-1.802818937715087610e+00
1.734705889021907765e+01,-5.087512147750555158e+00,-1.803703897047942206e+00
1.735027011918801776e+01,-5.093443174313713406e+00,-1.804588463574394952e+00
1.735348134815695786e+01,-5.099386695201663322e+00,-1.805472709583711532e+00
1.735669257712590152e+01,-5.105341661015552646e+00,-1.806356795635214008e+00
1.735990380609484163e+01,-5.111307819412095554e+00,-1.807240938894818072e+00
1.736311503506378173e+01,-5.117285919504183767e+00,-1.808125359806208809e+00
1.736632626403272184e+01,-5.123277647986304473e+00,-1.809010221029281773e+00
1.736953749300166194e+01,-5.129285289497605760e+00,-1.809895576053432764e+00
1.737274872197060560e+01,-5.135311185413797830e+00,-1.810781343320807535e+00
1.737595995093954571e+01,-5.141357129506989310e+00,-1.811667315314710702e+00
1.737917117990848581e+01,-5.147423865861905590e+00,-1.812553202570937882e+00
1.738238240887742592e+01,-5.153510834656831463e+00,-1.813438702627244714e+00
1.738559363784636957e+01,-5.159616248984624676e+00,-1.814323576421730921e+00
1.738880486681530968e+01,-5.165737497467398853e+00,-1.815207711832370618e+00
1.739201609578425334e+01,-5.171871777622184752e+00,-1.816091156856217470e+00
1.739522732475319344e+01,-5.178016799277606275e+00,-1.816974112693222621e+00
1.739843855372213355e+01,-5.184171374844538605e+00,-1.817856887625715512e+00
1.740164978269107365e+01,-5.190335740856045987e+00,-1.818739823125241184e+00
1.740486101166001376e+01,-5.196511525674396559e+00,-1.819623211123272410e+00
1.740807224062895742e+01,-5.202701372170725591e+00,-1.820507223745461367e+00
1.741128346959789752e+01,-5.208908315411633794e+00,-1.821391873375520332e+00
1.741449469856683763e+01,-5.215135078660001255e+00,-1.822277012668485741e+00
1.741770592753577773e+01,-5.221383469097053087e+00,-1.823162373407666514e+00
1.742091715650471784e+01,-5.227654023301995245e+00,-1.824047632899840066e+00
1.742412838547365794e+01,-5.233945981373193668e+00,-1.824932489738508856e+00
1.742733961444260160e+01,-5.240257578324365895e+00,-1.825816729051259024e+00
1.743055084341154171e+01,-5.246586557617031410e+00,-1.826700261107999657e+00
1.743376207238048181e+01,-5.252930757456666377e+00,-1.827583125174896406e+00
1.743697330134942192e+01,-5.259288609823348892e+00,-1.828465460364366857e+00
1.744018453031836557e+01,-5.265659426367260920e+00,-1.829347454116283078e+00
1.744339575928730923e+01,-5.272043412734921830e+00,-1.830229284389422117e+00
1.744660698825624934e+01,-5.278441432993709270e+00,-1.831111072258583494e+00
1.744981821722518944e+01,-5.284854615155065716e+00,-1.831992857454168178e+00
1.745302944619412955e+01,-5.291283927996662584e+00,-1.832874601873547116e+00
1.745624067516306965e+01,-5.297729858635818800e+00,-1.833756217572097613e+00
1.745945190413200976e+01,-5.304192281853024937e+00,-1.834637608732562430e+00
1.746266313310095342e+01,-5.310670549153061692e+00,-1.835518713584252115e+00
1.746587436206989352e+01,-5.317163757720670958e+00,-1.836399533056338518e+00
1.746908559103883363e+01,-5.323671107005400138e+00,-1.837280137642877342e+00
1.747229682000777373e+01,-5.330192228371494423e+00,-1.838160650949089758e+00
1.747550804897671384e+01,-5.336727386171796539e+00,-1.839041215492447812e+00
1.747871927794565750e+01,-5.343277491147469860e+00,-1.839921951435560477e+00
1.748193050691459760e+01,-5.349843925090016938e+00,-1.840802920616873450e+00
1.748514173588353771e+01,-5.356428231199798162e+00,-1.841684106195341286e+00
1.748835296485247781e+01,-5.363031761203970404e+00,-1.842565413244489969e+00
1.749156419382141792e+01,-5.369655378252204514e+00,-1.843446689360225932e+00
1.749477542279036157e+01,-5.376299293225277331e+00,-1.844327758720061938e+00
1.749798665175930523e+01,-5.382963069549969504e+00,-1.845208459674856361e+00
1.750119788072824534e+01,-5.389645781944446767e+00,-1.846088675709772975e+00
1.750440910969718544e+01,-5.396346272973566727e+00,-1.846968352325911056e+00
1.750762033866612555e+01,-5.403063429602704915e+00,-1.847847497029833308e+00
1.751083156763506565e+01,-5.409796404914963830e+00,-1.848726164628646140e+00
1.751404279660400931e+01,-5.416544734683590434e+00,-1.849604433873096365e+00
1.751725402557294942e+01,-5.423308335044762174e+00,-1.850482383116690999e+00
1.752046525454188952e+01,-5.430087403638453658e+00,-1.851360071796339213e+00
1.752367648351082963e+01,-5.436882271085240248e+00,-1.852237531731691256e+00
1.752688771247976973e+01,-5.443693256139255254e+00,-1.853114768603543183e+00
1.753009894144870984e+01,-5.450520566425092639e+00,-1.853991770786008297e+00
1.753331017041765350e+01,-5.457364263434390850e+00,-1.854868520974672252e+00
1.753652139938659360e+01,-5.464224284973456136e+00,-1.855745006177178524e+00
1.753973262835553371e+01,-5.471100499936598638e+00,-1.856621223320568559e+00
1.754294385732447381e+01,-5.477992765053844693e+00,-1.857497180144438431e+00
1.754615508629341392e+01,-5.484900961607385383e+00,-1.858372893147083316e+00
1.754936631526236113e+01,-5.491825007135128445e+00,-1.859248385285565686e+00
1.755257754423130123e+01,-5.498764854644228706e+00,-1.860123685566865026e+00
1.755578877320024134e+01,-5.505720501604164596e+00,-1.860998830910026491e+00
1.755900000216918144e+01,-5.512692027993514543e+00,-1.861873868531234821e+00
1.756221123113812155e+01,-5.519679667301303994e+00,-1.862748855627733402e+00
1.756542246010706165e+01,-5.526683892455906744e+00,-1.863623853129567909e+00
1.756863368907600531e+01,-5.533705479469959165e+00,-1.864498912016678389e+00
1.757184491804494542e+01,-5.540745504479710704e+00,-1.865374053724021763e+00
1.757505614701388552e+01,-5.547805240495280898e+00,-1.866249249438411750e+00
1.757826737598282563e+01,-5.554885947956824666e+00,-1.867124405323405734e+00
1.758147860495176573e+01,-5.561988590720043923e+00,-1.867999360792707675e+00
1.758468983392070939e+01,-5.569113544131506721e+00,-1.868873904427869492e+00
1.758790106288964949e+01,-5.576260381195915272e+00,-1.869747807429714692e+00
1.759111229185858960e+01,-5.583427816925743414e+00,-1.870620868873608567e+00
1.759432352082752971e+01,-5.590613857677188214e+00,-1.871492962273500815e+00
1.759753474979646981e+01,-5.597816148521914670e+00,-1.872364070762102095e+00
1.760074597876541347e+01,-5.605032452095523254e+00,-1.873234299640677003e+00
1.760395720773435713e+01,-5.612261145187375178e+00,-1.874103860152163792e+00
1.760716843670329723e+01,-5.619501600930021823e+00,-1.874973025917842762e+00
1.761037966567223734e+01,-5.626754343709335693e+00,-1.875842071465795069e+00
1.761359089464117744e+01,-5.634020918752230322e+00,-1.876711208250483764e+00
1.761680212361011755e+01,-5.641303495347700370e+00,-1.877580535503146075e+00
1.762001335257906121e+01,-5.648604300365230202e+00,-1.878450020223055184e+00
1.762322458154800131e+01,-5.655925033727767115e+00,-1.879319513135465192e+00
1.762643581051694142e+01,-5.663266431515640242e+00,-1.880188797422661651e+00
1.762964703948588152e+01,-5.670628108345050933e+00,-1.881057657310377662e+00
1.763285826845482163e+01,-5.678008735605359902e+00,-1.881925947094835072e+00
1.763606949742376173e+01,-5.685406515934330329e+00,-1.882793640070124841e+00
1.763928072639270539e+01,-5.692819824420358721e+00,-1.883660841717201384e+00
1.764249195536164549e+01,-5.700247830603176524e+00,-1.884527761327758233e+00
1.764570318433058560e+01,-5.707690911037429871e+00,-1.885394648307801235e+00
1.764891441329952571e+01,-5.715150714033807589e+00,-1.886261710269232950e+00
1.765212564226846581e+01,-5.722629833697494561e+00,-1.887129036388548897e+00
1.765533687123741302e+01,-5.730131163429112107e+00,-1.887996549282768832e+00
1.765854810020635313e+01,-5.737657097101233283e+00,-1.888864001579809049e+00
1.766175932917529323e+01,-5.745208799649237363e+00,-1.889731021217057494e+00
1.766497055814423334e+01,-5.752785760231731160e+00,-1.890597195633290317e+00
1.766818178711317344e+01,-5.760385770458577248e+00,-1.891462173408428260e+00
1.767139301608211355e+01,-5.768005355726345762e+00,-1.892325756016322247e+00
1.767460424505105721e+01,-5.775640561159364417e+00,-1.893187954090922887e+00
1.767781547401999731e+01,-5.783287891260587621e+00,-1.894048991699335938e+00
1.768102670298893742e+01,-5.790945154350570334e+00,-1.894909256145692833e+00
1.768423793195787752e+01,-5.798611984376912609e+00,-1.895769205874860308e+00
1.768744916092681763e+01,-5.806289898979022368e+00,-1.896629260793644134e+00
1.769066038989576128e+01,-5.813981880079339248e+00,-1.897489704337977479e+00
1.769387161886470139e+01,-5.821691595602203506e+00,-1.898350623346985788e+00
1.769708284783364149e+01,-5.829422480036718923e+00,-1.899211901111333978e+00
1.770029407680258160e+01,-5.837176928489969718e+00,-1.900073263880043717e+00
1.770350530577152171e+01,-5.844955822554050329e+00,-1.900934365994885411e+00
1.770671653474046181e+01,-5.852758507076560868e+00,-1.901794888082934953e+00
1.770992776370940902e+01,-5.860583203736884350e+00,-1.902654619531958691e+00
1.771313899267834913e+01,-5.868427719386613894e+00,-1.903513501753209436e+00
1.771635022164728923e+01,-5.876290222332134050e+00,-1.904371620947559185e+00
1.771956145061622934e+01,-5.884169843468740169e+00,-1.905229154605670994e+00
1.772277267958516944e+01,-5.892066916515281250e+00,-1.906086290148648166e+00
1.772598390855411310e+01,-5.899982785619849679e+00,-1.906943142669736524e+00
1.772919513752305321e+01,-5.907919245165964561e+00,-1.907799699035058083e+00
1.773240636649199331e+01,-5.915877794365283826e+00,-1.908655807467066978e+00
1.773561759546093342e+01,-5.923858951970935927e+00,-1.909511217540355243e+00
1.773882882442987352e+01,-5.931861864099579940e+00,-1.910365659506781721e+00
1.774204005339881363e+01,-5.939884353016618768e+00,-1.911218938897870201e+00
1.774525128236775728e+01,-5.947923421194108329e+00,-1.912071016456938111e+00
1.774846251133669739e+01,-5.955976082468918520e+00,-1.912922046605362691e+00
1.775167374030563749e+01,-5.964040283724864722e+00,-1.913772359136670875e+00
1.775488496927457760e+01,-5.972115639942270349e+00,-1.914622385427652951e+00
1.775809619824351770e+01,-5.980203746928463460e+00,-1.915472547321376062e+00
1.776130742721245781e+01,-5.988307949647335704e+00,-1.916323138941016024e+00
1.776451865618140502e+01,-5.996432598216467014e+00,-1.917174235299923701e+00
1.776772988515034513e+01,-6.004581974027322744e+00,-1.918025655375609428e+00
1.777094111411928523e+01,-6.012759170913957618e+00,-1.918876992865417686e+00
1.777415234308822534e+01,-6.020965239858327323e+00,-1.919727709140777616e+00
1.777736357205716544e+01,-6.029198841843376400e+00,-1.920577265274974632e+00
1.778057480102610910e+01,-6.037456518827692520e+00,-1.921425258520911727e+00
1.778378602999504920e+01,-6.045733524723728713e+00,-1.922271526637376660e+00
1.778699725896398931e+01,-6.054025004001903021e+00,-1.923116191684045351e+00
1.779020848793292942e+01,-6.062327208812114065e+00,-1.923959631094797951e+00
1.779341971690186952e+01,-6.070638433837433290e+00,-1.924802383482416168e+00
1.779663094587081318e+01,-6.078959424878597417e+00,-1.925645014218639650e+00
1.779984217483975328e+01,-6.087293160709103645e+00,-1.926487976451188855e+00
1.780305340380869339e+01,-6.095644077474559275e+00,-1.927331503938291224e+00
1.780626463277763349e+01,-6.104016953128895473e+00,-1.928175562803096765e+00
1.780947586174657360e+01,-6.112415754985800476e+00,-1.929019872772988808e+00
1.781268709071551370e+01,-6.120842753635804101e+00,-1.929863989431643168e+00
1.781589831968445736e+01,-6.129298123100649143e+00,-1.930707422862294687e+00
1.781910954865340102e+01,-6.137780105734785607e+00,-1.931549759255915211e+00
1.782232077762234113e+01,-6.146285662523141013e+00,-1.932390752860128291e+00
1.782553200659128123e+01,-6.154811400178101799e+00,-1.933230365516775739e+00
1.782874323556022134e+01,-6.163354501471827618e+00,-1.934068746860844179e+00
1.783195446452916499e+01,-6.171913400692485396e+00,-1.934906165297683112e+00
1.783516569349810510e+01,-6.180488034421808052e+00,-1.935742913202372240e+00
1.783837692246704520e+01,-6.189079630562868140e+00,-1.936579215696406342e+00
1.784158815143598531e+01,-6.197690135276152645e+00,-1.937415169440142249e+00
1.784479938040492542e+01,-6.206321477999309444e+00,-1.938250727357680780e+00
1.784801060937386552e+01,-6.214974910901077898e+00,-1.939085730506246552e+00
1.785122183834280918e+01,-6.223650622876219174e+00,-1.939919973956707011e+00
1.785443306731174928e+01,-6.232347733313964966e+00,-1.940753283841107235e+00
1.785764429628068939e+01,-6.241064648239253998e+00,-1.941585580387317433e+00
1.786085552524962949e+01,-6.249799649211897012e+00,-1.942416907227225042e+00
1.786406675421856960e+01,-6.258551517351690130e+00,-1.943247418588317288e+00
1.786727798318750970e+01,-6.267319990321245982e+00,-1.944077329496686879e+00
1.787048921215645692e+01,-6.276105908392230148e+00,-1.944906845612706547e+00
1.787370044112539702e+01,-6.284911006985943516e+00,-1.945736095311253022e+00
1.787691167009433713e+01,-6.293737424825965654e+00,-1.946565085414962759e+00
1.788012289906327723e+01,-6.302587084211889845e+00,-1.947393694160058919e+00
1.788333412803221734e+01,-6.311461136494457058e+00,-1.948221703118425019e+00
1.788654535700116099e+01,-6.320359641539705642e+00,-1.949048857696488612e+00
1.788975658597010110e+01,-6.329281573866499144e+00,-1.949874937246400375e+00
1.789296781493904120e+01,-6.338225145157258211e+00,-1.950699813342428257e+00
1.789617904390798131e+01,-6.347188335712761642e+00,-1.951523479021507690e+00
1.789939027287692141e+01,-6.356169466335277463e+00,-1.952346041274321653e+00
1.790260150184586507e+01,-6.365167635351019371e+00,-1.953167680705706122e+00
1.790581273081480518e+01,-6.374182893862010424e+00,-1.953988592354477083e+00
1.790902395978374528e+01,-6.383216119298876556e+00,-1.954808927031107757e+00
1.791223518875268539e+01,-6.392268644473517725e+00,-1.955628751601431681e+00
1.791544641772162549e+01,-6.401341775424503666e+00,-1.956448039848303955e+00
1.791865764669056560e+01,-6.410436362431969570e+00,-1.957266695177426907e+00
1.792186887565950926e+01,-6.419552565433085611e+00,-1.958084595906028680e+00
1.792508010462845291e+01,-6.428689886028777778e+00,-1.958901646602952962e+00
1.792829133359739302e+01,-6.437847446422457764e+00,-1.959717817271869666e+00
1.793150256256633313e+01,-6.447024411321526038e+00,-1.960533156592825677e+00
1.793471379153527323e+01,-6.456220399878835003e+00,-1.961347774480462824e+00
1.793792502050421689e+01,-6.465435737452722265e+00,-1.962161799886952940e+00
1.794113624947315699e+01,-6.474671450770021153e+00,-1.962975328532166719e+00
1.794434747844209710e+01,-6.483928997638744640e+00,-1.963788379136946149e+00
1.794755870741103720e+01,-6.493209814986852457e+00,-1.964600874382140816e+00
1.795076993637997731e+01,-6.502514835847584607e+00,-1.965412654862810804e+00
1.795398116534891741e+01,-6.511844143945840990e+00,-1.966223523256696692e+00
1.795719239431786107e+01,-6.521196896198723003e+00,-1.967033305360574635e+00
1.796040362328680118e+01,-6.530571559415012217e+00,-1.967841908093041159e+00
1.796361485225574128e+01,-6.539966403712965004e+00,-1.968649354345189728e+00
1.796682608122468139e+01,-6.549380104952474468e+00,-1.969455781028916830e+00
1.797003731019362149e+01,-6.558812261945393907e+00,-1.970261398020281884e+00
1.797324853916256160e+01,-6.568263648639924845e+00,-1.971066418470496462e+00
1.797645976813150526e+01,-6.577736095303800212e+00,-1.971870981103408749e+00
1.797967099710044891e+01,-6.587232005362816167e+00,-1.972675089241995749e+00
1.798288222606938902e+01,-6.596753632150365476e+00,-1.973478587773642934e+00
1.798609345503832913e+01,-6.606302325469747494e+00,-1.974281188782912810e+00
1.798930468400726923e+01,-6.615877982986505756e+00,-1.975082542067917890e+00
1.799251591297621289e+01,-6.625478895027722359e+00,-1.975882332514153017e+00
1.799572714194515299e+01,-6.635102063949874562e+00,-1.976680376736591471e+00
1.799893837091409310e+01,-6.644743940581937736e+00,-1.977476689684759315e+00
1.800214959988303320e+01,-6.654401390878398104e+00,-1.978271498951877039e+00
1.800536082885197331e+01,-6.664072625250211601e+00,-1.979065198643478851e+00
1.800857205782091697e+01,-6.673757817494481159e+00,-1.979858251956048809e+00
1.801178328678985707e+01,-6.683459214839448492e+00,-1.980651067101126817e+00
1.801499451575879718e+01,-6.693180676780624339e+00,-1.981443880242870659e+00
1.801820574472773728e+01,-6.702926740681480311e+00,-1.982236678795654461e+00
1.802141697369667739e+01,-6.712701450801298542e+00,-1.983029188502896556e+00
1.802462820266561749e+01,-6.722507263681984035e+00,-1.983820930736538202e+00
1.802783943163456115e+01,-6.732344332886399663e+00,-1.984611337084167593e+00
1.803105066060350126e+01,-6.742210380468316444e+00,-1.985399891995344612e+00
1.803426188957244491e+01,-6.752101206410952017e+00,-1.986186265740208512e+00
1.803747311854138502e+01,-6.762011713499679111e+00,-1.986970401755900451e+00
1.804068434751032513e+01,-6.771937182292678159e+00,-1.987752534284154660e+00
1.804389557647926878e+01,-6.781874459502396313e+00,-1.988533130859704512e+00
1.804710680544820889e+01,-6.791822743946058338e+00,-1.989312774551335483e+00
1.805031803441714899e+01,-6.801783762179956838e+00,-1.990092017220473020e+00
1.805352926338608910e+01,-6.811761291334712531e+00,-1.990871242865259738e+00
1.805674049235502920e+01,-6.821760163557764045e+00,-1.991650577173192049e+00
1.805995172132396931e+01,-6.831785025613697826e+00,-1.992429866545741390e+00
1.806316295029291297e+01,-6.841839190055542197e+00,-1.993208730702119125e+00
1.806637417926185307e+01,-6.851923884025145739e+00,-1.993986672885133871e+00
1.806958540823079318e+01,-6.862038087483003146e+00,-1.994763216269145101e+00
1.807279663719973328e+01,-6.872178987219236035e+00,-1.995538028638959682e+00
1.807600786616867339e+01,-6.882342903005282508e+00,-1.996311001465584933e+00
1.807921909513761349e+01,-6.892526415020322261e+00,-1.997082262866949565e+00
1.808243032410655715e+01,-6.902727371930899025e+00,-1.997852122746365255e+00
1.808564155307550081e+01,-6.912945499267465266e+00,-1.998620967324780340e+00
1.808885278204444091e+01,-6.923182445237080707e+00,-1.999389134053932482e+00
1.809206401101338102e+01,-6.933441261690427737e+00,-2.000156802774191611e+00
1.809527523998232112e+01,-6.943725476066782143e+00,-2.000923933776112662e+00
1.809848646895126478e+01,-6.954038021806966618e+00,-2.001690269789955678e+00
1.810169769792020489e+01,-6.964380329887002397e+00,-2.002455400831910204e+00
1.810490892688914499e+01,-6.974751834724250976e+00,-2.003218873400169464e+00
1.810812015585808510e+01,-6.985150029394285198e+00,-2.003980313548784142e+00
1.811133138482702520e+01,-6.995571052211845497e+00,-2.004739530040639650e+00
1.811454261379596886e+01,-7.006010642226655705e+00,-2.005496569784735339e+00
1.811775384276490897e+01,-7.016465204457006166e+00,-2.006251711196754606e+00
1.812096507173384907e+01,-7.026932701782085289e+00,-2.007005398099799720e+00
1.812417630070278918e+01,-7.037413143610856459e+00,-2.007758132570506948e+00
1.812738752967172928e+01,-7.047908554754890531e+00,-2.008510355486809118e+00
1.813059875864066939e+01,-7.058422448554537709e+00,-2.009262345838011665e+00
1.813380998760961305e+01,-7.068958957256066711e+00,-2.010014163801384868e+00
1.813702121657855315e+01,-7.079521855712048506e+00,-2.010765650145374561e+00
1.814023244554749681e+01,-7.090113731436980871e+00,-2.011516479306659999e+00
1.814344367451643691e+01,-7.100735503509026714e+00,-2.012266249703044352e+00
1.814665490348537702e+01,-7.111386391636650650e+00,-2.013014586084827862e+00
1.814986613245432068e+01,-7.122064314481960423e+00,-2.013761227049008617e+00
1.815307736142326078e+01,-7.132766586573707102e+00,-2.014506076286390446e+00
1.815628859039220089e+01,-7.143490714058467361e+00,-2.015249206841452256e+00
1.815949981936114099e+01,-7.154235076755232292e+00,-2.015990820495873859e+00
1.816271104833008110e+01,-7.164999327184201405e+00,-2.016731175838656576e+00
1.816592227729902120e+01,-7.175784421352804365e+00,-2.017470505763270250e+00
1.816913350626796486e+01,-7.186592296334958441e+00,-2.018208946472257459e+00
1.817234473523690497e+01,-7.197425298946712680e+00,-2.018946495658267892e+00
1.817555596420584507e+01,-7.208285526005965060e+00,-2.019683008947283476e+00
1.817876719317478518e+01,-7.219174248109451852e+00,-2.020418233463739277e+00
1.818197842214372528e+01,-7.230091556473235315e+00,-2.021151868234829063e+00
1.818518965111266539e+01,-7.241036308177804415e+00,-2.021883635285593783e+00
1.818840088008160905e+01,-7.252006367997180014e+00,-2.022613343832635913e+00
1.819161210905054915e+01,-7.262999074983598646e+00,-2.023340932881268373e+00
1.819482333801949281e+01,-7.274011815217775734e+00,-2.024066483624691770e+00
1.819803456698843291e+01,-7.285042567149053738e+00,-2.024790200548813424e+00
1.820124579595737302e+01,-7.296090302595057864e+00,-2.025512367163425864e+00
1.820445702492631668e+01,-7.307155167194531842e+00,-2.026233287279663564e+00
1.820766825389525678e+01,-7.318238416914234712e+00,-2.026953224885009952e+00
1.821087948286419689e+01,-7.329342139219525265e+00,-2.027672354849803682e+00
1.821409071183313699e+01,-7.340468828099099063e+00,-2.028390733501603371e+00
1.821730194080207710e+01,-7.351620904832517844e+00,-2.029108293490133441e+00
1.822051316977102076e+01,-7.362800279420805616e+00,-2.029824862404892016e+00
1.822372439873996086e+01,-7.374008033115281080e+00,-2.030540200234113080e+00
1.822693562770890097e+01,-7.385244275169807970e+00,-2.031254047627958137e+00
1.823014685667784107e+01,-7.396508192580782293e+00,-2.031966175404839703e+00
1.823335808564678118e+01,-7.407798275958016987e+00,-2.032676425903666928e+00
1.823656931461572128e+01,-7.419112673045116679e+00,-2.033384738517588719e+00
1.823978054358466494e+01,-7.430449598322852012e+00,-2.034091154765016896e+00
1.824299177255360505e+01,-7.441807716276076512e+00,-2.034795802131465603e+00
1.824620300152254515e+01,-7.453186419768201176e+00,-2.035498860070581006e+00
1.824941423049148881e+01,-7.464585944160717190e+00,-2.036200515275143452e+00
1.825262545946042891e+01,-7.476007290313537723e+00,-2.036900915857506433e+00
1.825583668842937257e+01,-7.487451970293978576e+00,-2.037600134747941993e+00
1.825904791739831268e+01,-7.498921630575963171e+00,-2.038298151047662543e+00
1.826225914636725278e+01,-7.510417639274725943e+00,-2.038994854342311314e+00
1.826547037533619289e+01,-7.521940737719220671e+00,-2.039690071725853038e+00
1.826868160430513299e+01,-7.533490846827115561e+00,-2.040383611634553951e+00
1.827189283327407310e+01,-7.545067085142674657e+00,-2.041075313951858483e+00
1.827510406224301676e+01,-7.556668004253013216e+00,-2.041765093544257503e+00
1.827831529121195686e+01,-7.568291990464772745e+00,-2.042452965281432942e+00
1.828152652018089697e+01,-7.579937733936334965e+00,-2.043139042750914847e+00
1.828473774914983707e+01,-7.591604641838141099e+00,-2.043823509460341192e+00
1.828794897811877718e+01,-7.603293079376146402e+00,-2.044506568718807316e+00
1.829116020708771728e+01,-7.615004362254192749e+00,-2.045188384606598575e+00
1.829437143605666094e+01,-7.626740487727278861e+00,-2.045869029643526904e+00
1.829758266502560105e+01,-7.638503662597404542e+00,-2.046548453828113345e+00
1.830079389399454115e+01,-7.650295745667007097e+00,-2.047226484628084986e+00
1.830400512296348481e+01,-7.662117751703410029e+00,-2.047902859442502610e+00
1.830721635193242491e+01,-7.673969553700642265e+00,-2.048577283152950290e+00
1.831042758090136857e+01,-7.685849870925682836e+00,-2.049249496138560556e+00
1.831363880987030868e+01,-7.697756554087144210e+00,-2.049919334711344465e+00
1.831685003883924878e+01,-7.709687096661137495e+00,-2.050586767497304841e+00
1.832006126780818889e+01,-7.721639236485927427e+00,-2.051251897605982144e+00
1.832327249677712899e+01,-7.733611483735406189e+00,-2.051914929850531255e+00
1.832648372574606910e+01,-7.745603429821677821e+00,-2.052576112168742917e+00
1.832969495471501276e+01,-7.757615752838619372e+00,-2.053235667870817682e+00
1.833290618368395286e+01,-7.769649922214200366e+00,-2.053893738122854806e+00
1.833611741265289297e+01,-7.781707693288396399e+00,-2.054550351199284641e+00
1.833932864162183307e+01,-7.793790545372113243e+00,-2.055205427194807921e+00
1.834253987059077318e+01,-7.805899234925965935e+00,-2.055858816284731994e+00
1.834575109955971683e+01,-7.818033602097904655e+00,-2.056510358377202863e+00
1.834896232852865694e+01,-7.830192692596583903e+00,-2.057159945225032427e+00
1.835217355749759705e+01,-7.842375159667064111e+00,-2.057807564925085764e+00
1.835538478646654070e+01,-7.854579821825399044e+00,-2.058453313755798320e+00
1.835859601543548081e+01,-7.866806198589061161e+00,-2.059097370153456730e+00
1.836180724440442447e+01,-7.879054846393542810e+00,-2.059739937447464975e+00
1.836501847337336457e+01,-7.891327372207154411e+00,-2.060381172198091804e+00
1.836822970234230468e+01,-7.903626098164876268e+00,-2.061021120395497341e+00
1.837144093131124478e+01,-7.915953458983414848e+00,-2.061659682523681703e+00
1.837465216028018489e+01,-7.928311302184686937e+00,-2.062296620673182979e+00
1.837786338924912499e+01,-7.940700301304484121e+00,-2.062931608618458146e+00
1.838107461821806865e+01,-7.953119669920098112e+00,-2.063564312617019780e+00
1.838428584718700876e+01,-7.965567283559629175e+00,-2.064194480608171123e+00
1.838749707615594886e+01,-7.978040199309078595e+00,-2.064822013683576429e+00
1.839070830512488897e+01,-7.990535443065964749e+00,-2.065446997592891965e+00
1.839391953409382907e+01,-8.003050847874899176e+00,-2.066069682792539552e+00
1.839713076306276918e+01,-8.015585700944367176e+00,-2.066690416207750403e+00
1.840034199203171283e+01,-8.028141001935786392e+00,-2.067309542236611897e+00
1.840355322100065294e+01,-8.040719240274329493e+00,-2.067927300297008220e+00
1.840676444996959304e+01,-8.053323735585379950e+00,-2.068543748341169497e+00
1.840997567893853670e+01,-8.065957713728534983e+00,-2.069158735349847955e+00
1.841318690790747681e+01,-8.078623373277856956e+00,-2.069771932484192334e+00
1.841639813687642047e+01,-8.091321208204799831e+00,-2.070382916023345565e+00
1.841960936584536057e+01,-8.104049786871517114e+00,-2.070991280197765683e+00
1.842282059481430068e+01,-8.116806062522609722e+00,-2.071596748951245459e+00
1.842603182378324078e+01,-8.129586141291166967e+00,-2.072199255291413245e+00
1.842924305275218089e+01,-8.142386303097616462e+00,-2.072798965487712586e+00
1.843245428172112099e+01,-8.155203996817842693e+00,-2.073396240599429952e+00
1.843566551069006465e+01,-8.168038535846513071e+00,-2.073991545345498455e+00
1.843887673965900476e+01,-8.180891303066340825e+00,-2.074585329116083177e+00
1.844208796862794486e+01,-8.193765411770080220e+00,-2.075177911678527387e+00
1.844529919759688497e+01,-8.206664921613725738e+00,-2.075769404580645183e+00
1.844851042656582507e+01,-8.219593831963797115e+00,-2.076359688854732433e+00
1.845172165553476873e+01,-8.232555133303767647e+00,-2.076948453429035002e+00
1.845493288450370883e+01,-8.245550174100793939e+00,-2.077535281419275126e+00
1.845814411347264894e+01,-8.258578503241576385e+00,-2.078119758254356242e+00
1.846135534244158904e+01,-8.271638206260615078e+00,-2.078701570231103801e+00
1.846456657141053270e+01,-8.284726609648108919e+00,-2.079280566079209080e+00
1.846777780037947636e+01,-8.297841124447874250e+00,-2.079856766133860280e+00
1.847098902934841647e+01,-8.310979968517532512e+00,-2.080430320039428960e+00
1.847420025831735657e+01,-8.324142554890455514e+00,-2.081001429539285574e+00
1.847741148728629668e+01,-8.337329445945417916e+00,-2.081570263074922877e+00
1.848062271625523678e+01,-8.350541914219832051e+00,-2.082136890545927876e+00
1.848383394522417689e+01,-8.363781276518974295e+00,-2.082701259235688607e+00
1.848704517419312054e+01,-8.377048239055993051e+00,-2.083263217939474554e+00
1.849025640316206065e+01,-8.390342485278031504e+00,-2.083822580169045757e+00
1.849346763213100076e+01,-8.403662656462836722e+00,-2.084379204091720617e+00
1.849667886109994086e+01,-8.417006743578843597e+00,-2.084933060850649333e+00
1.849989009006888097e+01,-8.430372768907714587e+00,-2.085484266142397569e+00
1.850310131903782107e+01,-8.443759532524076405e+00,-2.086033061538872246e+00
1.850631254800676473e+01,-8.457167166234075495e+00,-2.086579748494476583e+00
1.850952377697570483e+01,-8.470597288647560674e+00,-2.087124594107984787e+00
1.851273500594464494e+01,-8.484052676140182214e+00,-2.087667738298422115e+00
1.851594623491358504e+01,-8.497536519333245053e+00,-2.088209133482548552e+00
1.851915746388252870e+01,-8.511051475177142223e+00,-2.088748539263452386e+00
1.852236869285147236e+01,-8.524598805338346352e+00,-2.089285578340479343e+00
1.852557992182041247e+01,-8.538177883976146632e+00,-2.089819840633685644e+00
1.852879115078935257e+01,-8.551786260247389748e+00,-2.090351006393939670e+00
1.853200237975829268e+01,-8.565420299075693578e+00,-2.090878951070996195e+00
1.853521360872723278e+01,-8.579076244919184191e+00,-2.091403797843760071e+00
1.853842483769617289e+01,-8.592751411847270759e+00,-2.091925897586454308e+00
1.854163606666511654e+01,-8.606445144563032557e+00,-2.092445736947434298e+00
1.854484729563405665e+01,-8.620159241258285476e+00,-2.092963797135438675e+00
1.854805852460299675e+01,-8.633897671660266226e+00,-2.093480402340792246e+00
1.855126975357193686e+01,-8.647665624123000327e+00,-2.093995602262823219e+00
1.855448098254087697e+01,-8.661468116817971463e+00,-2.094509125787513693e+00
1.855769221150982062e+01,-8.675308550076938019e+00,-2.095020424073507748e+00
1.856090344047876073e+01,-8.689187615077178961e+00,-2.095528796216380663e+00
1.856411466944770083e+01,-8.703102892717900829e+00,-2.096033566383644242e+00
1.856732589841664094e+01,-8.717049294677641669e+00,-2.096534264975586481e+00
1.857053712738558104e+01,-8.731020265265780012e+00,-2.097030763024450462e+00
1.857374835635452825e+01,-8.745009443411827732e+00,-2.097523320137811620e+00
1.857695958532346836e+01,-8.759012342616470548e+00,-2.098012529125436565e+00
1.858017081429240847e+01,-8.773027586064648276e+00,-2.098499168850023189e+00
1.858338204326134857e+01,-8.787057343925912534e+00,-2.098984002851064901e+00
1.858659327223028868e+01,-8.801106832387056045e+00,-2.099467577415994768e+00
1.858980450119922878e+01,-8.815182991187475281e+00,-2.099950074176588188e+00
1.859301573016817244e+01,-8.829292686228505715e+00,-2.100431258271883372e+00
1.859622695913711254e+01,-8.843440920542120054e+00,-2.100910537333441575e+00
1.859943818810605265e+01,-8.857629540391396716e+00,-2.101387116122831245e+00
1.860264941707499275e+01,-8.871856790813222204e+00,-2.101860205112054736e+00
1.860586064604393286e+01,-8.886117842359343655e+00,-2.102329226163316633e+00
1.860907187501287297e+01,-8.900406142696272838e+00,-2.102793959094856113e+00
1.861228310398181662e+01,-8.914715218238253414e+00,-2.103254589251179585e+00
1.861549433295075673e+01,-8.929040426634124117e+00,-2.103711643727227187e+00
1.861870556191969683e+01,-8.943380176233238998e+00,-2.104165834923994893e+00
1.862191679088863694e+01,-8.957736279793490297e+00,-2.104617855894898248e+00
1.862512801985758060e+01,-8.972113354241146865e+00,-2.105068185176568463e+00
1.862833924882652425e+01,-8.986517447066157516e+00,-2.105516955724770600e+00
1.863155047779546436e+01,-9.000954286674314631e+00,-2.105963924074616855e+00
1.863476170676440447e+01,-9.015427657253445304e+00,-2.106408547195800729e+00
1.863797293573334457e+01,-9.029938359417249316e+00,-2.106850143888041593e+00
1.864118416470228468e+01,-9.044484047736840893e+00,-2.107288093673664875e+00
1.864439539367122478e+01,-9.059059984142018962e+00,-2.107722015760535861e+00
1.864760662264016844e+01,-9.073660484104683732e+00,-2.108151876672145875e+00
1.865081785160910854e+01,-9.088280635125071782e+00,-2.108577995801237392e+00
1.865402908057804865e+01,-9.102917790353023619e+00,-2.109000947510237811e+00
1.865724030954698875e+01,-9.117572405740428820e+00,-2.109421388081472948e+00
1.866045153851592886e+01,-9.132247977888317436e+00,-2.109839857343803082e+00
1.866366276748487252e+01,-9.146950097547360770e+00,-2.110256612045694702e+00
1.866687399645381262e+01,-9.161684886776882308e+00,-2.110671538978597717e+00
1.867008522542275273e+01,-9.176457263910045015e+00,-2.111084173117860452e+00
1.867329645439169283e+01,-9.191269529847938102e+00,-2.111493816170120663e+00
1.867650768336063294e+01,-9.206120678365035559e+00,-2.111899722419132264e+00
1.867971891232958015e+01,-9.221006628536001060e+00,-2.112301299717656455e+00
1.868293014129852025e+01,-9.235921317575034095e+00,-2.112698269210136814e+00
1.868614137026746036e+01,-9.250858350919950013e+00,-2.113090739000496043e+00
1.868935259923640047e+01,-9.265812751112076029e+00,-2.113479171122855327e+00
1.869256382820534057e+01,-9.280782320896346249e+00,-2.113864250958641389e+00
1.869577505717428068e+01,-9.295768245257823637e+00,-2.114246695272019139e+00
1.869898628614322433e+01,-9.310774769912674387e+00,-2.114627051764998544e+00
1.870219751511216444e+01,-9.325808049403892852e+00,-2.115005544923252323e+00
1.870540874408110454e+01,-9.340874484475071071e+00,-2.115382009614478420e+00
1.870861997305004465e+01,-9.355979003177768760e+00,-2.115755929365040977e+00
1.871183120201898475e+01,-9.371123747481357569e+00,-2.116126567509438061e+00
1.871504243098792486e+01,-9.386307507730990096e+00,-2.116493154537367971e+00
1.871825365995686852e+01,-9.401526037269730907e+00,-2.116855080741924411e+00
1.872146488892580862e+01,-9.416773139368459056e+00,-2.117212043340216177e+00
1.872467611789474873e+01,-9.432042215472808522e+00,-2.117564111153698470e+00
1.872788734686368883e+01,-9.447327852577323881e+00,-2.117911693413822682e+00
1.873109857583262894e+01,-9.462627035834360711e+00,-2.118255425476795129e+00
1.873430980480157615e+01,-9.477939693545808453e+00,-2.118596005820092998e+00
1.873752103377051625e+01,-9.493268477275652373e+00,-2.118934029832982180e+00
1.874073226273945636e+01,-9.508617892114287429e+00,-2.119269863940861143e+00
1.874394349170839646e+01,-9.523993060732236060e+00,-2.119603589673934252e+00
1.874715472067733657e+01,-9.539398484284875579e+00,-2.119935025919102323e+00
1.875036594964627668e+01,-9.554837135411546001e+00,-2.120263815233542903e+00
1.875357717861522033e+01,-9.570310097102669999e+00,-2.120589543203171168e+00
1.875678840758416044e+01,-9.585816786123798394e+00,-2.120911852985080337e+00
1.875999963655310054e+01,-9.601355624817806245e+00,-2.121230521838336713e+00
1.876321086552204065e+01,-9.616924901841873208e+00,-2.121545480651592985e+00
1.876642209449098075e+01,-9.632523524742918397e+00,-2.121856776524035482e+00
1.876963332345992441e+01,-9.648151422481735295e+00,-2.122164496407823009e+00
1.877284455242886452e+01,-9.663809483320646265e+00,-2.122468681288856907e+00
1.877605578139780462e+01,-9.679499071189713533e+00,-2.122769262121080747e+00
1.877926701036674473e+01,-9.695221302196184610e+00,-2.123066040539376864e+00
1.878247823933568483e+01,-9.710976340076470592e+00,-2.123358722082351768e+00
1.878568946830462494e+01,-9.726762962693808134e+00,-2.123646992175463488e+00
1.878890069727357215e+01,-9.742578564872237834e+00,-2.123930610926215046e+00
1.879211192624251225e+01,-9.758419624060870490e+00,-2.124209496221416416e+00
1.879532315521145236e+01,-9.774282508061116204e+00,-2.124483767637967091e+00
1.879853438418039246e+01,-9.790164393800210973e+00,-2.124753735276086353e+00
1.880174561314933257e+01,-9.806064026538392042e+00,-2.125019834188805135e+00
1.880495684211827623e+01,-9.821982091756233046e+00,-2.125282521529872515e+00
1.880816807108721633e+01,-9.837921083912499753e+00,-2.125542164870460660e+00
1.881137930005615644e+01,-9.853884703073775952e+00,-2.125798952935338715e+00
1.881459052902509654e+01,-9.869876947587311378e+00,-2.126052853486938066e+00
1.881780175799403665e+01,-9.885901157323036870e+00,-2.126303629275250628e+00
1.882101298696297675e+01,-9.901959272138142865e+00,-2.126550906089234250e+00
1.882422421593192041e+01,-9.918051502007923403e+00,-2.126794272089122195e+00
1.882743544490086052e+01,-9.934176480274683030e+00,-2.127033379193945528e+00
1.883064667386980062e+01,-9.950331828120567934e+00,-2.127268017768622954e+00
1.883385790283874073e+01,-9.966514940181284032e+00,-2.127498144910244804e+00
1.883706913180768083e+01,-9.982723743554563711e+00,-2.127723861385003801e+00
1.884028036077662449e+01,-9.998957201892755720e+00,-2.127945348124018921e+00
1.884349158974556815e+01,-1.001521542564291600e+01,-2.128162785261311196e+00
1.884670281871450825e+01,-1.003149938020741061e+01,-2.128376281302645445e+00
1.884991404768344836e+01,-1.004781031460937157e+01,-2.128585835790921088e+00
1.885312527665238846e+01,-1.006414912302201259e+01,-2.128791347168340842e+00
1.885633650562132857e+01,-1.008051587189674514e+01,-2.128992662136730551e+00
1.885954773459027223e+01,-1.009690966966472381e+01,-2.129189648574365989e+00
1.886275896355921233e+01,-1.011332894116336156e+01,-2.129382265546426733e+00
1.886597019252815244e+01,-1.012977203088028944e+01,-2.129570603970619480e+00
1.886918142149709254e+01,-1.014623794153094849e+01,-2.129754880258209138e+00
1.887239265046603265e+01,-1.016272695562692618e+01,-2.129935380196203099e+00
1.887560387943497631e+01,-1.017924090837325579e+01,-2.130112366916842692e+00
1.887881510840391641e+01,-1.019578297705226078e+01,-2.130285979817839070e+00
1.888202633737285652e+01,-1.021235699777007788e+01,-2.130456156491046471e+00
1.888523756634179662e+01,-1.022896647171036477e+01,-2.130622605104433909e+00
1.888844879531073673e+01,-1.024561353320160784e+01,-2.130784841228009263e+00
1.889166002427967683e+01,-1.026229818514081948e+01,-2.130942284509557361e+00
1.889487125324862404e+01,-1.027901804985013712e+01,-2.131094392300797224e+00
1.889808248221756415e+01,-1.029576874833409939e+01,-2.131240794839157182e+00
1.890129371118650425e+01,-1.031254484496846580e+01,-2.131381393903944321e+00
1.890450494015544436e+01,-1.032934112822062644e+01,-2.131516395218044035e+00
1.890771616912438446e+01,-1.034615389047151979e+01,-2.131646262268877656e+00
1.891092739809332812e+01,-1.036298185524517379e+01,-2.131771600948371148e+00
1.891413862706226823e+01,-1.037982648602613089e+01,-2.131893004295947858e+00
1.891734985603120833e+01,-1.039669157604010863e+01,-2.132010898829764578e+00
1.892056108500014844e+01,-1.041358221771206694e+01,-2.132125434677782927e+00
1.892377231396908854e+01,-1.043050342743764958e+01,-2.132236450405071260e+00
1.892698354293802865e+01,-1.044745880411947070e+01,-2.132343522996195340e+00
1.893019477190697231e+01,-1.046444959701468846e+01,-2.132446089537721967e+00
1.893340600087591241e+01,-1.048147444800331485e+01,-2.132543606554291760e+00
1.893661722984485252e+01,-1.049852988461227099e+01,-2.132635701689117091e+00
1.893982845881379262e+01,-1.051561142551879868e+01,-2.132722273948773228e+00
1.894303968778273273e+01,-1.053271498103632631e+01,-2.132803512914906996e+00
1.894625091675167639e+01,-1.054983813982029517e+01,-2.132879830374490915e+00
1.894946214572062004e+01,-1.056698095828474848e+01,-2.132951723294139956e+00
1.895267337468956015e+01,-1.058414600667915195e+01,-2.133019607648893867e+00
1.895588460365850025e+01,-1.060133763856289590e+01,-2.133083672211212978e+00
1.895909583262744036e+01,-1.061856067882928123e+01,-2.133143796924043656e+00
1.896230706159638046e+01,-1.063581890358608106e+01,-2.133199562823004936e+00
1.896551829056532412e+01,-1.065311375990975762e+01,-2.133250354376016400e+00
1.896872951953426423e+01,-1.067044371995166330e+01,-2.133295527881617915e+00
1.897194074850320433e+01,-1.068780449352941808e+01,-2.133334599051482705e+00
1.897515197747214444e+01,-1.070519008151671869e+01,-2.133367395240546305e+00
1.897836320644108454e+01,-1.072259440623867022e+01,-2.133394125625788895e+00
1.898157443541002820e+01,-1.074001307523337445e+01,-2.133415344270116698e+00
1.898478566437896831e+01,-1.075744477511148034e+01,-2.133431810744512269e+00
1.898799689334790841e+01,-1.077489187435589457e+01,-2.133444282619686660e+00
1.899120812231684852e+01,-1.079236001964803648e+01,-2.133453295222046631e+00
1.899441935128578862e+01,-1.080985678578594467e+01,-2.133458990265121535e+00
1.899763058025472873e+01,-1.082738970896187780e+01,-2.133461044011001562e+00
1.900084180922367239e+01,-1.084496422076582967e+01,-2.133458719968321926e+00
1.900405303819261604e+01,-1.086258205022406109e+01,-2.133451037493324876e+00
1.900726426716155615e+01,-1.088024055489689701e+01,-2.133437015171953277e+00
1.901047549613049625e+01,-1.089793320407253852e+01,-2.133415925606514385e+00
1.901368672509943636e+01,-1.091565112922299896e+01,-2.133387492706012356e+00
1.901689795406838002e+01,-1.093338536204622180e+01,-2.133351975828640334e+00
1.902010918303732012e+01,-1.095112918024400273e+01,-2.133310114065610108e+00
1.902332041200626023e+01,-1.096887993351032620e+01,-2.133262941090461773e+00
1.902653164097520033e+01,-1.098663984444339903e+01,-2.133211516362881532e+00
1.902974286994414044e+01,-1.100441554228547503e+01,-2.133156642325249042e+00
1.903295409891308054e+01,-1.102221642300073157e+01,-2.133098642743624040e+00
1.903616532788202420e+01,-1.104005224713172950e+01,-2.133037262593601380e+00
1.903937655685096431e+01,-1.105793060002131334e+01,-2.132971718476561307e+00
1.904258778581990441e+01,-1.107585488736855694e+01,-2.132900888711384724e+00
1.904579901478884452e+01,-1.109382340678280343e+01,-2.132823594652538457e+00
1.904901024375778462e+01,-1.111182975604904932e+01,-2.132738899652522946e+00
1.905222147272672828e+01,-1.112986448476734935e+01,-2.132646346384051039e+00
1.905543270169566838e+01,-1.114791756242192911e+01,-2.132546068763884417e+00
1.905864393066461204e+01,-1.116598101299403822e+01,-2.132438747557408032e+00
1.906185515963355215e+01,-1.118405101537549129e+01,-2.132325420241411251e+00
1.906506638860249225e+01,-1.120212890565494845e+01,-2.132207194762715474e+00
1.906827761757143236e+01,-1.122022080670024913e+01,-2.132084942888480050e+00
1.907148884654037602e+01,-1.123833597545022478e+01,-2.131959054765994566e+00
1.907470007550931612e+01,-1.125648430094156716e+01,-2.131829320379273085e+00
1.907791130447825623e+01,-1.127467361390575817e+01,-2.131694970018510382e+00
1.908112253344719633e+01,-1.129290752031005951e+01,-2.131554863670050537e+00
1.908433376241613644e+01,-1.131118433270829726e+01,-2.131407779726285590e+00
1.908754499138508010e+01,-1.132949738224481351e+01,-2.131252727186366158e+00
1.909075622035402020e+01,-1.134783662902831480e+01,-2.131089199535624257e+00
1.909396744932296031e+01,-1.136619114728068425e+01,-2.130917304246993549e+00
1.909717867829190041e+01,-1.138455183513989510e+01,-2.130737734991265064e+00
1.910038990726084052e+01,-1.140291364680214592e+01,-2.130551595181322533e+00
1.910360113622978062e+01,-1.142127677901601857e+01,-2.130360120222286824e+00
1.910681236519872428e+01,-1.143964652652439540e+01,-2.130164371462667017e+00
1.911002359416766794e+01,-1.145803187393903677e+01,-2.129964980676049002e+00
1.911323482313660804e+01,-1.147644321879479357e+01,-2.129762008745680557e+00
1.911644605210554815e+01,-1.149488983485806770e+01,-2.129554950598074203e+00
1.911965728107448825e+01,-1.151337773137086629e+01,-2.129342879245834652e+00
1.912286851004343191e+01,-1.153190843498511953e+01,-2.129124685810386719e+00
1.912607973901237202e+01,-1.155047895688538340e+01,-2.128899349199777635e+00
1.912929096798131212e+01,-1.156908288396001083e+01,-2.128666164547782458e+00
1.913250219695025223e+01,-1.158771223970873621e+01,-2.128424874141903178e+00
1.913571342591919233e+01,-1.160635957650235994e+01,-2.128175673664857381e+00
1.913892465488813244e+01,-1.162501973183064052e+01,-2.127919101599176077e+00
1.914213588385707610e+01,-1.164369080874935491e+01,-2.127655850696669404e+00
1.914534711282601620e+01,-1.166237418259335357e+01,-2.127386559045454817e+00
1.914855834179495631e+01,-1.168107361925768828e+01,-2.127111639824988742e+00
1.915176957076389641e+01,-1.169979383305220466e+01,-2.126831193681852916e+00
1.915498079973283652e+01,-1.171853894707882482e+01,-2.126545020904011540e+00
1.915819202870178017e+01,-1.173731131266416661e+01,-2.126252720473643887e+00
1.916140325767072028e+01,-1.175611100529043540e+01,-2.125953838539212715e+00
1.916461448663966394e+01,-1.177493608979523643e+01,-2.125648016795993911e+00
1.916782571560860404e+01,-1.179378350783896856e+01,-2.125335094694457361e+00
1.917103694457754415e+01,-1.181265025816573377e+01,-2.125015136600413967e+00
1.917424817354648425e+01,-1.183153446781046547e+01,-2.124688380241417818e+00
1.917745940251542791e+01,-1.185043600805927255e+01,-2.124355127989621117e+00
1.918067063148436802e+01,-1.186935647114383130e+01,-2.124015619976706404e+00
1.918388186045330812e+01,-1.188829853870833908e+01,-2.123669932513332803e+00
1.918709308942224823e+01,-1.190726497222226499e+01,-2.123317935714369220e+00
1.919030431839118833e+01,-1.192625757609243919e+01,-2.122959323919318742e+00
1.919351554736013199e+01,-1.194527648905288331e+01,-2.122593708066282225e+00
1.919672677632907209e+01,-1.196432004801257420e+01,-2.122220738479973168e+00
1.919993800529801220e+01,-1.198338527712683188e+01,-2.121840216206738905e+00
1.920314923426695231e+01,-1.200246884497084920e+01,-2.121452154424845471e+00
1.920636046323589241e+01,-1.202156817204391359e+01,-2.121056767587838898e+00
1.920957169220483252e+01,-1.204068231212451678e+01,-2.120654389771567949e+00
1.921278292117377617e+01,-1.205981229519403009e+01,-2.120245347617748966e+00
1.921599415014271628e+01,-1.207896078890820846e+01,-2.119829829547622779e+00
1.921920537911165994e+01,-1.209813115815478568e+01,-2.119407796067857230e+00
1.922241660808060004e+01,-1.211732620800262339e+01,-2.118978964552782784e+00
1.922562783704954015e+01,-1.213654701746471432e+01,-2.118542878998853851e+00
1.922883906601848381e+01,-1.215579226740479157e+01,-2.118099047770274801e+00
1.923205029498742391e+01,-1.217505833128350545e+01,-2.117647108842762194e+00
1.923526152395636402e+01,-1.219434016871529991e+01,-2.117186970145128022e+00
1.923847275292530412e+01,-1.221363280629378778e+01,-2.116718876628985946e+00
1.924168398189424423e+01,-1.223293298639865512e+01,-2.116243375237545354e+00
1.924489521086318433e+01,-1.225224047882115741e+01,-2.115761178753822414e+00
1.924810643983212799e+01,-1.227155861495188027e+01,-2.115272960942651714e+00
1.925131766880106809e+01,-1.229089380823878130e+01,-2.114779138915334755e+00
1.925452889777000820e+01,-1.231025411303791550e+01,-2.114279706665633363e+00
1.925774012673894831e+01,-1.232964716421134632e+01,-2.113774173025253944e+00
1.926095135570788841e+01,-1.234907804508587148e+01,-2.113261630127718949e+00
1.926416258467682852e+01,-1.236854768661817516e+01,-2.112740942119995857e+00
1.926737381364577217e+01,-1.238805228257419344e+01,-2.112211008606978968e+00
1.927058504261471228e+01,-1.240758394104814322e+01,-2.111671033519963991e+00
1.927379627158365594e+01,-1.242713245238423347e+01,-2.111120725177958235e+00
1.927700750055259604e+01,-1.244668773288475094e+01,-2.110560369460830366e+00
1.928021872952153615e+01,-1.246624229583281185e+01,-2.109990751410562027e+00
1.928342995849047981e+01,-1.248579307033165975e+01,-2.109412942268099833e+00
1.928664118745941991e+01,-1.250534204946784200e+01,-2.108828007273839678e+00
1.928985241642836002e+01,-1.252489556265926751e+01,-2.108236713424107123e+00
1.929306364539730012e+01,-1.254446234792997039e+01,-2.107639318515919236e+00
1.929627487436624023e+01,-1.256405094159037006e+01,-2.107035501994817928e+00
1.929948610333518388e+01,-1.258366710718197723e+01,-2.106424459660850790e+00
1.930269733230412399e+01,-1.260331203125835131e+01,-2.105805138658552345e+00
1.930590856127306409e+01,-1.262298181445307677e+01,-2.105176549110630457e+00
1.930911979024200420e+01,-1.264266843394734785e+01,-2.104538065663825730e+00
1.931233101921094431e+01,-1.266236194365726497e+01,-2.103889632949679456e+00
1.931554224817988441e+01,-1.268205332491994675e+01,-2.103231813814828044e+00
1.931875347714882807e+01,-1.270173720330332401e+01,-2.102565661683511777e+00
1.932196470611776817e+01,-1.272141366463619860e+01,-2.101892447048526513e+00
1.932517593508670828e+01,-1.274108863466491393e+01,-2.101213309384530437e+00
1.932838716405565194e+01,-1.276077267118284020e+01,-2.100528928100263037e+00
1.933159839302459204e+01,-1.278047845054864950e+01,-2.099839302988818268e+00
1.933480962199353570e+01,-1.280021759281218863e+01,-2.099143706532394127e+00
1.933802085096247581e+01,-1.281999766039247213e+01,-2.098440824856557363e+00
1.934123207993141591e+01,-1.283982013051996063e+01,-2.097729053485627659e+00
1.934444330890035602e+01,-1.285967988955363417e+01,-2.097006872148341028e+00
1.934765453786929612e+01,-1.287956639553519977e+01,-2.096273201174202683e+00
1.935086576683823623e+01,-1.289946621256154557e+01,-2.095527646452218562e+00
1.935407699580717988e+01,-1.291936625651199577e+01,-2.094770569332023769e+00
1.935728822477611999e+01,-1.293925690472761758e+01,-2.094002964287471791e+00
1.936049945374506009e+01,-1.295913416261187123e+01,-2.093226178071167176e+00
1.936371068271400020e+01,-1.297900033617678162e+01,-2.092441545705020278e+00
1.936692191168294030e+01,-1.299886306097825539e+01,-2.091650039788850890e+00
1.937013314065188041e+01,-1.301873297512211636e+01,-2.090852024717731794e+00
1.937334436962082407e+01,-1.303862067867006580e+01,-2.090047178072454770e+00
1.937655559858976417e+01,-1.305853379926482383e+01,-2.089234595913475268e+00
1.937976682755870783e+01,-1.307847493906050751e+01,-2.088413049476379513e+00
1.938297805652764794e+01,-1.309844102693261902e+01,-2.087581321131775525e+00
1.938618928549658804e+01,-1.311842421363623501e+01,-2.086738527889032468e+00
1.938940051446553170e+01,-1.313841403214968828e+01,-2.085884346051543048e+00
1.939261174343447180e+01,-1.315840021261211312e+01,-2.085019078960104189e+00
1.939582297240341191e+01,-1.317837537845410978e+01,-2.084143553066078791e+00
1.939903420137235202e+01,-1.319833689778996089e+01,-2.083258873984536130e+00
1.940224543034129212e+01,-1.321828740511934086e+01,-2.082366111214392301e+00
1.940545665931023578e+01,-1.323823387462820733e+01,-2.081465998156684982e+00
1.940866788827917588e+01,-1.325818551750205287e+01,-2.080558728503845156e+00
1.941187911724811599e+01,-1.327815108688899137e+01,-2.079643902987874604e+00
1.941509034621705609e+01,-1.329813632453659267e+01,-2.078720639527089187e+00
1.941830157518599620e+01,-1.331814223657129759e+01,-2.077787816138556121e+00
1.942151280415493630e+01,-1.333816465918959970e+01,-2.076844381124513195e+00
1.942472403312387996e+01,-1.335819523159010913e+01,-2.075889647885579503e+00
1.942793526209282007e+01,-1.337822352501516932e+01,-2.074923496288228364e+00
1.943114649106176017e+01,-1.339823977861775717e+01,-2.073946427133210424e+00
1.943435772003070383e+01,-1.341823753947353381e+01,-2.072959454184053030e+00
1.943756894899964394e+01,-1.343821553087005505e+01,-2.071963859505339123e+00
1.944078017796858759e+01,-1.345817826895070191e+01,-2.070960872070320313e+00
1.944399140693752770e+01,-1.347813525976987670e+01,-2.069951348378470612e+00
1.944720263590646780e+01,-1.349809895666675530e+01,-2.068935532953478429e+00
1.945041386487540791e+01,-1.351808195555302206e+01,-2.067912956855479933e+00
1.945362509384434802e+01,-1.353809408294800676e+01,-2.066882499099016890e+00
1.945683632281328812e+01,-1.355814005027334623e+01,-2.065842597500352262e+00
1.946004755178223178e+01,-1.357821820943280144e+01,-2.064791561178362045e+00
1.946325878075117188e+01,-1.359832068707813768e+01,-2.063727914477530234e+00
1.946647000972011199e+01,-1.361843486155897942e+01,-2.062650696113138782e+00
1.946968123868905209e+01,-1.363854584986275320e+01,-2.061559648537282463e+00
1.947289246765799220e+01,-1.365863945678412250e+01,-2.060455257730533951e+00
1.947610369662693230e+01,-1.367870494883465504e+01,-2.059338636792820587e+00
1.947931492559587596e+01,-1.369873706559298654e+01,-2.058211280387836517e+00
1.948252615456481607e+01,-1.371873685549898525e+01,-2.057074744089056662e+00
1.948573738353375617e+01,-1.373871118039440908e+01,-2.055930317516316386e+00
1.948894861250269983e+01,-1.375867101687535765e+01,-2.054778760135069327e+00
1.949215984147163994e+01,-1.377862893309929504e+01,-2.053620154170158418e+00
1.949537107044058359e+01,-1.379859628645580827e+01,-2.052453903622300402e+00
1.949858229940952370e+01,-1.381858073836923317e+01,-2.051278877326293326e+00
1.950179352837846380e+01,-1.383858460925893041e+01,-2.050093663763633334e+00
1.950500475734740391e+01,-1.385860441569303170e+01,-2.048896882046827184e+00
1.950821598631634401e+01,-1.387863168022797744e+01,-2.047687481807582977e+00
1.951142721528528767e+01,-1.389865483324430073e+01,-2.046464967051383255e+00
1.951463844425422778e+01,-1.391866179057664965e+01,-2.045229495062754754e+00
1.951784967322316788e+01,-1.393864264034363210e+01,-2.043981828099715958e+00
1.952106090219210799e+01,-1.395859184095194649e+01,-2.042723147583246579e+00
1.952427213116104809e+01,-1.397850943038081262e+01,-2.041454771115146283e+00
1.952748336012998820e+01,-1.399840095814162133e+01,-2.040177835242148685e+00
1.953069458909893186e+01,-1.401827613379808568e+01,-2.038893016100752575e+00
1.953390581806787196e+01,-1.403814647939175053e+01,-2.037600353263666175e+00
1.953711704703681207e+01,-1.405802251122653779e+01,-2.036299220074356597e+00
1.954032827600575217e+01,-1.407791110166350457e+01,-2.034988450863815856e+00
1.954353950497469583e+01,-1.409781364919410152e+01,-2.033666598848662854e+00
1.954675073394363949e+01,-1.411772551318542135e+01,-2.032332266670181298e+00
1.954996196291257959e+01,-1.413763688197337132e+01,-2.030984432275359630e+00
1.955317319188151970e+01,-1.415753490298469686e+01,-2.029622691424695091e+00
1.955638442085045980e+01,-1.417740659141436588e+01,-2.028247355764578153e+00
1.955959564981939991e+01,-1.419724182769423493e+01,-2.026859378728657290e+00
1.956280687878834001e+01,-1.421703570984201548e+01,-2.025460123032888582e+00
1.956601810775728367e+01,-1.423678966348155761e+01,-2.024051023213096379e+00
1.956922933672622378e+01,-1.425651100366346746e+01,-2.022633224439113420e+00
1.957244056569516388e+01,-1.427621102137479170e+01,-2.021207287162637201e+00
1.957565179466410399e+01,-1.429590204075552151e+01,-2.019773033103724913e+00
1.957886302363304409e+01,-1.431559416477835178e+01,-2.018329574404668314e+00
1.958207425260198420e+01,-1.433529252413795163e+01,-2.016875522441898827e+00
1.958528548157092786e+01,-1.435499573570123921e+01,-2.015409327077089863e+00
1.958849671053986796e+01,-1.437469598483400723e+01,-2.013929662821669186e+00
1.959170793950880807e+01,-1.439438074047499860e+01,-2.012435764664170623e+00
1.959491916847774817e+01,-1.441403569484624470e+01,-2.010927627260801653e+00
1.959813039744669183e+01,-1.443364819894273410e+01,-2.009406014588889455e+00
1.960134162641563549e+01,-1.445321032596431010e+01,-2.007872274852014360e+00
1.960455285538457559e+01,-1.447272077764260523e+01,-2.006328005288118277e+00
1.960776408435351570e+01,-1.449218513551934606e+01,-2.004774650597006769e+00
1.961097531332245580e+01,-1.451161437885372862e+01,-2.003213136587617793e+00
1.961418654229139591e+01,-1.453102203487688016e+01,-2.001643632395186501e+00
1.961739777126033957e+01,-1.455042067958974528e+01,-2.000065502145589313e+00
1.962060900022927967e+01,-1.456981867547853859e+01,-1.998477458592265554e+00
1.962382022919821978e+01,-1.458921797198198966e+01,-1.996877879602577011e+00
1.962703145816715988e+01,-1.460861352114399025e+01,-1.995265206886092102e+00
1.963024268713609999e+01,-1.462799444641957614e+01,-1.993638325790682231e+00
1.963345391610504009e+01,-1.464734665544968806e+01,-1.991996830556785447e+00
1.963666514507398375e+01,-1.466665622388806867e+01,-1.990341109453345858e+00
1.963987637404292386e+01,-1.468591269021610302e+01,-1.988672230682575481e+00
1.964308760301186396e+01,-1.470511143683479460e+01,-1.986991660602505094e+00
1.964629883198080407e+01,-1.472425457765808865e+01,-1.985300887530117908e+00
1.964951006094974773e+01,-1.474335015948525296e+01,-1.983601046590170780e+00
1.965272128991869138e+01,-1.476240991051596652e+01,-1.981892638545693197e+00
1.965593251888763149e+01,-1.478144612412100756e+01,-1.980175409672153108e+00
1.965914374785657159e+01,-1.480046846136549199e+01,-1.978448417941665260e+00
1.966235497682551170e+01,-1.481948144871107864e+01,-1.976710264322637967e+00
1.966556620579445180e+01,-1.483848324903005000e+01,-1.974959428804884842e+00
1.966877743476339191e+01,-1.485746595426215855e+01,-1.973194628253671201e+00
1.967198866373233557e+01,-1.487641727637292632e+01,-1.971415111974575085e+00
1.967519989270127567e+01,-1.489532319392010251e+01,-1.969620829825868169e+00
1.967841112167021578e+01,-1.491417091847161558e+01,-1.967812440741151692e+00
1.968162235063915588e+01,-1.493295151456038816e+01,-1.965991167496598191e+00
1.968483357960809599e+01,-1.495166163118988045e+01,-1.964158536955558088e+00
1.968804480857703609e+01,-1.497030403683689848e+01,-1.962316066440333628e+00
1.969125603754597975e+01,-1.498888692628389485e+01,-1.960464962723901028e+00
1.969446726651491986e+01,-1.500742221760998163e+01,-1.958605891113840425e+00
1.969767849548385996e+01,-1.502592322915877965e+01,-1.956738852462435840e+00
1.970088972445280007e+01,-1.504440219520879474e+01,-1.954863181789713744e+00
1.970410095342174372e+01,-1.506286805098044645e+01,-1.952977659540416244e+00
1.970731218239068738e+01,-1.508132482019720655e+01,-1.951080709557531545e+00
1.971052341135962749e+01,-1.509977080844078756e+01,-1.949170648343126810e+00
1.971373464032856759e+01,-1.511819867536834749e+01,-1.947245947432186375e+00
1.971694586929750770e+01,-1.513659634741091509e+01,-1.945305472675798786e+00
1.972015709826644780e+01,-1.515494864337318148e+01,-1.943348668758674291e+00
1.972336832723539146e+01,-1.517323941159295586e+01,-1.941375663152299813e+00
1.972657955620433157e+01,-1.519145391115170796e+01,-1.939387271071589147e+00
1.972979078517327167e+01,-1.520958111122925871e+01,-1.937384892958828875e+00
1.973300201414221178e+01,-1.522761554490242375e+01,-1.935370309607969741e+00
1.973621324311115188e+01,-1.524555835957288430e+01,-1.933345397074443195e+00
1.973942447208009199e+01,-1.526341727994109476e+01,-1.931311801763991864e+00
1.974263570104903565e+01,-1.528120535356609366e+01,-1.929270631313554363e+00
1.974584693001797575e+01,-1.529893857320422867e+01,-1.927222223792704359e+00
1.974905815898691586e+01,-1.531663272630775019e+01,-1.925166051783823606e+00
1.975226938795585596e+01,-1.533430004966507809e+01,-1.923100797074476009e+00
1.975548061692479607e+01,-1.535194639753099288e+01,-1.921024598065256050e+00
1.975869184589374328e+01,-1.536956960873290612e+01,-1.918935431934773339e+00
1.976190307486268338e+01,-1.538715955923239243e+01,-1.916831556715177687e+00
1.976511430383162349e+01,-1.540470003515358499e+01,-1.914711915219796889e+00
1.976832553280056359e+01,-1.542217212870086662e+01,-1.912576401615184052e+00
1.977153676176950370e+01,-1.543955845121176118e+01,-1.910425915765673111e+00
1.977474799073844380e+01,-1.545684718756264608e+01,-1.908262176997240545e+00
1.977795921970738746e+01,-1.547403497390752491e+01,-1.906087327621258876e+00
1.978117044867632757e+01,-1.549112780243507181e+01,-1.903903412777190995e+00
1.978438167764526767e+01,-1.550813960813540682e+01,-1.901711861332548326e+00
1.978759290661420778e+01,-1.552508877108650154e+01,-1.899513100682325817e+00
1.979080413558314788e+01,-1.554199332617465679e+01,-1.897306411645567126e+00
1.979401536455208799e+01,-1.555886605684182733e+01,-1.895090072926141955e+00
1.979722659352103165e+01,-1.557571074389039723e+01,-1.892861771163368845e+00
1.980043782248997175e+01,-1.559252060060142320e+01,-1.890619181336861354e+00
1.980364905145891186e+01,-1.560927939680349041e+01,-1.888360572668958071e+00
1.980686028042785196e+01,-1.562596508438451082e+01,-1.886085281847597717e+00
1.981007150939679207e+01,-1.564255506386085415e+01,-1.883793923903317902e+00
1.981328273836573928e+01,-1.565903175982819029e+01,-1.881488275767123630e+00
1.981649396733467938e+01,-1.567538704062262589e+01,-1.879170852502924038e+00
1.981970519630361949e+01,-1.569162427572130980e+01,-1.876844279130227555e+00
1.982291642527255959e+01,-1.570775741872031617e+01,-1.874510619023266322e+00
1.982612765424149970e+01,-1.572380728364944247e+01,-1.872170836223632229e+00
1.982933888321044336e+01,-1.573979594000468651e+01,-1.869824537751947124e+00
1.983255011217938346e+01,-1.575574067874444317e+01,-1.867470070327510889e+00
1.983576134114832357e+01,-1.577164914748910363e+01,-1.865104952392250048e+00
1.983897257011726367e+01,-1.578751696990459408e+01,-1.862726532032450200e+00
1.984218379908620378e+01,-1.580332852035419577e+01,-1.860332698961685072e+00
1.984539502805514388e+01,-1.581906068891168005e+01,-1.857922461651253521e+00
1.984860625702408754e+01,-1.583468866766930283e+01,-1.855496234379306664e+00
1.985181748599302765e+01,-1.585019223612398775e+01,-1.853055755060374343e+00
1.985502871496196775e+01,-1.586556087564893147e+01,-1.850603653109116564e+00
1.985823994393090786e+01,-1.588079634628498127e+01,-1.848142780704949750e+00
1.986145117289984796e+01,-1.589591203512213724e+01,-1.845675484846679870e+00
1.986466240186879517e+01,-1.591092925181339979e+01,-1.843203013725079220e+00
1.986787363083773528e+01,-1.592587146622214078e+01,-1.840725214561414802e+00
1.987108485980667538e+01,-1.594075803087043397e+01,-1.838240601122502316e+00
1.987429608877561549e+01,-1.595559905742297602e+01,-1.835746769401101819e+00
1.987750731774455559e+01,-1.597039278991984723e+01,-1.833241046863642865e+00
1.988071854671349570e+01,-1.598512613107917879e+01,-1.830721199582255654e+00
1.988392977568243936e+01,-1.599977812286977752e+01,-1.828186008797430429e+00
1.988714100465137946e+01,-1.601432539398337696e+01,-1.825635566889455941e+00
1.989035223362031957e+01,-1.602874807922630396e+01,-1.823071221184613844e+00
1.989356346258925967e+01,-1.604303462399461466e+01,-1.820495190422720011e+00
1.989677469155819978e+01,-1.605718422934149459e+01,-1.817909966293270285e+00
1.989998592052713988e+01,-1.607120636729432306e+01,-1.815317667217526409e+00
1.990319714949608354e+01,-1.608511760842412031e+01,-1.812719519036471993e+00
1.990640837846502365e+01,-1.609893672520182051e+01,-1.810115596513572234e+00
1.990961960743396375e+01,-1.611267946680167995e+01,-1.807504883237206705e+00
1.991283083640290386e+01,-1.612635443176805339e+01,-1.804885617998436498e+00
1.991604206537184396e+01,-1.613996109888377362e+01,-1.802255818505021923e+00
1.991925329434079117e+01,-1.615349043015097763e+01,-1.799613829602222381e+00
1.992246452330973128e+01,-1.616692772501332342e+01,-1.796958744077396197e+00
1.992567575227867138e+01,-1.618025679256337312e+01,-1.794290587720403174e+00
1.992888698124761149e+01,-1.619346418770556895e+01,-1.791610232620568732e+00
1.993209821021655159e+01,-1.620654230869419621e+01,-1.788919081976245273e+00
1.993530943918549170e+01,-1.621949054833028114e+01,-1.786218632911371618e+00
1.993852066815443536e+01,-1.623231430207967563e+01,-1.783510053230486836e+00
1.994173189712337546e+01,-1.624502227711474944e+01,-1.780793896383085606e+00
1.994494312609231557e+01,-1.625762302750245425e+01,-1.778070031107831683e+00
1.994815435506125567e+01,-1.627012182613809443e+01,-1.775337793741230685e+00
1.995136558403019578e+01,-1.628251882907401438e+01,-1.772596303084760461e+00
1.995457681299913943e+01,-1.629480905044460570e+01,-1.769844830337733432e+00
1.995778804196807954e+01,-1.630698408635183583e+01,-1.767083103459980098e+00
1.996099927093701965e+01,-1.631903498239889316e+01,-1.764311449385705277e+00
1.996421049990595975e+01,-1.633095529517245836e+01,-1.761530730534833111e+00
1.996742172887489986e+01,-1.634274335250830035e+01,-1.758742097348027000e+00
1.997063295784383996e+01,-1.635440297858328762e+01,-1.755946636065527144e+00
1.997384418681278717e+01,-1.636594243307359875e+01,-1.753145023365190625e+00
1.997705541578172728e+01,-1.637737186870994321e+01,-1.750337297337434705e+00
1.998026664475066738e+01,-1.638870006939488633e+01,-1.747522818743101780e+00
1.998347787371960749e+01,-1.639993145466082325e+01,-1.744700438749586580e+00
1.998668910268854759e+01,-1.641106426140967756e+01,-1.741868827023652866e+00
1.998990033165749125e+01,-1.642209046675587913e+01,-1.739026865880893391e+00
1.999311156062643136e+01,-1.643299750323765451e+01,-1.736173996314168688e+00
1.999632278959537146e+01,-1.644377129367476087e+01,-1.733310415654660153e+00
1.999953401856431157e+01,-1.645439975216279294e+01,-1.730437069768769209e+00
2.000274524753325167e+01,-1.646487576962508115e+01,-1.727555441933401159e+00
2.000595647650219178e+01,-1.647519885990648802e+01,-1.724667198242358923e+00
2.000916770547113543e+01,-1.648537503368332580e+01,-1.721773788780790237e+00
2.001237893444007554e+01,-1.649541497295153647e+01,-1.718876113855477339e+00
2.001559016340901564e+01,-1.650533104860683409e+01,-1.715974343213728215e+00
2.001880139237795575e+01,-1.651513402282990839e+01,-1.713067930651791526e+00
2.002201262134689586e+01,-1.652483032669199403e+01,-1.710155810795204845e+00
2.002522385031583951e+01,-1.653442059841403378e+01,-1.707236715628198453e+00
2.002843507928478317e+01,-1.654389978056176247e+01,-1.704309519461254752e+00
2.003164630825372328e+01,-1.655325862692444616e+01,-1.701373519731745443e+00
2.003485753722266338e+01,-1.656248609546105044e+01,-1.698428586098428505e+00
2.003806876619160349e+01,-1.657157190732327834e+01,-1.695475152729917223e+00
2.004127999516054359e+01,-1.658050857945019274e+01,-1.692514074811154456e+00
2.004449122412948725e+01,-1.658929246525758217e+01,-1.689546406083555885e+00
2.004770245309842736e+01,-1.659792368069851065e+01,-1.686573169658365012e+00
2.005091368206736746e+01,-1.660640513690686504e+01,-1.683595186275704592e+00
2.005412491103630757e+01,-1.661474113785538265e+01,-1.680612997071394110e+00
2.005733614000524767e+01,-1.662293606473190266e+01,-1.677626882015294418e+00
2.006054736897419133e+01,-1.663099355131512169e+01,-1.674636943001182710e+00
2.006375859794313143e+01,-1.663891630989063586e+01,-1.671643202678217310e+00
2.006696982691207154e+01,-1.664670648879798520e+01,-1.668645671760206950e+00
2.007018105588101164e+01,-1.665436623187616760e+01,-1.665644357055433344e+00
2.007339228484995175e+01,-1.666189804150300802e+01,-1.662639211972474884e+00
2.007660351381889186e+01,-1.666930464351751695e+01,-1.659630059518289347e+00
2.007981474278783551e+01,-1.667658827771022345e+01,-1.656616534051760237e+00
2.008302597175677917e+01,-1.668374960851804190e+01,-1.653598085751625035e+00
2.008623720072571928e+01,-1.669078666526499788e+01,-1.650574070920592051e+00
2.008944842969465938e+01,-1.669769429439227437e+01,-1.647543918591254597e+00
2.009265965866359949e+01,-1.670446449880671125e+01,-1.644507330721094451e+00
2.009587088763254314e+01,-1.671108777475022933e+01,-1.641464451725448859e+00
2.009908211660148325e+01,-1.671755521431663638e+01,-1.638415942108262247e+00
2.010229334557042336e+01,-1.672386083459563721e+01,-1.635362912964380522e+00
2.010550457453936346e+01,-1.673000343197927720e+01,-1.632306717937705542e+00
2.010871580350830357e+01,-1.673598731212641511e+01,-1.629248645206999413e+00
2.011192703247724367e+01,-1.674182151670260410e+01,-1.626189589624737364e+00
2.011513826144618733e+01,-1.674751759035579468e+01,-1.623129801231990799e+00
2.011834949041512743e+01,-1.675308638442514209e+01,-1.620068793898157500e+00
2.012156071938406754e+01,-1.675853473782275316e+01,-1.617005458223166769e+00
2.012477194835300764e+01,-1.676386299484860132e+01,-1.613938366126977275e+00
2.012798317732194775e+01,-1.676906416046881532e+01,-1.610866196730953437e+00
2.013119440629089141e+01,-1.677412508330500884e+01,-1.607788171570477376e+00
2.013440563525983507e+01,-1.677902950010106053e+01,-1.604704375407806971e+00
2.013761686422877517e+01,-1.678376222751198910e+01,-1.601615862399276891e+00
2.014082809319771528e+01,-1.678831340887440859e+01,-1.598524501449965385e+00
2.014403932216665538e+01,-1.679268163541499703e+01,-1.595432585335772258e+00
2.014725055113559549e+01,-1.679687500476496353e+01,-1.592342296038613547e+00
2.015046178010453914e+01,-1.680090970164136976e+01,-1.589255164050160207e+00
2.015367300907347925e+01,-1.680480634977193333e+01,-1.586171668146321156e+00
2.015688423804241935e+01,-1.680858500772382058e+01,-1.583091090315501770e+00
2.016009546701135946e+01,-1.681226008676305739e+01,-1.580011675639314550e+00
2.016330669598029957e+01,-1.681583653566421077e+01,-1.576931066107545520e+00
2.016651792494924322e+01,-1.681930833759310673e+01,-1.573846902652267454e+00
2.016972915391818333e+01,-1.682265977196296447e+01,-1.570757441914645725e+00
2.017294038288712343e+01,-1.682586916639053598e+01,-1.567662027116131007e+00
2.017615161185606354e+01,-1.682891419766901109e+01,-1.564561288587897003e+00
2.017936284082500364e+01,-1.683177737930417450e+01,-1.561457019787623413e+00
2.018257406979394375e+01,-1.683445031505030798e+01,-1.558351760211531767e+00
2.018578529876288741e+01,-1.683693562243629671e+01,-1.555248194216335200e+00
2.018899652773183107e+01,-1.683924605089795534e+01,-1.552148523083920484e+00
2.019220775670077117e+01,-1.684140106619513233e+01,-1.549053973379546978e+00
2.019541898566971128e+01,-1.684342184096479045e+01,-1.545964566293924314e+00
2.019863021463865138e+01,-1.684532599761455884e+01,-1.542879201031987835e+00
2.020184144360759504e+01,-1.684712348539035531e+01,-1.539796020415104660e+00
2.020505267257653514e+01,-1.684881463347644370e+01,-1.536712952177976543e+00
2.020826390154547525e+01,-1.685039080557456259e+01,-1.533628275323018153e+00
2.021147513051441535e+01,-1.685183736281131672e+01,-1.530541058970808388e+00
2.021468635948335546e+01,-1.685313802115824799e+01,-1.527451361212951442e+00
2.021789758845229557e+01,-1.685427933721850025e+01,-1.524360145694566127e+00
2.022110881742123922e+01,-1.685525406595512621e+01,-1.521268953928088141e+00
2.022432004639017933e+01,-1.685606249699116788e+01,-1.518179438963990879e+00
2.022753127535911943e+01,-1.685671148427116250e+01,-1.515092902105208639e+00
2.023074250432805954e+01,-1.685721156043279478e+01,-1.512009969074824989e+00
2.023395373329699964e+01,-1.685757307781245373e+01,-1.508930497529998638e+00
2.023716496226594330e+01,-1.685780258618974159e+01,-1.505853737340323129e+00
2.024037619123488341e+01,-1.685790056903964640e+01,-1.502778689181801575e+00
2.024358742020382707e+01,-1.685786124355973215e+01,-1.499704547651602660e+00
2.024679864917276717e+01,-1.685767450676577184e+01,-1.496631089331556197e+00
2.025000987814170728e+01,-1.685732946044917568e+01,-1.493558881437506036e+00
2.025322110711064738e+01,-1.685681845911091870e+01,-1.490489238642432435e+00
2.025643233607959104e+01,-1.685614043929501094e+01,-1.487423929649964727e+00
2.025964356504853114e+01,-1.685530246291812162e+01,-1.484364710056494729e+00
2.026285479401747125e+01,-1.685431889621721879e+01,-1.481312812450939376e+00
2.026606602298641135e+01,-1.685320831490301430e+01,-1.478268542662587670e+00
2.026927725195535146e+01,-1.685198888773206249e+01,-1.475231106843547524e+00
2.027248848092429512e+01,-1.685067345796529636e+01,-1.472198733762269507e+00
2.027569970989323522e+01,-1.684926568074837405e+01,-1.469169076533995533e+00
2.027891093886217533e+01,-1.684775834001912997e+01,-1.466139799903210639e+00
2.028212216783111543e+01,-1.684613441880852491e+01,-1.463109204619161163e+00
2.028533339680005554e+01,-1.684437077569182861e+01,-1.460076724698538442e+00
2.028854462576899564e+01,-1.684244357930351654e+01,-1.457043161421005761e+00
2.029175585473793930e+01,-1.684033416073861744e+01,-1.454010583036439597e+00
2.029496708370687941e+01,-1.683803379550217372e+01,-1.450981904656084343e+00
2.029817831267582307e+01,-1.683554616766016210e+01,-1.447960246265762141e+00
2.030138954164476317e+01,-1.683288684097658461e+01,-1.444948226098815791e+00
2.030460077061370328e+01,-1.683007981822417776e+01,-1.441947365801450109e+00
2.030781199958264693e+01,-1.682715201357907375e+01,-1.438957757513307678e+00
2.031102322855158704e+01,-1.682412699979614601e+01,-1.435978077790489804e+00
2.031423445752052714e+01,-1.682101958195865876e+01,-1.433005946046168821e+00
2.031744568648946725e+01,-1.681783254414534667e+01,-1.430038538382109925e+00
2.032065691545840735e+01,-1.681455636798133924e+01,-1.427073303575195240e+00
2.032386814442734746e+01,-1.681117197352770987e+01,-1.424108602834403436e+00
2.032707937339629112e+01,-1.680765577435804659e+01,-1.421144114990328777e+00
2.033029060236523122e+01,-1.680398576252934006e+01,-1.418180908750791280e+00
2.033350183133417133e+01,-1.680014709098727721e+01,-1.415221168168728783e+00
2.033671306030311143e+01,-1.679613576245677464e+01,-1.412267644928639765e+00
2.033992428927205154e+01,-1.679195952703215866e+01,-1.409322979166109935e+00
2.034313551824099520e+01,-1.678763580735132521e+01,-1.406389062019714364e+00
2.034634674720993530e+01,-1.678318722536139518e+01,-1.403466600224025029e+00
2.034955797617887541e+01,-1.677863590475156741e+01,-1.400554989521698435e+00
2.035276920514781906e+01,-1.677399801660171264e+01,-1.397652523659710377e+00
2.035598043411675917e+01,-1.676927995176089325e+01,-1.394756879996481347e+00
2.035919166308569928e+01,-1.676447706842828822e+01,-1.391865753198625821e+00
2.036240289205464293e+01,-1.675957529267005341e+01,-1.388977472624841392e+00
2.036561412102358304e+01,-1.675455511663948016e+01,-1.386091445487194651e+00
2.036882534999252314e+01,-1.674939693132039764e+01,-1.383208314632047298e+00
2.037203657896146325e+01,-1.674408630163609502e+01,-1.380329794483206696e+00
2.037524780793040335e+01,-1.673861782372696183e+01,-1.377458231985771109e+00
2.037845903689934701e+01,-1.673299658625853681e+01,-1.374596009803595864e+00
2.038167026586828712e+01,-1.672723688875727888e+01,-1.371744948474325376e+00
2.038488149483722722e+01,-1.672135858500012517e+01,-1.368905862718635236e+00
2.038809272380616733e+01,-1.671538203224930541e+01,-1.366078385337898826e+00
2.039130395277510743e+01,-1.670932297928582955e+01,-1.363261101287987609e+00
2.039451518174404754e+01,-1.670318872841474089e+01,-1.360451953234653288e+00
2.039772641071299120e+01,-1.669697656110282935e+01,-1.357648809374850218e+00
2.040093763968193130e+01,-1.669067481588523805e+01,-1.354850042793448450e+00
2.040414886865087496e+01,-1.668426630829418400e+01,-1.352054969743757828e+00
2.040736009761981506e+01,-1.667773316819035756e+01,-1.349264032338706842e+00
2.041057132658875517e+01,-1.667106180027370144e+01,-1.346478679197440131e+00
2.041378255555769883e+01,-1.666424664562554980e+01,-1.343700977780390549e+00
2.041699378452663893e+01,-1.665729174374683197e+01,-1.340933063385171042e+00
2.042020501349557904e+01,-1.665020968166650661e+01,-1.338176573231629751e+00
2.042341624246451914e+01,-1.664301821456244213e+01,-1.335432218146977990e+00
2.042662747143345925e+01,-1.663573546612481024e+01,-1.332699607870062586e+00
2.042983870040239935e+01,-1.662837500076066632e+01,-1.329977378499301199e+00
2.043304992937134301e+01,-1.662094210111314752e+01,-1.327263589933529442e+00
2.043626115834028312e+01,-1.661343227118103627e+01,-1.324556288642722457e+00
2.043947238730922322e+01,-1.660583239910830855e+01,-1.321854085984569327e+00
2.044268361627816333e+01,-1.659812430816180040e+01,-1.319156596618435540e+00
2.044589484524710343e+01,-1.659028978530696463e+01,-1.316464617096348544e+00
2.044910607421604709e+01,-1.658231577359499198e+01,-1.313779992328427682e+00
2.045231730318498720e+01,-1.657419835583451828e+01,-1.311105199681284361e+00
2.045552853215392730e+01,-1.656594446102281282e+01,-1.308442755338153907e+00
2.045873976112287096e+01,-1.655757081372272310e+01,-1.305794595312666173e+00
2.046195099009181106e+01,-1.654910036537427942e+01,-1.303161591322127721e+00
2.046516221906075117e+01,-1.654055710513280530e+01,-1.300543327357476242e+00
2.046837344802969483e+01,-1.653196057145648012e+01,-1.297938195273294681e+00
2.047158467699863493e+01,-1.652332146226696707e+01,-1.295343784956479283e+00
2.047479590596757504e+01,-1.651463945170385372e+01,-1.292757468527575559e+00
2.047800713493651514e+01,-1.650590374332047716e+01,-1.290177028641992241e+00
2.048121836390545525e+01,-1.649709617706635356e+01,-1.287601171165332126e+00
2.048442959287439891e+01,-1.648819604943177097e+01,-1.285029794628950839e+00
2.048764082184333901e+01,-1.647918537623000645e+01,-1.282463954135069528e+00
2.049085205081227912e+01,-1.647005323790579112e+01,-1.279905538206960403e+00
2.049406327978121922e+01,-1.646079811885726230e+01,-1.277356751800190038e+00
2.049727450875015933e+01,-1.645142770875760618e+01,-1.274819547364580474e+00
2.050048573771909943e+01,-1.644195632226166737e+01,-1.272295155671914868e+00
2.050369696668804309e+01,-1.643240072595741097e+01,-1.269783836948171096e+00
2.050690819565698320e+01,-1.642277556701564833e+01,-1.267284909730579168e+00
2.051011942462592330e+01,-1.641308966970160199e+01,-1.264797037513781808e+00
2.051333065359486696e+01,-1.640334418956237528e+01,-1.262318683044665324e+00
2.051654188256380706e+01,-1.639353307218738820e+01,-1.259848596219588002e+00
2.051975311153275072e+01,-1.638364560756762245e+01,-1.257386195608002133e+00
2.052296434050169083e+01,-1.637367028508013789e+01,-1.254931736770948270e+00
2.052617556947063093e+01,-1.636359879967093178e+01,-1.252486223077400762e+00
2.052938679843957104e+01,-1.635342903317805963e+01,-1.250051088918302744e+00
2.053259802740851114e+01,-1.634316614050496241e+01,-1.247627750224278520e+00
2.053580925637745125e+01,-1.633282142036063433e+01,-1.245217154836184337e+00
2.053902048534639491e+01,-1.632240928839180683e+01,-1.242819465127268819e+00
2.054223171431533501e+01,-1.631194321662410118e+01,-1.240433967561424877e+00
2.054544294328427512e+01,-1.630143180384844470e+01,-1.238059239367613751e+00
2.054865417225321522e+01,-1.629087611328437646e+01,-1.235693529448099071e+00
2.055186540122215533e+01,-1.628026906549040831e+01,-1.233335249532226285e+00
2.055507663019109899e+01,-1.626959710427740191e+01,-1.230983439492908449e+00
2.055828785916003909e+01,-1.625884372068854233e+01,-1.228638076548316027e+00
2.056149908812897920e+01,-1.624799390090054274e+01,-1.226300140106533210e+00
2.056471031709791930e+01,-1.623703830200222242e+01,-1.223971410571795593e+00
2.056792154606686296e+01,-1.622597602714014187e+01,-1.221654053053998323e+00
2.057113277503580306e+01,-1.621481524901920679e+01,-1.219350095519639243e+00
2.057434400400474672e+01,-1.620357151281830355e+01,-1.217060939368975747e+00
2.057755523297368683e+01,-1.619226417456285105e+01,-1.214787031060535316e+00
2.058076646194262693e+01,-1.618091192658977207e+01,-1.212527779125220251e+00
2.058397769091156704e+01,-1.616952859335522774e+01,-1.210281734263348508e+00
2.058718891988050714e+01,-1.615812028874065476e+01,-1.208046979759064499e+00
2.059040014884945080e+01,-1.614668464066767939e+01,-1.205821624481826060e+00
2.059361137781839091e+01,-1.613521222067081595e+01,-1.203604265966751630e+00
2.059682260678733101e+01,-1.612368972342426687e+01,-1.201394302609227527e+00
2.060003383575627112e+01,-1.611210398581646430e+01,-1.199192017951314249e+00
2.060324506472521122e+01,-1.610044573787902067e+01,-1.196998423683458102e+00
2.060645629369415133e+01,-1.608871208635663663e+01,-1.194814913511557775e+00
2.060966752266309499e+01,-1.607690710863214889e+01,-1.192642829495675905e+00
2.061287875163203509e+01,-1.606504046970760413e+01,-1.190483062735013142e+00
2.061608998060097520e+01,-1.605312451663692030e+01,-1.188335796623203322e+00
2.061930120956991885e+01,-1.604117070407416179e+01,-1.186200458121516865e+00
2.062251243853885896e+01,-1.602918635625726651e+01,-1.184075883320564682e+00
2.062572366750780262e+01,-1.601717264170309463e+01,-1.181960644852173115e+00
2.062893489647674272e+01,-1.600512427308642316e+01,-1.179853446613412293e+00
2.063214612544568283e+01,-1.599303095550068576e+01,-1.177753476720885262e+00
2.063535735441462293e+01,-1.598088013140353070e+01,-1.175660625509494794e+00
2.063856858338356304e+01,-1.596866024036744491e+01,-1.173575516059489843e+00
2.064177981235250314e+01,-1.595636361116937252e+01,-1.171499347853979023e+00
2.064499104132144680e+01,-1.594398825014049059e+01,-1.169433604442900787e+00
2.064820227029038691e+01,-1.593153813047797485e+01,-1.167379709563005630e+00
2.065141349925932701e+01,-1.591902201725438815e+01,-1.165338724486161937e+00
2.065462472822826712e+01,-1.590645125639838753e+01,-1.163311161442400987e+00
2.065783595719720722e+01,-1.589383720352991247e+01,-1.161296950337331157e+00
2.066104718616615088e+01,-1.588118900812346190e+01,-1.159295550551385334e+00
2.066425841513509098e+01,-1.586851230131206947e+01,-1.157306159919650579e+00
2.066746964410403109e+01,-1.585580902320613816e+01,-1.155327950222727829e+00
2.067068087307297120e+01,-1.584307826879459213e+01,-1.153360258297450258e+00
2.067389210204191485e+01,-1.583031773924202668e+01,-1.151402682869605121e+00
2.067710333101085496e+01,-1.581752524198102705e+01,-1.149455071817171214e+00
2.068031455997979862e+01,-1.580469972397543543e+01,-1.147517421429340434e+00
2.068352578894873872e+01,-1.579184152571878030e+01,-1.145589736761487121e+00
2.068673701791767883e+01,-1.577895183757863862e+01,-1.143671912126567269e+00
2.068994824688661893e+01,-1.576603162761217192e+01,-1.141763680579051199e+00
2.069315947585555904e+01,-1.575308049813047262e+01,-1.139864654794946253e+00
2.069637070482450270e+01,-1.574009595751345181e+01,-1.137974447960275581e+00
2.069958193379344280e+01,-1.572707345582204219e+01,-1.136092833295893945e+00
2.070279316276238291e+01,-1.571400727270483344e+01,-1.134219884528838040e+00
2.070600439173132301e+01,-1.570089204802860650e+01,-1.132356042473949387e+00
2.070921562070026312e+01,-1.568772450633395543e+01,-1.130502074345908214e+00
2.071242684966920322e+01,-1.567450482500910169e+01,-1.128658925989171058e+00
2.071563807863814688e+01,-1.566123717005021554e+01,-1.126827502435845396e+00
2.071884930760708698e+01,-1.564792915503746329e+01,-1.125008437854079002e+00
2.072206053657602709e+01,-1.563459030097870439e+01,-1.123201923510038114e+00
2.072527176554496720e+01,-1.562122988915489508e+01,-1.121407648720502248e+00
2.072848299451391085e+01,-1.560785480744633347e+01,-1.119624878307551530e+00
2.073169422348285451e+01,-1.559446802380660735e+01,-1.117852649795604947e+00
2.073490545245179462e+01,-1.558106816102592340e+01,-1.116090036541055763e+00
2.073811668142073472e+01,-1.556765033535070231e+01,-1.114336400622256029e+00
2.074132791038967483e+01,-1.555420804615226693e+01,-1.112591559069996405e+00
2.074453913935861493e+01,-1.554073557548386475e+01,-1.110855809924363280e+00
2.074775036832755504e+01,-1.552723017610722778e+01,-1.109129804797373220e+00
2.075096159729649870e+01,-1.551369335542588956e+01,-1.107414300827634701e+00
2.075417282626543880e+01,-1.550013080207985006e+01,-1.105709863583737462e+00
2.075738405523437891e+01,-1.548655089070382118e+01,-1.104016611694954131e+00
2.076059528420331901e+01,-1.547296213053206770e+01,-1.102334087060667267e+00
2.076380651317225912e+01,-1.545937027004583797e+01,-1.100661302106960227e+00
2.076701774214120277e+01,-1.544577592639414121e+01,-1.098996965895246536e+00
2.077022897111014288e+01,-1.543217351893172484e+01,-1.097339837512361305e+00
2.077344020007908298e+01,-1.541855196333194300e+01,-1.095689113342329435e+00
2.077665142904802309e+01,-1.540489710608200724e+01,-1.094044737196356643e+00
2.077986265801696319e+01,-1.539119537583491137e+01,-1.092407535247028161e+00
2.078307388698590685e+01,-1.537743773874441544e+01,-1.090779119360043792e+00
2.078628511595485051e+01,-1.536362288520331632e+01,-1.089161562709496822e+00
2.078949634492379062e+01,-1.534975870280755395e+01,-1.087556914787511708e+00
2.079270757389273072e+01,-1.533586148562639195e+01,-1.085966671780554504e+00
2.079591880286167083e+01,-1.532195289895155632e+01,-1.084391338628473367e+00
2.079913003183061093e+01,-1.530805531573518508e+01,-1.082830203939847191e+00
2.080234126079955459e+01,-1.529418660637769989e+01,-1.081281400720111030e+00
2.080555248976849469e+01,-1.528035566749042573e+01,-1.079742256008449308e+00
2.080876371873743480e+01,-1.526655985342617683e+01,-1.078209858617197314e+00
2.081197494770637491e+01,-1.525278504673123692e+01,-1.076681715418426055e+00
2.081518617667531501e+01,-1.523900847084799892e+01,-1.075156338781616094e+00
2.081839740564425512e+01,-1.522520366689402849e+01,-1.073633618978897086e+00
2.082160863461319877e+01,-1.521134649927798854e+01,-1.072114883923239947e+00
2.082481986358213888e+01,-1.519742076785884421e+01,-1.070602623134753184e+00
2.082803109255107898e+01,-1.518342206729284172e+01,-1.069099935020956460e+00
2.083124232152001909e+01,-1.516935893902533472e+01,-1.067609825671222090e+00
2.083445355048895919e+01,-1.515525101166636901e+01,-1.066134525577559167e+00
2.083766477945790641e+01,-1.514112455965026172e+01,-1.064674987835720010e+00
2.084087600842684651e+01,-1.512700654273212564e+01,-1.063230687755082560e+00
2.084408723739578662e+01,-1.511291855935726147e+01,-1.061799770231529383e+00
2.084729846636472672e+01,-1.509887216155602729e+01,-1.060379506240387792e+00
2.085050969533366683e+01,-1.508486663512410608e+01,-1.058966944780109110e+00
2.085372092430260693e+01,-1.507088973471759985e+01,-1.057559600271584133e+00
2.085693215327155059e+01,-1.505692113477661032e+01,-1.056156009135011509e+00
2.086014338224049069e+01,-1.504293769695600957e+01,-1.054756024207244014e+00
2.086335461120943080e+01,-1.502891922731429730e+01,-1.053360782651163285e+00
2.086656584017837091e+01,-1.501485330632569415e+01,-1.051972364868748011e+00
2.086977706914731101e+01,-1.500073804013173273e+01,-1.050593237847264660e+00
2.087298829811625467e+01,-1.498658212978894078e+01,-1.049225627213068446e+00
2.087619952708519477e+01,-1.497240234209199095e+01,-1.047870975543922611e+00
2.087941075605413488e+01,-1.495821911244222591e+01,-1.046529617582489191e+00
2.088262198502307498e+01,-1.494405145223234044e+01,-1.045200743765553275e+00
2.088583321399201509e+01,-1.492991246224328172e+01,-1.043882648045177941e+00
2.088904444296095875e+01,-1.491580654573225040e+01,-1.042573184252469032e+00
2.089225567192990241e+01,-1.490172893471009630e+01,-1.041270305640445315e+00
2.089546690089884251e+01,-1.488766752378580094e+01,-1.039972546840525647e+00
2.089867812986778262e+01,-1.487360641353072666e+01,-1.038679329107168314e+00
2.090188935883672272e+01,-1.485953015341019068e+01,-1.037391021475104536e+00
2.090510058780566283e+01,-1.484542754506207629e+01,-1.036108757661639679e+00
2.090831181677460648e+01,-1.483129404456870581e+01,-1.034834072854319276e+00
2.091152304574354659e+01,-1.481713222907569971e+01,-1.033568468824523690e+00
2.091473427471248669e+01,-1.480295034465467019e+01,-1.032313028839447533e+00
2.091794550368142680e+01,-1.478875947387165546e+01,-1.031068183173563080e+00
2.092115673265036691e+01,-1.477457021081459843e+01,-1.029833678543961017e+00
2.092436796161930701e+01,-1.476038981770536296e+01,-1.028608744635921335e+00
2.092757919058825067e+01,-1.474622064579415692e+01,-1.027392395296956140e+00
2.093079041955719077e+01,-1.473206019720491255e+01,-1.026183766456562285e+00
2.093400164852613088e+01,-1.471790270562048697e+01,-1.024982386834153436e+00
2.093721287749507098e+01,-1.470374166743693678e+01,-1.023788301931749967e+00
2.094042410646401109e+01,-1.468957248883322286e+01,-1.022602018906644261e+00
2.094363533543295830e+01,-1.467539440216849123e+01,-1.021424295542024518e+00
2.094684656440189841e+01,-1.466121104714685686e+01,-1.020255844233654452e+00
2.095005779337083851e+01,-1.464702953429942411e+01,-1.019097047661100763e+00
2.095326902233977862e+01,-1.463285828411843248e+01,-1.017947779059678037e+00
2.095648025130871872e+01,-1.461870432252804441e+01,-1.016807387882205260e+00
2.095969148027765883e+01,-1.460457089593799118e+01,-1.015674860629592668e+00
2.096290270924660248e+01,-1.459045619035344465e+01,-1.014549111846511309e+00
2.096611393821554259e+01,-1.457635361886221936e+01,-1.013429318070129259e+00
2.096932516718448269e+01,-1.456225367147914618e+01,-1.012315190734616399e+00
2.097253639615342280e+01,-1.454814683752869442e+01,-1.011207098267724369e+00
2.097574762512236290e+01,-1.453402675697265956e+01,-1.010105989490482692e+00
2.097895885409130301e+01,-1.451989264222799214e+01,-1.009013128399399273e+00
2.098217008306024667e+01,-1.450575017813755530e+01,-1.007929707905747652e+00
2.098538131202918677e+01,-1.449161051611453743e+01,-1.006856450213065024e+00
2.098859254099812688e+01,-1.447748751867321815e+01,-1.005793311870889495e+00
2.099180376996706698e+01,-1.446339393066065426e+01,-1.004739388044351589e+00
2.099501499893600709e+01,-1.444933750301784947e+01,-1.003693058721387921e+00
2.099822622790495430e+01,-1.443531816803368528e+01,-1.002652353228333348e+00
2.100143745687389440e+01,-1.442132713165415403e+01,-1.001615446805495191e+00
2.100464868584283451e+01,-1.440734826374430888e+01,-1.000581161778660633e+00
2.100785991481177462e+01,-1.439336155796242167e+01,-9.995493381804979593e-01
2.101107114378071472e+01,-1.437934786335678083e+01,-9.985209676647255339e-01
2.101428237274965838e+01,-1.436529371718506098e+01,-9.974980433076744424e-01
2.101749360171859848e+01,-1.435119503950095066e+01,-9.964831511542012743e-01
2.102070483068753859e+01,-1.433705871029670931e+01,-9.954788975682220542e-01
2.102391605965647869e+01,-1.432290157505699213e+01,-9.944873110505123570e-01
2.102712728862541880e+01,-1.430874707648459143e+01,-9.935093658576830133e-01
2.103033851759435890e+01,-1.429462031493173590e+01,-9.925447448928670369e-01
2.103354974656330256e+01,-1.428054273600395874e+01,-9.915918988513394705e-01
2.103676097553224267e+01,-1.426652772635152111e+01,-9.906483837127071368e-01
2.103997220450118277e+01,-1.425257814887755536e+01,-9.897113893717511823e-01
2.104318343347012288e+01,-1.423868633733105327e+01,-9.887783267472349813e-01
2.104639466243906298e+01,-1.422483643756911675e+01,-9.878473306737269866e-01
2.104960589140800309e+01,-1.421100839892453571e+01,-9.869175631222170120e-01
2.105281712037695030e+01,-1.419718253798624552e+01,-9.859892576018072230e-01
2.105602834934589040e+01,-1.418334351462285881e+01,-9.850635150619632130e-01
2.105923957831483051e+01,-1.416948278877379330e+01,-9.841419251008706182e-01
2.106245080728377062e+01,-1.415559909316074183e+01,-9.832261267405427718e-01
2.106566203625271072e+01,-1.414169702433187403e+01,-9.823174302264849889e-01
2.106887326522165438e+01,-1.412778436078469113e+01,-9.814165946042660016e-01
2.107208449419059448e+01,-1.411386902278831101e+01,-9.805238041493048451e-01
2.107529572315953459e+01,-1.409995661579772985e+01,-9.796388258148142070e-01
2.107850695212847469e+01,-1.408604925202706859e+01,-9.787612775785292651e-01
2.108171818109741480e+01,-1.407214590569045143e+01,-9.778909087172644732e-01
2.108492941006635490e+01,-1.405824406243043789e+01,-9.770277951877814893e-01
2.108814063903529856e+01,-1.404434202080078364e+01,-9.761723847685581656e-01
2.109135186800423867e+01,-1.403044101081702877e+01,-9.753253771853609422e-01
2.109456309697317877e+01,-1.401654636451961267e+01,-9.744874784596266881e-01
2.109777432594211888e+01,-1.400266728021552431e+01,-9.736591098015759949e-01
2.110098555491105898e+01,-1.398881516936224401e+01,-9.728401672525168742e-01
2.110419678388000264e+01,-1.397500102596315408e+01,-9.720299143934260089e-01
2.110740801284894630e+01,-1.396123257635314374e+01,-9.712270511724643285e-01
2.111061924181788640e+01,-1.394751205694630158e+01,-9.704299492005221683e-01
2.111383047078682651e+01,-1.393383530237425738e+01,-9.696369935682357388e-01
2.111704169975576661e+01,-1.392019245593306209e+01,-9.688469383681783675e-01
2.112025292872471027e+01,-1.390657014843926831e+01,-9.680591774287304885e-01
2.112346415769365038e+01,-1.389295456821702679e+01,-9.672738549604831260e-01
2.112667538666259048e+01,-1.387933458871908954e+01,-9.664917860322154164e-01
2.112988661563153059e+01,-1.386570410621717819e+01,-9.657142107029397238e-01
2.113309784460047069e+01,-1.385206297133432685e+01,-9.649424523917528029e-01
2.113630907356941080e+01,-1.383841630567590641e+01,-9.641775770011997704e-01
2.113952030253835446e+01,-1.382477245751701567e+01,-9.634201469958344477e-01
2.114273153150729456e+01,-1.381114023213072528e+01,-9.626701350622725029e-01
2.114594276047623467e+01,-1.379752622195612233e+01,-9.619270141844803446e-01
2.114915398944517477e+01,-1.378393300661693921e+01,-9.611899892829359748e-01
2.115236521841411488e+01,-1.377035871314283710e+01,-9.604582952744378233e-01
2.115557644738305498e+01,-1.375679800911902362e+01,-9.597314692095949562e-01
2.115878767635200219e+01,-1.374324417209314575e+01,-9.590095147261071817e-01
2.116199890532094230e+01,-1.372969156539592106e+01,-9.582929117848257849e-01
2.116521013428988240e+01,-1.371613774528544383e+01,-9.575824727407872272e-01
2.116842136325882251e+01,-1.370258455531247321e+01,-9.568790925722013840e-01
2.117163259222776261e+01,-1.368903788786294129e+01,-9.561834724341445879e-01
2.117484382119670627e+01,-1.367550620880283674e+01,-9.554959023181031075e-01
2.117805505016564638e+01,-1.366199832092854649e+01,-9.548161687907751327e-01
2.118126627913458648e+01,-1.364852106959989975e+01,-9.541436139336481048e-01
2.118447750810352659e+01,-1.363507770106941308e+01,-9.534773241615490669e-01
2.118768873707246669e+01,-1.362166737018943685e+01,-9.528163872552085634e-01
2.119089996604140680e+01,-1.360828592672217674e+01,-9.521601351364673560e-01
2.119411119501035046e+01,-1.359492770273576667e+01,-9.515082950515421079e-01
2.119732242397929056e+01,-1.358158770400041959e+01,-9.508610013340557110e-01
2.120053365294823067e+01,-1.356826347592870263e+01,-9.502186647077235371e-01
2.120374488191717077e+01,-1.355495601231301528e+01,-9.495817422943563235e-01
2.120695611088611088e+01,-1.354166937505480739e+01,-9.489504846837132357e-01
2.121016733985505454e+01,-1.352840910450850131e+01,-9.483247460263577455e-01
2.121337856882399819e+01,-1.351517989655508067e+01,-9.477039257064079347e-01
2.121658979779293830e+01,-1.350198328038620943e+01,-9.470870705993638117e-01
2.121980102676187840e+01,-1.348881606718733295e+01,-9.464731169700469904e-01
2.122301225573081851e+01,-1.347567013786482448e+01,-9.458612058467585904e-01
2.122622348469976217e+01,-1.346253375332688584e+01,-9.452509791811668505e-01
2.122943471366870227e+01,-1.344939411560598330e+01,-9.446427648312063496e-01
2.123264594263764238e+01,-1.343624051779272399e+01,-9.440375869049686397e-01
2.123585717160658248e+01,-1.342306721408401771e+01,-9.434369864724138077e-01
2.123906840057552259e+01,-1.340987518449052374e+01,-9.428426921564337926e-01
2.124227962954446269e+01,-1.339667225494720881e+01,-9.422562246555392651e-01
2.124549085851340635e+01,-1.338347148347292759e+01,-9.416785405015852817e-01
2.124870208748234646e+01,-1.337028820766668602e+01,-9.411098116880795006e-01
2.125191331645128656e+01,-1.335713652738847657e+01,-9.405494013366236805e-01
2.125512454542022667e+01,-1.334402615805102599e+01,-9.399960416148569475e-01
2.125833577438916677e+01,-1.333096048652710586e+01,-9.394481641749609091e-01
2.126154700335810688e+01,-1.331793632241046765e+01,-9.389042915728651462e-01
2.126475823232705054e+01,-1.330494536004114536e+01,-9.383633824833450543e-01
2.126796946129599419e+01,-1.329197688911960817e+01,-9.378250384668096462e-01
2.127118069026493430e+01,-1.327902095148628270e+01,-9.372895211079903532e-01
2.127439191923387440e+01,-1.326607103607467764e+01,-9.367575834939537716e-01
2.127760314820281451e+01,-1.325312556179716239e+01,-9.362301731294896401e-01
2.128081437717175817e+01,-1.324018777079843190e+01,-9.357080990621144956e-01
2.128402560614069827e+01,-1.322726413098992460e+01,-9.351917639646116776e-01
2.128723683510963838e+01,-1.321436178614829160e+01,-9.346810401689914505e-01
2.129044806407857848e+01,-1.320148586524815748e+01,-9.341753239029582101e-01
2.129365929304751859e+01,-1.318863749131777041e+01,-9.336737477133879581e-01
2.129687052201645869e+01,-1.317581310816925821e+01,-9.331754834201644311e-01
2.130008175098540235e+01,-1.316300533910866832e+01,-9.326800409667194147e-01
2.130329297995434246e+01,-1.315020512662717067e+01,-9.321874700293094618e-01
2.130650420892328256e+01,-1.313740451450913049e+01,-9.316984005466545371e-01
2.130971543789222267e+01,-1.312459923819644914e+01,-9.312139065534751348e-01
2.131292666686116277e+01,-1.311179034242611863e+01,-9.307352304236168328e-01
2.131613789583010643e+01,-1.309898432984237182e+01,-9.302634461931358345e-01
2.131934912479904654e+01,-1.308619177461319794e+01,-9.297991588002322283e-01
2.132256035376799019e+01,-1.307342478264264685e+01,-9.293423256494099949e-01
2.132577158273693030e+01,-1.306069401240203831e+01,-9.288922512231856388e-01
2.132898281170587040e+01,-1.304800609095680919e+01,-9.284477553238725811e-01
2.133219404067481406e+01,-1.303536213571706348e+01,-9.280074658776744645e-01
2.133540526964375417e+01,-1.302275776394636253e+01,-9.275701526632017524e-01
2.133861649861269427e+01,-1.301018453917157025e+01,-9.271350087390433092e-01
2.134182772758163438e+01,-1.299763239564832240e+01,-9.267018040881356278e-01
2.134503895655057448e+01,-1.298509231872726843e+01,-9.262708752770059117e-01
2.134825018551951459e+01,-1.297255851504840685e+01,-9.258429636480141056e-01
2.135146141448845825e+01,-1.296002948991419323e+01,-9.254189580145304461e-01
2.135467264345739835e+01,-1.294750779952387632e+01,-9.249996231394244095e-01
2.135788387242633846e+01,-1.293499865325705045e+01,-9.245853952755271887e-01
2.136109510139527856e+01,-1.292250788070744782e+01,-9.241763013723274245e-01
2.136430633036421867e+01,-1.291003994746036199e+01,-9.237720173677219648e-01
2.136751755933315877e+01,-1.289759665443266634e+01,-9.233720363813441301e-01
2.137072878830210243e+01,-1.288517690783832137e+01,-9.229758835511920889e-01
2.137394001727104254e+01,-1.287277758168351482e+01,-9.225833012064877936e-01
2.137715124623998619e+01,-1.286039512903103521e+01,-9.221943398881431442e-01
2.138036247520892630e+01,-1.284802734837930061e+01,-9.218093234554692872e-01
2.138357370417786640e+01,-1.283567465701926302e+01,-9.214286996403446839e-01
2.138678493314681006e+01,-1.282334038238179552e+01,-9.210528271190241423e-01
2.138999616211575017e+01,-1.281102990603699077e+01,-9.206817736542471931e-01
2.139320739108469027e+01,-1.279874888147833722e+01,-9.203151993016822630e-01
2.139641862005363038e+01,-1.278650107320042650e+01,-9.199523737599313300e-01
2.139962984902257048e+01,-1.277428652482030635e+01,-9.195923350358119475e-01
2.140284107799151059e+01,-1.276210070224721349e+01,-9.192341505518963896e-01
2.140605230696045425e+01,-1.274993498660988500e+01,-9.188772060770005190e-01
2.140926353592939435e+01,-1.273777848880618535e+01,-9.185214339871423661e-01
2.141247476489833446e+01,-1.272562074393810505e+01,-9.181674054696137288e-01
2.141568599386727456e+01,-1.271345454699113020e+01,-9.178162482984518755e-01
2.141889722283621467e+01,-1.270127810624143549e+01,-9.174694022525911041e-01
2.142210845180515832e+01,-1.268909585147684993e+01,-9.171282732318205566e-01
2.142531968077409843e+01,-1.267691760002646717e+01,-9.167938797728897304e-01
2.142853090974304209e+01,-1.266475625139313443e+01,-9.164665916275150925e-01
2.143174213871198219e+01,-1.265262461411898443e+01,-9.161460367454473674e-01
2.143495336768092230e+01,-1.264053223660227765e+01,-9.158312065337599339e-01
2.143816459664986596e+01,-1.262848313333401684e+01,-9.155207328106275133e-01
2.144137582561880606e+01,-1.261647505780113043e+01,-9.152132598517741524e-01
2.144458705458774617e+01,-1.260450053803951675e+01,-9.149078061767912384e-01
2.144779828355668627e+01,-1.259254938406206747e+01,-9.146040120997276368e-01
2.145100951252562638e+01,-1.258061194490573698e+01,-9.143022007622987335e-01
2.145422074149456648e+01,-1.256868216427865725e+01,-9.140032336997927498e-01
2.145743197046351014e+01,-1.255675952827661845e+01,-9.137082018030917574e-01
