Frequency (GHz), Wave Refl (dB), Wave Refl (rad), Wave Trans (dB), Wave Trans (rad)
1.464320409837079007e+00,-1.249502012731075862e+00,2.787279387729468816e+00,-3.575801549424507186e+01,-3.101375347030601581e+00
1.473954096743901987e+00,-1.253883296089794985e+00,2.785157752246991691e+00,-3.575501355561485184e+01,-3.095884974580790150e+00
1.483587783650724967e+00,-1.258274718550540960e+00,2.783034816259284838e+00,-3.575140524240097051e+01,-3.090415243035321335e+00
1.493221470557547503e+00,-1.262675648376947901e+00,2.780910643939591864e+00,-3.574723036765556827e+01,-3.084975532963450284e+00
1.502855157464370484e+00,-1.267085204126000342e+00,2.778785235731754177e+00,-3.574256553378729961e+01,-3.079571602121031315e+00
1.512488844371193464e+00,-1.271502584221604115e+00,2.776658523713347648e+00,-3.573750160038016332e+01,-3.074203952860229183e+00
1.522122531278016222e+00,-1.275927364229413330e+00,2.774530387531383813e+00,-3.573211742420892278e+01,-3.068867827390820313e+00
1.531756218184839202e+00,-1.280359673703395540e+00,2.772400685640078688e+00,-3.572645788942521961e+01,-3.063554787599148010e+00
1.541389905091662182e+00,-1.284800202633280763e+00,2.770269292122248039e+00,-3.572052272581669996e+01,-3.058255360576118242e+00
1.551023591998485163e+00,-1.289250039694191496e+00,2.768136127940926450e+00,-3.571426919090895780e+01,-3.052961925383854247e+00
1.560657278905307699e+00,-1.293710394757403348e+00,2.766001177401850697e+00,-3.570762744737193373e+01,-3.047670966290038752e+00
1.570290965812130679e+00,-1.298182291490225460e+00,2.763864485251748881e+00,-3.570052368374236096e+01,-3.042384030349546187e+00
1.579924652718953659e+00,-1.302666322783922803e+00,2.761726135739125620e+00,-3.569290381816743718e+01,-3.037107133247437307e+00
1.589558339625776640e+00,-1.307162540763262548e+00,2.759586220329681705e+00,-3.568475062070136516e+01,-3.031848831296594771e+00
1.599192026532599398e+00,-1.311670511180570431e+00,2.757444804006419226e+00,-3.567608925025754729e+01,-3.026617575166524077e+00
1.608825713439422378e+00,-1.316189512112275750e+00,2.755301900276977189e+00,-3.566697982998601191e+01,-3.021419162916035184e+00
1.618459400346245358e+00,-1.320718814153970744e+00,2.753157462170927161e+00,-3.565749964067200040e+01,-3.016255058805661360e+00
1.628093087253068116e+00,-1.325257956358913081e+00,2.751011391556783092e+00,-3.564772057964169250e+01,-3.011122062241691211e+00
1.637726774159890875e+00,-1.329806935394308498e+00,2.748863563571664059e+00,-3.563768880547844731e+01,-3.006013390676960828e+00
1.647360461066713855e+00,-1.334366253239149369e+00,2.746713858505068551e+00,-3.562741263965990868e+01,-3.000920812921259895e+00
1.656994147973536835e+00,-1.338936812329888593e+00,2.744562191419073205e+00,-3.561686214977189024e+01,-2.995837163546634763e+00
1.666627834880359593e+00,-1.343519692985013725e+00,2.742408530682622025e+00,-3.560598024120272953e+01,-2.990758472249440469e+00
1.676261521787182573e+00,-1.348115882414065325e+00,2.740252900113564039e+00,-3.559470163193581982e+01,-2.985685076996227760e+00
1.685895208694005554e+00,-1.352726037580967766e+00,2.738095364448379421e+00,-3.558297380225389617e+01,-2.980621410678468308e+00
1.695528895600828312e+00,-1.357350352242503444e+00,2.735936002858720961e+00,-3.557077355593528267e+01,-2.975574557958204025e+00
1.705162582507651070e+00,-1.361988565744293167e+00,2.733774878710705014e+00,-3.555811430419396402e+01,-2.970552047845485877e+00
1.714796269414474050e+00,-1.366640107880581212e+00,2.731612014710175895e+00,-3.554504210456065749e+01,-2.965559567250052098e+00
1.724429956321297031e+00,-1.371304333489415939e+00,2.729447380766462317e+00,-3.553162193463544583e+01,-2.960599287544524394e+00
1.734063643228119789e+00,-1.375980774566527343e+00,2.727280897939768245e+00,-3.551791859172021759e+01,-2.955669293143514675e+00
1.743697330134942769e+00,-1.380669333971733082e+00,2.725112456947041295e+00,-3.550397811359519551e+01,-2.950764255769667610e+00
1.753331017041765749e+00,-1.385370363910453317e+00,2.722941945371422090e+00,-3.548981530086736313e+01,-2.945877119204614036e+00
1.762964703948588507e+00,-1.390084608096355590e+00,2.720769275235740636e+00,-3.547541093919385702e+01,-2.941001261819917723e+00
1.772598390855411488e+00,-1.394813027793315729e+00,2.718594402666120846e+00,-3.546071931364507179e+01,-2.936132474452195495e+00
1.782232077762234246e+00,-1.399556566314043238e+00,2.716417333914620258e+00,-3.544568350167644866e+01,-2.931270163131901363e+00
1.791865764669057226e+00,-1.404315923866820803e+00,2.714238116216886709e+00,-3.543025365322473874e+01,-2.926417433352153985e+00
1.801499451575879984e+00,-1.409091410059037042e+00,2.712056816537490533e+00,-3.541440267927843166e+01,-2.921580057297715971e+00
1.811133138482702964e+00,-1.413882916710524462e+00,2.709873494823639373e+00,-3.539813468134154562e+01,-2.916764662222122162e+00
1.820766825389525945e+00,-1.418690016697339296e+00,2.707688179899339076e+00,-3.538148375554274594e+01,-2.911976705296123846e+00
1.830400512296348703e+00,-1.423512156649759941e+00,2.705500855175951624e+00,-3.536450376937014539e+01,-2.907218851023430251e+00
1.840034199203171683e+00,-1.428348883837843308e+00,2.703311458267828371e+00,-3.534725241911392857e+01,-2.902490230360903478e+00
1.849667886109994441e+00,-1.433200038520863195e+00,2.701119894350922923e+00,-3.532977451551104764e+01,-2.897786782503299463e+00
1.859301573016817422e+00,-1.438065854758154405e+00,2.698926058984777665e+00,-3.531208954860477434e+01,-2.893102549108624633e+00
1.868935259923640180e+00,-1.442946941255109028e+00,2.696729863365139312e+00,-3.529418716546076240e+01,-2.888431507784149588e+00
1.878568946830463160e+00,-1.447844150352379566e+00,2.694531254383834451e+00,-3.527603172554793076e+01,-2.883769380177191088e+00
1.888202633737286140e+00,-1.452758376654043282e+00,2.692330223578970116e+00,-3.525757434398598633e+01,-2.879114871530760400e+00
1.897836320644109120e+00,-1.457690347085702331e+00,2.690126802505656833e+00,-3.523876862075609750e+01,-2.874469982317492622e+00
1.907470007550931879e+00,-1.462640465547894175e+00,2.687921046178193940e+00,-3.521958523329651314e+01,-2.869839320051432274e+00
1.917103694457754859e+00,-1.467608757738867675e+00,2.685713009780858584e+00,-3.520002102310497349e+01,-2.865228642222668931e+00
1.926737381364577617e+00,-1.472594930801164104e+00,2.683502725764140173e+00,-3.518009996877072609e+01,-2.860643087832216214e+00
1.936371068271400375e+00,-1.477598527722827182e+00,2.681290188192254842e+00,-3.515986594798167175e+01,-2.856085638122341397e+00
1.946004755178223355e+00,-1.482619128377349549e+00,2.679075348902529186e+00,-3.513936967063219896e+01,-2.851556264757086900e+00
1.955638442085046336e+00,-1.487656535998726159e+00,2.676858126407748895e+00,-3.511865386251474774e+01,-2.847052005019412579e+00
1.965272128991869316e+00,-1.492710893402349415e+00,2.674638424631767819e+00,-3.509774120211657333e+01,-2.842567918438220431e+00
1.974905815898692074e+00,-1.497782695378268025e+00,2.672416155672284965e+00,-3.507662857105636078e+01,-2.838098615417976589e+00
1.984539502805515054e+00,-1.502872695460275132e+00,2.670191259683655449e+00,-3.505528919336433802e+01,-2.833639884370136031e+00
1.994173189712338035e+00,-1.507981737003797340e+00,2.667963715963967974e+00,-3.503368183176252870e+01,-2.829189925791843141e+00
2.003806876619160793e+00,-1.513110560672893179e+00,2.665733542078589480e+00,-3.501176410899098812e+01,-2.824749831407257883e+00
2.013440563525983773e+00,-1.518259646566809895e+00,2.663500781500518944e+00,-3.498950584952029885e+01,-2.820323181798309875e+00
2.023074250432806309e+00,-1.523429137765396346e+00,2.661265483685595346e+00,-3.496689842422031091e+01,-2.815914904178943523e+00
2.032707937339629289e+00,-1.528618866792149866e+00,2.659027682700553896e+00,-3.494395737673951885e+01,-2.811529751676922650e+00
2.042341624246452270e+00,-1.533828475217647647e+00,2.656787380846622693e+00,-3.492071769928156044e+01,-2.807170871210078911e+00
2.051975311153275250e+00,-1.539057588842656310e+00,2.654544542106977545e+00,-3.489722335680225740e+01,-2.802838889199275041e+00
2.061608998060098230e+00,-1.544305994882517297e+00,2.652299097211868073e+00,-3.487351435262063859e+01,-2.798531777851571256e+00
2.071242684966920766e+00,-1.549573767918052347e+00,2.650050958595965511e+00,-3.484961528676947751e+01,-2.794245523292158140e+00
2.080876371873743746e+00,-1.554861307693425010e+00,2.647800040582982906e+00,-3.482552881138017398e+01,-2.789975375237538913e+00
2.090510058780566727e+00,-1.560169278951766492e+00,2.645546278644647309e+00,-3.480123583286034972e+01,-2.785717288661782476e+00
2.100143745687389707e+00,-1.565498473082548969e+00,2.643289641965900216e+00,-3.477670224063919591e+01,-2.781469119648072308e+00
2.109777432594212687e+00,-1.570849634489366542e+00,2.641030135657741251e+00,-3.475188998773185034e+01,-2.777231221690322993e+00
2.119411119501035667e+00,-1.576223304442187612e+00,2.638767792130558121e+00,-3.472676909053352290e+01,-2.773006276958578376e+00
2.129044806407858204e+00,-1.581619729024823728e+00,2.636502654403992452e+00,-3.470132691625945398e+01,-2.768798430886075135e+00
2.138678493314681184e+00,-1.587038857747828935e+00,2.634234756503474273e+00,-3.467557202506019109e+01,-2.764612006645383424e+00
2.148312180221504164e+00,-1.592480431720274758e+00,2.631964106881235832e+00,-3.464953153687203269e+01,-2.760450196319544247e+00
2.157945867128326700e+00,-1.597944133396959732e+00,2.629690679791287788e+00,-3.462324296813650903e+01,-2.756314123321026877e+00
2.167579554035150124e+00,-1.603429751893914457e+00,2.627414417076505249e+00,-3.459674312640047589e+01,-2.752202549374939355e+00
2.177213240941972661e+00,-1.608937313955911552e+00,2.625135239657832464e+00,-3.457005747320014422e+01,-2.748112298796252073e+00
2.186846927848795197e+00,-1.614467141804029060e+00,2.622853065113325943e+00,-3.454319314155802090e+01,-2.744039255411211187e+00
2.196480614755618621e+00,-1.620019821693679418e+00,2.620567825965171238e+00,-3.451613761960690852e+01,-2.739979619016116530e+00
2.206114301662441157e+00,-1.625596094100026701e+00,2.618279483168509891e+00,-3.448886336319985446e+01,-2.735931037834526958e+00
2.215747988569264582e+00,-1.631196699811649165e+00,2.615988030827243183e+00,-3.446133681462941922e+01,-2.731893279591592005e+00
2.225381675476087118e+00,-1.636822228900888243e+00,2.613693490862056823e+00,-3.443352901608606231e+01,-2.727868250071314726e+00
2.235015362382910098e+00,-1.642473017914894085e+00,2.611395899394986841e+00,-3.440542459029340705e+01,-2.723859368436522210e+00
2.244649049289733078e+00,-1.648149125414662075e+00,2.609095289074922608e+00,-3.437702642421123045e+01,-2.719870501887804437e+00
2.254282736196555614e+00,-1.653850391968815448e+00,2.606791672720203401e+00,-3.434835474536783551e+01,-2.715904790310299965e+00
2.263916423103378595e+00,-1.659576565238328749e+00,2.604485033173043362e+00,-3.431944099883025245e+01,-2.711963717075713376e+00
2.273550110010201575e+00,-1.665327451539129644e+00,2.602175322316589323e+00,-3.429031848824918427e+01,-2.708046699714910410e+00
2.283183796917024555e+00,-1.671103047923301776e+00,2.599862469405856746e+00,-3.426101267088916558e+01,-2.704151311276558722e+00
2.292817483823847091e+00,-1.676903615394566005e+00,2.597546396062866414e+00,-3.423153403106005044e+01,-2.700274050996639197e+00
2.302451170730670515e+00,-1.682729672177284197e+00,2.595227033325218535e+00,-3.420187561212942029e+01,-2.696411419923324893e+00
2.312084857637493052e+00,-1.688581910309589595e+00,2.592904335591982523e+00,-3.417201584016465432e+01,-2.692560971407624848e+00
2.321718544544316032e+00,-1.694461061821988856e+00,2.590578287322969686e+00,-3.414192566983645349e+01,-2.688722021563072495e+00
2.331352231451139012e+00,-1.700367755508344070e+00,2.588248900588987933e+00,-3.411157780788936122e+01,-2.684895814009657489e+00
2.340985918357961548e+00,-1.706302407494648232e+00,2.585916204349329561e+00,-3.408095519567261533e+01,-2.681085101727182618e+00
2.350619605264784973e+00,-1.712265177994165555e+00,2.583580228805524737e+00,-3.405005621763871204e+01,-2.677293284882595437e+00
2.360253292171607509e+00,-1.718256006254806900e+00,2.581240989609283609e+00,-3.401889514415146465e+01,-2.673523373945247084e+00
2.369886979078430489e+00,-1.724274712023016187e+00,2.578898476674156282e+00,-3.398749778463930937e+01,-2.669777093858016759e+00
2.379520665985253469e+00,-1.730321132032871745e+00,2.576552650885380213e+00,-3.395589376850946195e+01,-2.666054395303690594e+00
2.389154352892076449e+00,-1.736395249972970234e+00,2.574203449579239411e+00,-3.392410785183496813e+01,-2.662353510465550244e+00
2.398788039798898986e+00,-1.742497280962792772e+00,2.571850799014407496e+00,-3.389215288368401957e+01,-2.658671523851726448e+00
2.408421726705721966e+00,-1.748627685821278366e+00,2.569494629982465028e+00,-3.386002650540164893e+01,-2.655005274841439444e+00
2.418055413612544946e+00,-1.754787111878852279e+00,2.567134891817984155e+00,-3.382771248765103422e+01,-2.651352313395160198e+00
2.427689100519367482e+00,-1.760976279212951523e+00,2.564771560619278468e+00,-3.379518619812178315e+01,-2.647711620851195047e+00
2.437322787426190907e+00,-1.767195847317133861e+00,2.562404639292461095e+00,-3.376242246511165490e+01,-2.644083884728540390e+00
2.446956474333013443e+00,-1.773446302586454859e+00,2.560034149524240910e+00,-3.372940342174909034e+01,-2.640471255032892817e+00
2.456590161239836867e+00,-1.779727900159012055e+00,2.557660118213712863e+00,-3.369612397493369116e+01,-2.636876666905142663e+00
2.466223848146659403e+00,-1.786040676829460105e+00,2.555282562522694256e+00,-3.366259330926231286e+01,-2.633302942900514587e+00
2.475857535053481939e+00,-1.792384530143916077e+00,2.552901478059798279e+00,-3.362883206396197266e+01,-2.629751949649898446e+00
2.485491221960305364e+00,-1.798759338959357024e+00,2.550516833706850672e+00,-3.359486612992877497e+01,-2.626224061039199587e+00
2.495124908867127900e+00,-1.805165088635328541e+00,2.548128574549454850e+00,-3.356071900771421213e+01,-2.622718082094094960e+00
2.504758595773950880e+00,-1.811601963154022554e+00,2.545736631916263093e+00,-3.352640505406021987e+01,-2.619231645800439878e+00
2.514392282680773860e+00,-1.818070376938760502e+00,2.543340937408236968e+00,-3.349192562340634538e+01,-2.615761952884194663e+00
2.524025969587596840e+00,-1.824570937653401170e+00,2.540941436643149309e+00,-3.345726919587601600e+01,-2.612306624744587413e+00
2.533659656494419377e+00,-1.831104352139706126e+00,2.538538098585856329e+00,-3.342241536296135962e+01,-2.608864411085884960e+00
2.543293343401242357e+00,-1.837671304578371023e+00,2.536130917719488398e+00,-3.338734138833451226e+01,-2.605435543199600801e+00
2.552927030308065337e+00,-1.844272343909736378e+00,2.533719908503365481e+00,-3.335202931733542187e+01,-2.602021634794824401e+00
2.562560717214888317e+00,-1.850907814256030903e+00,2.531305093890416025e+00,-3.331647148875862996e+01,-2.598625170236304793e+00
2.572194404121711298e+00,-1.857577848694306200e+00,2.528886491438920192e+00,-3.328067282976061847e+01,-2.595248743070598607e+00
2.581828091028533834e+00,-1.864282427401827924e+00,2.526464101228611980e+00,-3.324464931714051374e+01,-2.591894279107803012e+00
2.591461777935357258e+00,-1.871021481824352684e+00,2.524037899191465151e+00,-3.320842315385830545e+01,-2.588562477677680995e+00
2.601095464842179794e+00,-1.877795012925542295e+00,2.521607837790455164e+00,-3.317201618359093374e+01,-2.585252633806290667e+00
2.610729151749002774e+00,-1.884603187770336197e+00,2.519173853743875924e+00,-3.313544355976160460e+01,-2.581962885956055054e+00
2.620362838655825755e+00,-1.891446385689034226e+00,2.516735880377981349e+00,-3.309870956230327721e+01,-2.578690805281687037e+00
2.629996525562648291e+00,-1.898325180814901536e+00,2.514293860830976168e+00,-3.306180676773617222e+01,-2.575434141915839081e+00
2.639630212469471271e+00,-1.905240267098960327e+00,2.511847758125369090e+00,-3.302471874557617326e+01,-2.572191500962272670e+00
2.649263899376294251e+00,-1.912192349125529933e+00,2.509397559120136734e+00,-3.298742539339473723e+01,-2.568962747072564667e+00
2.658897586283117231e+00,-1.919182032031693241e+00,2.506943271234107762e+00,-3.294990925163267548e+01,-2.565749022324706807e+00
2.668531273189939768e+00,-1.926209743667852692e+00,2.504484913020634362e+00,-3.291216088204633650e+01,-2.562552380642905803e+00
2.678164960096763192e+00,-1.933275712008421632e+00,2.502022501508902153e+00,-3.287418171685452251e+01,-2.559375156989684097e+00
2.687798647003585728e+00,-1.940380003906150730e+00,2.499556040161949433e+00,-3.283598358018900853e+01,-2.556219266557367309e+00
2.697432333910408708e+00,-1.947522612754583271e+00,2.497085511066368113e+00,-3.279758510034587005e+01,-2.553085645827877670e+00
2.707066020817231689e+00,-1.954703568072365449e+00,2.494610873649475646e+00,-3.275900615961549533e+01,-2.549973999981089534e+00
2.716699707724054225e+00,-1.961923033774168434e+00,2.492132070227093266e+00,-3.272026209094308058e+01,-2.546882925451289914e+00
2.726333394630877649e+00,-1.969181365718313481e+00,2.489649036626650602e+00,-3.268135936720442203e+01,-2.543810362359644195e+00
2.735967081537700185e+00,-1.976479111742956984e+00,2.487161714625917064e+00,-3.264229404142050583e+01,-2.540754233734447087e+00
2.745600768444523165e+00,-1.983816954913746766e+00,2.484670062442596361e+00,-3.260305334343055961e+01,-2.537713075739514323e+00
2.755234455351346146e+00,-1.991195617779163429e+00,2.482174060143576000e+00,-3.256361988392305307e+01,-2.534686470237832445e+00
2.764868142258168682e+00,-1.998615756936807708e+00,2.479673708409955157e+00,-3.252397714781119475e+01,-2.531675154435964803e+00
2.774501829164991662e+00,-2.006077879764085026e+00,2.477169021112096914e+00,-3.248411460158943953e+01,-2.528680781896624818e+00
2.784135516071814642e+00,-2.013582308104922891e+00,2.474660014005351627e+00,-3.244403089187639466e+01,-2.525705414303653473e+00
2.793769202978637622e+00,-2.021129199273832722e+00,2.472146692995584871e+00,-3.240373421846613411e+01,-2.522750902371111437e+00
2.803402889885460159e+00,-2.028718617369193566e+00,2.469629045510756793e+00,-3.236323983321598519e+01,-2.519818344018902589e+00
2.813036576792283583e+00,-2.036350632839611929e+00,2.467107037537235925e+00,-3.232256547930327883e+01,-2.516907780527444682e+00
2.822670263699106119e+00,-2.044025420015788352e+00,2.464580617144358943e+00,-3.228172618443250030e+01,-2.514018216372985837e+00
2.832303950605929099e+00,-2.051743323299030752e+00,2.462049723358918030e+00,-3.224072998285105740e+01,-2.511147949479719976e+00
2.841937637512752080e+00,-2.059504872480043325e+00,2.459514297655509107e+00,-3.219957582677827190e+01,-2.508295105946683812e+00
2.851571324419574616e+00,-2.067310743199387346e+00,2.456974294574505002e+00,-3.215825426360800066e+01,-2.505458214494386660e+00
2.861205011326398040e+00,-2.075161675113080140e+00,2.454429688283525479e+00,-3.211675061426572597e+01,-2.502636647698004424e+00
2.870838698233220576e+00,-2.083058372901837263e+00,2.451880473156542894e+00,-3.207504964516447643e+01,-2.499830800811517761e+00
2.880472385140043556e+00,-2.091001420126752386e+00,2.449326658267375834e+00,-3.203314030115147659e+01,-2.497041960426800156e+00
2.890106072046866537e+00,-2.098991231715800154e+00,2.446768257526430901e+00,-3.199101908006306161e+01,-2.494271909185459712e+00
2.899739758953689517e+00,-2.107028058941187609e+00,2.444205278480057864e+00,-3.194869106786827473e+01,-2.491522390847755730e+00
2.909373445860512053e+00,-2.115112044793562962e+00,2.441637713159003908e+00,-3.190616837637486469e+01,-2.488794599125294660e+00
2.919007132767335033e+00,-2.123243312521206239e+00,2.439065533706640920e+00,-3.186346650980492612e+01,-2.486088842902824059e+00
2.928640819674158013e+00,-2.131422060323604484e+00,2.436488694048041026e+00,-3.182059979528193949e+01,-2.483404484167511583e+00
2.938274506580980994e+00,-2.139648633648028930e+00,2.433907137028970880e+00,-3.177757726682930439e+01,-2.480740161087668039e+00
2.947908193487803974e+00,-2.147923553603504399e+00,2.431320804814704140e+00,-3.173440022502278879e+01,-2.478094223028433074e+00
2.957541880394626510e+00,-2.156247493454958697e+00,2.428729649382948885e+00,-3.169106216520158981e+01,-2.475465242528213761e+00
2.967175567301449934e+00,-2.164621210873208579e+00,2.426133639952837484e+00,-3.164755104283504394e+01,-2.472852449274616227e+00
2.976809254208272471e+00,-2.173045456842257028e+00,2.423532765149516433e+00,-3.160385314604540952e+01,-2.470255957915661771e+00
2.986442941115095007e+00,-2.181520888913484946e+00,2.420927029312615275e+00,-3.155995738046562593e+01,-2.467676726076355465e+00
2.996076628021918431e+00,-2.190048014878603233e+00,2.418316444125547804e+00,-3.151585867447163736e+01,-2.465116261117772378e+00
3.005710314928740967e+00,-2.198627183489889170e+00,2.415701018137343503e+00,-3.147155950467359631e+01,-2.462576169008726445e+00
3.015344001835563947e+00,-2.207258624516304391e+00,2.413080747354326761e+00,-3.142706912668520758e+01,-2.460057683904827819e+00
3.024977688742386928e+00,-2.215942525554307263e+00,2.410455609721942061e+00,-3.138240079276000927e+01,-2.457561319717596060e+00
3.034611375649209908e+00,-2.224679122091872241e+00,2.407825565115587541e+00,-3.133756783440352933e+01,-2.455086745246055191e+00
3.044245062556032444e+00,-2.233468773593444201e+00,2.405190560783998510e+00,-3.129257980795080130e+01,-2.452632915217487053e+00
3.053878749462855424e+00,-2.242312002876669652e+00,2.402550540548735292e+00,-3.124743985503657839e+01,-2.450198412274123161e+00
3.063512436369678404e+00,-2.251209487343461380e+00,2.399905454951539951e+00,-3.120214404037107414e+01,-2.447781892865967368e+00
3.073146123276501385e+00,-2.260162005238510741e+00,2.397255269286434398e+00,-3.115668282075968420e+01,-2.445382501351367033e+00
3.082779810183324365e+00,-2.269170353606856594e+00,2.394599967122844397e+00,-3.111104415858089567e+01,-2.443000129147093080e+00
3.092413497090146901e+00,-2.278235262959401375e+00,2.391939548308414487e+00,-3.106521731194577640e+01,-2.440635444839523771e+00
3.102047183996970325e+00,-2.287357334380102358e+00,2.389274022112032991e+00,-3.101919615268590391e+01,-2.438289691314692309e+00
3.111680870903792862e+00,-2.296537017782867451e+00,2.386603397622899081e+00,-3.097298102989528346e+01,-2.435964315762940924e+00
3.121314557810615398e+00,-2.305774637447557396e+00,2.383927674324847423e+00,-3.092657865373263704e+01,-2.433660546975195071e+00
3.130948244717438822e+00,-2.315070456673749444e+00,2.381246835681755769e+00,-3.088000007838598293e+01,-2.431379047578083430e+00
3.140581931624261358e+00,-2.324424761706159082e+00,2.378560847634244801e+00,-3.083325743015594611e+01,-2.429119743567866863e+00
3.150215618531084338e+00,-2.333837939493072611e+00,2.375869662410341032e+00,-3.078636038744137693e+01,-2.426881878151561089e+00
3.159849305437907319e+00,-2.343310525958391732e+00,2.373173226449620365e+00,-3.073931347078968201e+01,-2.424664268760174490e+00
3.169482992344730299e+00,-2.352843210580858990e+00,2.370471490015000793e+00,-3.069211493504790056e+01,-2.422465685842572380e+00
3.179116679251553279e+00,-2.362436796367331393e+00,2.367764415583410109e+00,-3.064475755899501053e+01,-2.420285237489768093e+00
3.188750366158376259e+00,-2.372092127738965051e+00,2.365051982503726169e+00,-3.059723105421661415e+01,-2.418122644794351572e+00
3.198384053065198795e+00,-2.381810008377390542e+00,2.362334186559168270e+00,-3.054952533728388175e+01,-2.415978328061007652e+00
3.208017739972021776e+00,-2.391591133876167508e+00,2.359611034618410486e+00,-3.050163366797850628e+01,-2.413853282284827984e+00
3.217651426878844756e+00,-2.401436059338077467e+00,2.356882536035734610e+00,-3.045355471835253525e+01,-2.411748783790886197e+00
3.227285113785667292e+00,-2.411345211341378914e+00,2.354148693422136951e+00,-3.040529297778248008e+01,-2.409666019488293731e+00
3.236918800692490716e+00,-2.421318940253891494e+00,2.351409495572527319e+00,-3.035685741000025217e+01,-2.407605751301175268e+00
3.246552487599313253e+00,-2.431357596772727003e+00,2.348664914657738745e+00,-3.030825880264848848e+01,-2.405568115301446319e+00
3.256186174506136233e+00,-2.441461609437058033e+00,2.345914908486016692e+00,-3.025950663084511305e+01,-2.403552612557608992e+00
3.265819861412959213e+00,-2.451631539797222370e+00,2.343159427105308446e+00,-3.021060638288842171e+01,-2.401558290130260342e+00
3.275453548319781749e+00,-2.461868098874792299e+00,2.340398421718660860e+00,-3.016155813669955421e+01,-2.399584053876119505e+00
3.285087235226604729e+00,-2.472172120355595304e+00,2.337631853208724131e+00,-3.011235678424854001e+01,-2.397629016674799995e+00
3.294720922133427710e+00,-2.482544499021770878e+00,2.334859697711212156e+00,-3.006299380018386813e+01,-2.395692777280082453e+00
3.304354609040250690e+00,-2.492986113306943530e+00,2.332081947589857318e+00,-3.001345999208916737e+01,-2.393775548052463620e+00
3.313988295947073670e+00,-2.503497755455601936e+00,2.329298607564991741e+00,-2.996374838911778227e+01,-2.391878096775180929e+00
3.323621982853896650e+00,-2.514080090255496280e+00,2.326509687208586197e+00,-2.991385640308626748e+01,-2.390001524060257232e+00
3.333255669760719186e+00,-2.524733654515542547e+00,2.323715192100491489e+00,-2.986378663264693145e+01,-2.388146946493669542e+00
3.342889356667542167e+00,-2.535458897086168673e+00,2.320915116321828897e+00,-2.981354610058693311e+01,-2.386315182272669144e+00
3.352523043574365147e+00,-2.546256247022109065e+00,2.318109438534041278e+00,-2.976314418714126830e+01,-2.384506533178949894e+00
3.362156730481187683e+00,-2.557126189135319194e+00,2.315298122792224245e+00,-2.971258990581673842e+01,-2.382720725841145804e+00
3.371790417388011107e+00,-2.568069324155338506e+00,2.312481123806163552e+00,-2.966188934995219029e+01,-2.380957026246713681e+00
3.381424104294833644e+00,-2.579086395556729805e+00,2.309658395026873645e+00,-2.961104406850427040e+01,-2.379214489425144130e+00
3.391057791201656624e+00,-2.590178275308654410e+00,2.306829897101212890e+00,-2.956005083505804976e+01,-2.377492266743198357e+00
3.400691478108479604e+00,-2.601345913233210183e+00,2.303995604148944665e+00,-2.950890284787217155e+01,-2.375789877808427875e+00
3.410325165015302140e+00,-2.612590265566628212e+00,2.301155505995084560e+00,-2.945759197092229087e+01,-2.374107366620608950e+00
3.419958851922125120e+00,-2.623912224434304719e+00,2.298309605724419669e+00,-2.940611132395631699e+01,-2.372445297942221476e+00
3.429592538828948101e+00,-2.635312569479685951e+00,2.295457913338384337e+00,-2.935445744077928509e+01,-2.370804598523514883e+00
3.439226225735771081e+00,-2.646791956030961401e+00,2.292600437460283747e+00,-2.930263136120190381e+01,-2.369186294025287687e+00
3.448859912642594061e+00,-2.658350943066948524e+00,2.289737177604797225e+00,-2.925063835454410821e+01,-2.367591222487475555e+00
3.458493599549417041e+00,-2.669990052240254208e+00,2.286868119335579763e+00,-2.919848638785525452e+01,-2.366019810384300648e+00
3.468127286456239577e+00,-2.681709839948061447e+00,2.283993233745344575e+00,-2.914618382414413489e+01,-2.364471976689733079e+00
3.477760973363063002e+00,-2.693510960673806576e+00,2.281112481379687917e+00,-2.909373705471061555e+01,-2.362947190698588606e+00
3.487394660269885538e+00,-2.705394202639856971e+00,2.278225819387850404e+00,-2.904114877337149636e+01,-2.361444662896877045e+00
3.497028347176708074e+00,-2.717360485307500628e+00,2.275333209723325201e+00,-2.898841739290250885e+01,-2.359963608964195991e+00
3.506662034083531498e+00,-2.729410819831008972e+00,2.272434625920219275e+00,-2.893553775213988644e+01,-2.358503506538362160e+00
3.516295720990354035e+00,-2.741546244709467395e+00,2.269530056421165565e+00,-2.888250287404419225e+01,-2.357064268337275337e+00
3.525929407897177015e+00,-2.753767756238190589e+00,2.266619503487539156e+00,-2.882930622704755308e+01,-2.355646281880816151e+00
3.535563094803999995e+00,-2.766076254759411768e+00,2.263702978060254445e+00,-2.877594380414936381e+01,-2.354250306942599735e+00
3.545196781710822975e+00,-2.778472522780703446e+00,2.260780492154693899e+00,-2.872241540384953851e+01,-2.352877264486965103e+00
3.554830468617645955e+00,-2.790957241306494918e+00,2.257852051102022806e+00,-2.866872474880835853e+01,-2.351527982457642274e+00
3.564464155524468492e+00,-2.803531039178016826e+00,2.254917647976001138e+00,-2.861487843293197386e+01,-2.350202975188728782e+00
3.574097842431291472e+00,-2.816194560329304153e+00,2.251977261867511793e+00,-2.856088403718256785e+01,-2.348902321452483122e+00
3.583731529338114452e+00,-2.828948528602004409e+00,2.249030860497688078e+00,-2.850674799456648856e+01,-2.347625675277529300e+00
3.593365216244937432e+00,-2.841793790663665220e+00,2.246078406351237788e+00,-2.845247384634651411e+01,-2.346372403319761268e+00
3.602998903151759968e+00,-2.854731324321515995e+00,2.243119864459235835e+00,-2.839806140036182569e+01,-2.345141804996414336e+00
3.612632590058583393e+00,-2.867762210038466542e+00,2.240155209479715914e+00,-2.834350702199149197e+01,-2.343933347927712241e+00
3.622266276965405929e+00,-2.880887574546982854e+00,2.237184429954746534e+00,-2.828880494567980719e+01,-2.342746848193185460e+00
3.631899963872228465e+00,-2.894108523779572728e+00,2.234207528489329242e+00,-2.823394919344395149e+01,-2.341582542933538846e+00
3.641533650779051889e+00,-2.907426085411135563e+00,2.231224517834495824e+00,-2.817893551522348972e+01,-2.340441036075676440e+00
3.651167337685874426e+00,-2.920841178255453308e+00,2.228235414089439814e+00,-2.812376277251178180e+01,-2.339323136190148311e+00
3.660801024592697406e+00,-2.934354617542870969e+00,2.225240229094712419e+00,-2.806843336554648971e+01,-2.338229637205503586e+00
3.670434711499520386e+00,-2.947967154240998422e+00,2.222238964315702336e+00,-2.801295259830586559e+01,-2.337161108591811587e+00
3.680068398406343366e+00,-2.961679536353125641e+00,2.219231608049378579e+00,-2.795732719442442615e+01,-2.336117757301696685e+00
3.689702085313166346e+00,-2.975492573611340674e+00,2.216218136773435710e+00,-2.790156342525424904e+01,-2.335099400969301797e+00
3.699335772219988883e+00,-2.989407186103311798e+00,2.213198520204535669e+00,-2.784566541632915460e+01,-2.334105557833903166e+00
3.708969459126811863e+00,-3.003424422354428636e+00,2.210172728519962160e+00,-2.778963413248333580e+01,-2.333135623975270079e+00
3.718603146033634843e+00,-3.017545441686118046e+00,2.207140739558038245e+00,-2.773346732847768692e+01,-2.332189083125051798e+00
3.728236832940457823e+00,-3.031771466457244379e+00,2.204102543835690042e+00,-2.767716045811120651e+01,-2.331265685863265880e+00
3.737870519847280359e+00,-3.046103718813592209e+00,2.201058145894558393e+00,-2.762070824968699156e+01,-2.330365545547870010e+00
3.747504206754103784e+00,-3.060543361121196959e+00,2.198007561602755455e+00,-2.756410646395377384e+01,-2.329489124293246061e+00
3.757137893660926320e+00,-3.075091458009196366e+00,2.194950812258854356e+00,-2.750735330720367244e+01,-2.328637115639873301e+00
3.766771580567749300e+00,-3.089748971314847825e+00,2.191887917300483934e+00,-2.745045008670901865e+01,-2.327810261160115690e+00
3.776405267474572280e+00,-3.104516789243665809e+00,2.188818887826550874e+00,-2.739340093052076597e+01,-2.327009157071833201e+00
3.786038954381394817e+00,-3.119395780756097913e+00,2.185743722881392959e+00,-2.733621167618103343e+01,-2.326234108638001175e+00
3.795672641288218241e+00,-3.134386858669043097e+00,2.182662409604403830e+00,-2.727888827787967330e+01,-2.325485074596655544e+00
3.805306328195040777e+00,-3.149491032457747419e+00,2.179574927178141941e+00,-2.722143521691718249e+01,-2.324761716113701748e+00
3.814940015101863757e+00,-3.164709434977477365e+00,2.176481253365961877e+00,-2.716385438829152932e+01,-2.324063533325845476e+00
3.824573702008686737e+00,-3.180043315280948857e+00,2.173381371659991679e+00,-2.710614478383293857e+01,-2.323390046875694281e+00
3.834207388915509718e+00,-3.195493999960587583e+00,2.170275276890736738e+00,-2.704830304814721842e+01,-2.322740969431082991e+00
3.843841075822332254e+00,-3.211062834895272999e+00,2.167162977627467679e+00,-2.699032472237333735e+01,-2.322116316406892977e+00
3.853474762729155234e+00,-3.226751125092594652e+00,2.164044494675571251e+00,-2.693220579043207863e+01,-2.321516424333695205e+00
3.863108449635978214e+00,-3.242560090768606074e+00,2.160919856155892660e+00,-2.687394406119540591e+01,-2.320941873491052299e+00
3.872742136542800750e+00,-3.258490852799020843e+00,2.157789090675968247e+00,-2.681553997932599032e+01,-2.320393339967887769e+00
3.882375823449624175e+00,-3.274544451752570140e+00,2.154652220666828377e+00,-2.675699663663833405e+01,-2.319871422730087840e+00
3.892009510356446711e+00,-3.290721894588354068e+00,2.151509257895394711e+00,-2.669831899873838310e+01,-2.319376497674100701e+00
3.901643197263269691e+00,-3.307024214818705676e+00,2.148360202494887350e+00,-2.663951259468218424e+01,-2.318908641439101359e+00
3.911276884170092671e+00,-3.323452527983042248e+00,2.145205045788787679e+00,-2.658058207137021611e+01,-2.318467646036588725e+00
3.920910571076915208e+00,-3.340008065808165227e+00,2.142043776041339775e+00,-2.652153004540762282e+01,-2.318053117883001946e+00
3.930544257983738632e+00,-3.356692178949147731e+00,2.138876385393205126e+00,-2.646235658687071890e+01,-2.317664629888031236e+00
3.940177944890561168e+00,-3.373506307719656316e+00,2.135702875895915120e+00,-2.640305947404750953e+01,-2.317301880205521414e+00
3.949811631797384148e+00,-3.390451929851388435e+00,2.132523262843381673e+00,-2.634363512603251678e+01,-2.316964810332239999e+00
3.959445318704207128e+00,-3.407530501172780113e+00,2.129337574423272095e+00,-2.628407992082739497e+01,-2.316653648390537334e+00
3.969079005611030109e+00,-3.424743407125459438e+00,2.126145847824182589e+00,-2.622439149872214159e+01,-2.316368866429067808e+00
3.978712692517852645e+00,-3.442091939665302025e+00,2.122948122999669174e+00,-2.616456966417810648e+01,-2.316111066369352045e+00
3.988346379424676069e+00,-3.459577306369876482e+00,2.119744435987565012e+00,-2.610461662747539435e+01,-2.315880830089947384e+00
3.997980066331498605e+00,-3.477200668846962550e+00,2.116534813805132309e+00,-2.604453652939181652e+01,-2.315678578985391312e+00
4.007613753238321586e+00,-3.494963198744969191e+00,2.113319272454575071e+00,-2.598433440642658709e+01,-2.315504484488568604e+00
4.017247440145144566e+00,-3.512866134443787480e+00,2.110097818628931421e+00,-2.592401491661989965e+01,-2.315358454960978474e+00
4.026881127051967546e+00,-3.530910821401614275e+00,2.106870454592304931e+00,-2.586358120976126429e+01,-2.315240201098139661e+00
4.036514813958790526e+00,-3.549098724149297723e+00,2.103637184757145118e+00,-2.580303427410872175e+01,-2.315149358640995914e+00
4.046148500865612618e+00,-3.567431406519922632e+00,2.100398021979918539e+00,-2.574237294269940080e+01,-2.315085630662658378e+00
4.055782187772436487e+00,-3.585910486272924746e+00,2.097152991693002733e+00,-2.568159454240788975e+01,-2.315048906754611835e+00
4.065415874679258579e+00,-3.604537577934933790e+00,2.093902132652351700e+00,-2.562069597857471592e+01,-2.315039324265543819e+00
4.075049561586081559e+00,-3.623314241142911563e+00,2.090645494105364044e+00,-2.555967492350763948e+01,-2.315057254734045333e+00
4.084683248492904539e+00,-3.642241950021562591e+00,2.087383130261051711e+00,-2.549853075388871204e+01,-2.315103221236518127e+00
4.094316935399727519e+00,-3.661322092714173415e+00,2.084115093750979586e+00,-2.543726496470819143e+01,-2.315177772740202311e+00
4.103950622306550500e+00,-3.680556001068423733e+00,2.080841430063665065e+00,-2.537588094888091916e+01,-2.315281353713199319e+00
4.113584309213373480e+00,-3.699945001411153456e+00,2.077562174631658820e+00,-2.531438322243175776e+01,-2.315414207775714051e+00
4.123217996120196460e+00,-3.719490471054937686e+00,2.074277353443987781e+00,-2.525277633777610475e+01,-2.315576343188847197e+00
4.132851683027019440e+00,-3.739193883538182828e+00,2.070986986992182199e+00,-2.519106381455561561e+01,-2.315767568997582071e+00
4.142485369933841532e+00,-3.759056829078710305e+00,2.067691096357067604e+00,-2.512924740470143092e+01,-2.315987589490303478e+00
4.152119056840664513e+00,-3.779081004243983521e+00,2.064389709606455625e+00,-2.506732690201984326e+01,-2.316236127631693620e+00
4.161752743747487493e+00,-3.799268174127130582e+00,2.061082866590194129e+00,-2.500530054035179006e+01,-2.316513040211592322e+00
4.171386430654310473e+00,-3.819620118566109390e+00,2.057770620711078191e+00,-2.494316584889669031e+01,-2.316818390762263036e+00
4.181020117561133453e+00,-3.840138578680974746e+00,2.054453037166839025e+00,-2.488092070080553952e+01,-2.317152459590026581e+00
4.190653804467956434e+00,-3.860825219824495669e+00,2.051130188222167305e+00,-2.481856423990154781e+01,-2.317515689377020127e+00
4.200287491374779414e+00,-3.881681622025858314e+00,2.047802146960061798e+00,-2.475609741371039263e+01,-2.317908583939230827e+00
4.209921178281601506e+00,-3.902709300685585525e+00,2.044468981411949215e+00,-2.469352296387871704e+01,-2.318331591207168696e+00
4.219554865188425374e+00,-3.923909751171432259e+00,2.041130750843167085e+00,-2.463084488927483662e+01,-2.318785005458484427e+00
4.229188552095247466e+00,-3.945284503809348919e+00,2.037787505314034853e+00,-2.456806755296261002e+01,-2.319268917321777757e+00
4.238822239002071335e+00,-3.966835172702483980e+00,2.034439288646990640e+00,-2.450519470580035630e+01,-2.319783225260896309e+00
4.248455925908893427e+00,-3.988563483743450711e+00,2.031086143905979302e+00,-2.444222871781809303e+01,-2.320327703721884571e+00
4.258089612815716407e+00,-4.010471273506974299e+00,2.027728119743492208e+00,-2.437917024027325041e+01,-2.320902106455582370e+00
4.267723299722539387e+00,-4.032560459500762029e+00,2.024365275717673995e+00,-2.431601838862325948e+01,-2.321506273608993087e+00
4.277356986629362368e+00,-4.054832990858817432e+00,2.020997685000389676e+00,-2.425277138035517055e+01,-2.322140210785840431e+00
4.286990673536185348e+00,-4.077290794398715335e+00,2.017625433688774450e+00,-2.418942742847814742e+01,-2.322804117305422356e+00
4.296624360443008328e+00,-4.099935732290443724e+00,2.014248616957546645e+00,-2.412598562037468497e+01,-2.323498356449687829e+00
4.306258047349830420e+00,-4.122769584022034195e+00,2.010867333238230081e+00,-2.406244652224060587e+01,-2.324223377825936687e+00
4.315891734256653400e+00,-4.145794057988133829e+00,2.007481678199747321e+00,-2.399881233653238866e+01,-2.324979615913902897e+00
4.325525421163477269e+00,-4.169010829099224047e+00,2.004091740357320184e+00,-2.393508657611043944e+01,-2.325767395361586498e+00
4.335159108070300249e+00,-4.192421591001417980e+00,2.000697599639893909e+00,-2.387127336263798583e+01,-2.326586870892637826e+00
4.344792794977122341e+00,-4.216028107150216364e+00,1.997299329351873043e+00,-2.380737656549700887e+01,-2.327438018802893360e+00
4.354426481883945321e+00,-4.239832245387593623e+00,1.993897000943277042e+00,-2.374339903966554743e+01,-2.328320681368229117e+00
4.364060168790768302e+00,-4.263835985689287789e+00,1.990490690160877207e+00,-2.367934218574855976e+01,-2.329234649804233115e+00
4.373693855697590394e+00,-4.288041398851902386e+00,1.987080482743685650e+00,-2.361520595491862551e+01,-2.330179760348757068e+00
4.383327542604414262e+00,-4.312450602630420349e+00,1.983666477970435382e+00,-2.355098928712781969e+01,-2.331155974745107606e+00
4.392961229511237242e+00,-4.337065708588096591e+00,1.980248789018994593e+00,-2.348669084311503141e+01,-2.332163421678038695e+00
4.402594916418060222e+00,-4.361888775660947459e+00,1.976827540060040356e+00,-2.342230980708363219e+01,-2.333202387798686051e+00
4.412228603324882314e+00,-4.386921784360876764e+00,1.973402860989439844e+00,-2.335784652116434401e+01,-2.334273262139292093e+00
4.421862290231705295e+00,-4.412166639286448699e+00,1.969974881410618606e+00,-2.329330276800299160e+01,-2.335376451410059673e+00
4.431495977138529163e+00,-4.437625199073695015e+00,1.966543725698290501e+00,-2.322868162605959697e+01,-2.336512291874799807e+00
4.441129664045351255e+00,-4.463299324672461488e+00,1.963109510644023947e+00,-2.316398695024132337e+01,-2.337680983920093158e+00
4.450763350952174235e+00,-4.489190931354275271e+00,1.959672346403462440e+00,-2.309922264000169889e+01,-2.338882568122033767e+00
4.460397037858997216e+00,-4.515302028781402299e+00,1.956232340470698050e+00,-2.303439191608358172e+01,-2.340116948917107198e+00
4.470030724765820196e+00,-4.541634737102010710e+00,1.952789603496731141e+00,-2.296949681940324339e+01,-2.341383957778486735e+00
4.479664411672642288e+00,-4.568191274276686364e+00,1.949344255218738997e+00,-2.290453807501016215e+01,-2.342683436317574142e+00
4.489298098579466156e+00,-4.594973918499290377e+00,1.945896428739222417e+00,-2.283951535292989021e+01,-2.344015314299283670e+00
4.498931785486289137e+00,-4.621984957045933484e+00,1.942446271895614363e+00,-2.277442783976479390e+01,-2.345379659639474923e+00
4.508565472393111229e+00,-4.649226636928442957e+00,1.938993945339371638e+00,-2.270927494515771272e+01,-2.346776686254884225e+00
4.518199159299934209e+00,-4.676701132139976735e+00,1.935539617933926593e+00,-2.264405693146052556e+01,-2.348206718405577043e+00
4.527832846206757189e+00,-4.704410537249108515e+00,1.932083460885306136e+00,-2.257877528250075727e+01,-2.349670123046019299e+00
4.537466533113581058e+00,-4.732356889151458468e+00,1.928625642396655460e+00,-2.251343270860719770e+01,-2.351167230879363856e+00
4.547100220020403150e+00,-4.760542210316577538e+00,1.925166324476145219e+00,-2.244803279480150238e+01,-2.352698269666025688e+00
4.556733906927226130e+00,-4.788968560421674958e+00,1.921705662876816767e+00,-2.238257940422077397e+01,-2.354263329175758201e+00
4.566367593834049110e+00,-4.817638080771229347e+00,1.918243810203637212e+00,-2.231707601846974498e+01,-2.355862367385006095e+00
4.576001280740871202e+00,-4.846553018102604860e+00,1.914780921271454828e+00,-2.225152521099520442e+01,-2.357495255129230749e+00
4.585634967647694182e+00,-4.875715720599867353e+00,1.911317159123525400e+00,-2.218592840578530812e+01,-2.359161845140465896e+00
4.595268654554518051e+00,-4.905128607301818988e+00,1.907852699925629558e+00,-2.212028598601068552e+01,-2.360862044534085324e+00
4.604902341461341031e+00,-4.934794120079716073e+00,1.904387735292863537e+00,-2.205459771252799683e+01,-2.362595869275993632e+00
4.614536028368163123e+00,-4.964714672575269994e+00,1.900922471381097267e+00,-2.198886332172240188e+01,-2.364363464971050544e+00
4.624169715274986103e+00,-4.994892611370158164e+00,1.897457125049077042e+00,-2.192308312229894085e+01,-2.366165088605021616e+00
4.633803402181809084e+00,-5.025330200949079895e+00,1.893991918277323938e+00,-2.185725841510432943e+01,-2.368001057508109852e+00
4.643437089088632064e+00,-5.056029636841592456e+00,1.890527072552087962e+00,-2.179139161629069932e+01,-2.369871681326651380e+00
4.653070775995455044e+00,-5.086993082847049763e+00,1.887062804930551119e+00,-2.172548605434533542e+01,-2.371777197433619033e+00
4.662704462902278024e+00,-5.118222721010406318e+00,1.883599326995772483e+00,-2.165954550831721548e+01,-2.373717728722329667e+00
4.672338149809101004e+00,-5.149720799196565224e+00,1.880136847039860060e+00,-2.159357362927920576e+01,-2.375693275692526196e+00
4.681971836715923097e+00,-5.181489661849399297e+00,1.876675574843500671e+00,-2.152757341817566328e+01,-2.377703744357593685e+00
4.691605523622746077e+00,-5.213531754589160627e+00,1.873215727640839212e+00,-2.146154691257770253e+01,-2.379749000913313317e+00
4.701239210529569945e+00,-5.245849601171332921e+00,1.869757535504598778e+00,-2.139549516979945665e+01,-2.381828936435868904e+00
4.710872897436392925e+00,-5.278445759632565348e+00,1.866301244563004724e+00,-2.132941854452366925e+01,-2.383943522310363328e+00
4.720506584343215017e+00,-5.311322770691445427e+00,1.862847117113838102e+00,-2.126331717240305608e+01,-2.386092840266613724e+00
4.730140271250037998e+00,-5.344483113780179373e+00,1.859395428634842862e+00,-2.119719151249856282e+01,-2.388277078747595539e+00
4.739773958156860978e+00,-5.377929183769220245e+00,1.855946462622872550e+00,-2.113104278748474485e+01,-2.390496497438772572e+00
4.749407645063683070e+00,-5.411663295209789837e+00,1.852500504846369189e+00,-2.106487319436080696e+01,-2.392751371117385784e+00
4.759041331970506938e+00,-5.445687712636168243e+00,1.849057838771246409e+00,-2.099868582889376967e+01,-2.395041929810694192e+00
4.768675018877329919e+00,-5.480004697630757704e+00,1.845618743566763698e+00,-2.093248435258580642e+01,-2.397368312946188240e+00
4.778308705784152899e+00,-5.514616558313758077e+00,1.842183495322038844e+00,-2.086627250606172268e+01,-2.399730550650325256e+00
4.787942392690974991e+00,-5.549525686189592300e+00,1.838752371138763442e+00,-2.080005361555570431e+01,-2.402128577059827297e+00
4.797576079597797971e+00,-5.584734569080166189e+00,1.835325654901518666e+00,-2.073383023781051548e+01,-2.404562270979296201e+00
4.807209766504621840e+00,-5.620245776058617970e+00,1.831903643023376826e+00,-2.066760404462687362e+01,-2.407031511283299174e+00
4.816843453411443932e+00,-5.656061918706852154e+00,1.828486648472414933e+00,-2.060137597548128241e+01,-2.409536230415998403e+00
4.826477140318266912e+00,-5.692185600129495704e+00,1.825075001901953486e+00,-2.053514660714737872e+01,-2.412076450284890150e+00
4.836110827225089892e+00,-5.728619366829748039e+00,1.821669049578231281e+00,-2.046891662662795142e+01,-2.414652290383336286e+00
4.845744514131912872e+00,-5.765365677685982959e+00,1.818269148762278187e+00,-2.040268726594685589e+01,-2.417263946374819561e+00
4.855378201038734964e+00,-5.802426899121240211e+00,1.814875661968523568e+00,-2.033646057181221067e+01,-2.419911646095545876e+00
4.865011887945558833e+00,-5.839805327676939051e+00,1.811488951861166097e+00,-2.027023943461716016e+01,-2.422595596409425234e+00
4.874645574852381813e+00,-5.877503232954014223e+00,1.808109378358613295e+00,-2.020402737370985946e+01,-2.425315936728790867e+00
4.884279261759203905e+00,-5.915522907746693981e+00,1.804737298853480443e+00,-2.013782814755479222e+01,-2.428072712691259127e+00
4.893912948666026885e+00,-5.953866710013107522e+00,1.801373071519664970e+00,-2.007164530727233753e+01,-2.430865877250142582e+00
4.903546635572849866e+00,-5.992537083759117422e+00,1.798017060749864005e+00,-2.000548182594268809e+01,-2.433695318215529646e+00
4.913180322479673734e+00,-6.031536552231207438e+00,1.794669643125585523e+00,-1.993933991075451573e+01,-2.436560903536505229e+00
4.922814009386495826e+00,-6.070867685124512469e+00,1.791331212160100383e+00,-1.987322104891619290e+01,-2.439462530605637447e+00
4.932447696293318806e+00,-6.110533049318092047e+00,1.788002180422024967e+00,-1.980712626843718738e+01,-2.442400165001218149e+00
4.942081383200141786e+00,-6.150535157603965075e+00,1.784682978433435485e+00,-1.974105653223599788e+01,-2.445373857518440719e+00
4.951715070106963879e+00,-6.190876430488162718e+00,1.781374050705825107e+00,-1.967501314675921620e+01,-2.448383734969514336e+00
4.961348757013786859e+00,-6.231559182220061999e+00,1.778075850138753911e+00,-1.960899806475437401e+01,-2.451429968035628626e+00
4.970982443920610727e+00,-6.272585634923953712e+00,1.774788832500466818e+00,-1.954301399565587261e+01,-2.454512726113653454e+00
4.980616130827433707e+00,-6.313957956247699954e+00,1.771513452688058932e+00,-1.947706429547824314e+01,-2.457632132689457460e+00
4.990249817734255799e+00,-6.355678308847848790e+00,1.768250163932482133e+00,-1.941115267344808970e+01,-2.460788234305407496e+00
4.999883504641078780e+00,-6.397748896434589660e+00,1.764999420229939497e+00,-1.934528280551399249e+01,-2.463980991902186446e+00
5.009517191547901760e+00,-6.440171992090965247e+00,1.761761681311078798e+00,-1.927945797012031548e+01,-2.467210296551051840e+00
5.019150878454724740e+00,-6.482949939870149336e+00,1.758537418694233079e+00,-1.921368081245502779e+01,-2.470476004393481695e+00
5.028784565361547720e+00,-6.526085128681561542e+00,1.755327121039405247e+00,-1.914795330327622480e+01,-2.473777980091834028e+00
5.038418252268370701e+00,-6.569579945799484122e+00,1.752131297225761219e+00,-1.908227689986122755e+01,-2.477116135843947298e+00
5.048051939175193681e+00,-6.613436723464584333e+00,1.748950476256420306e+00,-1.901665285719657916e+01,-2.480490454610563500e+00
5.057685626082015773e+00,-6.657657694148467087e+00,1.745785204046720551e+00,-1.895108259466930534e+01,-2.483900991090469912e+00
5.067319312988838753e+00,-6.702244967471879811e+00,1.742636038090154216e+00,-1.888556800940540370e+01,-2.487347850647074310e+00
5.076952999895662622e+00,-6.747200535271099753e+00,1.739503541637646755e+00,-1.882011164550698368e+01,-2.490831152846860963e+00
5.086586686802484714e+00,-6.792526302837531560e+00,1.736388279177023763e+00,-1.875471667272060472e+01,-2.494350990627956399e+00
5.096220373709307694e+00,-6.838224136453565194e+00,1.733290814613367647e+00,-1.868938668495347244e+01,-2.497907397147190345e+00
5.105854060616130674e+00,-6.884295912392516037e+00,1.730211712741972940e+00,-1.862412538158572062e+01,-2.501500329831285896e+00
5.115487747522953654e+00,-6.930743552043077571e+00,1.727151543615811802e+00,-1.855893622742090443e+01,-2.505129675902825870e+00
5.125121434429776635e+00,-6.977569031925932919e+00,1.724110888535882680e+00,-1.849382219119216941e+01,-2.508795277266378854e+00
5.134755121336599615e+00,-7.024774364874213362e+00,1.721090345898979690e+00,-1.842878563727129304e+01,-2.512496967020068972e+00
5.144388808243422595e+00,-7.072361557303129764e+00,1.718090535173150579e+00,-1.836382839868475259e+01,-2.516234606630192161e+00
5.154022495150244687e+00,-7.120332554698406646e+00,1.715112097827815374e+00,-1.829895200583420234e+01,-2.520008112860672611e+00
5.163656182057067667e+00,-7.168689191033025487e+00,1.712155694957641749e+00,-1.823415800032499590e+01,-2.523817466794070707e+00
5.173289868963890648e+00,-7.217433156685130413e+00,1.709222002333658619e+00,-1.816944823998952430e+01,-2.527662702694374541e+00
5.182923555870714516e+00,-7.266565993898753462e+00,1.706311704392829753e+00,-1.810482510587905836e+01,-2.531543880410981551e+00
5.192557242777536608e+00,-7.316089120549335689e+00,1.703425489003123294e+00,-1.804029155268105455e+01,-2.535461049755637575e+00
5.202190929684359588e+00,-7.366003874428928455e+00,1.700564044615029857e+00,-1.797585099113396012e+01,-2.539414217443114907e+00
5.211824616591182568e+00,-7.416311564023317260e+00,1.697728060697797359e+00,-1.791150704040301633e+01,-2.543403326198955927e+00
5.221458303498005549e+00,-7.467013509707660646e+00,1.694918231371863149e+00,-1.784726322555393452e+01,-2.547428251864197968e+00
5.231091990404827641e+00,-7.518111062074335216e+00,1.692135261183774997e+00,-1.778312270962420882e+01,-2.551488818934356306e+00
5.240725677311651509e+00,-7.569605590913274895e+00,1.689379871317316706e+00,-1.771908813766784618e+01,-2.555584829571423633e+00
5.250359364218474489e+00,-7.621498447159615885e+00,1.686652804392804406e+00,-1.765516163568410590e+01,-2.559716097301084403e+00
5.259993051125296581e+00,-7.673790908268318667e+00,1.683954826421124817e+00,-1.759134496111404644e+01,-2.563882475434928754e+00
5.269626738032119562e+00,-7.726484122510571595e+00,1.681286725328108966e+00,-1.752763975736923285e+01,-2.568083872021526215e+00
5.279260424938942542e+00,-7.779579068077685733e+00,1.678649306494912397e+00,-1.746404783551685469e+01,-2.572320247249117564e+00
5.288894111845766410e+00,-7.833076538479519790e+00,1.676043386661640211e+00,-1.740057140001729863e+01,-2.576591594440495125e+00
5.298527798752588502e+00,-7.886977157833642060e+00,1.673469788041916262e+00,-1.733721315359472825e+01,-2.580897910548782370e+00
5.308161485659411483e+00,-7.941281420616835618e+00,1.670929334442122549e+00,-1.727397625306066686e+01,-2.585239164998984318e+00
5.317795172566234463e+00,-7.995989743006544082e+00,1.668422850583304085e+00,-1.721086413206031551e+01,-2.589615276007889655e+00
5.327428859473056555e+00,-8.051102509332405788e+00,1.665951164862507827e+00,-1.714788024521409326e+01,-2.594026101129719208e+00
5.337062546379879535e+00,-8.106620098500743055e+00,1.663515114751140445e+00,-1.708502780986908931e+01,-2.598471444472983727e+00
5.346696233286703404e+00,-8.162542881176868548e+00,1.661115553223878827e+00,-1.702230962068775710e+01,-2.602951078114209782e+00
5.356329920193526384e+00,-8.218871187255013311e+00,1.658753354286979897e+00,-1.695972798938198878e+01,-2.607464771145862059e+00
5.365963607100348476e+00,-8.275605252094349495e+00,1.656429415931073734e+00,-1.689728482422911782e+01,-2.612012317713069631e+00
5.375597294007171456e+00,-8.332745156451419888e+00,1.654144659597353906e+00,-1.683498182289847733e+01,-2.616593555879268784e+00
5.385230980913994436e+00,-8.390290777027233915e+00,1.651900026290757273e+00,-1.677282071963907484e+01,-2.621208372015811694e+00
5.394864667820817417e+00,-8.448241761437293107e+00,1.649696470485694455e+00,-1.671080351330885350e+01,-2.625856689749924922e+00
5.404498354727640397e+00,-8.506597534105395653e+00,1.647534953643302158e+00,-1.664893260991725299e+01,-2.630538447031015359e+00
5.414132041634463377e+00,-8.565357330251249124e+00,1.645416439287776145e+00,-1.658721083972794474e+01,-2.635253568263578039e+00
5.423765728541286357e+00,-8.624520246592291883e+00,1.643341891129969534e+00,-1.652564134641616889e+01,-2.640001939743060522e+00
5.433399415448108449e+00,-8.684085292201897843e+00,1.641312274813037320e+00,-1.646422738313307832e+01,-2.644783395489664901e+00
5.443033102354931430e+00,-8.744051422753106095e+00,1.639328562759816643e+00,-1.640297207671130053e+01,-2.649597717390539842e+00
5.452666789261755298e+00,-8.804417546237131020e+00,1.637391740654568384e+00,-1.634187822920467070e+01,-2.654444649306177961e+00
5.462300476168577390e+00,-8.865182496751843999e+00,1.635502813580282488e+00,-1.628094821357736066e+01,-2.659323920735357838e+00
5.471934163075400370e+00,-8.926344982567599118e+00,1.633662809915698899e+00,-1.622018399169780878e+01,-2.664235272943552779e+00
5.481567849982223350e+00,-8.987903522495876985e+00,1.631872781753712864e+00,-1.615958724655322243e+01,-2.669178479895475853e+00
5.491201536889046331e+00,-9.049856388228064930e+00,1.630133801641173497e+00,-1.609915958750129761e+01,-2.674153358011252202e+00
5.500835223795869311e+00,-9.112201568634986870e+00,1.628446956548422087e+00,-1.603890276698448858e+01,-2.679159762149945667e+00
5.510468910702692291e+00,-9.174936765480355305e+00,1.626813340820202791e+00,-1.597881884511055439e+01,-2.684197569291586039e+00
5.520102597609515271e+00,-9.238059420535986277e+00,1.625234050179873879e+00,-1.591891025504238044e+01,-2.689266654940538182e+00
5.529736284516337363e+00,-9.301566764532900322e+00,1.623710178553823935e+00,-1.585917975202569252e+01,-2.694366869286286548e+00
5.539369971423160344e+00,-9.365455871635003149e+00,1.622242818638939932e+00,-1.579963026312777252e+01,-2.699498020079479588e+00
5.549003658329983324e+00,-9.429723701255369406e+00,1.620833066003151579e+00,-1.574026468330343143e+01,-2.704659867079349134e+00
5.558637345236807192e+00,-9.494367112665919706e+00,1.619482025428137906e+00,-1.568108567806240927e+01,-2.709852129458440118e+00
5.568271032143629284e+00,-9.559382845935889605e+00,1.618190817502585421e+00,-1.562209554981946091e+01,-2.715074503751169654e+00
5.577904719050452265e+00,-9.624767472868407836e+00,1.616960583370647075e+00,-1.556329620527685975e+01,-2.720326686916277659e+00
5.587538405957275245e+00,-9.690517330732257406e+00,1.615792486071466305e+00,-1.550468923101199437e+01,-2.725608397710261421e+00
5.597172092864097337e+00,-9.756628456927277426e+00,1.614687707917411341e+00,-1.544627605281803184e+01,-2.730919390203519814e+00
5.606805779770920317e+00,-9.823096542610262105e+00,1.613647444549141330e+00,-1.538805813049802751e+01,-2.736259455685967179e+00
5.616439466677744186e+00,-9.889916917717499700e+00,1.612672897315073239e+00,-1.533003713051156858e+01,-2.741628412664569581e+00
5.626073153584567166e+00,-9.957084570385729805e+00,1.611765266142426212e+00,-1.527221502651365803e+01,-2.747026088125089416e+00
5.635706840491389258e+00,-1.002459419331901458e+01,1.610925744933031645e+00,-1.521459409983284772e+01,-2.752452295705395624e+00
5.645340527398212238e+00,-1.009244024134158835e+01,1.610155520762641235e+00,-1.515717684160960133e+01,-2.757906817209464734e+00
5.654974214305035218e+00,-1.016061698077025888e+01,1.609455777009427102e+00,-1.509996578687301394e+01,-2.763389392787922283e+00
5.664607901211858199e+00,-1.022911851348787593e+01,1.608827699331975891e+00,-1.504296332999787644e+01,-2.768899722482736525e+00
5.674241588118681179e+00,-1.029793876609154601e+01,1.608272482525447744e+00,-1.498617157538390821e+01,-2.774437478476041719e+00
5.683875275025504159e+00,-1.036707144500777034e+01,1.607791335982324599e+00,-1.492959226586450860e+01,-2.780002324286613202e+00
5.693508961932327139e+00,-1.043650996884701954e+01,1.607385485870691078e+00,-1.487322680790368423e+01,-2.785593935216153838e+00
5.703142648839149231e+00,-1.050624739634608318e+01,1.607056173109374431e+00,-1.481707638413723060e+01,-2.791212014101026817e+00
5.712776335745972212e+00,-1.057627636981876940e+01,1.606804647478310422e+00,-1.476114211863816550e+01,-2.796856297909956268e+00
5.722410022652796080e+00,-1.064658908955272665e+01,1.606632159374014490e+00,-1.470542524567702181e+01,-2.802526553477839411e+00
5.732043709559618172e+00,-1.071717732534044565e+01,1.606539951445483672e+00,-1.464992723272998276e+01,-2.808222563856021203e+00
5.741677396466441152e+00,-1.078803246007542249e+01,1.606529252397767893e+00,-1.459464982276967682e+01,-2.813944109455212228e+00
5.751311083373264132e+00,-1.085914555049067864e+01,1.606601274603931095e+00,-1.453959498501820846e+01,-2.819690949586101780e+00
5.760944770280087113e+00,-1.093050738469604610e+01,1.606757216009031985e+00,-1.448476479014166785e+01,-2.825462809775716178e+00
5.770578457186910093e+00,-1.100210851690030189e+01,1.606998265488746025e+00,-1.443016124748835693e+01,-2.831259378453995001e+00
5.780212144093733073e+00,-1.107393926644970605e+01,1.607325609741740990e+00,-1.437578615224941814e+01,-2.837080313814100307e+00
5.789845831000556053e+00,-1.114598967909476990e+01,1.607740439283932288e+00,-1.432164098659799656e+01,-2.842925258681563871e+00
5.799479517907379034e+00,-1.121824945997480683e+01,1.608243951338570898e+00,-1.426772690233431184e+01,-2.848793858946302215e+00
5.809113204814201126e+00,-1.129070789664923069e+01,1.608837348320441230e+00,-1.421404478837786201e+01,-2.854685780165482356e+00
5.818746891721024106e+00,-1.136335379386131095e+01,1.609521831927992697e+00,-1.416059540177101717e+01,-2.860600717581922137e+00
5.828380578627847974e+00,-1.143617543848414009e+01,1.610298594187076437e+00,-1.410737952285528252e+01,-2.866538396806105560e+00
5.838014265534670066e+00,-1.150916060416697029e+01,1.611168807726552243e+00,-1.405439808904080756e+01,-2.872498565172088458e+00
5.847647952441493047e+00,-1.158229659322558902e+01,1.612133617816418063e+00,-1.400165226868875301e+01,-2.878480976482837406e+00
5.857281639348316027e+00,-1.165557030193308208e+01,1.613194138176159642e+00,-1.394914345474573203e+01,-2.884485373725683477e+00
5.866915326255139007e+00,-1.172896828807249037e+01,1.614351451413551075e+00,-1.389687318144131822e+01,-2.890511474839315476e+00
5.876549013161961987e+00,-1.180247681871147591e+01,1.615606613525110813e+00,-1.384484298961377391e+01,-2.896558965631509164e+00
5.886182700068784968e+00,-1.187608188203077120e+01,1.616960660613620204e+00,-1.379305428064249739e+01,-2.902627501795141729e+00
5.895816386975607948e+00,-1.194976915797919581e+01,1.618414615250188593e+00,-1.374150820151396069e+01,-2.908716719295241226e+00
5.905450073882430040e+00,-1.202352395525603868e+01,1.619969489960795928e+00,-1.369020559372198953e+01,-2.914826249987016560e+00
5.915083760789253020e+00,-1.209733113274528371e+01,1.621626286146308882e+00,-1.363914701958860398e+01,-2.920955737867990898e+00
5.924717447696076000e+00,-1.217117502874448220e+01,1.623385988107442168e+00,-1.358833285690347559e+01,-2.927104851270164954e+00
5.934351134602899869e+00,-1.224503941944868046e+01,1.625249553331253205e+00,-1.353776343315801611e+01,-2.933273287562774723e+00
5.943984821509721961e+00,-1.231890751963693376e+01,1.627217901347364881e+00,-1.348743915971890317e+01,-2.939460769170537446e+00
5.953618508416544941e+00,-1.239276202588216336e+01,1.629291903920291329e+00,-1.343736062704707912e+01,-2.945667032250989692e+00
5.963252195323367921e+00,-1.246658518969588236e+01,1.631472378956298597e+00,-1.338752863408202742e+01,-2.951891811476615946e+00
5.972885882230190013e+00,-1.254035889880753984e+01,1.633760089375363878e+00,-1.333794414448772514e+01,-2.958134825432392923e+00
5.982519569137012994e+00,-1.261406474216856566e+01,1.636155746667558697e+00,-1.328860818378590736e+01,-2.964395766878152205e+00
5.992153256043836862e+00,-1.268768403917979803e+01,1.638660017385030310e+00,-1.323952170827610431e+01,-2.970674300638018739e+00
6.001786942950659842e+00,-1.276119782467181807e+01,1.641273529871001280e+00,-1.319068548425729581e+01,-2.976970069619494286e+00
6.011420629857481934e+00,-1.283458679501069888e+01,1.643996878398193084e+00,-1.314210001238983949e+01,-2.983282707100909370e+00
6.021054316764304914e+00,-1.290783123311697267e+01,1.646830622634427144e+00,-1.309376551834074576e+01,-2.989611851644097040e+00
6.030688003671127895e+00,-1.298091093730587886e+01,1.649775281756597156e+00,-1.304568201128761729e+01,-2.995957160294233201e+00
6.040321690577950875e+00,-1.305380517838700172e+01,1.652831324171944116e+00,-1.299784939218584690e+01,-3.002318316302146961e+00
6.049955377484773855e+00,-1.312649270142357061e+01,1.655999155173694781e+00,-1.295026757962414798e+01,-3.008695029257122400e+00
6.059589064391596835e+00,-1.319895177530982622e+01,1.659279105528352005e+00,-1.290293661657754143e+01,-3.015087027752648030e+00
6.069222751298419816e+00,-1.327116027890661343e+01,1.662671423744316979e+00,-1.285585672755064301e+01,-3.021494046866852745e+00
6.078856438205241908e+00,-1.334309580133394846e+01,1.666176273668428243e+00,-1.280902831050712898e+01,-3.027915814200022204e+00
6.088490125112064888e+00,-1.341473572967248629e+01,1.669793737426708002e+00,-1.276245186713735080e+01,-3.034352038563489007e+00
6.098123812018888756e+00,-1.348605730123611579e+01,1.673523822066631306e+00,-1.271612789280797173e+01,-3.040802404575066564e+00
6.107757498925710848e+00,-1.355703760866583352e+01,1.677366467086163437e+00,-1.267005675884226790e+01,-3.047266574649849957e+00
6.117391185832533829e+00,-1.362765356102604741e+01,1.681321549722805786e+00,-1.262423862144119013e+01,-3.053744197708830654e+00
6.127024872739356809e+00,-1.369788181827198237e+01,1.685388885535422876e+00,-1.257867338326214224e+01,-3.060234921994915425e+00
6.136658559646179789e+00,-1.376769872546660167e+01,1.689568223253287371e+00,-1.253336071799548357e+01,-3.066738408241536096e+00
6.146292246553002769e+00,-1.383708027406096974e+01,1.693859234654295998e+00,-1.248830014987974302e+01,-3.073254339400326884e+00
6.155925933459825750e+00,-1.390600210998956499e+01,1.698261501815663488e+00,-1.244349116434156421e+01,-3.079782424193542756e+00
6.165559620366648730e+00,-1.397443959449032036e+01,1.702774504959089885e+00,-1.239893331734587889e+01,-3.086322393588981861e+00
6.175193307273470822e+00,-1.404236790765730447e+01,1.707397614002671649e+00,-1.235462631196108418e+01,-3.092873991357378394e+00
6.184826994180293802e+00,-1.410976217170400204e+01,1.712130085852211048e+00,-1.231057002065648831e+01,-3.099436961564363990e+00
6.194460681087116782e+00,-1.417659756487391576e+01,1.716971067737041778e+00,-1.226676444790792075e+01,-3.106011036688212545e+00
6.204094367993940651e+00,-1.424284939988144494e+01,1.721919605050102886e+00,-1.222320964504784158e+01,-3.112595929812252304e+00
6.213728054900762743e+00,-1.430849315191654014e+01,1.726974650764421249e+00,-1.217990560291847935e+01,-3.119191333105167274e+00
6.223361741807585723e+00,-1.437350443723772919e+01,1.732135073010095283e+00,-1.213685215389386052e+01,-3.125796922947045697e+00
6.232995428714408703e+00,-1.443785895927137730e+01,1.737399657974182610e+00,-1.209404891161866402e+01,-3.132412370130556845e+00
6.242629115621230795e+00,-1.450153244994568702e+01,1.742767106765763296e+00,-1.205149526545024763e+01,-3.139037352123562830e+00
6.252262802528054664e+00,-1.456450063624516744e+01,1.748236026819591116e+00,-1.200919043050086898e+01,3.137513743348550932e+00
6.261896489434877644e+00,-1.462673925483555237e+01,1.753804920194868222e+00,-1.196713353808691593e+01,3.130870583395357620e+00
6.271530176341700624e+00,-1.468822412317555148e+01,1.759472172199159079e+00,-1.192532373995033801e+01,3.124218733124130676e+00
6.281163863248522716e+00,-1.474893125822364759e+01,1.765236043783335651e+00,-1.188376029605628759e+01,3.117558433142241459e+00
6.290797550155345697e+00,-1.480883701905585070e+01,1.771094670091303058e+00,-1.184244262099505463e+01,3.110889917182721565e+00
6.300431237062168677e+00,-1.486791824211624480e+01,1.777046065726293644e+00,-1.180137027637660374e+01,3.104213423673742867e+00
6.310064923968992545e+00,-1.492615233991370793e+01,1.783088135275330277e+00,-1.176054291241957372e+01,3.097529205053618728e+00
6.319698610875814637e+00,-1.498351734522817402e+01,1.789218686047744811e+00,-1.171996017657886213e+01,3.090837532157786782e+00
6.329332297782637617e+00,-1.503999189988208940e+01,1.795435439336844574e+00,-1.167962161631459495e+01,3.084138692470599796e+00
6.338965984689460598e+00,-1.509555520459139366e+01,1.801736037021883563e+00,-1.163952660438811648e+01,3.077432982827525088e+00
6.348599671596282690e+00,-1.515018695884136335e+01,1.808118041845380386e+00,-1.159967430812990585e+01,3.070720698749553002e+00
6.358233358503106558e+00,-1.520386732315287581e+01,1.814578931762591552e+00,-1.156006371109067388e+01,3.064002123533055677e+00
6.367867045409929538e+00,-1.525657692931963361e+01,1.821116090722726844e+00,-1.152069368021853002e+01,3.057277520243030455e+00
6.377500732316752519e+00,-1.530829694922014816e+01,1.827726799484328701e+00,-1.148156305864632643e+01,3.050547128872231450e+00
6.387134419223574611e+00,-1.535900921425962196e+01,1.834408230189481070e+00,-1.144267075706346048e+01,3.043811169402565575e+00
6.396768106130397591e+00,-1.540869636118749497e+01,1.841157447370491695e+00,-1.140401581745156179e+01,3.037069849788665454e+00
6.406401793037220571e+00,-1.545734197113416286e+01,1.847971416156311886e+00,-1.136559743133421563e+01,3.030323376475465125e+00
6.416035479944043551e+00,-1.550493067011096571e+01,1.854847016275453120e+00,-1.132741490809819851e+01,3.023571964364140108e+00
6.425669166850866532e+00,-1.555144817058949158e+01,1.861781058699492508e+00,-1.128946760344073752e+01,3.016815843345172610e+00
6.435302853757689512e+00,-1.559688125163575201e+01,1.868770300993686462e+00,-1.125175482938008109e+01,3.010055259551345674e+00
6.444936540664512492e+00,-1.564121769384908944e+01,1.875811457893560519e+00,-1.121427577229159134e+01,3.003290471036556220e+00
6.454570227571334584e+00,-1.568444619912457583e+01,1.882901205177483828e+00,-1.117702944273794863e+01,2.996521739202332668e+00
6.464203914478157564e+00,-1.572655632962689154e+01,1.890036177074835733e+00,-1.114001467133831014e+01,2.989749318505130482e+00
6.473837601384981433e+00,-1.576753849386952133e+01,1.897212959557137868e+00,-1.110323015141442227e+01,2.982973447439748238e+00
6.483471288291803525e+00,-1.580738399239643499e+01,1.904428083238344671e+00,-1.106667451561938798e+01,2.976194343384506169e+00
6.493104975198626505e+00,-1.584608511605821590e+01,1.911678019818169316e+00,-1.103034642410610999e+01,2.969412202742621965e+00
6.502738662105449485e+00,-1.588363527239703465e+01,1.918959184963317188e+00,-1.099424463876103708e+01,2.962627206264272228e+00
6.512372349012272466e+00,-1.592002910574785446e+01,1.926267948554372555e+00,-1.095836806239987382e+01,2.955839527938316724e+00
6.522006035919095446e+00,-1.595526257751908439e+01,1.933600650945316080e+00,-1.092271573223234604e+01,2.949049344832894715e+00
6.531639722825918426e+00,-1.598933298454250540e+01,1.940953622007010937e+00,-1.088728677026366753e+01,2.942256845025235545e+00
6.541273409732741406e+00,-1.602223891184401339e+01,1.948323198850337779e+00,-1.085208030571191173e+01,2.935462231351724238e+00
6.550907096639563498e+00,-1.605398013589454820e+01,1.955705738532241611e+00,-1.081709539240957518e+01,2.928665719947827206e+00
6.560540783546386479e+00,-1.608455750914078664e+01,1.963097623616792964e+00,-1.078233094530583358e+01,2.921867534067470462e+00
6.570174470453209459e+00,-1.611397286170676679e+01,1.970495260704084206e+00,-1.074778571434952568e+01,2.915067895030117207e+00
6.579808157360033327e+00,-1.614222894995087998e+01,1.977895074247620233e+00,-1.071345830298983870e+01,2.908267012950700448e+00
6.589441844266855419e+00,-1.616932946597293608e+01,1.985293499458146815e+00,-1.067934722553932048e+01,2.901465079936787372e+00
6.599075531173678399e+00,-1.619527910208345389e+01,1.992686978369260453e+00,-1.064545098648024890e+01,2.894662267690471413e+00
6.608709218080501380e+00,-1.622008364600391062e+01,2.000071962125514524e+00,-1.061176815866264000e+01,2.887858730155093312e+00
6.618342904987323472e+00,-1.624375007193310694e+01,2.007444920563630220e+00,-1.057829743794845889e+01,2.881054610380816783e+00
6.627976591894147340e+00,-1.626628659297698221e+01,2.014802357817155887e+00,-1.054503765894225076e+01,2.874250049573961796e+00
6.637610278800970320e+00,-1.628770265171535314e+01,2.022140830722907623e+00,-1.051198776788573319e+01,2.867445195689038329e+00
6.647243965707793301e+00,-1.630800884434001574e+01,2.029456965860964690e+00,-1.047914676122448085e+01,2.860640209087250696e+00
6.656877652614615393e+00,-1.632721679397362635e+01,2.036747471419793953e+00,-1.044651360817415764e+01,2.853835263663772714e+00
6.666511339521438373e+00,-1.634533900411059193e+01,2.044009141633108317e+00,-1.041408718001691547e+01,2.847030543175748107e+00
6.676145026428261353e+00,-1.636238872877226314e+01,2.051238853797018091e+00,-1.038186620663839577e+01,2.840226233894132868e+00
6.685778713335084333e+00,-1.637837989015510942e+01,2.058433560132506557e+00,-1.034984927269365151e+01,2.833422515752349380e+00
6.695412400241907314e+00,-1.639332705909998111e+01,2.065590278299378912e+00,-1.031803485418335598e+01,2.826619554574087978e+00
6.705046087148730294e+00,-1.640724549349410211e+01,2.072706084708157093e+00,-1.028642138452520172e+01,2.819817497620652702e+00
6.714679774055553274e+00,-1.642015121110017262e+01,2.079778113810289319e+00,-1.025500733079984883e+01,2.813016473712653731e+00
6.724313460962375366e+00,-1.643206106215046702e+01,2.086803564579627679e+00,-1.022379125812789979e+01,2.806216597843846916e+00
6.733947147869199235e+00,-1.644299276684829891e+01,2.093779713050250457e+00,-1.019277186381533085e+01,2.799417978906957316e+00
6.743580834776022215e+00,-1.645296489373401627e+01,2.100703927786600644e+00,-1.016194797185278098e+01,2.792620728267119379e+00
6.753214521682844307e+00,-1.646199677327562583e+01,2.107573684157039828e+00,-1.013131848992376582e+01,2.785824966698990046e+00
6.762848208589667287e+00,-1.647010836123861566e+01,2.114386573575457895e+00,-1.010088234189387535e+01,2.779030827704688456e+00
6.772481895496490267e+00,-1.647732008202381948e+01,2.121140305372866131e+00,-1.007063839569906527e+01,2.772238456298569798e+00
6.782115582403313248e+00,-1.648365268834013264e+01,2.127832701188984821e+00,-1.004058540766143892e+01,2.765448003666224341e+00
6.791749269310136228e+00,-1.648912716838612269e+01,2.134461684031871975e+00,-1.001072199927836692e+01,2.758659619294212550e+00
6.801382956216959208e+00,-1.649376471681529210e+01,2.141025265733479621e+00,-9.981046672962142097e+00,2.751873442881639154e+00
6.811016643123782188e+00,-1.649758676585679495e+01,2.147521536938329589e+00,-9.951557861868245425e+00,2.745089598383243512e+00
6.820650330030604280e+00,-1.650061505430944919e+01,2.153948662877502418e+00,-9.922253999137859992e+00,2.738308191892321553e+00
6.830284016937427261e+00,-1.650287170055707264e+01,2.160304886283765935e+00,-9.893133586414933234e+00,2.731529313943111603e+00
6.839917703844250241e+00,-1.650437924485605379e+01,2.166588536494013173e+00,-9.864195241915201251e+00,2.724753045527685824e+00
6.849551390751074109e+00,-1.650516063615155105e+01,2.172798041787087797e+00,-9.835437714441905399e+00,2.717979466055021831e+00
6.859185077657896201e+00,-1.650523915640263439e+01,2.178931940942263612e+00,-9.806859859733338070e+00,2.711208660936173853e+00
6.868818764564719181e+00,-1.650463829525557458e+01,2.184988890203765521e+00,-9.778460586461726223e+00,2.704440726611227586e+00
6.878452451471542162e+00,-1.650338160368089291e+01,2.190967663230765972e+00,-9.750238787909164984e+00,2.697675771596099281e+00
6.888086138378365142e+00,-1.650149256197275704e+01,2.196867143758580276e+00,-9.722193279329303550e+00,2.690913913293327298e+00
6.897719825285188122e+00,-1.649899449323341116e+01,2.202686312920947298e+00,-9.694322759157531166e+00,2.684155271539508725e+00
6.907353512192011102e+00,-1.649591053952223163e+01,2.208424234791191765e+00,-9.666625805150127704e+00,2.677399960797028466e+00
6.916987199098834083e+00,-1.649226369864596364e+01,2.214080044194047581e+00,-9.639100906313075257e+00,2.670648083271625950e+00
6.926620886005656175e+00,-1.648807690111400959e+01,2.219652940072783132e+00,-9.611746521111960817e+00,2.663899724947398795e+00
6.936254572912479155e+00,-1.648337309482419499e+01,2.225142185915117921e+00,-9.584561144935143773e+00,2.657154955667391683e+00
6.945888259819302135e+00,-1.647817530325616886e+01,2.230547116507048067e+00,-9.557543367263049205e+00,2.650413833206104020e+00
6.955521946726126004e+00,-1.647250663181920771e+01,2.235867148294570672e+00,-9.530691902157867545e+00,2.643676410125107790e+00
6.965155633632948096e+00,-1.646639021369602673e+01,2.241101789506085851e+00,-9.504005583562726400e+00,2.636942741408423441e+00
6.974789320539771076e+00,-1.645984910579634786e+01,2.246250646267530460e+00,-9.477483327165433735e+00,2.630212890667036341e+00
6.984423007446594056e+00,-1.645290616127680750e+01,2.251313422194518132e+00,-9.451124070245445097e+00,2.623486933136459864e+00
6.994056694353416148e+00,-1.644558391259823793e+01,2.256289910973738877e+00,-9.424926707192989639e+00,2.616764954636028317e+00
7.003690381260240017e+00,-1.643790449600568593e+01,2.261179983613839539e+00,-9.398890039482139969e+00,2.610047046835529905e+00
7.013324068167062997e+00,-1.642988963566461535e+01,2.265983573680606877e+00,-9.373012754524513213e+00,2.603333300241147175e+00
7.022957755073885977e+00,-1.642156068746326270e+01,2.270700664429128324e+00,-9.347293439336951337e+00,2.596623796960759734e+00
7.032591441980708069e+00,-1.641293872438484769e+01,2.275331281129254091e+00,-9.321730624819306144e+00,2.589918605354604608e+00
7.042225128887531049e+00,-1.640404463297285531e+01,2.279875490250260039e+00,-9.296322847606516504e+00,2.583217778112911311e+00
7.051858815794354030e+00,-1.639489918754446052e+01,2.284333405038495801e+00,-9.271068711478166691e+00,2.576521354296192445e+00
7.061492502701177010e+00,-1.638552307626810745e+01,2.288705195051756736e+00,-9.245966930588370047e+00,2.569829364721260223e+00
7.071126189607999990e+00,-1.637593686861728770e+01,2.292991096014183938e+00,-9.221016342193706805e+00,2.563141839111868325e+00
7.080759876514822970e+00,-1.636616093222371404e+01,2.297191416290567112e+00,-9.196215885496275888e+00,2.556458812934727653e+00
7.090393563421645950e+00,-1.635621532302891623e+01,2.301306537359726789e+00,-9.171564553064495584e+00,2.549780331949980550e+00
7.100027250328468043e+00,-1.634611968099159185e+01,2.305336907550247894e+00,-9.147061329186570333e+00,2.543106453183665572e+00
7.109660937235291911e+00,-1.633589316192734131e+01,2.309283030399492453e+00,-9.122705133180991410e+00,2.536437242077123955e+00
7.119294624142114891e+00,-1.632555442493696063e+01,2.313145450659575886e+00,-9.098494784105481514e+00,2.529772766678275886e+00
7.128928311048936983e+00,-1.631512167782835121e+01,2.316924741691821943e+00,-9.074428996971343864e+00,2.523113090590198837e+00
7.138561997955759963e+00,-1.630461276526122560e+01,2.320621497550569678e+00,-9.050506411357011061e+00,2.516458266739110883e+00
7.148195684862582944e+00,-1.629404527149758053e+01,2.324236331602967720e+00,-9.026725643914055297e+00,2.509808333770234601e+00
7.157829371769405924e+00,-1.628343660554530459e+01,2.327769881519894390e+00,-9.003085349396846127e+00,2.503163316104143110e+00
7.167463058676228904e+00,-1.627280404232793387e+01,2.331222818528380980e+00,-8.979584272492020958e+00,2.496523227616975316e+00
7.177096745583051884e+00,-1.626216470742049935e+01,2.334595857536211128e+00,-8.956221275524891112e+00,2.489888077857367765e+00
7.186730432489874865e+00,-1.625153551051478473e+01,2.337889764513015667e+00,-8.932995334226159656e+00,2.483257878985486222e+00
7.196364119396696957e+00,-1.624093304866429577e+01,2.341105358400533021e+00,-8.909905503062079291e+00,2.476632651423590570e+00
7.205997806303519937e+00,-1.623037350963701186e+01,2.344243506545246269e+00,-8.886950860446651390e+00,2.470012426596057686e+00
7.215631493210342917e+00,-1.621987260557424193e+01,2.347305114663688741e+00,-8.864130449913229626e+00,2.463397245992807072e+00
7.225265180117166786e+00,-1.620944555773138873e+01,2.350291114041921148e+00,-8.841443234377816651e+00,2.456787156862041410e+00
7.234898867023988878e+00,-1.619910713733092322e+01,2.353202449518842165e+00,-8.818888076704897827e+00,2.450182205813817404e+00
7.244532553930811858e+00,-1.618887175037532344e+01,2.356040071554388771e+00,-8.796463752061709940e+00,2.443582432212938027e+00
7.254166240837634838e+00,-1.617875354093652618e+01,2.358804934423111899e+00,-8.774168988284408499e+00,2.436987863287608747e+00
7.263799927744456930e+00,-1.616876648201876421e+01,2.361498000695666732e+00,-8.752002522377189564e+00,2.430398512369053687e+00
7.273433614651280799e+00,-1.615892442718848798e+01,2.364120250256768418e+00,-8.729963156664682700e+00,2.423814380759024001e+00
7.283067301558103779e+00,-1.614924110844676619e+01,2.366672690745034391e+00,-8.708049798329707158e+00,2.417235462665892953e+00
7.292700988464926759e+00,-1.613973008246041019e+01,2.369156365902050254e+00,-8.686261470999379952e+00,2.410661751763181648e+00
7.302334675371748851e+00,-1.613040464313166567e+01,2.371572358999471053e+00,-8.664597295230361595e+00,2.404093247463082506e+00
7.311968362278571831e+00,-1.612127772871951237e+01,2.373921790057197612e+00,-8.643056443792021426e+00,2.397529959092888685e+00
7.321602049185394812e+00,-1.611236185323231851e+01,2.376205807492880240e+00,-8.621638084922821577e+00,2.390971906782840772e+00
7.331235736092217792e+00,-1.610366908419815246e+01,2.378425576560415422e+00,-8.600341330140723883e+00,2.384419118836406781e+00
7.340869422999040772e+00,-1.609521107458059674e+01,2.380582267917926487e+00,-8.579165201758824466e+00,2.377871626376717895e+00
7.350503109905863752e+00,-1.608699913998415454e+01,2.382677049618810550e+00,-8.558108629438779147e+00,2.371329456848767947e+00
7.360136796812686732e+00,-1.607904435848695712e+01,2.384711084764086664e+00,-8.537170476622872428e+00,2.364792628279290820e+00
7.369770483719508825e+00,-1.607135766365582441e+01,2.386685535320621554e+00,-8.516349589002569331e+00,2.358261145964374528e+00
7.379404170626332693e+00,-1.606394990356419328e+01,2.388601570732682866e+00,-8.495644850828643513e+00,2.351735002539453667e+00
7.389037857533155673e+00,-1.605683184919629625e+01,2.390460378508921124e+00,-8.475055232676094619e+00,2.345214181398079134e+00
7.398671544439977765e+00,-1.605001415119301100e+01,2.392263173391969033e+00,-8.454579816857355823e+00,2.338698662453251309e+00
7.408305231346800745e+00,-1.604350725968650337e+01,2.394011202183965015e+00,-8.434217793252575035e+00,2.332188428560594495e+00
7.417938918253623726e+00,-1.603732133315084241e+01,2.395705742658612358e+00,-8.413968426962634695e+00,2.325683470740279812e+00
7.427572605160446706e+00,-1.603146616538115765e+01,2.397348096818963548e+00,-8.393831007368826036e+00,2.319183790694579361e+00
7.437206292067269686e+00,-1.602595115397957670e+01,2.398939580498066437e+00,-8.373804793529576074e+00,2.312689399912470023e+00
7.446839978974092666e+00,-1.602078532088032148e+01,2.400481512416841046e+00,-8.353888971822613030e+00,2.306200315648627708e+00
7.456473665880915647e+00,-1.601597737945428790e+01,2.401975205972638250e+00,-8.334082638090889006e+00,2.299716554970868021e+00
7.466107352787738627e+00,-1.601153582849632784e+01,2.403421966190035342e+00,-8.314384809358925210e+00,2.293238128624819350e+00
7.475741039694560719e+00,-1.600746904525193059e+01,2.404823092685263397e+00,-8.294794461561970422e+00,2.286765036507992122e+00
7.485374726601384587e+00,-1.600378535003675040e+01,2.406179887663807193e+00,-8.275310582187190178e+00,2.280297266067715878e+00
7.495008413508207568e+00,-1.600049302377294680e+01,2.407493666447438230e+00,-8.255932222450500291e+00,2.273834794080237920e+00
7.504642100415029660e+00,-1.599760027419094399e+01,2.408765767275476755e+00,-8.236658533849656294e+00,2.267377591282715876e+00
7.514275787321852640e+00,-1.599511516209169315e+01,2.409997557370537447e+00,-8.217488778557282103e+00,2.260925628503142271e+00
7.523909474228675620e+00,-1.599304551115644202e+01,2.411190433421404045e+00,-8.198422310779616140e+00,2.254478882504773019e+00
7.533543161135498600e+00,-1.599139882965529225e+01,2.412345816355852435e+00,-8.179458534664906466e+00,2.248037339854009442e+00
7.543176848042321581e+00,-1.599018226859826264e+01,2.413465142026932853e+00,-8.160596851136038055e+00,2.241600997704315645e+00
7.552810534949144561e+00,-1.598940262959251513e+01,2.414549850683507692e+00,-8.141836609179156525e+00,2.235169861291455895e+00
7.562444221855967541e+00,-1.598906642039287185e+01,2.415601378461850413e+00,-8.123177075744399289e+00,2.228743938893036791e+00
7.572077908762789633e+00,-1.598917994153169175e+01,2.416621153512179987e+00,-8.104617432928218790e+00,2.222323235739215530e+00
7.581711595669612613e+00,-1.598974937793852646e+01,2.417610597956375340e+00,-8.086156803125795989e+00,2.215907748659223575e+00
7.591345282576436482e+00,-1.599078086797310405e+01,2.418571135096050373e+00,-8.067794294699456970e+00,2.209497463025490216e+00
7.600978969483259462e+00,-1.599228052922150489e+01,2.419504199696654201e+00,-8.049529054774474446e+00,2.203092352881006910e+00
7.610612656390081554e+00,-1.599425443359814736e+01,2.420411248248289571e+00,-8.031360313762737846e+00,2.196692384204955495e+00
7.620246343296904534e+00,-1.599670853971627693e+01,2.421293766126654035e+00,-8.013287408694774072e+00,2.190297520358483574e+00
7.629880030203727515e+00,-1.599964860342647910e+01,2.422153269537863807e+00,-7.995309778668378442e+00,2.183907728122458813e+00
7.639513717110549607e+00,-1.600308009394747089e+01,2.422991301732838387e+00,-7.977426933868994041e+00,2.177522982574123578e+00
7.649147404017373475e+00,-1.600700814115676351e+01,2.423809424730531514e+00,-7.959638407302801255e+00,2.171143269395662045e+00
7.658781090924196455e+00,-1.601143752996351566e+01,2.424609209159804379e+00,-7.941943703373596009e+00,2.164768583961788728e+00
7.668414777831019435e+00,-1.601637274321342730e+01,2.425392225400884616e+00,-7.924342258288613827e+00,2.158398927494194819e+00
7.678048464737841527e+00,-1.602181803969604346e+01,2.426160038807419816e+00,-7.906833423766127744e+00,2.152034301423488838e+00
7.687682151644664508e+00,-1.602777754307203395e+01,2.426914210543506201e+00,-7.889416478680390199e+00,2.145674701616170132e+00
7.697315838551487488e+00,-1.603425531417685690e+01,2.427656303858353404e+00,-7.872090665122185804e+00,2.139320114156240571e+00
7.706949525458310468e+00,-1.604125538419328478e+01,2.428387893966978517e+00,-7.854855238256345018e+00,2.132970513910955823e+00
7.716583212365133448e+00,-1.604878173806884334e+01,2.429110578612122318e+00,-7.837709515383314951e+00,2.126625866293993639e+00
7.726216899271956429e+00,-1.605683825265089482e+01,2.429825986182346131e+00,-7.820652909904298511e+00,2.120286131706147881e+00
7.735850586178779409e+00,-1.606542860771943637e+01,2.430535779013381248e+00,-7.803684940346330201e+00,2.113951271355792194e+00
7.745484273085601501e+00,-1.607455619624149534e+01,2.431241650973677615e+00,-7.786805211909681113e+00,2.107621252764711350e+00
7.755117959992425369e+00,-1.608422406027950302e+01,2.431945320180718628e+00,-7.770013376015477924e+00,2.101296053363521210e+00
7.764751646899248350e+00,-1.609443487103652259e+01,2.432648519180009572e+00,-7.753309079718851748e+00,2.094975661144032664e+00
7.774385333806070442e+00,-1.610519095794355593e+01,2.433352985691547232e+00,-7.736691919757367586e+00,2.088660072197703776e+00
7.784019020712893422e+00,-1.611649437662785189e+01,2.434060456854338028e+00,-7.720161414593922800e+00,2.082349285877498346e+00
7.793652707619716402e+00,-1.612834699363919455e+01,2.434772668831686637e+00,-7.703717002514930634e+00,2.076043299010216447e+00
7.803286394526539382e+00,-1.614075056059209956e+01,2.435491362004515103e+00,-7.687358066217559127e+00,2.069742100857589584e+00
7.812920081433362363e+00,-1.615370675349708307e+01,2.436218290275044218e+00,-7.671083976595170384e+00,2.063445670299602686e+00
7.822553768340185343e+00,-1.616721716355005967e+01,2.436955231748428208e+00,-7.654894142859704154e+00,2.057153976060035028e+00
7.832187455247008323e+00,-1.618128324033045118e+01,2.437703997637546305e+00,-7.638788054339280542e+00,2.050866979904131249e+00
7.841821142153830415e+00,-1.619590620275005577e+01,2.438466436775095225e+00,-7.622765301769812041e+00,2.044584641871918684e+00
7.851454829060653395e+00,-1.621108694281092255e+01,2.439244434453450072e+00,-7.606825571922652074e+00,2.038306926020463372e+00
7.861088515967477264e+00,-1.622682594930859068e+01,2.440039906039544793e+00,-7.590968617207392022e+00,2.032033805005479810e+00
7.870722202874300244e+00,-1.624312327241442588e+01,2.440854787403255344e+00,-7.575194209180233784e+00,2.025765262177133152e+00
7.880355889781122336e+00,-1.625997853747429289e+01,2.441691025168101437e+00,-7.559502089549691384e+00,2.019501290594611476e+00
7.889989576687945316e+00,-1.627739100120061977e+01,2.442550569845989727e+00,-7.543891932952142554e+00,2.013241889264810958e+00
7.899623263594768297e+00,-1.629535963033135104e+01,2.443435374035759278e+00,-7.528363332285509024e+00,2.006987057719155310e+00
7.909256950501590389e+00,-1.631388317578200287e+01,2.444347396315867282e+00,-7.512915810770047997e+00,2.000736790523452324e+00
7.918890637408414257e+00,-1.633296021648480689e+01,2.445288609716131045e+00,-7.497548857091931751e+00,1.994491073329765829e+00
7.928524324315237237e+00,-1.635258915615455777e+01,2.446261012243913679e+00,-7.482261973261463694e+00,1.988249881623844306e+00
7.938158011222060217e+00,-1.637276817039770549e+01,2.447266636297436015e+00,-7.467054721140634399e+00,1.982013182531183748e+00
7.947791698128882310e+00,-1.639349511657803760e+01,2.448307554120770391e+00,-7.451926754028345812e+00,1.975780939150922677e+00
7.957425385035705290e+00,-1.641476743009261696e+01,2.449385877645673393e+00,-7.436877824095482481e+00,1.969553116150669636e+00
7.967059071942529158e+00,-1.643658203475145640e+01,2.450503752763692145e+00,-7.421907763539494773e+00,1.963329684991321544e+00
7.976692758849352138e+00,-1.645893529054395898e+01,2.451663349760451638e+00,-7.407016445004926730e+00,1.957110627264062153e+00
7.986326445756174230e+00,-1.648182299053000932e+01,2.452866852807304543e+00,-7.392203732850300746e+00,1.950895935177513474e+00
7.995960132662997211e+00,-1.650524040342180854e+01,2.454116451685993905e+00,-7.377469439476863400e+00,1.944685609067902998e+00
8.005593819569821079e+00,-1.652918234424348753e+01,2.455414338231096671e+00,-7.362813299411805623e+00,1.938479652674575782e+00
8.015227506476643171e+00,-1.655364324660971320e+01,2.456762708519898197e+00,-7.348234968614823615e+00,1.932278067573298896e+00
8.024861193383465263e+00,-1.657861720937611594e+01,2.458163770061874587e+00,-7.333734049087982321e+00,1.926080848401447110e+00
8.034494880290289132e+00,-1.660409799795937857e+01,2.459619751682131206e+00,-7.319310131478137471e+00,1.919887980272949157e+00
8.044128567197111224e+00,-1.663007899423266878e+01,2.461132912932414207e+00,-7.304962843126877381e+00,1.913699439137152014e+00
8.053762254103935092e+00,-1.665655310443785808e+01,2.462705549966017315e+00,-7.290691887467004584e+00,1.907515194973614658e+00
8.063395941010757184e+00,-1.668351264727363770e+01,2.464339995852275145e+00,-7.276497063231481377e+00,1.901335216886667068e+00
8.073029627917581053e+00,-1.671094925031288625e+01,2.466038614968550924e+00,-7.262378257869705145e+00,1.895159478611150528e+00
8.082663314824403145e+00,-1.673885378030335147e+01,2.467803792886784198e+00,-7.248335417115479018e+00,1.888987962824670852e+00
8.092297001731225237e+00,-1.676721632246418281e+01,2.469637924523353512e+00,-7.234368499612337189e+00,1.882820663014710849e+00
8.101930688638049105e+00,-1.679602620876494967e+01,2.471543403828321495e+00,-7.220477429842341088e+00,1.876657582366663579e+00
8.111564375544872973e+00,-1.682527207997429741e+01,2.473522617792849321e+00,-7.206662063063324908e+00,1.870498730010645927e+00
8.121198062451695066e+00,-1.685494195565378917e+01,2.475577946197759616e+00,-7.192922172412901105e+00,1.864344115735737439e+00
8.130831749358517158e+00,-1.688502328353580140e+01,2.477711766722630937e+00,-7.179257461831739739e+00,1.858193744725085583e+00
8.140465436265341026e+00,-1.691550294575318958e+01,2.479926463333840037e+00,-7.165667600902123624e+00,1.852047613855051456e+00
8.150099123172163118e+00,-1.694636721239340460e+01,2.482224434794416901e+00,-7.152152271301583930e+00,1.845905710640300512e+00
8.159732810078986986e+00,-1.697760164888465440e+01,2.484608100023259158e+00,-7.138711211201258067e+00,1.839768015130412770e+00
8.169366496985809079e+00,-1.700919099788364619e+01,2.487079897917809923e+00,-7.125344244573127206e+00,1.833634504199865622e+00
8.179000183892632947e+00,-1.704111906425864120e+01,2.489642280877732539e+00,-7.112051286813487749e+00,1.827505156974754463e+00
8.188633870799455039e+00,-1.707336863096788804e+01,2.492297703133213638e+00,-7.098832325034846846e+00,1.821379959810191629e+00
8.198267557706277131e+00,-1.710592142430385465e+01,2.495048606518083023e+00,-7.085687378788244395e+00,1.815258909367390316e+00
8.207901244613100999e+00,-1.713875813191723196e+01,2.497897407059348041e+00,-7.072616452685953625e+00,1.809142012898412366e+00
8.217534931519923092e+00,-1.717185846084622369e+01,2.500846485449517598e+00,-7.059619494734942435e+00,1.803029285665075143e+00
8.227168618426746960e+00,-1.720520121043918849e+01,2.503898183211815009e+00,-7.046696372488660209e+00,1.796920746256609025e+00
8.236802305333569052e+00,-1.723876433041006706e+01,2.507054804540688853e+00,-7.033846873884575857e+00,1.790816411183272727e+00
8.246435992240392920e+00,-1.727252493881143636e+01,2.510318621959763519e+00,-7.021070732398490222e+00,1.784716290331586519e+00
8.256069679147215012e+00,-1.730645928712782933e+01,2.513691882654801368e+00,-7.008367669034019087e+00,1.778620384611073746e+00
8.265703366054038881e+00,-1.734054267622302348e+01,2.517176812011856057e+00,-6.995737438756743032e+00,1.772528686478179294e+00
8.275337052960860973e+00,-1.737474934245205915e+01,2.520775611630821089e+00,-6.983179867709029764e+00,1.766441183179627394e+00
8.284970739867683065e+00,-1.740905234305208893e+01,2.524490450673107844e+00,-6.970694870267795551e+00,1.760357861761991050e+00
8.294604426774506933e+00,-1.744342347087519940e+01,2.528323451356039975e+00,-6.958282440928393875e+00,1.754278714379319482e+00
8.304238113681329025e+00,-1.747783322024930897e+01,2.532276671124996881e+00,-6.945942623374180336e+00,1.748203742346363665e+00
8.313871800588152894e+00,-1.751225081072946921e+01,2.536352084983404698e+00,-6.933675465762254575e+00,1.742132957755072153e+00
8.323505487494974986e+00,-1.754664425832828201e+01,2.540551571339426218e+00,-6.921480975270704938e+00,1.736066382187388513e+00
8.333139174401798854e+00,-1.758098046979705131e+01,2.544876903564562198e+00,-6.909359085142026125e+00,1.730004042907959061e+00
8.342772861308620946e+00,-1.761522532905457439e+01,2.549329747604758278e+00,-6.897309643772850940e+00,1.723945967656994371e+00
8.352406548215443038e+00,-1.764934374801743644e+01,2.553911664008784221e+00,-6.885332428928043313e+00,1.717892179570846611e+00
8.362040235122266907e+00,-1.768329966599433689e+01,2.558624111255160649e+00,-6.873427182796225665e+00,1.711842693717287922e+00
8.371673922029090775e+00,-1.771705599885642712e+01,2.563468446735228667e+00,-6.861593657510666411e+00,1.705797516256703839e+00
8.381307608935912867e+00,-1.775057455613716328e+01,2.568445922359620326e+00,-6.849831657715297339e+00,1.699756646469480881e+00
8.390941295842734959e+00,-1.778381595577346630e+01,2.573557673321830830e+00,-6.838141067645807425e+00,1.693720081050021475e+00
8.400574982749558828e+00,-1.781673956871977538e+01,2.578804700598587463e+00,-6.826521854753377916e+00,1.687687819405014444e+00
8.410208669656380920e+00,-1.784930351826826822e+01,2.584187849660902536e+00,-6.814974048782426408e+00,1.681659868401630842e+00
8.419842356563203012e+00,-1.788146474379592021e+01,2.589707789020855078e+00,-6.803497702404104786e+00,1.675636245175004646e+00
8.429476043470026880e+00,-1.791317912046812921e+01,2.595364992281590233e+00,-6.792092844898382609e+00,1.669616977175027772e+00
8.439109730376850749e+00,-1.794440161080679630e+01,2.601159726268580386e+00,-6.780759442393394565e+00,1.663602099442301752e+00
8.448743417283672841e+00,-1.797508641588503053e+01,2.607092045929106927e+00,-6.769497376226905949e+00,1.657591649914503362e+00
8.458377104190494933e+00,-1.800518709586051713e+01,2.613161794579470509e+00,-6.758306445666601547e+00,1.651585664139786358e+00
8.468010791097318801e+00,-1.803465664109103983e+01,2.619368606414814948e+00,-6.747186394079964344e+00,1.645584170945020075e+00
8.477644478004142670e+00,-1.806344749266281013e+01,2.625711907502647158e+00,-6.736136950776293375e+00,1.639587190324147237e+00
8.487278164910964762e+00,-1.809151152933673856e+01,2.632190911987454474e+00,-6.725157876164909787e+00,1.633594734159191653e+00
8.496911851817786854e+00,-1.811880005096839952e+01,2.638804611794458133e+00,-6.714248996922263402e+00,1.627606809555256273e+00
8.506545538724610722e+00,-1.814526379221435803e+01,2.645551760257827567e+00,-6.703410220810020803e+00,1.621623423805013120e+00
8.516179225631432814e+00,-1.817085299351051475e+01,2.652430852147171780e+00,-6.692641526766463400e+00,1.615644589522000407e+00
8.525812912538254906e+00,-1.819551754092294615e+01,2.659440103881664186e+00,-6.681942933147454688e+00,1.609670328434629427e+00
8.535446599445078775e+00,-1.821920716726446443e+01,2.666577437883927093e+00,-6.671314453393640598e+00,1.603700672727431220e+00
8.545080286351902643e+00,-1.824187168983571183e+01,2.673840473973613907e+00,-6.660756052072739131e+00,1.597735663536466344e+00
8.554713973258724735e+00,-1.826346125064814885e+01,2.681226528755232597e+00,-6.650267614117493231e+00,1.591775347040376598e+00
8.564347660165546827e+00,-1.828392652605948143e+01,2.688732621721261040e+00,-6.639848936193577522e+00,1.585819769292536652e+00
8.573981347072370696e+00,-1.830321888412062492e+01,2.696355484972789096e+00,-6.629499742632496861e+00,1.579868971306977787e+00
8.583615033979194564e+00,-1.832129048606532606e+01,2.704091572633092078e+00,-6.619219721159810277e+00,1.573922985834018462e+00
8.593248720886016656e+00,-1.833809434756041057e+01,2.711937066462708490e+00,-6.609008567852895588e+00,1.567981836763945314e+00
8.602882407792838748e+00,-1.835358438948546578e+01,2.719887875749306350e+00,-6.598866028071530110e+00,1.562045541325009390e+00
8.612516094699660840e+00,-1.836771551258068769e+01,2.727939631752532179e+00,-6.588791921304561150e+00,1.556114114422210148e+00
8.622149781606484709e+00,-1.838044372375017232e+01,2.736087679136448791e+00,-6.578786142609697407e+00,1.550187573836213861e+00
8.631783468513306801e+00,-1.839172632611021285e+01,2.744327068234687417e+00,-6.568848640198980959e+00,1.544265944751014308e+00
8.641417155420128893e+00,-1.840152216492760218e+01,2.752652552210409276e+00,-6.558979375720474181e+00,1.538349262277618923e+00
8.651050842326954537e+00,-1.840979190367984941e+01,2.761058592115279708e+00,-6.549178278855036339e+00,1.532437571230362616e+00
8.660684529233776630e+00,-1.841649829426790319e+01,2.769539370843630444e+00,-6.539445209501039358e+00,1.526530923219102664e+00
8.670318216140600498e+00,-1.842160640618177325e+01,2.778088814648438820e+00,-6.529779938579235221e+00,1.520629371907669336e+00
8.679951903047422590e+00,-1.842508379095574256e+01,2.786700618968449117e+00,-6.520182153014980386e+00,1.514732967825706877e+00
8.689585589954244682e+00,-1.842690057692244565e+01,2.795368274416169641e+00,-6.510651483356953761e+00,1.508841754250250577e+00
8.699219276861068550e+00,-1.842702950917324145e+01,2.804085089179011447e+00,-6.501187545853009730e+00,1.502955765357584461e+00
8.708852963767890643e+00,-1.842544596444107086e+01,2.812844205660371522e+00,-6.491789986572674920e+00,1.497075027178242479e+00
8.718486650674712735e+00,-1.842212797563508175e+01,2.821638611430632881e+00,-6.482458514580926590e+00,1.491199561064703527e+00
8.728120337581536603e+00,-1.841705629438364511e+01,2.830461146752690116e+00,-6.473192914397034592e+00,1.485329388644154314e+00
8.737754024488358695e+00,-1.841021450422727668e+01,2.839304512389589252e+00,-6.463993034063866716e+00,1.479464536793847262e+00
8.747387711395180787e+00,-1.840158917706892083e+01,2.848161281630052777e+00,-6.454858752316972925e+00,1.473605041171421659e+00
8.757021398302006432e+00,-1.839117004754487894e+01,2.857023919404865442e+00,-6.445789934475099514e+00,1.467750947258139815e+00
8.766655085208828524e+00,-1.837895016986560393e+01,2.865884809349099616e+00,-6.436786389975789113e+00,1.461902308604003498e+00
8.776288772115652392e+00,-1.836492602263789564e+01,2.874736287332400941e+00,-6.427847843985102116e+00,1.456059182785300221e+00
8.785922459022474484e+00,-1.834909753892815942e+01,2.883570678071733173e+00,-6.418973931367845331e+00,1.450221626256035234e+00
8.795556145929296576e+00,-1.833146805764271647e+01,2.892380330561489465e+00,-6.410164214733377719e+00,1.444389689598158055e+00
8.805189832836120445e+00,-1.831204421222725998e+01,2.901157648479040674e+00,-6.401418221203778458e+00,1.438563414556804254e+00
8.814823519742942537e+00,-1.829083578744074501e+01,2.909895113308448078e+00,-6.392735487060534183e+00,1.432742833721229347e+00
8.824457206649764629e+00,-1.826785557993283504e+01,2.918585300162860108e+00,-6.384115597124971231e+00,1.426927972934316946e+00
8.834090893556588497e+00,-1.824311929207953042e+01,2.927220888462990001e+00,-6.375558207288056778e+00,1.421118855712108608e+00
8.843724580463410589e+00,-1.821664547312305515e+01,2.935794671057594840e+00,-6.367063043566507652e+00,1.415315508365092789e+00
8.853358267370232682e+00,-1.818845550211916873e+01,2.944299565606272040e+00,-6.358629877964064647e+00,1.409517964308003801e+00
8.862991954277058326e+00,-1.815857358978516345e+01,2.952728631024135630e+00,-6.350258488231133924e+00,1.403726266284502699e+00
8.872625641183880418e+00,-1.812702676660035905e+01,2.961075089849487085e+00,-6.341948613341072516e+00,1.397940465846639446e+00
8.882259328090702510e+00,-1.809384482548155759e+01,2.969332355165715143e+00,-6.333699917751399511e+00,1.392160620235893598e+00
8.891893014997526379e+00,-1.805906019865449608e+01,2.977494058899996077e+00,-6.325511974928332393e+00,1.386386787575735635e+00
8.901526701904348471e+00,-1.802270776631261739e+01,2.985554077505656156e+00,-6.317384274947180245e+00,1.380619021780884470e+00
8.911160388811172339e+00,-1.798482461356313422e+01,2.993506551463917198e+00,-6.309316253905752347e+00,1.374857368670485469e+00
8.920794075717994431e+00,-1.794544976604402819e+01,3.001345896568943239e+00,-6.301307336482801169e+00,1.369101864417482162e+00
8.930427762624816523e+00,-1.790462393914594941e+01,3.009066807097434015e+00,-6.293356979119760553e+00,1.363352536779081081e+00
8.940061449531640392e+00,-1.786238932968079141e+01,3.016664253034196275e+00,-6.285464701132731591e+00,1.357609408735629186e+00
8.949695136438462484e+00,-1.781878946416253129e+01,3.024133474882752637e+00,-6.277630094620062273e+00,1.351872503457723251e+00
8.959328823345284576e+00,-1.777386909933155934e+01,3.031469979823060434e+00,-6.269852810271482113e+00,1.346141849131824220e+00
8.968962510252110221e+00,-1.772767415402694624e+01,3.038669542034332149e+00,-6.262132523271506379e+00,1.340417482217323153e+00
8.978596197158932313e+00,-1.768025164212984279e+01,3.045728208198294595e+00,-6.254468889339406701e+00,1.334699448170059588e+00
8.988229884065754405e+00,-1.763164957687390455e+01,3.052642307118742071e+00,-6.246861503842064067e+00,1.328987799412699511e+00
8.997863570972578273e+00,-1.758191682698502589e+01,3.059408460696256604e+00,-6.239309876005809663e+00,1.323282591141826892e+00
9.007497257879400365e+00,-1.753110292150719474e+01,3.066023592709675061e+00,-6.231813425808361728e+00,1.317583876197162995e+00
9.017130944786222457e+00,-1.747925781753976082e+01,3.072484932211761333e+00,-6.224371504461352345e+00,1.311891700493245771e+00
9.026764631693046326e+00,-1.742643165798508065e+01,3.078790009716500187e+00,-6.216983432459711523e+00,1.306206100347587329e+00
9.036398318599868418e+00,-1.737267455082031020e+01,3.084936646296116081e+00,-6.209648544014942928e+00,1.300527102480906860e+00
9.046032005506692286e+00,-1.731803639610994949e+01,3.090922937603551190e+00,-6.202366224821476592e+00,1.294854726678912105e+00
9.055665692413514378e+00,-1.726256677376427717e+01,3.096747236101585976e+00,-6.195135932075539031e+00,1.289188990322520878e+00
9.065299379320336470e+00,-1.720631488814907328e+01,3.102408135031878178e+00,-6.187957190893968118e+00,1.283529913444515946e+00
9.074933066227162115e+00,-1.714932955035373041e+01,3.107904456836617868e+00,-6.180829568225990833e+00,1.277877522816691425e+00
9.084566753133984207e+00,-1.709165916992037992e+01,3.113235247126780347e+00,-6.173752631971800575e+00,1.272231853857641148e+00
9.094200440040806299e+00,-1.703335172776877826e+01,3.118399773390970076e+00,-6.166725907369693616e+00,1.266592949793117207e+00
9.103834126947630168e+00,-1.697445471074863121e+01,3.123397526049948247e+00,-6.159748843511870575e+00,1.260960858309388755e+00
9.113467813854452260e+00,-1.691501500282759807e+01,3.128228218669049543e+00,-6.152820799864256784e+00,1.255335626677401173e+00
9.123101500761274352e+00,-1.685507874374235371e+01,3.132891784371443222e+00,-6.145941056777370903e+00,1.249717296774905062e+00
9.132735187668098220e+00,-1.679469117807470724e+01,3.137388366656915117e+00,-6.139108846917452844e+00,1.244105901463043562e+00
9.142368874574920312e+00,-1.673389652248375015e+01,-3.141467002634696470e+00,-6.132323398395690184e+00,1.238501463374723777e+00
9.152002561481742404e+00,-1.667273787489304127e+01,-3.137303193493484077e+00,-6.125583976938634656e+00,1.232903996462071827e+00
9.161636248388566273e+00,-1.661125717817640890e+01,-3.133304840888019527e+00,-6.118889914733047775e+00,1.227313509838388272e+00
9.171269935295388365e+00,-1.654949523590821769e+01,-3.129471134130672461e+00,-6.112240617507751494e+00,1.221730012775250840e+00
9.180903622202214009e+00,-1.648749176371439162e+01,-3.125801137627122195e+00,-6.105635547825007947e+00,1.216153519376186987e+00
9.190537309109036102e+00,-1.642528545096284631e+01,-3.122293798799382181e+00,-6.099074189557426529e+00,1.210584051544407069e+00
9.200170996015858194e+00,-1.636291400655232309e+01,-3.118947950930291757e+00,-6.092556004062611663e+00,1.205021639364946662e+00
9.209804682922682062e+00,-1.630041416953757505e+01,-3.115762312981374738e+00,-6.086080391007353541e+00,1.199466318783092511e+00
9.219438369829504154e+00,-1.623782167796320763e+01,-3.112735489253095178e+00,-6.079646665420083806e+00,1.193918127256919259e+00
9.229072056736326246e+00,-1.617517120358851557e+01,-3.109865971672100216e+00,-6.073254057769573500e+00,1.188377098657875663e+00
9.238705743643150115e+00,-1.611249627176152188e+01,-3.107152146549490013e+00,-6.066901737088452151e+00,1.182843258914242801e+00
9.248339430549972207e+00,-1.604982919106262429e+01,-3.104592306163350468e+00,-6.060588850377882864e+00,1.177316623673070106e+00
9.257973117456794299e+00,-1.598720101497881885e+01,-3.102184663945370957e+00,-6.054314566741167525e+00,1.171797198661578499e+00
9.267606804363618167e+00,-1.592464154866577886e+01,-3.099927370877608279e+00,-6.048078113308577031e+00,1.166284982634128387e+00
9.277240491270440259e+00,-1.586217940075666455e+01,-3.097818530282479443e+00,-6.041878792439291601e+00,1.160779972029858609e+00
9.286874178177264127e+00,-1.579984206725191243e+01,-3.095856208631131423e+00,-6.035715975204914763e+00,1.155282165962960406e+00
9.296507865084087996e+00,-1.573765602571294409e+01,-3.094038441151568009e+00,-6.029589073146221168e+00,1.149791570070371582e+00
9.306141551990910088e+00,-1.567564681588397590e+01,-3.092363232522951311e+00,-6.023497496692547415e+00,1.144308198078935135e+00
9.315775238897733956e+00,-1.561383908799384557e+01,-3.090828554332495148e+00,-6.017440612558670132e+00,1.138832070626262016e+00
9.325408925804556048e+00,-1.555225661064568143e+01,-3.089432341826608752e+00,-6.011417712730670715e+00,1.133363211678665605e+00
9.335042612711378140e+00,-1.549092224304912691e+01,-3.088172492559718929e+00,-6.005428004235568551e+00,1.127901643597226444e+00
9.344676299618202009e+00,-1.542985788744948117e+01,-3.087046868826133661e+00,-5.999470622765374017e+00,1.122447382300949092e+00
9.354309986525024101e+00,-1.536908444363115400e+01,-3.086053304485790516e+00,-5.993544666200396165e+00,1.117000433946974791e+00
9.363943673431846193e+00,-1.530862178659627304e+01,-3.085189615361199067e+00,-5.987649238217875869e+00,1.111560794100595606e+00
9.373577360338670061e+00,-1.524848878130941543e+01,-3.084453611227718994e+00,-5.981783489205913185e+00,1.106128449634243838e+00
9.383211047245492153e+00,-1.518870333706750841e+01,-3.083843106887584007e+00,-5.975946642502566242e+00,1.100703382790825469e+00
9.392844734152316022e+00,-1.512928249210916576e+01,-3.083355930058953920e+00,-5.970137998308175042e+00,1.095285576209597433e+00
9.402478421059139890e+00,-1.507024251015026728e+01,-3.082989924737926657e+00,-5.964356914200351412e+00,1.089875017429876358e+00
9.412112107965961982e+00,-1.501159896727088316e+01,-3.082742950010903371e+00,-5.958602768075406786e+00,1.084471701542459643e+00
9.421745794872785851e+00,-1.495336681086812192e+01,-3.082612875601182356e+00,-5.952874914516077531e+00,1.079075631205085983e+00
9.431379481779607943e+00,-1.489556038112288405e+01,-3.082597576332469558e+00,-5.947172647518853772e+00,1.073686814015403002e+00
9.441013168686430035e+00,-1.483819339687324756e+01,-3.082694927918921746e+00,-5.941495180636062301e+00,1.068305258013742876e+00
9.450646855593253903e+00,-1.478127891844195396e+01,-3.082902805989787165e+00,-5.935841650452834628e+00,1.062930966638986785e+00
9.460280542500075995e+00,-1.472482930663247025e+01,-3.083219089190518680e+00,-5.930211142441171646e+00,1.057563934621684298e+00
9.469914229406898087e+00,-1.466885619784541817e+01,-3.083641665903074536e+00,-5.924602731639793340e+00,1.052204146022055919e+00
9.479547916313721956e+00,-1.461337050995777709e+01,-3.084168442991459980e+00,-5.919015526242350944e+00,1.046851574988162170e+00
9.489181603220544048e+00,-1.455838248395531664e+01,-3.084797354344384512e+00,-5.913448701324130141e+00,1.041506189007829875e+00
9.498815290127366140e+00,-1.450390175529909520e+01,-3.085526367037858986e+00,-5.907901512848844128e+00,1.036167953693221122e+00
9.508448977034191785e+00,-1.444993743997875058e+01,-3.086353483649640239e+00,-5.902373287913301070e+00,1.030836837685736640e+00
9.518082663941013877e+00,-1.439649821584974632e+01,-3.087276740400487274e+00,-5.896863394193516683e+00,1.025512816234184443e+00
9.527716350847835969e+00,-1.434359238140258341e+01,-3.088294202022587864e+00,-5.891371197685843164e+00,1.020195872390957437e+00
9.537350037754659837e+00,-1.429122788101369323e+01,-3.089403955193280371e+00,-5.885896021283997470e+00,1.014885995473696179e+00
9.546983724661481929e+00,-1.423941229581471291e+01,-3.090604102744275217e+00,-5.880437116482033488e+00,1.009583177246376140e+00
9.556617411568305798e+00,-1.418815280951049829e+01,-3.091892760559902253e+00,-5.874993656619579063e+00,1.004287406946097416e+00
9.566251098475127890e+00,-1.413745616570599495e+01,-3.093268058211934957e+00,-5.869564753731556728e+00,9.989986666219746736e-01
9.575884785381949982e+00,-1.408732863544205394e+01,-3.094728143212122973e+00,-5.864149494104916371e+00,9.937169281601817561e-01
9.585518472288773850e+00,-1.403777601012352960e+01,-3.096271187651992385e+00,-5.858746982130815795e+00,9.884421528717757255e-01
9.595152159195595942e+00,-1.398880362699190627e+01,-3.097895395275728880e+00,-5.853356379598633197e+00,9.831742937641688718e-01
9.604785846102418034e+00,-1.394041642422883598e+01,-3.099599006907893806e+00,-5.847976928926551743e+00,9.779132998259607579e-01
9.614419533009243679e+00,-1.389261901373128616e+01,-3.101380302661711497e+00,-5.842607953564431966e+00,9.726591210615926908e-01
9.624053219916065771e+00,-1.384541575427497762e+01,-3.103237600325319701e+00,-5.837248835538365377e+00,9.674117127918164805e-01
9.633686906822887863e+00,-1.379881080772941360e+01,-3.105169250464235642e+00,-5.831898976847169180e+00,9.621710379532303348e-01
9.643320593729711732e+00,-1.375280816614571400e+01,-3.107173629743269494e+00,-5.826557756180573477e+00,9.569370667208721981e-01
9.652954280636533824e+00,-1.370741164629040831e+01,-3.109249134472939602e+00,-5.821224493804074029e+00,9.517097735677944037e-01
9.662587967543355916e+00,-1.366262485786690206e+01,-3.111394176279591584e+00,-5.815898435041803261e+00,9.464891326315924003e-01
9.672221654450179784e+00,-1.361845115933959249e+01,-3.113607181124696144e+00,-5.810578757299377450e+00,9.412751127570808674e-01
9.681855341357001876e+00,-1.357489361867545874e+01,-3.115886591866812161e+00,-5.805264598623330663e+00,9.360676736795124908e-01
9.691489028263825745e+00,-1.353195499448162664e+01,-3.118230873483568200e+00,-5.799955099441675976e+00,9.308667644759605064e-01
9.701122715170647837e+00,-1.348963774656173342e+01,-3.120638519274139711e+00,-5.794649445244742125e+00,9.256723247432118162e-01
9.710756402077469929e+00,-1.344794407583355067e+01,-3.123108056080432959e+00,-5.789346897692251304e+00,9.204842881562513845e-01
9.720390088984295573e+00,-1.340687598460126573e+01,-3.125638046875785836e+00,-5.784046805051017870e+00,9.153025873594741180e-01
9.730023775891117666e+00,-1.336643534203935779e+01,-3.128227089873074629e+00,-5.778748588968166899e+00,9.101271587501773563e-01
9.739657462797939758e+00,-1.332662393822799451e+01,-3.130873814352788553e+00,-5.773451711566821132e+00,9.049579457464114185e-01
9.749291149704763626e+00,-1.328744351358120745e+01,-3.133576874388794842e+00,-5.768155632654274889e+00,8.997948995791332782e-01
9.758924836611585718e+00,-1.324889575792280461e+01,-3.136334942262787973e+00,-5.762859769745443117e+00,8.946379773795750667e-01
9.768558523518407810e+00,-1.321098228252156126e+01,-3.139146703428263407e+00,-5.757563472768070234e+00,8.894871381310254232e-01
9.778192210425231679e+00,-1.317370457636629588e+01,3.141174452783169535e+00,-5.752266020978869854e+00,8.843423376842606265e-01
9.787825897332053771e+00,-1.313706396246465857e+01,3.138259203157547805e+00,-5.746966643062694224e+00,8.792035243118330179e-01
9.797459584238875863e+00,-1.310106156967675517e+01,3.135294129539745178e+00,-5.741664554545090837e+00,8.740706361169924277e-01
9.807093271145699731e+00,-1.306569833067804609e+01,3.132280484529718301e+00,-5.736359001541507574e+00,8.689436010653851516e-01
9.816726958052521823e+00,-1.303097500860794078e+01,3.129219493451576906e+00,-5.731049298000378656e+00,8.638223396335749094e-01
9.826360644959347468e+00,-1.299689224624082584e+01,3.126112351213151008e+00,-5.725734845521815330e+00,8.587067692963804566e-01
9.835994331866169560e+00,-1.296345062473405818e+01,3.122960222295055654e+00,-5.720415129979415703e+00,8.535968095328650973e-01
9.845628018772991652e+00,-1.293065071617481010e+01,3.119764243981221874e+00,-5.715089696020254628e+00,8.484923858784817474e-01
9.855261705679815520e+00,-1.289849311607375171e+01,3.116525531970788521e+00,-5.709758107045253439e+00,8.433934318331628432e-01
9.864895392586637612e+00,-1.286697844801626367e+01,3.113245186805811748e+00,-5.704419902553242494e+00,8.382998880686035603e-01
9.874529079493459705e+00,-1.283610734102509987e+01,3.109924299319296370e+00,-5.699074565503845946e+00,8.332116991754893176e-01
9.884162766400283573e+00,-1.280588038829367825e+01,3.106563953618052043e+00,-5.693721509390778479e+00,8.281288089175248279e-01
9.893796453307105665e+00,-1.277629810138999389e+01,3.103165226867016901e+00,-5.688360088894269140e+00,8.230511553995649709e-01
9.903430140213927757e+00,-1.274736087520270544e+01,3.099729186106900958e+00,-5.682989631019036203e+00,8.179786675819833430e-01
9.913063827120751625e+00,-1.271906897549002657e+01,3.096256883224309586e+00,-5.677609477577917119e+00,8.129112641755592561e-01
9.922697514027573717e+00,-1.269142255395844465e+01,3.092749349738023401e+00,-5.672219026535691988e+00,8.078488552481175589e-01
9.932331200934399362e+00,-1.266442168744877073e+01,3.089207593106594985e+00,-5.666817760068782128e+00,8.027913460736968432e-01
9.941964887841221454e+00,-1.263806643055192858e+01,3.085632595792724420e+00,-5.661405251122823223e+00,7.977386420933793021e-01
9.951598574748043546e+00,-1.261235686697999370e+01,3.082025317483724436e+00,-5.655981146600344012e+00,7.926906535294419021e-01
9.961232261654867415e+00,-1.258729314545008471e+01,3.078386699917921909e+00,-5.650545132209739307e+00,7.876472982976674420e-01
9.970865948561689507e+00,-1.256287549053560504e+01,3.074717672989448314e+00,-5.645096889416876706e+00,7.826085023658675421e-01
9.980499635468511599e+00,-1.253910418646331060e+01,3.071019160429662165e+00,-5.639636057265957625e+00,7.775741974611443119e-01
9.990133322375335467e+00,-1.251597953991149126e+01,3.067292083501813593e+00,-5.634162210391088443e+00,7.725443168113139691e-01
9.999767009282157559e+00,-1.249350183407265646e+01,3.063537361751103916e+00,-5.628674859753077797e+00,7.675187901860688333e-01
1.000940069618897965e+01,-1.247167128873758557e+01,3.059755910740663332e+00,-5.623173475922262909e+00,7.624975397096586116e-01
1.001903438309580352e+01,-1.245048803921644698e+01,3.055948637607047935e+00,-5.617657528070353123e+00,7.574804776884450641e-01
1.002866807000262561e+01,-1.242995214114653812e+01,3.052116435916441439e+00,-5.612126527198721071e+00,7.524675071012467686e-01
1.003830175690944948e+01,-1.241006360039766498e+01,3.048260181502444599e+00,-5.606580060884523320e+00,7.474585246139505701e-01
1.004793544381627335e+01,-1.239082241973384235e+01,3.044380730661431667e+00,-5.601017809336279463e+00,7.424534252347192442e-01
1.005756913072309544e+01,-1.237222864888353691e+01,3.040478921366188025e+00,-5.595439538073638808e+00,7.374521072422974832e-01
1.006720281762991931e+01,-1.235428242369271601e+01,3.036555577249736793e+00,-5.589845069449697945e+00,7.324544759401334648e-01
1.007683650453674140e+01,-1.233698398335538293e+01,3.032611513281873616e+00,-5.584234241479376415e+00,7.274604451366707414e-01
1.008647019144356349e+01,-1.232033366131502383e+01,3.028647541559078782e+00,-5.578606866179498525e+00,7.224699359243150765e-01
1.009610387835038736e+01,-1.230433185331528279e+01,3.024664475602321545e+00,-5.572962699762257444e+00,7.174828731276101657e-01
1.010573756525720945e+01,-1.228897897287994212e+01,3.020663132012290752e+00,-5.567301433515108755e+00,7.124991804793066041e-01
1.011537125216403155e+01,-1.227427540819163276e+01,3.016644329128888025e+00,-5.561622708084917655e+00,7.075187759581483826e-01
1.012500493907085541e+01,-1.226022149382595394e+01,3.012608883241024937e+00,-5.555926146969957458e+00,7.025415686736941057e-01
1.013463862597767751e+01,-1.224681750625728860e+01,3.008557603624160581e+00,-5.550211399352090957e+00,6.975674582258966083e-01
1.014427231288450137e+01,-1.223406368486342899e+01,3.004491288028416029e+00,-5.544478179647940763e+00,6.925963367358678457e-01
1.015390599979132524e+01,-1.222196027248221561e+01,3.000410720097865358e+00,-5.538726292132923668e+00,6.876280929553550969e-01
1.016353968669814734e+01,-1.221050756371455748e+01,2.996316669616529982e+00,-5.532955633406358764e+00,6.826626172490011246e-01
1.017317337360496943e+01,-1.219970594687102050e+01,2.992209895625723703e+00,-5.527166172013199485e+00,6.776998059865382285e-01
1.018280706051179330e+01,-1.218955592739695781e+01,2.988091151596513395e+00,-5.521357911283421238e+00,6.727395640573232694e-01
1.019244074741861539e+01,-1.218005812618611117e+01,2.983961191228214904e+00,-5.515530846401498266e+00,6.677818047750746500e-01
1.020207443432543926e+01,-1.217121325372299445e+01,2.979820773261282696e+00,-5.509684928413874694e+00,6.628264472120032336e-01
1.021170812123226135e+01,-1.216302206821627330e+01,2.975670663994165910e+00,-5.503820045823641927e+00,6.578734117607903942e-01
1.022134180813908344e+01,-1.215548533063859438e+01,2.971511636886440488e+00,-5.497936029218911891e+00,6.529226152458256216e-01
1.023097549504590731e+01,-1.214860377045631878e+01,2.967344469506394411e+00,-5.492032677573218891e+00,6.479739670374442539e-01
1.024060918195272940e+01,-1.214237807256847113e+01,2.963169938877009191e+00,-5.486109798454737785e+00,6.430273673257543843e-01
1.025024286885955327e+01,-1.213680888956723436e+01,2.958988816752128770e+00,-5.480167250276797297e+00,6.380827080720826716e-01
1.025987655576637714e+01,-1.213189687581069975e+01,2.954801866372202213e+00,-5.474204974125752798e+00,6.331398763648919958e-01
1.026951024267319923e+01,-1.212764273324810738e+01,2.950609841802176003e+00,-5.468223005787828939e+00,6.281987591970731311e-01
1.027914392958002132e+01,-1.212404725541789574e+01,2.946413490178225292e+00,-5.462221464450348840e+00,6.232592482624084163e-01
1.028877761648684519e+01,-1.212111135659700523e+01,2.942213556317732959e+00,-5.456200521443443918e+00,6.183212433643813233e-01
1.029841130339366728e+01,-1.211883607753973280e+01,2.938010788440338583e+00,-5.450160358280142781e+00,6.133846534414396645e-01
1.030804499030048937e+01,-1.211722256626243954e+01,2.933805943417827855e+00,-5.444101126405525015e+00,6.084493949176298377e-01
1.031767867720731324e+01,-1.211627203979863410e+01,2.929599790115720026e+00,-5.438022920550526607e+00,6.035153878778256598e-01
1.032731236411413533e+01,-1.211598573852945115e+01,2.925393109965081173e+00,-5.431925773556946169e+00,5.985825512090293676e-01
1.033694605102095920e+01,-1.211636488688736968e+01,2.921186694736376488e+00,-5.425809674190764653e+00,5.936507981538494683e-01
1.034657973792778130e+01,-1.211741067228410174e+01,2.916981342327960913e+00,-5.419674602667657659e+00,5.887200335994776657e-01
1.035621342483460339e+01,-1.211912424861525395e+01,2.912777851978040733e+00,-5.413520573384717594e+00,5.837901539118997007e-01
1.036584711174142903e+01,-1.212150676329572896e+01,2.908577020482410180e+00,-5.407347672230241820e+00,5.788610493726471518e-01
1.037548079864825112e+01,-1.212455939970046259e+01,2.904379640699088494e+00,-5.401156077452694326e+00,5.739326085066078775e-01
1.038511448555507322e+01,-1.212828342224595346e+01,2.900186502935965471e+00,-5.394946057933564632e+00,5.690047230313661775e-01
1.039474817246189708e+01,-1.213268021053879586e+01,2.895998398954128028e+00,-5.388717949386774286e+00,5.640772919759459159e-01
1.040438185936871918e+01,-1.213775127227946626e+01,2.891816127536619430e+00,-5.382472115525859024e+00,5.591502237633477757e-01
1.041401554627554127e+01,-1.214349823096337211e+01,2.887640500104741381e+00,-5.376208905673527383e+00,5.542234356537448781e-01
1.042364923318236514e+01,-1.214992279196240865e+01,2.883472344851726543e+00,-5.369928621328411644e+00,5.492968507253749300e-01
1.043328292008918723e+01,-1.215702669703724226e+01,2.879312508310587493e+00,-5.363631501546189284e+00,5.443703932974279791e-01
1.044291660699601110e+01,-1.216481168078359332e+01,2.875161854045196641e+00,-5.357317731424668494e+00,5.394439841587637119e-01
1.045255029390283319e+01,-1.217327944191819178e+01,2.871021259019718386e+00,-5.350987471152203412e+00,5.345175370225714317e-01
1.046218398080965528e+01,-1.218243163783799332e+01,2.866891608901810162e+00,-5.344640897004371283e+00,5.295909572637776952e-01
1.047181766771648093e+01,-1.219226990387816834e+01,2.862773793879197726e+00,-5.338278242149552710e+00,5.246641433208056871e-01
1.048145135462330302e+01,-1.220279589124962172e+01,2.858668706419891681e+00,-5.331899825188594733e+00,5.197369903558810567e-01
1.049108504153012511e+01,-1.221401131198857826e+01,2.854577241827480183e+00,-5.325506057985615271e+00,5.148093951011931679e-01
1.050071872843694898e+01,-1.222591797709527839e+01,2.850500301607890030e+00,-5.319097430469934551e+00,5.098812604687955607e-01
1.051035241534377107e+01,-1.223851781602920141e+01,2.846438798822800376e+00,-5.312674476892620845e+00,5.049524985730972082e-01
1.051998610225059316e+01,-1.225181287127280427e+01,2.842393664010005594e+00,-5.306237733494074682e+00,5.000230312848842340e-01
1.052961978915741703e+01,-1.226580526911816094e+01,2.838365850081473685e+00,-5.299787700066342921e+00,4.950927881657825602e-01
1.053925347606423912e+01,-1.228049717494012860e+01,2.834356334917336184e+00,-5.293324816730605065e+00,4.901617024060471728e-01
1.054888716297106122e+01,-1.229589074586131936e+01,2.830366121067425134e+00,-5.286849462744065420e+00,4.852297059778721833e-01
1.055852084987788508e+01,-1.231198809448808618e+01,2.826396232843852108e+00,-5.280361977634689730e+00,4.802967254470901226e-01
1.056815453678470718e+01,-1.232879127406122599e+01,2.822447711877386745e+00,-5.273862698364006008e+00,4.753626796903577256e-01
1.057778822369153282e+01,-1.234630228890951464e+01,2.818521612679538713e+00,-5.267352001486899304e+00,4.704274802008745482e-01
1.058742191059835491e+01,-1.236452312644872364e+01,2.814618999759698426e+00,-5.260830337808689805e+00,4.654910339003454078e-01
1.059705559750517700e+01,-1.238345580042530969e+01,2.810740947388614241e+00,-5.254298249265457521e+00,4.605532476345152171e-01
1.060668928441200087e+01,-1.240310239163189721e+01,2.806888542311943624e+00,-5.247756363012477721e+00,4.556140330329165877e-01
1.061632297131882297e+01,-1.242346507297492408e+01,2.803062888836164390e+00,-5.241205364441425374e+00,4.506733103070031943e-01
1.062595665822564506e+01,-1.244454611037179426e+01,2.799265114998158666e+00,-5.234645957068621236e+00,4.457310098756800398e-01
1.063559034513246893e+01,-1.246634783812924141e+01,2.795496378203672805e+00,-5.228078821106059593e+00,4.407870713500238735e-01
1.064522403203929102e+01,-1.248887261506091306e+01,2.791757868878244953e+00,-5.221504582903666147e+00,4.358414401895090995e-01
1.065485771894611311e+01,-1.251212277335411294e+01,2.788050811271398643e+00,-5.214923804226492265e+00,4.308940630295781671e-01
1.066449140585293698e+01,-1.253610057435671621e+01,2.784376461413425208e+00,-5.208336994461015834e+00,4.259448830719516632e-01
1.067412509275975907e+01,-1.256080818335792770e+01,2.780736103086919542e+00,-5.201744642066097768e+00,4.209938369091720256e-01
1.068375877966658294e+01,-1.258624766969108855e+01,2.777131043282911271e+00,-5.195147255900328886e+00,4.160408537298594944e-01
1.069339246657340681e+01,-1.261242103080238763e+01,2.773562608779850613e+00,-5.188545404146374551e+00,4.110858571468757328e-01
1.070302615348022890e+01,-1.263933023160790725e+01,2.770032145159936565e+00,-5.181939739272252154e+00,4.061287691154157886e-01
1.071265984038705277e+01,-1.266697724570729200e+01,2.766541018855993350e+00,-5.175331001603147740e+00,4.011695147910286363e-01
1.072229352729387486e+01,-1.269536408428000307e+01,2.763090621918150802e+00,-5.168720000401228809e+00,3.962080269008546041e-01
1.073192721420069695e+01,-1.272449280200760491e+01,2.759682378373938594e+00,-5.162107577994658136e+00,3.912442483463862142e-01
1.074156090110752082e+01,-1.275436547610739701e+01,2.756317750574178937e+00,-5.155494567497591163e+00,3.862781322795898475e-01
1.075119458801434291e+01,-1.278498416252065795e+01,2.752998243917261778e+00,-5.148881756544373189e+00,3.813096396412264388e-01
1.076082827492116500e+01,-1.281635084008170011e+01,2.749725408828963769e+00,-5.142269867671060979e+00,3.763387348998142312e-01
1.077046196182798887e+01,-1.284846735705165344e+01,2.746500839701283336e+00,-5.135659561047573263e+00,3.713653812604050808e-01
1.078009564873481096e+01,-1.288133539363776237e+01,2.743326171415036097e+00,-5.129051458653767881e+00,3.663895367676524573e-01
1.078972933564163483e+01,-1.291495644923452524e+01,2.740203074810290129e+00,-5.122446182656994473e+00,3.614111524619787463e-01
1.079936302254845870e+01,-1.294933185555861854e+01,2.737133252801842609e+00,-5.115844396558183682e+00,3.564301731399059925e-01
1.080899670945528079e+01,-1.298446280886480508e+01,2.734118438660287698e+00,-5.109246836864652863e+00,3.514465404996350850e-01
1.081863039636210289e+01,-1.302035040843018265e+01,2.731160397342141444e+00,-5.102654325856016193e+00,3.464601977483760531e-01
1.082826408326892675e+01,-1.305699568630291552e+01,2.728260929843292715e+00,-5.096067761602107282e+00,3.414710943168315915e-01
1.083789777017574885e+01,-1.309439961562200772e+01,2.725421879640856027e+00,-5.089488088113450104e+00,3.364791892956960906e-01
1.084753145708257271e+01,-1.313256309096698438e+01,2.722645139653600665e+00,-5.082916254369582276e+00,3.314844525877118087e-01
1.085716514398939481e+01,-1.317148688236567367e+01,2.719932657984517110e+00,-5.076353174245657129e+00,3.264868634444511031e-01
1.086679883089621690e+01,-1.321117157232511374e+01,2.717286441065136060e+00,-5.069799699079329258e+00,3.214864068296863220e-01
1.087643251780304077e+01,-1.325161749021489932e+01,2.714708553597218188e+00,-5.063256610872873154e+00,3.164830686926389247e-01
1.088606620470986286e+01,-1.329282465899493815e+01,2.712201115652518091e+00,-5.056724638020280160e+00,3.114768315551927347e-01
1.089569989161668673e+01,-1.333479276540158409e+01,2.709766298155935615e+00,-5.050204488791754542e+00,3.064676717228535519e-01
1.090533357852351060e+01,-1.337752115741115944e+01,2.707406318478613017e+00,-5.043696892565199263e+00,3.014555589481365816e-01
1.091496726543033269e+01,-1.342100886426146999e+01,2.705123437850394108e+00,-5.037202636513708143e+00,2.964404586495849037e-01
1.092460095233715478e+01,-1.346525462709725574e+01,2.702919961764984613e+00,-5.030722586810486341e+00,2.914223360343731195e-01
1.093423463924397865e+01,-1.351025692461194261e+01,2.700798243652803521e+00,-5.024257687995049793e+00,2.864011609105167055e-01
1.094386832615080074e+01,-1.355601397904213101e+01,2.698760691103712084e+00,-5.017808940600172463e+00,2.813769117719183699e-01
1.095350201305762283e+01,-1.360252373328420639e+01,2.696809773133838295e+00,-5.011377363559326170e+00,2.763495779554029363e-01
1.096313569996444670e+01,-1.364978379815703491e+01,2.694948026648610107e+00,-5.004963952402326832e+00,2.713191592393199847e-01
1.097276938687126879e+01,-1.369779137746076358e+01,2.693178060466306256e+00,-4.998569645479252976e+00,2.662856630093961563e-01
1.098240307377809266e+01,-1.374654318486783922e+01,2.691502555975131994e+00,-4.992195308068029469e+00,2.612490998357643868e-01
1.099203676068491475e+01,-1.379603536886575554e+01,2.689924264492817851e+00,-4.985841738927730304e+00,2.562094787733655843e-01
1.100167044759173862e+01,-1.384626345923535595e+01,2.688446002382162803e+00,-4.979509697223665654e+00,2.511668037781233931e-01
1.101130413449856249e+01,-1.389722234166202774e+01,2.687070645649640266e+00,-4.973199941733367879e+00,2.461210723001187872e-01
1.102093782140538458e+01,-1.394890625807738971e+01,2.685801125908233278e+00,-4.966913270621168053e+00,2.410722764706513255e-01
1.103057150831220667e+01,-1.400130882192047999e+01,2.684640429166048836e+00,-4.960650549911077789e+00,2.360204065331900081e-01
1.104020519521903054e+01,-1.405442303225487422e+01,2.683591598028442604e+00,-4.954412722135771219e+00,2.309654555054314606e-01
1.104983888212585263e+01,-1.410824127022199725e+01,2.682657736832346540e+00,-4.948200792502293055e+00,2.259074236966814309e-01
1.105947256903267473e+01,-1.416275526585701705e+01,2.681842018289291918e+00,-4.942015796557661211e+00,2.208463217484852026e-01
1.106910625593949860e+01,-1.421795603153355003e+01,2.681147689686373070e+00,-4.935858758797638579e+00,2.157821713035870670e-01
1.107873994284632069e+01,-1.427383376777925506e+01,2.680578076748322935e+00,-4.929730654327330264e+00,2.107150031093616704e-01
1.108837362975314456e+01,-1.433037775505335354e+01,2.680136583890626145e+00,-4.923632384768904302e+00,2.056448531195421980e-01
1.109800731665996665e+01,-1.438757624887940345e+01,2.679826690610343398e+00,-4.917564775392177623e+00,2.005717577484884828e-01
1.110764100356678874e+01,-1.444541639426528867e+01,2.679651944863441493e+00,-4.911528594167858586e+00,1.954957496811799700e-01
1.111727469047361438e+01,-1.450388416898141841e+01,2.679615955129277083e+00,-4.905524586966556022e+00,1.904168554763580046e-01
1.112690837738043648e+01,-1.456296435587459470e+01,2.679722383199788283e+00,-4.899553518362083970e+00,1.853350956691283413e-01
1.113654206428725857e+01,-1.462264053479372095e+01,2.679974939440905590e+00,-4.893616205851230916e+00,1.802504873400765928e-01
1.114617575119408244e+01,-1.468289507783033976e+01,2.680377381434259298e+00,-4.887713537257321939e+00,1.751630483890844470e-01
1.115580943810090453e+01,-1.474370912958594815e+01,2.680933515765264730e+00,-4.881846466060764556e+00,1.700728022488503244e-01
1.116544312500772662e+01,-1.480506255776960955e+01,2.681647201622883170e+00,-4.876015985923910279e+00,1.649797816440219389e-01
1.117507681191455049e+01,-1.486693386760692448e+01,2.682522354153984878e+00,-4.870223091821761052e+00,1.598840302846420147e-01
1.118471049882137258e+01,-1.492930008388812269e+01,2.683562945398835886e+00,-4.864468739139352849e+00,1.547856019933940841e-01
1.119434418572819467e+01,-1.499213661387198471e+01,2.684773001169832529e+00,-4.858753812687278462e+00,1.496845575241978477e-01
1.120397787263501854e+01,-1.505541710980366688e+01,2.686156593270056625e+00,-4.853079114646509318e+00,1.445809600110276039e-01
1.121361155954184063e+01,-1.511911334973362564e+01,2.687717827672340576e+00,-4.847445374854871147e+00,1.394748703892286223e-01
1.122324524644866628e+01,-1.518319514957173766e+01,2.689460830319950091e+00,-4.841853280245608460e+00,1.343663441382016155e-01
1.123287893335548837e+01,-1.524763030954733800e+01,2.691389732742345942e+00,-4.836303514594437303e+00,1.292554303025000850e-01
1.124251262026231046e+01,-1.531238458742101116e+01,2.693508659529586069e+00,-4.830796796694749595e+00,1.241421730742221646e-01
1.125214630716913433e+01,-1.537742168223628880e+01,2.695821718909018117e+00,-4.825333905555201142e+00,1.190266154624421424e-01
1.126177999407595642e+01,-1.544270320881720160e+01,2.698332996451636046e+00,-4.819915685057484467e+00,1.139088039590079177e-01
1.127141368098277852e+01,-1.550818864583791878e+01,2.701046550670086699e+00,-4.814543026585774932e+00,1.087887928162823009e-01
1.128104736788960238e+01,-1.557383524845213074e+01,2.703966408346075490e+00,-4.809216834647785710e+00,1.036666466678200088e-01
1.129068105479642448e+01,-1.563959792778829794e+01,2.707096557135722836e+00,-4.803937985527736210e+00,9.854244071310937214e-02
1.130031474170324657e+01,-1.570542911067409442e+01,2.710440933450692924e+00,-4.798707291062244806e+00,9.341625840728122465e-02
1.130994842861007044e+01,-1.577127860034395113e+01,2.714003404678548836e+00,-4.793525478107966364e+00,8.828818733333872182e-02
1.131958211551689253e+01,-1.583709346025845477e+01,2.717787746171343777e+00,-4.788393189627372593e+00,8.315831447036368951e-02
1.132921580242371640e+01,-1.590281793799389476e+01,2.721797614681148225e+00,-4.783311006930053288e+00,7.802672224824096225e-02
1.133884948933054027e+01,-1.596839343593826221e+01,2.726036520665880758e+00,-4.778279486359642725e+00,7.289348654564881125e-02
1.134848317623736236e+01,-1.603375852335446794e+01,2.730507801887839037e+00,-4.773299199456262798e+00,6.775867721281948752e-02
1.135811686314418623e+01,-1.609884897402745452e+01,2.735214599967842108e+00,-4.768370764607606560e+00,6.262236095400638969e-02
1.136775055005100832e+01,-1.616359780849674266e+01,2.740159840263427071e+00,-4.763494860726376956e+00,5.748460570737563835e-02
1.137738423695783041e+01,-1.622793532156432761e+01,2.745346214007354124e+00,-4.758672218809677723e+00,5.234548521803705778e-02
1.138701792386465428e+01,-1.629178908401658887e+01,2.750776160522950597e+00,-4.753903593773513236e+00,4.720508244351762084e-02
1.139665161077147637e+01,-1.635508391989275623e+01,2.756451846889822033e+00,-4.749189724781946786e+00,4.206349077650901186e-02
1.140628529767829846e+01,-1.641774187339800406e+01,2.762375142828525920e+00,-4.744531295684270233e+00,3.692081271486418598e-02
1.141591898458512233e+01,-1.647968218870324364e+01,2.768547589708650669e+00,-4.739928907135270819e+00,3.177715636274244804e-02
1.142555267149194442e+01,-1.654082132843942787e+01,2.774970364129402789e+00,-4.735383068516080485e+00,2.663263078682305898e-02
1.143518635839876829e+01,-1.660107305171797165e+01,2.781644238006486081e+00,-4.730894211920977810e+00,2.148734158862213028e-02
1.144482004530559216e+01,-1.666034856137000020e+01,2.788569538063352837e+00,-4.726462723958150036e+00,1.634138798881661428e-02
1.145445373221241425e+01,-1.671855671615168504e+01,2.795746107761337029e+00,-4.722088985855996235e+00,1.119486227164816390e-02
1.146408741911923634e+01,-1.677560429122228669e+01,2.803173273959331802e+00,-4.717773409921960592e+00,6.047851739460090303e-03
1.147372110602606021e+01,-1.683139626319735882e+01,2.810849819194802812e+00,-4.713516461489089870e+00,9.004425855708685913e-04
1.148335479293288230e+01,-1.688583609679903930e+01,2.818773958862972773e+00,-4.709318659781731142e+00,-4.247275472860856382e-03
1.149298847983970617e+01,-1.693882601844257607e+01,2.826943321257975317e+00,-4.705180557365942207e+00,-9.395205184324021547e-03
1.150262216674652826e+01,-1.699026727544545778e+01,2.835354927862844043e+00,-4.701102704178527603e+00,-1.454323957268914037e-02
1.151225585365335036e+01,-1.704006039367602554e+01,2.844005171643142926e+00,-4.697085606682900760e+00,-1.969126222689263420e-02
1.152188954056017423e+01,-1.708810545675324022e+01,2.852889792322639728e+00,-4.693129694135302010e+00,-2.483914999758923478e-02
1.153152322746699632e+01,-1.713430243285565169e+01,2.862003849331953731e+00,-4.689235301839858927e+00,-2.998677731709092562e-02
1.154115691437382019e+01,-1.717855156954137996e+01,2.871341694788403842e+00,-4.685402676249533549e+00,-3.513402088016329833e-02
1.155079060128064405e+01,-1.722075386418810083e+01,2.880896949953617447e+00,-4.681632000316609421e+00,-4.028076331766984597e-02
1.156042428818746615e+01,-1.726081160151800020e+01,2.890662488762120841e+00,-4.677923431519159791e+00,-4.542689479361725069e-02
1.157005797509428824e+01,-1.729862893511737099e+01,2.900630431149217259e+00,-4.674277141252770384e+00,-5.057231207044513011e-02
1.157969166200111211e+01,-1.733411248142486727e+01,2.910792147281039188e+00,-4.670693343883441706e+00,-5.571691533574721356e-02
1.158932534890793420e+01,-1.736717189499740499e+01,2.921138271902719019e+00,-4.667172306821488093e+00,-6.086060374495051023e-02
1.159895903581475807e+01,-1.739772040284526611e+01,2.931658726461559006e+00,-4.663714338591006481e+00,-6.600327101342907954e-02
1.160859272272158016e+01,-1.742567529034085538e+01,2.942342745922809755e+00,-4.660319758374592780e+00,-7.114480237639181359e-02
1.161822640962840225e+01,-1.745095834684486391e+01,2.953178907507071127e+00,-4.656988855986991638e+00,-7.628507383028219901e-02
1.162786009653522612e+01,-1.747349629058809484e+01,2.964155159832346786e+00,-4.653721854057301321e+00,-8.142395389512219195e-02
1.163749378344204821e+01,-1.749322119565134415e+01,2.975258852720340741e+00,-4.650518883544173754e+00,-8.656130739255415985e-02
1.164712747034887208e+01,-1.751007093785932867e+01,2.986476769628301220e+00,-4.647379979767570113e+00,-9.169700013926784798e-02
1.165676115725569595e+01,-1.752398966286062532e+01,2.997795165710009258e+00,-4.644305100079543003e+00,-9.683090318577561306e-02
1.166639484416251804e+01,-1.753492826293281581e+01,3.009199814514912141e+00,-4.641294157907035256e+00,-1.019628953656123160e-01
1.167602853106934013e+01,-1.754284483459199606e+01,3.020676065257890119e+00,-4.638347063069262255e+00,-1.070928634198860668e-01
1.168566221797616400e+01,-1.754770508172305910e+01,3.032208910741777785e+00,-4.635463756426891457e+00,-1.122206996788493033e-01
1.169529590488298609e+01,-1.754948263128238040e+01,3.043783063955669554e+00,-4.632644228604256398e+00,-1.173462980039894354e-01
1.170492959178980819e+01,-1.754815924015610662e+01,3.055383039744264728e+00,-4.629888517239305834e+00,-1.224695492077861741e-01
1.171456327869663205e+01,-1.754372488902203386e+01,3.066993237254455718e+00,-4.627196683566069169e+00,-1.275903373221148329e-01
1.172419696560345415e+01,-1.753617777673709455e+01,3.078598019322880130e+00,-4.624568775243674601e+00,-1.327085378350039424e-01
1.173383065251027801e+01,-1.752552424140710130e+01,3.090181786412096621e+00,-4.622004786410039756e+00,-1.378240184334773855e-01
1.174346433941710011e+01,-1.751177863808890933e+01,3.101729044656139411e+00,-4.619504626757494847e+00,-1.429366420496017143e-01
1.175309802632392397e+01,-1.749496319711121117e+01,3.113224469400864614e+00,-4.617068108760943979e+00,-1.480462713264850405e-01
1.176273171323074784e+01,-1.747510787354620021e+01,3.124652966730658399e+00,-4.614694956826054906e+00,-1.531527732018055366e-01
1.177236540013756994e+01,-1.745225018210814127e+01,3.135999735511383335e+00,-4.612384835650907178e+00,-1.582560222722262377e-01
1.178199908704439203e+01,-1.742643499826951725e+01,-3.135934975725549023e+00,-4.610137389422543031e+00,-1.633559019627393860e-01
1.179163277395121590e+01,-1.739771430029118449e+01,-3.124794574210043585e+00,-4.607952280275381618e+00,-1.684523031738770493e-01
1.180126646085803799e+01,-1.736614683032719952e+01,-3.113777900450976688e+00,-4.605829214664440840e+00,-1.735451208250042288e-01
1.181090014776486008e+01,-1.733179766480376216e+01,-3.102897937691573294e+00,-4.603767949884999489e+00,-1.786342493333639148e-01
1.182053383467168395e+01,-1.729473770110182684e+01,-3.092167064824096201e+00,-4.601768278842758519e+00,-1.837195783825726070e-01
1.183016752157850604e+01,-1.725504308385069052e+01,-3.081597012793400481e+00,-4.599829997609669263e+00,-1.888009902482101765e-01
1.183980120848532813e+01,-1.721279460472833023e+01,-3.071198833158025554e+00,-4.597952865389284938e+00,-1.938783594875389260e-01
1.184943489539215200e+01,-1.716807711127158598e+01,-3.060982878280986696e+00,-4.596136568758915963e+00,-1.989515551014518491e-01
1.185906858229897587e+01,-1.712097895242998291e+01,-3.050958790826802769e+00,-4.594380700792092043e+00,-2.040204445460715721e-01
1.186870226920579974e+01,-1.707159147403046262e+01,-3.041135499207976434e+00,-4.592684761268177596e+00,-2.090848984249135678e-01
1.187833595611262183e+01,-1.702000856063170176e+01,-3.031521215643583567e+00,-4.591048177946172260e+00,-2.141447944916188839e-01
1.188796964301944392e+01,-1.696632620668401259e+01,-3.022123434515872287e+00,-4.589470342658882096e+00,-2.192000197972265585e-01
1.189760332992626779e+01,-1.691064209359745973e+01,-3.012948930372809642e+00,-4.587950651608792896e+00,-2.242504703644276620e-01
1.190723701683308988e+01,-1.685305515198001558e+01,-3.004003756667198211e+00,-4.586488538011740168e+00,-2.292960485020597849e-01
1.191687070373991197e+01,-1.679366509875663027e+01,-2.995293247576765516e+00,-4.585083487501949051e+00,-2.343366585702622573e-01
1.192650439064673584e+01,-1.673257195348717374e+01,-2.986822025615455178e+00,-4.583735031812291361e+00,-2.393722024642142565e-01
1.193613807755355793e+01,-1.666987555208719129e+01,-2.978594017117863313e+00,-4.582442722668468527e+00,-2.444025761670490793e-01
1.194577176446038003e+01,-1.660567508478098375e+01,-2.970612476269627766e+00,-4.581206093686052583e+00,-2.494276684060442728e-01
1.195540545136720390e+01,-1.654006868570602151e+01,-2.962880016624244828e+00,-4.580024621606749946e+00,-2.544473618241217538e-01
1.196503913827402599e+01,-1.647315309396599403e+01,-2.955398647542573975e+00,-4.578897698406109384e+00,-2.594615363349663806e-01
1.197467282518084986e+01,-1.640502339251519004e+01,-2.948169812184247007e+00,-4.577824622592650883e+00,-2.644700736845135292e-01
1.198430651208767372e+01,-1.633577281623542987e+01,-2.941194423811420489e+00,-4.576804612347305401e+00,-2.694728618849153712e-01
1.199394019899449582e+01,-1.626549260853974488e+01,-2.934472898178707823e+00,-4.575836836699292753e+00,-2.744697982247725210e-01
1.200357388590131968e+01,-1.619427190037047737e+01,-2.928005181349604857e+00,-4.574920455606485525e+00,-2.794607899801810902e-01
1.201320757280814178e+01,-1.612219758800425495e+01,-2.921790773907197991e+00,-4.574054657180719019e+00,-2.844457526306083950e-01
1.202284125971496387e+01,-1.604935419556615983e+01,-2.915828753717961686e+00,-4.573238681146309048e+00,-2.894246061209092002e-01
1.203247494662178774e+01,-1.597582372141577167e+01,-2.910117799812269368e+00,-4.572471821693790517e+00,-2.943972702879945613e-01
1.204210863352860983e+01,-1.590168548034464457e+01,-2.904656219467933287e+00,-4.571753408984638334e+00,-2.993636608171664770e-01
1.205174232043543192e+01,-1.582701596184241666e+01,-2.899441979402206382e+00,-4.571082774876474630e+00,-3.043236869361092833e-01
1.206137600734225579e+01,-1.575188872605909118e+01,-2.894472740484907547e+00,-4.570459213104282270e+00,-3.092772515404249023e-01
1.207100969424907788e+01,-1.567637435324656892e+01,-2.889745894057653253e+00,-4.569881945793424549e+00,-3.142242537254247292e-01
1.208064338115590175e+01,-1.560054045137341205e+01,-2.885258597195099917e+00,-4.569350106309512327e+00,-3.191645929872330978e-01
1.209027706806272562e+01,-1.552445171381200240e+01,-2.881007804297859742e+00,-4.568862743621654232e+00,-3.240981738625259290e-01
1.209991075496954771e+01,-1.544817000847714894e+01,-2.876990293234746421e+00,-4.568418846997420069e+00,-3.290249096463236933e-01
1.210954444187637158e+01,-1.537175447473433820e+01,-2.873202685588099659e+00,-4.568017383838903989e+00,-3.339447240995910837e-01
1.211917812878319367e+01,-1.529526160623123943e+01,-2.869641461984875352e+00,-4.567657339586631338e+00,-3.388575506524375558e-01
1.212881181569001576e+01,-1.521874530583271223e+01,-2.866302974583701424e+00,-4.567337748009141052e+00,-3.437633293488273623e-01
1.213844550259683963e+01,-1.514225691047979794e+01,-2.863183459215000948e+00,-4.567057703040886096e+00,-3.486620024460859169e-01
1.214807918950366172e+01,-1.506584519543510403e+01,-2.860279049326969414e+00,-4.566816348788671931e+00,-3.535535099798342573e-01
1.215771287641048382e+01,-1.498955637549759068e+01,-2.857585792901688571e+00,-4.566612850783334565e+00,-3.584377866147797631e-01
1.216734656331730768e+01,-1.491343412300699889e+01,-2.855099672191999893e+00,-4.566446357100063302e+00,-3.633147607211998364e-01
1.217698025022412978e+01,-1.483751961829689314e+01,-2.852816624901085341e+00,-4.566315960967320287e+00,-3.681843559584604408e-01
1.218661393713095364e+01,-1.476185163913768683e+01,-2.850732564656303758e+00,-4.566220676044988380e+00,-3.730464949052404444e-01
1.219624762403777751e+01,-1.468646668454748827e+01,-2.848843398542044270e+00,-4.566159431807004232e+00,-3.779011036705905990e-01
1.220588131094459960e+01,-1.461139911860020391e+01,-2.847145040064834820e+00,-4.566131090519495395e+00,-3.827481161295879231e-01
1.221551499785142170e+01,-1.453668131447670575e+01,-2.845633417028591516e+00,-4.566134480920482019e+00,-3.875874765380168951e-01
1.222514868475824557e+01,-1.446234377954333894e+01,-2.844304475053273773e+00,-4.566168438768969828e+00,-3.924191397595217512e-01
1.223478237166506766e+01,-1.438841524843081210e+01,-2.843154178493195516e+00,-4.566231842400755525e+00,-3.972430690443725099e-01
1.224441605857189153e+01,-1.431492274095035455e+01,-2.842178510997519059e+00,-4.566323632905432639e+00,-4.020592320227108218e-01
1.225404974547871362e+01,-1.424189159217951861e+01,-2.841373477769263189e+00,-4.566442813087838282e+00,-4.068675961028449528e-01
1.226368343238553571e+01,-1.416934547000877487e+01,-2.840735110791047902e+00,-4.566588425652196470e+00,-4.116681246407941641e-01
1.227331711929235958e+01,-1.409730639852880429e+01,-2.840259477145995692e+00,-4.566759517192627627e+00,-4.164607750188445423e-01
1.228295080619918167e+01,-1.402579480303892900e+01,-2.839942689421577793e+00,-4.566955098772326416e+00,-4.212454992059526671e-01
1.229258449310600554e+01,-1.395482958508466353e+01,-2.839780916386429155e+00,-4.567174114883206570e+00,-4.260222466384220308e-01
1.230221818001282941e+01,-1.388442822611716743e+01,-2.839770391907985303e+00,-4.567415430099853069e+00,-4.307909685726583060e-01
1.231185186691965150e+01,-1.381460690912654243e+01,-2.839907420487262080e+00,-4.567677837508238525e+00,-4.355516226259978363e-01
1.232148555382647359e+01,-1.374538064171487406e+01,-2.840188378689980198e+00,-4.567960086549398113e+00,-4.403041761655780983e-01
1.233111924073329746e+01,-1.367676336325924957e+01,-2.840609712868336079e+00,-4.568260922175035432e+00,-4.450486075455572510e-01
1.234075292764011955e+01,-1.360876802322439261e+01,-2.841167934555058672e+00,-4.568579123865585068e+00,-4.497849048290563645e-01
1.235038661454694164e+01,-1.354140662590051747e+01,-2.841859615475344381e+00,-4.568913533100989355e+00,-4.545130623748995791e-01
1.236002030145376551e+01,-1.347469024632911250e+01,-2.842681384100816278e+00,-4.569263061289539962e+00,-4.592330763005428307e-01
1.236965398836058760e+01,-1.340862903006674856e+01,-2.843629925079168785e+00,-4.569626675940356542e+00,-4.639449401647759430e-01
1.237928767526741147e+01,-1.334323219338889466e+01,-2.844701981900719545e+00,-4.570003369300819074e+00,-4.686486421485264176e-01
1.238892136217423356e+01,-1.327850803943821667e+01,-2.845894362107077580e+00,-4.570392118867743214e+00,-4.733441645686600197e-01
1.239855504908105743e+01,-1.321446400009590683e+01,-2.847203943525233871e+00,-4.570791851585486398e+00,-4.780314858691997459e-01
1.240818873598788130e+01,-1.315110670480170540e+01,-2.848627679664959444e+00,-4.571201422453553320e+00,-4.827105845011353535e-01
1.241782242289470339e+01,-1.308844206878381833e+01,-2.850162602643086629e+00,-4.571619614003401111e+00,-4.873814435428789338e-01
1.242745610980152549e+01,-1.302647538681827655e+01,-2.851805822717661698e+00,-4.572045156929595677e+00,-4.920440546939018334e-01
1.243708979670834935e+01,-1.296521141658141474e+01,-2.853554524503422840e+00,-4.572476765900692186e+00,-4.966984204591327612e-01
1.244672348361517145e+01,-1.290465443843613969e+01,-2.855405960896687745e+00,-4.572913180082814222e+00,-5.013445538766171383e-01
1.245635717052199354e+01,-1.284480828519475892e+01,-2.857357446375661247e+00,-4.573353196512671914e+00,-5.059824758674985601e-01
1.246599085742881741e+01,-1.278567634395745323e+01,-2.859406351475131558e+00,-4.573795686570944596e+00,-5.106122109906382489e-01
1.247562454433563950e+01,-1.272726153994568676e+01,-2.861550099829745175e+00,-4.574239590805514233e+00,-5.152337828560255018e-01
1.248525823124246159e+01,-1.266956631700102598e+01,-2.863786168367020046e+00,-4.574683893759462272e+00,-5.198472105519222897e-01
1.249489191814928546e+01,-1.261259262972663286e+01,-2.866112090258914780e+00,-4.575127586374351019e+00,-5.244525071405329308e-01
1.250452560505610933e+01,-1.255634195808338127e+01,-2.868525459402484490e+00,-4.575569627215693380e+00,-5.290496806646938222e-01
1.251415929196293320e+01,-1.250081534792660598e+01,-2.871023934744596495e+00,-4.576008914115770487e+00,-5.336387373647628607e-01
1.252379297886975529e+01,-1.244601347272051228e+01,-2.873605242823538131e+00,-4.576444274745739449e+00,-5.382196861505624819e-01
1.253342666577657738e+01,-1.239193670497582822e+01,-2.876267177446845569e+00,-4.576874479026605158e+00,-5.427925430014729491e-01
1.254306035268340125e+01,-1.233858518280297289e+01,-2.879007596289506310e+00,-4.577298269824523480e+00,-5.473573339887197742e-01
1.255269403959022334e+01,-1.228595885825289713e+01,-2.881824415116466920e+00,-4.577714402963138696e+00,-5.519140960213093638e-01
1.256232772649704543e+01,-1.223405751938897623e+01,-2.884715601032193710e+00,-4.578121684826312432e+00,-5.564628750904948573e-01
1.257196141340386930e+01,-1.218288078566630261e+01,-2.887679166431486699e+00,-4.578518996535646757e+00,-5.610037225277488826e-01
1.258159510031069139e+01,-1.213242808387630589e+01,-2.890713165093990789e+00,-4.578905297658640627e+00,-5.655366903789859068e-01
1.259122878721751349e+01,-1.208269861734618900e+01,-2.893815691205350316e+00,-4.579279608460081974e+00,-5.700618272592155034e-01
1.260086247412433735e+01,-1.203369134266692164e+01,-2.896984881203091611e+00,-4.579640976058774626e+00,-5.745791759094706075e-01
1.261049616103116122e+01,-1.198540496553347268e+01,-2.900218917502230376e+00,-4.579988434614612913e+00,-5.790887731738740829e-01
1.262012984793798509e+01,-1.193783796117037710e+01,-2.903516032605740538e+00,-4.580320971437265243e+00,-5.835906523981797545e-01
1.262976353484480718e+01,-1.189098861715066491e+01,-2.906874512009288036e+00,-4.580637509154165343e+00,-5.880848475341617920e-01
1.263939722175162927e+01,-1.184485508950522359e+01,-2.910292694691252624e+00,-4.580936909321048134e+00,-5.925713977290459900e-01
1.264903090865845314e+01,-1.179943545891893386e+01,-2.913768970718687790e+00,-4.581217996509648671e+00,-5.970503510353369903e-01
1.265866459556527523e+01,-1.175472777371392041e+01,-2.917301776372311917e+00,-4.581479595844166752e+00,-6.015217661365224178e-01
1.266829828247209733e+01,-1.171073007021355927e+01,-2.920889587936744469e+00,-4.581720572975030770e+00,-6.059857115712516951e-01
1.267793196937892120e+01,-1.166744036775796012e+01,-2.924530915695148447e+00,-4.581939864754876801e+00,-6.104422626789134387e-01
1.268756565628574329e+01,-1.162485664307667044e+01,-2.928224299596505986e+00,-4.582136491632285313e+00,-6.148914971639383165e-01
1.269719934319256538e+01,-1.158297679468879693e+01,-2.931968307554579933e+00,-4.582309548189087423e+00,-6.193334905849261496e-01
1.270683303009938925e+01,-1.154179861072533519e+01,-2.935761536546968919e+00,-4.582458174716133925e+00,-6.237683130968514345e-01
1.271646671700621312e+01,-1.150131975227130177e+01,-2.939602615849178147e+00,-4.582581518334388981e+00,-6.281960284034920905e-01
1.272610040391303521e+01,-1.146153775943127329e+01,-2.943490211112005372e+00,-4.582678695262184299e+00,-6.326166952227486595e-01
1.273573409081985908e+01,-1.142245008032718445e+01,-2.947423027755794678e+00,-4.582748765488522835e+00,-6.370303708234117401e-01
1.274536777772668117e+01,-1.138405411624993846e+01,-2.951399812378859178e+00,-4.582790727437939360e+00,-6.414371155785103529e-01
1.275500146463350504e+01,-1.134634727129379428e+01,-2.955419351488615565e+00,-4.582803534291933545e+00,-6.458369971792558006e-01
1.276463515154032713e+01,-1.130932699344713654e+01,-2.959480467676668169e+00,-4.582786127218366090e+00,-6.502300932539795131e-01
1.277426883844714922e+01,-1.127299079667002424e+01,-2.963582014128663289e+00,-4.582737475752682421e+00,-6.546164916085859264e-01
1.278390252535397309e+01,-1.123733625915964751e+01,-2.967722868856688567e+00,-4.582656613455874606e+00,-6.589962880091879693e-01
1.279353621226079518e+01,-1.120236100007078228e+01,-2.971901930120039115e+00,-4.582542658371231425e+00,-6.633695821552024752e-01
1.280316989916761727e+01,-1.116806264329583698e+01,-2.976118114139384652e+00,-4.582394812301892273e+00,-6.677364730268716686e-01
1.281280358607444114e+01,-1.113443878063111114e+01,-2.980370355520951531e+00,-4.582212339200958162e+00,-6.720970549762262936e-01
1.282243727298126323e+01,-1.110148694667028302e+01,-2.984657609999473937e+00,-4.581994529149344686e+00,-6.764514157102365921e-01
1.283207095988808710e+01,-1.106920461409564993e+01,-2.988978858423556595e+00,-4.581740658662221577e+00,-6.807996367544062455e-01
1.284170464679491097e+01,-1.103758921180639341e+01,-2.993333110548572318e+00,-4.581449959149876072e+00,-6.851417962504560144e-01
1.285133833370173306e+01,-1.100663816141007878e+01,-2.997719407274900494e+00,-4.581121602941655269e+00,-6.894779732504915382e-01
1.286097202060855516e+01,-1.097634892207885393e+01,-3.002136820448648269e+00,-4.580754711078713015e+00,-6.938082522268931296e-01
1.287060570751537902e+01,-1.094671903127589552e+01,-3.006584450081855486e+00,-4.580348380633003202e+00,-6.981327264533142563e-01
1.288023939442220112e+01,-1.091774613011628858e+01,-3.011061419626896107e+00,-4.579901723526481838e+00,-7.024514992465236141e-01
1.288987308132902498e+01,-1.088942796673865132e+01,-3.015566870522771836e+00,-4.579413905418249442e+00,-7.067646826923287273e-01
1.289950676823584708e+01,-1.086176237763118735e+01,-3.020099957446193084e+00,-4.578884173207026898e+00,-7.110723942238417195e-01
1.290914045514266917e+01,-1.083474725340292366e+01,-3.024659845485867304e+00,-4.578311863067894727e+00,-7.153747520562449003e-01
1.291877414204949304e+01,-1.080838050006274287e+01,-3.029245709880778126e+00,-4.577696386706408660e+00,-7.196718708206490955e-01
1.292840782895631513e+01,-1.078266000811009917e+01,-3.033856738197216352e+00,-4.577037199963182701e+00,-7.239638586804175713e-01
1.293804151586313900e+01,-1.075758363929989159e+01,-3.038492134094841646e+00,-4.576333763126792853e+00,-7.282508167740265881e-01
1.294767520276996287e+01,-1.073314923556995915e+01,-3.043151121365295531e+00,-4.575585504765639300e+00,-7.325328411393050576e-01
1.295730888967678496e+01,-1.070935464793350711e+01,-3.047832946856027014e+00,-4.574791799843583640e+00,-7.368100265389357917e-01
1.296694257658360705e+01,-1.068619777714562780e+01,-3.052536881236065813e+00,-4.573951968650604272e+00,-7.410824710440532259e-01
1.297657626349043092e+01,-1.066367661443955228e+01,-3.057262217214666844e+00,-4.573065296912264266e+00,-7.453502800084310653e-01
1.298620995039725301e+01,-1.064178927063254676e+01,-3.062008265591032341e+00,-4.572131071167799377e+00,-7.496135682464645233e-01
1.299584363730407510e+01,-1.062053398540553850e+01,-3.066774350163896656e+00,-4.571148618984489431e+00,-7.538724597603287947e-01
1.300547732421089897e+01,-1.059990911450097428e+01,-3.071559802869718858e+00,-4.570117342144502715e+00,-7.581270850876834499e-01
1.301511101111772106e+01,-1.057991309917470346e+01,-3.076363960447414669e+00,-4.569036733023148500e+00,-7.623775770459524370e-01
1.302474469802454493e+01,-1.056054442750681233e+01,-3.081186163468736083e+00,-4.567906369357061180e+00,-7.666240661238921117e-01
1.303437838493136702e+01,-1.054180159955346952e+01,-3.086025757865469288e+00,-4.566725889001121530e+00,-7.708666768752612253e-01
1.304401207183819089e+01,-1.052368310710882682e+01,-3.090882098340004269e+00,-4.565494952198428713e+00,-7.751055263721954303e-01
1.305364575874501476e+01,-1.050618743441784453e+01,-3.095754552487251399e+00,-4.564213202582692475e+00,-7.793407251654804746e-01
1.306327944565183685e+01,-1.048931307987384365e+01,-3.100642504249712772e+00,-4.562880238503205454e+00,-7.835723804562461092e-01
1.307291313255865894e+01,-1.047305859243940063e+01,-3.105545355533980256e+00,-4.561495603200498294e+00,-7.878006005286247726e-01
1.308254681946548281e+01,-1.045742261212824786e+01,-3.110462525373112186e+00,-4.560058796773244438e+00,-7.920254991197082095e-01
1.309218050637230490e+01,-1.044240390268804575e+01,-3.115393446757723339e+00,-4.558569306420439560e+00,-7.962471984220766963e-01
1.310181419327912700e+01,-1.042800136697759505e+01,-3.120337561958016703e+00,-4.557026646029638250e+00,-8.004658298196115629e-01
1.311144788018595086e+01,-1.041421404072375978e+01,-3.125294317610362249e+00,-4.555430393415596413e+00,-8.046815321289559897e-01
1.312108156709277296e+01,-1.040104106681202190e+01,-3.130263160911165965e+00,-4.553780214212505228e+00,-8.088944478578669051e-01
1.313071525399959505e+01,-1.038848165807393364e+01,-3.135243537927960400e+00,-4.552075865378878206e+00,-8.131047185788677911e-01
1.314034894090641892e+01,-1.037653505994832237e+01,-3.140234894403458821e+00,-4.550317177314377126e+00,-8.173124807782262691e-01
1.314998262781324279e+01,-1.036520052439708550e+01,3.137948628496578518e+00,-4.548504019922277486e+00,-8.215178633989095314e-01
1.315961631472006665e+01,-1.035447730305556213e+01,3.132936961416985078e+00,-4.546636262702992148e+00,-8.257209877939001297e-01
1.316925000162688875e+01,-1.034436466181739966e+01,3.127915946057060026e+00,-4.544713740726844975e+00,-8.299219700919650000e-01
1.317888368853371084e+01,-1.033486191262583453e+01,3.122886104100157212e+00,-4.542736236586369714e+00,-8.341209252633750015e-01
1.318851737544053471e+01,-1.032596845309253908e+01,3.117847944343269617e+00,-4.540703483689666697e+00,-8.383179716698406780e-01
1.319815106234735680e+01,-1.031768380222786874e+01,3.112801965078229038e+00,-4.538615189931342719e+00,-8.425132347400293709e-01
1.320778474925417889e+01,-1.031000762173953333e+01,3.107748658304257283e+00,-4.536471074741302623e+00,-8.467068486716514686e-01
1.321741843616100276e+01,-1.030293971668263353e+01,3.102688514623582527e+00,-4.534270908551139456e+00,-8.508989556461299397e-01
1.322705212306782485e+01,-1.029648001542674329e+01,3.097622027467727968e+00,-4.532014543006225082e+00,-8.550897027788580962e-01
1.323668580997464694e+01,-1.029062853509216957e+01,3.092549695502969875e+00,-4.529701922997471542e+00,-8.592792376986292391e-01
1.324631949688147081e+01,-1.028538534294842322e+01,3.087472022608926725e+00,-4.527333076975334158e+00,-8.634677040553416782e-01
1.325595318378829468e+01,-1.028075052546533463e+01,3.082389515550758574e+00,-4.524908088441926601e+00,-8.676552382756033133e-01
1.326558687069511855e+01,-1.027672417440518871e+01,3.077302680155617587e+00,-4.522427057089571711e+00,-8.718419685154507048e-01
1.327522055760194064e+01,-1.027330639423347236e+01,3.072212017251281235e+00,-4.519890061114438140e+00,-8.760280161080619132e-01
1.328485424450876273e+01,-1.027049732873648757e+01,3.067118019695633357e+00,-4.517297131878023286e+00,-8.802134990651090396e-01
1.329448793141558660e+01,-1.026829719897799009e+01,3.062021171498751748e+00,-4.514648248423908328e+00,-8.843985365823843203e-01
1.330412161832240869e+01,-1.026670634132651649e+01,3.056921949412663153e+00,-4.511943353470248219e+00,-8.885832532034759756e-01
1.331375530522923079e+01,-1.026572523425785022e+01,3.051820826624877192e+00,-4.509182386135507592e+00,-8.927677813973887710e-01
1.332338899213605465e+01,-1.026535450599176791e+01,3.046718277561733856e+00,-4.506365321700453563e+00,-8.969522617765378625e-01
1.333302267904287675e+01,-1.026559492075585567e+01,3.041614782474932888e+00,-4.503492206630594907e+00,-9.011368408809254937e-01
1.334265636594969884e+01,-1.026644734786664692e+01,3.036510830549172368e+00,-4.500563178493594663e+00,-9.053216671751846967e-01
1.335229005285652271e+01,-1.026791272296570057e+01,3.031406920711370301e+00,-4.497578464886042404e+00,-9.095068864340395409e-01
1.336192373976334657e+01,-1.026999201310284171e+01,3.026303560010419780e+00,-4.494538361703889429e+00,-9.136926378720106046e-01
1.337155742667016867e+01,-1.027268619621482237e+01,3.021201260164830149e+00,-4.491443197207316551e+00,-9.178790521517720125e-01
1.338119111357699254e+01,-1.027599626124260013e+01,3.016100533426061769e+00,-4.488293292532278045e+00,-9.220662518482907188e-01
1.339082480048381463e+01,-1.027992322895089750e+01,3.011001889112729923e+00,-4.485088930344117486e+00,-9.262543542180793343e-01
1.340045848739063850e+01,-1.028446818730617984e+01,3.005905831972788267e+00,-4.481830340907047017e+00,-9.304434754402768348e-01
1.341009217429746059e+01,-1.028963233089304197e+01,3.000812862985864804e+00,-4.478517709676663294e+00,-9.346337350609723593e-01
1.341972586120428268e+01,-1.029541699261650400e+01,2.995723482488907852e+00,-4.475151204143903882e+00,-9.388252593129831070e-01
1.342935954811110655e+01,-1.030182365822413360e+01,2.990638194813013406e+00,-4.471731011957774449e+00,-9.430181823173721112e-01
1.343899323501792864e+01,-1.030885395930830661e+01,2.985557513166206434e+00,-4.468257379018966802e+00,-9.472126448011253252e-01
1.344862692192475073e+01,-1.031650964688571293e+01,2.980481963422054736e+00,-4.464730636253327667e+00,-9.514087907012830359e-01
1.345826060883157460e+01,-1.032479255347407587e+01,2.975412085800640316e+00,-4.461151207134664176e+00,-9.556067626514130886e-01
1.346789429573839847e+01,-1.033370455504814700e+01,2.970348434059634890e+00,-4.457519593732921059e+00,-9.598066976764318969e-01
1.347752798264522056e+01,-1.034324754431700200e+01,2.965291572560667444e+00,-4.453836345423964893e+00,-9.640087243588820742e-01
1.348716166955204443e+01,-1.035342342339528443e+01,2.960242072216263676e+00,-4.450102019526704034e+00,-9.682129623028722376e-01
1.349679535645886652e+01,-1.036423411814202211e+01,2.955200506663324234e+00,-4.446317145513956071e+00,-9.724195240406889873e-01
1.350642904336568861e+01,-1.037568160994358735e+01,2.950167449947476594e+00,-4.442482203373103289e+00,-9.766285188035782605e-01
1.351606273027251248e+01,-1.038776797546536912e+01,2.945143476555980744e+00,-4.438597622490926042e+00,-9.808400570266937457e-01
1.352569641717933457e+01,-1.040049542246821801e+01,2.940129163937789336e+00,-4.434663801351811152e+00,-9.850542542418601055e-01
1.353533010408615844e+01,-1.041386631091750914e+01,2.935125096906540332e+00,-4.430681142173721554e+00,-9.892712331943642745e-01
1.354496379099298053e+01,-1.042788315297710433e+01,2.930131872758134914e+00,-4.426650090187092879e+00,-9.934911235469878754e-01
1.355459747789980263e+01,-1.044254859178205308e+01,2.925150105718871352e+00,-4.422571165895900158e+00,-9.977140592495556959e-01
1.356423116480662650e+01,-1.045786536524026467e+01,2.920180429538770106e+00,-4.418444980748178708e+00,-1.001940174343407541e+00
1.357386485171345036e+01,-1.047383626561947345e+01,2.915223497599841895e+00,-4.414272231564014604e+00,-1.006169598432832490e+00
1.358349853862027246e+01,-1.049046410697385134e+01,2.910279980655602117e+00,-4.410053675361797154e+00,-1.010402453152798419e+00
1.359313222552709632e+01,-1.050775171015132159e+01,2.905350563033168854e+00,-4.405790092024087556e+00,-1.014638850665925407e+00
1.360276591243391842e+01,-1.052570190987638377e+01,2.900435938598206143e+00,-4.401482245835127927e+00,-1.018878894619706044e+00
1.361239959934074051e+01,-1.054431758178394141e+01,2.895536807864219853e+00,-4.397130857242350643e+00,-1.023122683266086907e+00
1.362203328624756438e+01,-1.056360168126474974e+01,2.890653877294976137e+00,-4.392736593153014901e+00,-1.027370313805660906e+00
1.363166697315438647e+01,-1.058355728238094073e+01,2.885787861200006521e+00,-4.388300078578487806e+00,-1.031621886657204445e+00
1.364130066006120856e+01,-1.060418760501078239e+01,2.880939485851279347e+00,-4.383821926113747658e+00,-1.035877508376878975e+00
1.365093434696803243e+01,-1.062549602183517727e+01,2.876109494785010767e+00,-4.379302774461686809e+00,-1.040137292352654397e+00
1.366056803387485452e+01,-1.064748604276514499e+01,2.871298653896096287e+00,-4.374743324542803791e+00,-1.044401357059152824e+00
1.367020172078167839e+01,-1.067016128114953233e+01,2.866507754992416945e+00,-4.370144362457102361e+00,-1.048669822380593919e+00
1.367983540768850048e+01,-1.069352541157464742e+01,2.861737616936622430e+00,-4.365506762468177371e+00,-1.052942805080824051e+00
1.368946909459532435e+01,-1.071758213162595830e+01,2.856989084228249709e+00,-4.360831469099638369e+00,-1.057220414750619009e+00
1.369910278150214822e+01,-1.074233513883833702e+01,2.852263023652982010e+00,-4.356119463616538567e+00,-1.061502751419571178e+00
1.370873646840897031e+01,-1.076778812953861575e+01,2.847560320216642626e+00,-4.351371724777943761e+00,-1.065789905525693193e+00
1.371837015531579240e+01,-1.079394481971642605e+01,2.842881873810611637e+00,-4.346589195428556707e+00,-1.070081960237140306e+00
1.372800384222261627e+01,-1.082080898140634950e+01,2.838228597851706780e+00,-4.341772764752204417e+00,-1.074378995424284833e+00
1.373763752912943836e+01,-1.084838448332146399e+01,2.833601420561412620e+00,-4.336923271359754750e+00,-1.078681092092813376e+00
1.374727121603626045e+01,-1.087667532308333307e+01,2.829001288767757583e+00,-4.332041526208898929e+00,-1.082988335953648296e+00
1.375690490294308432e+01,-1.090568564078767011e+01,2.824429173361392653e+00,-4.327128348482686349e+00,-1.087300819062735791e+00
1.376653858984990642e+01,-1.093541970913696382e+01,2.819886075041483142e+00,-4.322184603725483854e+00,-1.091618639036435301e+00
1.377617227675673028e+01,-1.096588190233371662e+01,2.815373028897790064e+00,-4.317211232878901406e+00,-1.095941896066482402e+00
1.378580596366355238e+01,-1.099707665228016396e+01,2.810891106722602562e+00,-4.312209263566540329e+00,-1.100270688609458647e+00
1.379543965057037624e+01,-1.102900840445929020e+01,2.806441416629056107e+00,-4.307179800239262946e+00,-1.104605109016861375e+00
1.380507333747720011e+01,-1.106168158600630846e+01,2.802025100368322974e+00,-4.302123996051065546e+00,-1.108945240387781750e+00
1.381470702438402220e+01,-1.109510059484989952e+01,2.797643329443004312e+00,-4.297043014735834277e+00,-1.113291155562700752e+00
1.382434071129084430e+01,-1.112926981246729241e+01,2.793297301495119900e+00,-4.291937993700577714e+00,-1.117642918542133490e+00
1.383397439819766817e+01,-1.116419363563776024e+01,2.788988238387046792e+00,-4.286810019172640374e+00,-1.122000587895988666e+00
1.384360808510449026e+01,-1.119987651674079032e+01,2.784717386906838676e+00,-4.281660120654209756e+00,-1.126364221141191280e+00
1.385324177201131235e+01,-1.123632299939410117e+01,2.780486022258219947e+00,-4.276489286211853091e+00,-1.130733878780160406e+00
1.386287545891813622e+01,-1.127353773741850418e+01,2.776295453669474611e+00,-4.271298493959882592e+00,-1.135109626795085980e+00
1.387250914582495831e+01,-1.131152548992816165e+01,2.772147030822424085e+00,-4.266088750309448230e+00,-1.139491536851678255e+00
1.388214283273178040e+01,-1.135029109236389822e+01,2.768042149554965636e+00,-4.260861123565100606e+00,-1.143879684144965214e+00
1.389177651963860427e+01,-1.138983941042117642e+01,2.763982255506520325e+00,-4.255616762841617273e+00,-1.148274143517529655e+00
1.390141020654542814e+01,-1.143017528892850798e+01,2.759968844994766357e+00,-4.250356896629395642e+00,-1.152674984990879725e+00
1.391104389345225201e+01,-1.147130350924777709e+01,2.756003463252102659e+00,-4.245082811363628750e+00,-1.157082270022671944e+00
1.392067758035907410e+01,-1.151322876620247193e+01,2.752087700960575312e+00,-4.239795816265019113e+00,-1.161496049585963641e+00
1.393031126726589619e+01,-1.155595566962105281e+01,2.748223190560465934e+00,-4.234497204769184009e+00,-1.165916364626148782e+00
1.393994495417272006e+01,-1.159948876805682438e+01,2.744411603905606345e+00,-4.229188223852752060e+00,-1.170343248747216958e+00
1.394957864107954215e+01,-1.164383258536092924e+01,2.740654652463714314e+00,-4.223870060208658295e+00,-1.174776732319939176e+00
1.395921232798636424e+01,-1.168899165662230999e+01,2.736954090519934990e+00,-4.218543847223227949e+00,-1.179216846785427153e+00
1.396884601489318811e+01,-1.173497054983199739e+01,2.733311720955406088e+00,-4.213210690546321580e+00,-1.183663627871833324e+00
1.397847970180001020e+01,-1.178177386357284639e+01,2.729729402405231653e+00,-4.207871704548125535e+00,-1.188117116765609049e+00
1.398811338870683230e+01,-1.182940619793816950e+01,2.726209056184679902e+00,-4.202528048746042799e+00,-1.192577358885414274e+00
1.399774707561365616e+01,-1.187787210369771707e+01,2.722752671438142702e+00,-4.197180953309240792e+00,-1.197044400616532833e+00
1.400738076252048003e+01,-1.192717602111030395e+01,2.719362307498620179e+00,-4.191831725993575120e+00,-1.201518284966447192e+00
1.401701444942730213e+01,-1.197732222278452774e+01,2.716040093291156143e+00,-4.186481738361368166e+00,-1.205999047419950232e+00
1.402664813633412599e+01,-1.202831477366168400e+01,2.712788224520515268e+00,-4.181132395267422197e+00,-1.210486713211318177e+00
1.403628182324094809e+01,-1.208015751588145115e+01,2.709608960078567108e+00,-4.175785096532427687e+00,-1.214981296810307754e+00
1.404591551014777195e+01,-1.213285407853928888e+01,2.706504619377327003e+00,-4.170441202018207782e+00,-1.219482803763046963e+00
1.405554919705459405e+01,-1.218640790446271716e+01,2.703477582072056240e+00,-4.165102010292730306e+00,-1.223991234332626910e+00
1.406518288396141614e+01,-1.224082228049844190e+01,2.700530290950729828e+00,-4.159768757035935849e+00,-1.228506587853247733e+00
1.407481657086824001e+01,-1.229610035614716068e+01,2.697665257833153696e+00,-4.154442633488225844e+00,-1.233028866502888121e+00
1.408445025777506210e+01,-1.235224513826522141e+01,2.694885071423371414e+00,-4.149124819315521684e+00,-1.237558077373816401e+00
1.409408394468188419e+01,-1.240925945616445958e+01,2.692192405465096972e+00,-4.143816520010031645e+00,-1.242094232225656070e+00
1.410371763158870806e+01,-1.246714589983976929e+01,2.689590025445864008e+00,-4.138518997619491380e+00,-1.246637344992157281e+00
1.411335131849553193e+01,-1.252590674172036600e+01,2.687080792520215589e+00,-4.133233585586927106e+00,-1.251187427777049166e+00
1.412298500540235402e+01,-1.258554385694369238e+01,2.684667664155028888e+00,-4.127961683193660747e+00,-1.255744486520086411e+00
1.413261869230917789e+01,-1.264605865724396594e+01,2.682353691995070566e+00,-4.122704731133414846e+00,-1.260308517610189805e+00
1.414225237921599998e+01,-1.270745204902851100e+01,2.680142018305125440e+00,-4.117464175318364283e+00,-1.264879506440811152e+00
1.415188606612282207e+01,-1.276972441837519234e+01,2.678035872803750106e+00,-4.112241429482460298e+00,-1.269457428327198878e+00
1.416151975302964594e+01,-1.283287563684184818e+01,2.676038571616908612e+00,-4.107037847483006487e+00,-1.274042251506795731e+00
1.417115343993646803e+01,-1.289690507479640580e+01,2.674153519463904338e+00,-4.101854713314846634e+00,-1.278633941329143653e+00
1.418078712684329190e+01,-1.296181160566099777e+01,2.672384215220412695e+00,-4.096693251601212005e+00,-1.283232464392050742e+00
1.419042081375011399e+01,-1.302759358608682305e+01,2.670734259971021096e+00,-4.091554655267689355e+00,-1.287837791399165654e+00
1.420005450065693609e+01,-1.309424880323448548e+01,2.669207365878268234e+00,-4.086440122032134248e+00,-1.292449897894456523e+00
1.420968818756375995e+01,-1.316177438923654108e+01,2.667807363899521889e+00,-4.081350888751348549e+00,-1.297068762658331043e+00
1.421932187447058382e+01,-1.323016671190922544e+01,2.666538208675415689e+00,-4.076288253316411314e+00,-1.301694364241867907e+00
1.422895556137740591e+01,-1.329942125712334899e+01,2.665403979715673000e+00,-4.071253577484386987e+00,-1.306326676665364506e+00
1.423858924828422978e+01,-1.336953251995832304e+01,2.664408879084959381e+00,-4.066248269677355864e+00,-1.310965665552947357e+00
1.424822293519105187e+01,-1.344049391823169159e+01,2.663557226819646129e+00,-4.061273752699144701e+00,-1.315611285844341616e+00
1.425785662209787397e+01,-1.351229773419067115e+01,2.662853455970815020e+00,-4.056331425766554588e+00,-1.320263481757362412e+00
1.426749030900469783e+01,-1.358493508036258746e+01,2.662302109258539051e+00,-4.051422631914148198e+00,-1.324922189008980844e+00
1.427712399591151993e+01,-1.365839587673255906e+01,2.661907838796867765e+00,-4.046548640223898374e+00,-1.329587338636023075e+00
1.428675768281834380e+01,-1.373266882126512378e+01,2.661675409354244959e+00,-4.041710647934393386e+00,-1.334258861285602338e+00
1.429639136972516589e+01,-1.380774133596662523e+01,2.661609704442647661e+00,-4.036909801602011960e+00,-1.338936690709084942e+00
1.430602505663198798e+01,-1.388359947626034163e+01,2.661715733533195127e+00,-4.032147230860164910e+00,-1.343620765431333464e+00
1.431565874353881185e+01,-1.396022780083681170e+01,2.661998638183360466e+00,-4.027424084612237110e+00,-1.348311028108231557e+00
1.432529243044563572e+01,-1.403760920956303693e+01,2.662463694997387442e+00,-4.022741558792728434e+00,-1.353007422769616275e+00
1.433492611735245781e+01,-1.411572476532523979e+01,2.663116314098488591e+00,-4.018100907340512506e+00,-1.357709890769415173e+00
1.434455980425928168e+01,-1.419455351925524766e+01,2.663962032949626746e+00,-4.013503433000757958e+00,-1.362418366645644197e+00
1.435419349116610377e+01,-1.427407235645116401e+01,2.665006506571286238e+00,-4.008950460535565696e+00,-1.367132775117877452e+00
1.436382717807292586e+01,-1.435425587163525130e+01,2.666255496096928468e+00,-4.004443300113766036e+00,-1.371853030112223371e+00
1.437346086497974973e+01,-1.443507627343459276e+01,2.667714857895449487e+00,-3.999983211537252004e+00,-1.376579036103997788e+00
1.438309455188657182e+01,-1.451650330537201583e+01,2.669390535068826953e+00,-3.995571379695645575e+00,-1.381310691383858424e+00
1.439272823879339391e+01,-1.459850416450397326e+01,2.671288552111557912e+00,-3.991208908307800840e+00,-1.386047892286380145e+00
1.440236192570021778e+01,-1.468104339725377017e+01,2.673415012193427476e+00,-3.986896833597124434e+00,-1.390790537138056671e+00
1.441199561260703987e+01,-1.476408275697184536e+01,2.675776095297293988e+00,-3.982636153660051193e+00,-1.395538528767223729e+00
1.442162929951386374e+01,-1.484758101777168449e+01,2.678378054689005250e+00,-3.978427864661746582e+00,-1.400291774845522808e+00
1.443126298642068583e+01,-1.493149375131556944e+01,2.681227209161529679e+00,-3.974272992994007492e+00,-1.405050185972494425e+00
1.444089667332750970e+01,-1.501577308380525722e+01,2.684329929208553622e+00,-3.970172613742493528e+00,-1.409813672081836167e+00
1.445053036023433357e+01,-1.510036745619212439e+01,2.687692616542484370e+00,-3.966127849870064281e+00,-1.414582138242816312e+00
1.446016404714115566e+01,-1.518522140968920020e+01,2.691321677801219003e+00,-3.962139852226905568e+00,-1.419355481107510863e+00
1.446979773404797776e+01,-1.527027541119800347e+01,2.695223494447307466e+00,-3.958209766159174414e+00,-1.424133587062211381e+00
1.447943142095480162e+01,-1.535546572145572952e+01,2.699404391383497082e+00,-3.954338694435431734e+00,-1.428916332636962716e+00
1.448906510786162372e+01,-1.544072429618147879e+01,2.703870606509691576e+00,-3.950527667281935162e+00,-1.433703587060177309e+00
1.449869879476844581e+01,-1.552597870121820378e+01,2.708628262398368403e+00,-3.946777628202925214e+00,-1.438495216212809291e+00
1.450833248167526968e+01,-1.561115201970776134e+01,2.713683339775578407e+00,-3.943089439590004464e+00,-1.443291086825250424e+00
1.451796616858209177e+01,-1.569616273390768768e+01,2.719041651019277861e+00,-3.939463906279677019e+00,-1.448091069690943700e+00
1.452759985548891386e+01,-1.578092457525155368e+01,2.724708810893847755e+00,-3.935901809926302342e+00,-1.452895040963444018e+00
1.453723354239573773e+01,-1.586534635051454423e+01,2.730690201562761654e+00,-3.932403943880526942e+00,-1.457702881171333731e+00
1.454686722930256160e+01,-1.594933176518858531e+01,2.736990929650757298e+00,-3.928971138133879215e+00,-1.462514472259944354e+00
1.455650091620938547e+01,-1.603277927328929664e+01,2.743615774572390364e+00,-3.925604266841872914e+00,-1.467329693551056025e+00
1.456613460311620756e+01,-1.611558198317689516e+01,2.750569129085721265e+00,-3.922304236094164231e+00,-1.472148417830010381e+00
1.457576829002302965e+01,-1.619762764129573895e+01,2.757854934542832481e+00,-3.919071955435588617e+00,-1.476970508730482967e+00
1.458540197692985352e+01,-1.627879870226781733e+01,2.765476614124417587e+00,-3.915908301433850713e+00,-1.481795820202773895e+00
1.459503566383667561e+01,-1.635897247865842985e+01,2.773437007203375604e+00,-3.912814083925647779e+00,-1.486624198235831029e+00
1.460466935074349770e+01,-1.643802135176041546e+01,2.781738306919035786e+00,-3.909790024768548200e+00,-1.491455484338410020e+00
1.461430303765032157e+01,-1.651581301985346784e+01,2.790382001393762135e+00,-3.906836755223545232e+00,-1.496289519766975440e+00
1.462393672455714366e+01,-1.659221076437143694e+01,2.799368817322563707e+00,-3.903954832590204482e+00,-1.501126149269690346e+00
1.463357041146396575e+01,-1.666707372623066163e+01,2.808698663486925540e+00,-3.901144771039146697e+00,-1.505965223260972818e+00
1.464320409837078962e+01,-1.674025720062182288e+01,2.818370571513475475e+00,-3.898407077410002586e+00,-1.510806597806204188e+00
1.465283778527761349e+01,-1.681161297369851582e+01,2.828382632055145507e+00,-3.895742281296771914e+00,-1.515650132443530307e+00
1.466247147218443558e+01,-1.688098973372372313e+01,2.838731926309952858e+00,-3.893150950448313719e+00,-1.520495686508036126e+00
1.467210515909125945e+01,-1.694823358897573229e+01,2.849414454911679773e+00,-3.890633686861624696e+00,-1.525343115064640154e+00
1.468173884599808154e+01,-1.701318871454984105e+01,2.860425068084950784e+00,-3.888191104651810726e+00,-1.530192265670085927e+00
1.469137253290490541e+01,-1.707569813272770887e+01,2.871757401971631651e+00,-3.885823796160557286e+00,-1.535042976938270298e+00
1.470100621981172750e+01,-1.713560461184247430e+01,2.883403825871847737e+00,-3.883532296228064506e+00,-1.539895079350057649e+00
1.471063990671854960e+01,-1.719275165241192838e+01,2.895355403833573149e+00,-3.881317055084595680e+00,-1.544748398086343011e+00
1.472027359362537346e+01,-1.724698452159268669e+01,2.907601871968830132e+00,-3.879178427763906534e+00,-1.549602757067009007e+00
1.472990728053219556e+01,-1.729815129993041367e+01,2.920131630719019711e+00,-3.877116683060904290e+00,-1.554457983024255752e+00
1.473954096743901765e+01,-1.734610391670064899e+01,2.932931749726329418e+00,-3.875132029291856295e+00,-1.559313908430643325e+00
1.474917465434584152e+01,-1.739069916747759592e+01,2.945987982496883539e+00,-3.873224649169050959e+00,-1.564170372441902490e+00
1.475880834125266539e+01,-1.743179972377531328e+01,2.959284788810816469e+00,-3.871394733429844415e+00,-1.569027219601468071e+00
1.476844202815948748e+01,-1.746927515375965712e+01,2.972805364571969644e+00,-3.869642503246980780e+00,-1.573884296714304964e+00
1.477807571506631135e+01,-1.750300297143036232e+01,2.986531680882407169e+00,-3.867968214774524682e+00,-1.578741448837068351e+00
1.478770940197313344e+01,-1.753286971917568238e+01,3.000444535814880798e+00,-3.866372144465890059e+00,-1.583598515591039257e+00
1.479734308887995553e+01,-1.755877206877654473e+01,3.014523622985252782e+00,-3.864854559477109319e+00,-1.588455328907576014e+00
1.480697677578677940e+01,-1.758061790500127586e+01,3.028747620269943042e+00,-3.863415681865568274e+00,-1.593311712892006016e+00
1.481661046269360149e+01,-1.759832734075236260e+01,3.043094299992168850e+00,-3.862055657116829188e+00,-1.598167485866424542e+00
1.482624414960042536e+01,-1.761183360854826674e+01,3.057540659157504059e+00,-3.860774536246979416e+00,-1.603022464009419723e+00
1.483587783650724745e+01,-1.762108378178410462e+01,3.072063065647679725e+00,-3.859572276717867290e+00,-1.607876465540764466e+00
1.484551152341406954e+01,-1.762603929846616424e+01,3.086637414469159513e+00,-3.858448761854076370e+00,-1.612729314239882861e+00
1.485514521032089341e+01,-1.762667628429866440e+01,3.101239287720003013e+00,-3.857403833001001203e+00,-1.617580841284964821e+00
1.486477889722771728e+01,-1.762298569389053426e+01,3.115844112963494617e+00,-3.856437324919697041e+00,-1.622430884896036485e+00
1.487441258413453937e+01,-1.761497330203817668e+01,3.130427316788026548e+00,-3.855549093976837760e+00,-1.627279287913414141e+00
1.488404627104136324e+01,-1.760265957806560877e+01,-3.138220834421582950e+00,-3.854739030830545587e+00,-1.632125894051477566e+00
1.489367995794818533e+01,-1.758607946570703362e+01,-3.123753862286412719e+00,-3.854007053898993895e+00,-1.636970543957300572e+00
1.490331364485500742e+01,-1.756528207350221038e+01,-3.109380778569308834e+00,-3.853353085573564485e+00,-1.641813072259806550e+00
1.491294733176183129e+01,-1.754033026296935205e+01,-3.095124716702691625e+00,-3.852777018228141781e+00,-1.646653306501617342e+00
1.492258101866865339e+01,-1.751130011075479587e+01,-3.081008100781128967e+00,-3.852278680080928996e+00,-1.651491068289652642e+00
1.493221470557547725e+01,-1.747828022104964774e+01,-3.067052511560374395e+00,-3.851857811001993426e+00,-1.656326176345967127e+00
1.494184839248229935e+01,-1.744137087648938689e+01,-3.053278561197485086e+00,-3.851514055421365157e+00,-1.661158450580429102e+00
1.495148207938912144e+01,-1.740068303613629297e+01,-3.039705782196789663e+00,-3.851246974448626403e+00,-1.665987716006484431e+00
1.496111576629594531e+01,-1.735633721169692478e+01,-3.026352535524780674e+00,-3.851056073654482326e+00,-1.670813805368669192e+00
1.497074945320276917e+01,-1.730846227075934962e+01,-3.013235941021884301e+00,-3.850940838356815554e+00,-1.675636559731350950e+00
1.498038314010959127e+01,-1.725719422300626249e+01,-3.000371830583643540e+00,-3.850900766055401547e+00,-1.680455826879758030e+00
1.499001682701641514e+01,-1.720267503988895186e+01,-2.987774721883242002e+00,-3.850935386515322190e+00,-1.685271458029192981e+00
1.499965051392323723e+01,-1.714505154196307757e+01,-2.975457808443004115e+00,-3.851044263654522126e+00,-1.690083303836283024e+00
1.500928420083005932e+01,-1.708447436618658344e+01,-2.963432961169092827e+00,-3.851226978764733744e+00,-1.694891210910646651e+00
1.501891788773688319e+01,-1.702109700475411458e+01,-2.951710737162221321e+00,-3.851483100102324197e+00,-1.699695019876420687e+00
1.502855157464370528e+01,-1.695507489367384579e+01,-2.940300393387433875e+00,-3.851812147902688999e+00,-1.704494565575015219e+00
1.503818526155052737e+01,-1.688656452688058351e+01,-2.929209904981872281e+00,-3.852213565216671576e+00,-1.709289679368498849e+00
1.504781894845735124e+01,-1.681572258017264332e+01,-2.918445989846901067e+00,-3.852686703246130939e+00,-1.714080192883628673e+00
1.505745263536417333e+01,-1.674270504509567559e+01,-2.908014142093079624e+00,-3.853230825578677354e+00,-1.718865942112231426e+00
1.506708632227099720e+01,-1.666766639026213070e+01,-2.897918676597315280e+00,-3.853845130151526632e+00,-1.723646770679265083e+00
1.507672000917782107e+01,-1.659075878037150531e+01,-2.888162785516064091e+00,-3.854528782554286881e+00,-1.728422531335926271e+00
1.508635369608464316e+01,-1.651213138692760651e+01,-2.878748605559717344e+00,-3.855280950947613583e+00,-1.733193085258774024e+00
1.509598738299146703e+01,-1.643192981792374852e+01,-2.869677292845891348e+00,-3.856100832410813695e+00,-1.737958299382484917e+00
1.510562106989828912e+01,-1.635029567856444999e+01,-2.860949100858426242e+00,-3.856987663069220584e+00,-1.742718042572879655e+00
1.511525475680511121e+01,-1.626736625606527298e+01,-2.852563456856207047e+00,-3.857940709142937408e+00,-1.747472181787674161e+00
1.512488844371193508e+01,-1.618327430448996296e+01,-2.844519033056275958e+00,-3.858959241687088593e+00,-1.752220579374767828e+00
1.513452213061875717e+01,-1.609814789548655511e+01,-2.836813810750074438e+00,-3.860042502602243797e+00,-1.756963092321380149e+00
1.514415581752557927e+01,-1.601211030043203465e+01,-2.829445137635074214e+00,-3.861189672064184730e+00,-1.761699573691372533e+00
1.515378950443240313e+01,-1.592527987857393512e+01,-2.822409780418785985e+00,-3.862399847100168149e+00,-1.766429875842594255e+00
1.516342319133922523e+01,-1.583776996107918578e+01,-2.815703975668009562e+00,-3.863672037750178312e+00,-1.771153854491329005e+00
1.517305687824604732e+01,-1.574968873747573639e+01,-2.809323481704065983e+00,-3.865005182067435818e+00,-1.775871372441452323e+00
1.518269056515287296e+01,-1.566113916361886282e+01,-2.803263633197568883e+00,-3.866398175662256076e+00,-1.780582301895051067e+00
1.519232425205969506e+01,-1.557221891524612190e+01,-2.797519398402480206e+00,-3.867849907212391969e+00,-1.785286524679578379e+00
1.520195793896651892e+01,-1.548302040714586880e+01,-2.792085437257183056e+00,-3.869359289612248176e+00,-1.789983930340625973e+00
1.521159162587334102e+01,-1.539363088650682876e+01,-2.786956157417725510e+00,-3.870925277727291114e+00,-1.794674412678053610e+00
1.522122531278016311e+01,-1.530413259394609149e+01,-2.782125765035139420e+00,-3.872546867675282112e+00,-1.799357865761221031e+00
1.523085899968698698e+01,-1.521460297183792321e+01,-2.777588307812368651e+00,-3.874223078005660348e+00,-1.804034180611600258e+00
1.524049268659380907e+01,-1.512511489118763919e+01,-2.773337709341179291e+00,-3.875952918485868093e+00,-1.808703243543247074e+00
1.525012637350063116e+01,-1.503573686791797215e+01,-2.769367795467621907e+00,-3.877735355855152832e+00,-1.813364936662022142e+00
1.525976006040745503e+01,-1.494653324704569286e+01,-2.765672314933598663e+00,-3.879569286797807770e+00,-1.818019140387462373e+00
1.526939374731427712e+01,-1.485756434637579204e+01,-2.762244957348359620e+00,-3.881453526257061526e+00,-1.822665737264624886e+00
1.527902743422109921e+01,-1.476888656596608129e+01,-2.759079371435954720e+00,-3.883386814687256106e+00,-1.827304615952861422e+00
1.528866112112792308e+01,-1.468055248130851709e+01,-2.756169185543884126e+00,-3.885367842260175841e+00,-1.831935674226301103e+00
1.529829480803474695e+01,-1.459261094354411092e+01,-2.753508030901757664e+00,-3.887395283046408689e+00,-1.836558820112100587e+00
1.530792849494156904e+01,-1.450510720768186701e+01,-2.751089566556434995e+00,-3.889467829256183062e+00,-1.841173970841244234e+00
1.531756218184839291e+01,-1.441808310071156640e+01,-2.748907503758219573e+00,-3.891584215611389119e+00,-1.845781049931067175e+00
1.532719586875521500e+01,-1.433157722866955552e+01,-2.746955627169604952e+00,-3.893743226833710214e+00,-1.850379983268783279e+00
1.533682955566203887e+01,-1.424562520917202413e+01,-2.745227810716594163e+00,-3.895943686213390045e+00,-1.854970695359004385e+00
1.534646324256886096e+01,-1.416025990751040631e+01,-2.743718027044883101e+00,-3.898184428801676038e+00,-1.859553106849078707e+00
1.535609692947568305e+01,-1.407551165259830661e+01,-2.742420351015866675e+00,-3.900464267301980925e+00,-1.864127134068636948e+00
1.536573061638250692e+01,-1.399140841429955628e+01,-2.741328959026100964e+00,-3.902781960885568502e+00,-1.868692690725318073e+00
1.537536430328932902e+01,-1.390797593424028200e+01,-2.740438126752607673e+00,-3.905136196293628625e+00,-1.873249691262553807e+00
1.538499799019615111e+01,-1.382523781483696368e+01,-2.739742227978516187e+00,-3.907525586964036179e+00,-1.877798054894978197e+00
1.539463167710297498e+01,-1.374321558213259564e+01,-2.739235736438514035e+00,-3.909948690606906752e+00,-1.882337709136990611e+00
1.540426536400979884e+01,-1.366192874391704137e+01,-2.738913231371729040e+00,-3.912404040214570777e+00,-1.886868591789160110e+00
1.541389905091662094e+01,-1.358139486387619321e+01,-2.738769406067202983e+00,-3.914890179532204417e+00,-1.891390650801455298e+00
1.542353273782344480e+01,-1.350162966554733046e+01,-2.738799077557019679e+00,-3.917405692701203090e+00,-1.895903842057810262e+00
1.543316642473026690e+01,-1.342264716889602205e+01,-2.738997195086108949e+00,-3.919949219506531968e+00,-1.900408125738859422e+00
1.544280011163709077e+01,-1.334445985076343710e+01,-2.739358845209127313e+00,-3.922519451903666798e+00,-1.904903462338325193e+00
1.545243379854391286e+01,-1.326707881175539328e+01,-2.739879252249927344e+00,-3.925115113019827184e+00,-1.909389809510113389e+00
1.546206748545073495e+01,-1.319051392891259766e+01,-2.740553774126990749e+00,-3.927734924990367027e+00,-1.913867120677739120e+00
1.547170117235755882e+01,-1.311477397658136468e+01,-2.741377894809159610e+00,-3.930377575282056668e+00,-1.918335345817645976e+00
1.548133485926438091e+01,-1.303986670625575783e+01,-2.742347215540252403e+00,-3.933041691599967304e+00,-1.922794434186617885e+00
1.549096854617120300e+01,-1.296579888718414963e+01,-2.743457447202614308e+00,-3.935725832942953417e+00,-1.927244338189866291e+00
1.550060223307802687e+01,-1.289257631987413788e+01,-2.744704405719239126e+00,-3.938428499610685307e+00,-1.931685017249665126e+00
1.551023591998485074e+01,-1.282020384120638923e+01,-2.746084011374778200e+00,-3.941148159376516968e+00,-1.936116440533797389e+00
1.551986960689167283e+01,-1.274868534077830162e+01,-2.747592291681010934e+00,-3.943883282272955260e+00,-1.940538587738827037e+00
1.552950329379849670e+01,-1.267802380317070643e+01,-2.749225386301445972e+00,-3.946632373895432089e+00,-1.944951447696307012e+00
1.553913698070531879e+01,-1.260822138164196815e+01,-2.750979551911258092e+00,-3.949393997565198600e+00,-1.949355015211555742e+00
1.554877066761214088e+01,-1.253927949812384135e+01,-2.752851164885111501e+00,-3.952166778975008121e+00,-1.953749287065453144e+00
1.555840435451896475e+01,-1.247119895552830471e+01,-2.754836720359708835e+00,-3.954949392104936123e+00,-1.958134258356220236e+00
1.556803804142578684e+01,-1.240398004389294684e+01,-2.756932827303291145e+00,-3.957740530716903571e+00,-1.962509920257659246e+00
1.557767172833261071e+01,-1.233762262306554192e+01,-2.759136200408540684e+00,-3.960538873988533215e+00,-1.966876259852413433e+00
1.558730541523943280e+01,-1.227212617101255354e+01,-2.761443650552042772e+00,-3.963343056574663681e+00,-1.971233262086624194e+00
1.559693910214625490e+01,-1.220748979644231902e+01,-2.763852075959034593e+00,-3.966151652079274559e+00,-1.975580913266441252e+00
1.560657278905307876e+01,-1.214371222433800668e+01,-2.766358455965834739e+00,-3.968963174965455920e+00,-1.979919205061702936e+00
1.561620647595990263e+01,-1.208079177023259376e+01,-2.768959848466699736e+00,-3.971776100492905748e+00,-1.984248137832028469e+00
1.562584016286672473e+01,-1.201872632150151077e+01,-2.771653391015505008e+00,-3.974588896953830108e+00,-1.988567722289845463e+00
1.563547384977354859e+01,-1.195751334093428397e+01,-2.774436304462949643e+00,-3.977400060848290231e+00,-1.992877979004837652e+00
1.564510753668037069e+01,-1.189714990034938680e+01,-2.777305897272018598e+00,-3.980208144769019185e+00,-1.997178935890513429e+00
1.565474122358719278e+01,-1.183763274233571927e+01,-2.780259568483320898e+00,-3.983011769911876776e+00,-2.001470624408478560e+00
1.566437491049401665e+01,-1.177895835925653500e+01,-2.783294807741020005e+00,-3.985809619658749359e+00,-2.005753075604109092e+00
1.567400859740083874e+01,-1.172112307310070634e+01,-2.786409191700006893e+00,-3.988600416259531212e+00,-2.010026317137040053e+00
1.568364228430766083e+01,-1.166412309922161050e+01,-2.789600377237719364e+00,-3.991382887623653009e+00,-2.014290372176510857e+00
1.569327597121448470e+01,-1.160795458156566440e+01,-2.792866092857740234e+00,-3.994155734148608694e+00,-2.018545260481494186e+00
1.570290965812130679e+01,-1.155261359523336040e+01,-2.796204130210714123e+00,-3.996917605502950721e+00,-2.022791001340954242e+00
1.571254334502813066e+01,-1.149809612162958317e+01,-2.799612337615485558e+00,-3.999667094345608298e+00,-2.027027617500518186e+00
1.572217703193495453e+01,-1.144439800922088679e+01,-2.803088616858985915e+00,-4.002402748967462287e+00,-2.031255138910411873e+00
1.573181071884177662e+01,-1.139151493672621918e+01,-2.806630923574205294e+00,-4.005123101257852092e+00,-2.035473605181618684e+00
1.574144440574860049e+01,-1.133944239432984347e+01,-2.810237270437819124e+00,-4.007826701874583009e+00,-2.039683066017750512e+00
1.575107809265542258e+01,-1.128817569264507448e+01,-2.813905731609393612e+00,-4.010512152366284333e+00,-2.043883579486817759e+00
1.576071177956224467e+01,-1.123771000047231183e+01,-2.817634446494448497e+00,-4.013178124889421383e+00,-2.048075208634102751e+00
1.577034546646906854e+01,-1.118804040350535978e+01,-2.821421621150350223e+00,-4.015823363816774183e+00,-2.052258017426727310e+00
1.577997915337589063e+01,-1.113916196970091299e+01,-2.825265526390394744e+00,-4.018446668872556415e+00,-2.056432067217820236e+00
1.578961284028271272e+01,-1.109106980493284667e+01,-2.829164492652643581e+00,-4.021046864877381388e+00,-2.060597414765148905e+00
1.579924652718953659e+01,-1.104375908538747808e+01,-2.833116902681637850e+00,-4.023622767136568079e+00,-2.064754112380627671e+00
1.580888021409635869e+01,-1.099722506002384392e+01,-2.837121183730205498e+00,-4.026173152791718834e+00,-2.068902210158475086e+00
1.581851390100318078e+01,-1.095146302523566639e+01,-2.841175801131524015e+00,-4.028696746697829845e+00,-2.073041759616278235e+00
1.582814758791000642e+01,-1.090646828196092244e+01,-2.845279254680454173e+00,-4.031192226103109455e+00,-2.077172817665975391e+00
1.583778127481682851e+01,-1.086223609047474348e+01,-2.849430078425418511e+00,-4.033658242860322041e+00,-2.081295449733838954e+00
1.584741496172365238e+01,-1.081876163851043948e+01,-2.853626843461666507e+00,-4.036093456722733563e+00,-2.085409731099087338e+00
1.585704864863047447e+01,-1.077604003409586575e+01,-2.857868162436511650e+00,-4.038496570002396702e+00,-2.089515746045898847e+00
1.586668233553729657e+01,-1.073406632687919071e+01,-2.862152693988778474e+00,-4.040866353460454974e+00,-2.093613585068547778e+00
1.587631602244412043e+01,-1.069283555304560984e+01,-2.866479145390788297e+00,-4.043201655880640288e+00,-2.097703340943890549e+00
1.588594970935094253e+01,-1.065234279179281529e+01,-2.870846272223814388e+00,-4.045501394586847432e+00,-2.101785104819857253e+00
1.589558339625776462e+01,-1.061258321785364878e+01,-2.875252874825152460e+00,-4.047764529786383569e+00,-2.105858963464268818e+00
1.590521708316458849e+01,-1.057355213574093966e+01,-2.879697792223434583e+00,-4.049990030392524254e+00,-2.109924998476201186e+00
1.591485077007141058e+01,-1.053524498685311883e+01,-2.884179895036020458e+00,-4.052176841495790605e+00,-2.113983287683165457e+00
1.592448445697823267e+01,-1.049765732865860279e+01,-2.888698079113693584e+00,-4.054323863168679765e+00,-2.118033908302303203e+00
1.593411814388505832e+01,-1.046078479344198797e+01,-2.893251261493663851e+00,-4.056429946945519838e+00,-2.122076940922910993e+00
1.594375183079188041e+01,-1.042462304007673524e+01,-2.897838379532464703e+00,-4.058493911103172813e+00,-2.126112473124785573e+00
1.595338551769870428e+01,-1.038916771421630969e+01,-2.902458393144645932e+00,-4.060514570317755201e+00,-2.130140601653812915e+00
1.596301920460552637e+01,-1.035441442961855785e+01,-2.907110289155091287e+00,-4.062490771025980330e+00,-2.134161432501569422e+00
1.597265289151234846e+01,-1.032035877686334047e+01,-2.911793086156215793e+00,-4.064421422130423345e+00,-2.138175078854000155e+00
1.598228657841917233e+01,-1.028699635744095353e+01,-2.916505838128612194e+00,-4.066305512056453964e+00,-2.142181657503166470e+00
1.599192026532599442e+01,-1.025432283356060914e+01,-2.921247635471587056e+00,-4.068142107191462742e+00,-2.146181284769866693e+00
1.600155395223281829e+01,-1.022233397932898136e+01,-2.926017602879904533e+00,-4.069930332228893555e+00,-2.150174073129695884e+00
1.601118763913964216e+01,-1.019102571856428874e+01,-2.930814894456831965e+00,-4.071669338279089168e+00,-2.154160129527887158e+00
1.602082132604646247e+01,-1.016039413853466478e+01,-2.935638687285683002e+00,-4.073358268220625966e+00,-2.158139555870117299e+00
1.603045501295328634e+01,-1.013043547611632356e+01,-2.940488175144589267e+00,-4.074996229582127150e+00,-2.162112451534296209e+00
1.604008869986011021e+01,-1.010114608108895240e+01,-2.945362564005942652e+00,-4.076582283023807207e+00,-2.166078917151691208e+00
1.604972238676693053e+01,-1.007252236806374768e+01,-2.950261070428118693e+00,-4.078115449884283983e+00,-2.170039058530722986e+00
1.605935607367375439e+01,-1.004456077185429308e+01,-2.955182923084454405e+00,-4.079594736629786667e+00,-2.173992989554217825e+00
1.606898976058057826e+01,-1.001725771997866055e+01,-2.960127366742038912e+00,-4.081019169050748907e+00,-2.177940833183483527e+00
1.607862344748739858e+01,-9.990609630775473704e+00,-2.965093667279481870e+00,-4.082387826169076916e+00,-2.181882720261119513e+00
1.608825713439422245e+01,-9.964612937899113732e+00,-2.970081116033716384e+00,-4.083699863899480142e+00,-2.185818786454184703e+00
1.609789082130104632e+01,-9.939264134044517363e+00,-2.975089031978610965e+00,-4.084954521527938809e+00,-2.189749168228455112e+00
1.610752450820787018e+01,-9.914559821004422346e+00,-2.980116760897394634e+00,-4.086151109139144033e+00,-2.193673999030846922e+00
1.611715819511469405e+01,-9.890496751291157906e+00,-2.985163671618011882e+00,-4.087288979746926287e+00,-2.197593406796007454e+00
1.612679188202151437e+01,-9.867071849105716552e+00,-2.990229150263746138e+00,-4.088367494397500579e+00,-2.201507513502520830e+00
1.613642556892833824e+01,-9.844282204632534672e+00,-2.995312594066990020e+00,-4.089385990591228648e+00,-2.205416436899283461e+00
1.614605925583516211e+01,-9.822125043616749096e+00,-3.000413406424859097e+00,-4.090343763390561271e+00,-2.209320293881932074e+00
1.615569294274198242e+01,-9.800597681551902696e+00,-3.005530994503834652e+00,-4.091240064837813328e+00,-2.213219204511911897e+00
1.616532662964880629e+01,-9.779697476369982212e+00,-3.010664769939153995e+00,-4.092074121901077888e+00,-2.217113295480730439e+00
1.617496031655563016e+01,-9.759421793925632471e+00,-3.015814152251881097e+00,-4.092845167694977526e+00,-2.221002701985423045e+00
1.618459400346245047e+01,-9.739767996693831975e+00,-3.020978573798655642e+00,-4.093552476800905282e+00,-2.224887567450019255e+00
1.619422769036927434e+01,-9.720733459123151121e+00,-3.026157484617151283e+00,-4.094195394297325485e+00,-2.228768041163629476e+00
1.620386137727609821e+01,-9.702315605095819251e+00,-3.031350355568596555e+00,-4.094773349963704234e+00,-2.232644274520877214e+00
1.621349506418292208e+01,-9.684511956333340166e+00,-3.036556678694720901e+00,-4.095285853495728823e+00,-2.236516416963254983e+00
1.622312875108974595e+01,-9.667320177323594166e+00,-3.041775964545147204e+00,-4.095732472173704508e+00,-2.240384612808534737e+00
1.623276243799656626e+01,-9.650738103403122992e+00,-3.047007737141184336e+00,-4.096112797605774958e+00,-2.244248999893452279e+00
1.624239612490339013e+01,-9.634763743681537207e+00,-3.052251527951166832e+00,-4.096426411393627731e+00,-2.248109710419682550e+00
1.625202981181021400e+01,-9.619395258028056617e+00,-3.057506870549203004e+00,-4.096672859887098284e+00,-2.251966873742717645e+00
1.626166349871703432e+01,-9.604630915096420196e+00,-3.062773297425395391e+00,-4.096851645511344842e+00,-2.255820620269531673e+00
1.627129718562385818e+01,-9.590469044025708101e+00,-3.068050339772788959e+00,-4.096962237257316453e+00,-2.259671085303437188e+00
1.628093087253068205e+01,-9.576907994330184692e+00,-3.073337530187262967e+00,-4.097004097267635814e+00,-2.263518411689944720e+00
1.629056455943750237e+01,-9.563946116024599320e+00,-3.078634407347341728e+00,-4.096976715696104776e+00,-2.267362750471265453e+00
1.630019824634432624e+01,-9.551581765963813808e+00,-3.083940521151302683e+00,-4.096879643574377283e+00,-2.271204259344960175e+00
1.630983193325115010e+01,-9.539813338524346875e+00,-3.089255436655185871e+00,-4.096712514005102612e+00,-2.275043099370525734e+00
1.631946562015797397e+01,-9.528639311468783291e+00,-3.094578735516908985e+00,-4.096475045445585828e+00,-2.278879430885090152e+00
1.632909930706479429e+01,-9.518058293291177918e+00,-3.099910014400496738e+00,-4.096167026132079059e+00,-2.282713409822959338e+00
1.633873299397161816e+01,-9.508069057899541932e+00,-3.105248880706149794e+00,-4.095788284262030565e+00,-2.286545185514650580e+00
1.634836668087844203e+01,-9.498670556281949118e+00,-3.110594946794014604e+00,-4.095338652755888376e+00,-2.290374900604263075e+00
1.635800036778526589e+01,-9.489861901691227786e+00,-3.115947824321999349e+00,-4.094817939019703701e+00,-2.294202693098648993e+00
1.636763405469208621e+01,-9.481642332809842699e+00,-3.121307120285606196e+00,-4.094225908652647128e+00,-2.298028699932435082e+00
1.637726774159891008e+01,-9.474011165949470126e+00,-3.126672435840029518e+00,-4.093562287925550436e+00,-2.301853060985408206e+00
1.638690142850573395e+01,-9.466967750628022316e+00,-3.132043368153489382e+00,-4.092826784313552402e+00,-2.305675922355205021e+00
1.639653511541255426e+01,-9.460511441863641124e+00,-3.137419514634519402e+00,-4.092019119034863373e+00,-2.309497437908162532e+00
1.640616880231937813e+01,-9.454641597529974462e+00,3.140384829013898482e+00,-4.091139062002255855e+00,-2.313317768639531202e+00
1.641580248922620200e+01,-9.449357601620382852e+00,3.134999435504882470e+00,-4.090186458881041709e+00,-2.317137080021038464e+00
1.642543617613302587e+01,-9.444658906512401586e+00,3.129609986608052452e+00,-4.089161242277542740e+00,-2.320955538107964067e+00
1.643506986303984618e+01,-9.440545081627645274e+00,3.124216844961257067e+00,-4.088063423766788773e+00,-2.324773305544049151e+00
1.644470354994667005e+01,-9.437015853953289124e+00,3.118820364692358904e+00,-4.086893069124532651e+00,-2.328590538632608897e+00
1.645433723685349392e+01,-9.434071128310677068e+00,3.113420896845754626e+00,-4.085650264085727734e+00,-2.332407386327290055e+00
1.646397092376031779e+01,-9.431710981306567376e+00,3.108018795269281487e+00,-4.084335080746711810e+00,-2.336223991429087654e+00
1.647360461066713810e+01,-9.429935630776949296e+00,3.102614421296927105e+00,-4.082947554535552470e+00,-2.340040493624846452e+00
1.648323829757396197e+01,-9.428745389879523486e+00,3.097208145920365308e+00,-4.081487678552731424e+00,-2.343857033458920824e+00
1.649287198448078584e+01,-9.428140619607535911e+00,3.091800348892010497e+00,-4.079955416954406111e+00,-2.347673756054346139e+00
1.650250567138760616e+01,-9.428121693999832686e+00,3.086391415120302906e+00,-4.078350733427800634e+00,-2.351490813474045538e+00
1.651213935829443002e+01,-9.428688988549811967e+00,3.080981729529951973e+00,-4.076673626353388258e+00,-2.355308365014283645e+00
1.652177304520125389e+01,-9.429842895391372437e+00,3.075571672022389347e+00,-4.074924160275676499e+00,-2.359126575333082787e+00
1.653140673210807776e+01,-9.431583860827357668e+00,3.070161614145729967e+00,-4.073102484395684009e+00,-2.362945610955405229e+00
1.654104041901489808e+01,-9.433912434063191910e+00,3.064751918575580270e+00,-4.071208832630824226e+00,-2.366765636175866216e+00
1.655067410592172195e+01,-9.436829312623993715e+00,3.059342941669028981e+00,-4.069243505229033886e+00,-2.370586809557262864e+00
1.656030779282854581e+01,-9.440335370890039712e+00,3.053935038434480997e+00,-4.067206837367819183e+00,-2.374409282046928471e+00
1.656994147973536613e+01,-9.444431663207975447e+00,3.048528568534711436e+00,-4.065099164007319743e+00,-2.378233197255052556e+00
1.657957516664219000e+01,-9.449119400631461829e+00,3.043123901627489580e+00,-4.062920791367903739e+00,-2.382058693800800153e+00
1.658920885354901387e+01,-9.454399908247548723e+00,3.037721420542179640e+00,-4.060671983442867727e+00,-2.385885909021774776e+00
1.659884254045583774e+01,-9.460274575888393045e+00,3.032321521435384248e+00,-4.058352967515078902e+00,-2.389714982940276400e+00
1.660847622736265805e+01,-9.466744817055467109e+00,3.026924610972337337e+00,-4.055963957035563894e+00,-2.393546061304435479e+00
1.661810991426948192e+01,-9.473812048475215519e+00,3.021531101473542869e+00,-4.053505185097861840e+00,-2.397379296795802972e+00
1.662774360117630579e+01,-9.481477696566708246e+00,3.016141405580704316e+00,-4.050976938617336209e+00,-2.401214848036410388e+00
1.663737728808312966e+01,-9.489743229059431684e+00,3.010755932147236358e+00,-4.048379583119967151e+00,-2.405052876677834295e+00
1.664701097498994997e+01,-9.498610202453569684e+00,3.005375084699505983e+00,-4.045713570820012706e+00,-2.408893543420564942e+00
1.665664466189677384e+01,-9.508080311229722525e+00,2.999999263051112308e+00,-4.042979429599496299e+00,-2.412737004127195384e+00
1.666627834880359771e+01,-9.518155424133000864e+00,2.994628867711140341e+00,-4.040177736137843922e+00,-2.416583407164585751e+00
1.667591203571041802e+01,-9.528837596671220211e+00,2.989264305889741902e+00,-4.037309081113575893e+00,-2.420432892746912756e+00
1.668554572261724189e+01,-9.540129056052697010e+00,2.983905997422006795e+00,-4.034374036733478164e+00,-2.424285594460679150e+00
1.669517940952406576e+01,-9.552032163038298052e+00,2.978554378949988646e+00,-4.031373136150657288e+00,-2.428141642508872877e+00
1.670481309643088608e+01,-9.564549362127372945e+00,2.973209905219549309e+00,-4.028306870818542329e+00,-2.432001167704548550e+00
1.671444678333770995e+01,-9.577683135051287877e+00,2.967873047210839221e+00,-4.025175706531586073e+00,-2.435864305023566878e+00
1.672408047024453381e+01,-9.591435971629687529e+00,2.962544287771992746e+00,-4.021980113389380662e+00,-2.439731195657021789e+00
1.673371415715135768e+01,-9.605810366907295617e+00,2.957224116180501294e+00,-4.018720600815491650e+00,-2.443601986947108173e+00
1.674334784405818155e+01,-9.620808845650381969e+00,2.951913023388517132e+00,-4.015397747276257867e+00,-2.447476830214868393e+00
1.675298153096500187e+01,-9.636434007078783281e+00,2.946611499515338295e+00,-4.012012215913686397e+00,-2.451355877110034776e+00
1.676261521787182573e+01,-9.652688576597052261e+00,2.941320034487643120e+00,-4.008564751466293430e+00,-2.455239275548582789e+00
1.677224890477864960e+01,-9.669575449111974308e+00,2.936039121791743867e+00,-4.005056159372475832e+00,-2.459127166424395217e+00
1.678188259168546992e+01,-9.687097710956843244e+00,2.930769264371359206e+00,-4.001487273203475858e+00,-2.463019682052193460e+00
1.679151627859229379e+01,-9.705258633783337530e+00,2.925510981058266236e+00,-3.997858920008569683e+00,-2.466916946787558906e+00
1.680114996549911766e+01,-9.724061642151202278e+00,2.920264811757162349e+00,-3.994171893761440550e+00,-2.470819079627472270e+00
1.681078365240593797e+01,-9.743510264446950231e+00,2.915031319972721136e+00,-3.990426944698043599e+00,-2.474726198010932965e+00
1.682041733931276184e+01,-9.763608081822690465e+00,2.909811092059697568e+00,-3.986624787642421452e+00,-2.478638421685989357e+00
1.683005102621958571e+01,-9.784358690530543967e+00,2.904604733560752994e+00,-3.982766126814324181e+00,-2.482555875490885633e+00
1.683968471312640602e+01,-9.805765689101900051e+00,2.899412863877765645e+00,-3.978851689753803988e+00,-2.486478690218138166e+00
1.684931840003323344e+01,-9.827832694432093064e+00,2.894236111035758618e+00,-3.974882260314985150e+00,-2.490407001296246037e+00
1.685895208694005376e+01,-9.850563382172319749e+00,2.889075108287710414e+00,-3.970858700963141974e+00,-2.494340945667312237e+00
1.686858577384687763e+01,-9.873961539489702233e+00,2.883930493773190218e+00,-3.966781957769625500e+00,-2.498280657770282076e+00
1.687821946075370150e+01,-9.898031114446080636e+00,2.878802913540590591e+00,-3.962653046603640927e+00,-2.502226265802269811e+00
1.688785314766052181e+01,-9.922776247133892724e+00,2.873693027240381781e+00,-3.958473024561885545e+00,-2.506177889347324772e+00
1.689748683456734568e+01,-9.948201273062363015e+00,2.868601514994979507e+00,-3.954242955021979977e+00,-2.510135639057884838e+00
1.690712052147416955e+01,-9.974310697536539649e+00,2.863529083591830560e+00,-3.949963876574621224e+00,-2.514099618468514930e+00
1.691675420838098987e+01,-1.000110914846059984e+01,2.858476470341372977e+00,-3.945636784933886254e+00,-2.518069927393043805e+00
1.692638789528781373e+01,-1.002860132152263439e+01,2.853444443636263372e+00,-3.941262633089493761e+00,-2.522046665890231409e+00
1.693602158219463760e+01,-1.005679193410320593e+01,2.848433800238427516e+00,-3.936842349582272416e+00,-2.526029937616604215e+00
1.694565526910145792e+01,-1.008568570174483092e+01,2.843445360311099623e+00,-3.932376869442286704e+00,-2.530019851566931877e+00
1.695528895600828534e+01,-1.011528734433537480e+01,2.838479961906783089e+00,-3.927867168602493742e+00,-2.534016521678942979e+00
1.696492264291510565e+01,-1.014560162026563717e+01,2.833538456808222250e+00,-3.923314291584624414e+00,-2.538020064408636145e+00
1.697455632982192952e+01,-1.017663337837113424e+01,2.828621709237585158e+00,-3.918719364245252024e+00,-2.542030594980276614e+00
1.698419001672875339e+01,-1.020838761200131373e+01,2.823730598108912915e+00,-3.914083587777607676e+00,-2.546048223404792310e+00
1.699382370363557371e+01,-1.024086949874497599e+01,2.818866022448532238e+00,-3.909408215688114474e+00,-2.550073051427276027e+00
1.700345739054239758e+01,-1.027408441346596035e+01,2.814028908661144968e+00,-3.904694520476690300e+00,-2.554105171289337672e+00
1.701309107744922144e+01,-1.030803791017529214e+01,2.809220217761161376e+00,-3.899943759772079854e+00,-2.558144666656572586e+00
1.702272476435604176e+01,-1.034273567755643874e+01,2.804440950690944234e+00,-3.895157151820157537e+00,-2.562191615423434321e+00
1.703235845126286563e+01,-1.037818348089013121e+01,2.799692150414899938e+00,-3.890335867454873142e+00,-2.566246093555366148e+00
1.704199213816968950e+01,-1.041438710729927486e+01,2.794974900445833299e+00,-3.885481040817428511e+00,-2.570308178823707213e+00
1.705162582507650981e+01,-1.045135233035850675e+01,2.790290320541296332e+00,-3.880593795564309723e+00,-2.574377953321894452e+00
1.706125951198333723e+01,-1.048908490439905705e+01,2.785639561178630430e+00,-3.875675278746519847e+00,-2.578455504011695432e+00
1.707089319889015755e+01,-1.052759058995258457e+01,2.781023798814365566e+00,-3.870726692291456494e+00,-2.582540921129124367e+00
1.708052688579698142e+01,-1.056687520235608524e+01,2.776444233731996558e+00,-3.865749312734511278e+00,-2.586634294909968101e+00
1.709016057270380529e+01,-1.060694466840948280e+01,2.771902091536026624e+00,-3.860744493315305448e+00,-2.590735711588985524e+00
1.709979425961062560e+01,-1.064780507330728199e+01,2.767398628277909278e+00,-3.855713647748783224e+00,-2.594845249839462298e+00
1.710942794651744947e+01,-1.068946268271005628e+01,2.762935138119873457e+00,-3.850658220372661589e+00,-2.598962978688836412e+00
1.711906163342427334e+01,-1.073192393204510431e+01,2.758512961680273712e+00,-3.845579651373098873e+00,-2.603088957510499846e+00
1.712869532033109365e+01,-1.077519538480902206e+01,2.754133492992227872e+00,-3.840479347224860618e+00,-2.607223238080329075e+00
1.713832900723791752e+01,-1.081928367090372767e+01,2.749798183416169106e+00,-3.835358664932143391e+00,-2.611365868079125185e+00
1.714796269414474139e+01,-1.086419542207910638e+01,2.745508541761183530e+00,-3.830218914582282252e+00,-2.615516894997729214e+00
1.715759638105156171e+01,-1.090993722252076914e+01,2.741266131020638319e+00,-3.825061379328913436e+00,-2.619676369284617667e+00
1.716723006795838913e+01,-1.095651558815598392e+01,2.737072563171377482e+00,-3.819887346792893545e+00,-2.623844345800290689e+00
1.717686375486520944e+01,-1.100393697962716644e+01,2.732929494106871360e+00,-3.814698142516293800e+00,-2.628020883142180075e+00
1.718649744177203331e+01,-1.105220784364331088e+01,2.728838620780799307e+00,-3.809495155511052111e+00,-2.632206041030809907e+00
1.719613112867885718e+01,-1.110133466862626861e+01,2.724801682018437088e+00,-3.804279848278890430e+00,-2.636399876518019436e+00
1.720576481558567750e+01,-1.115132403588824062e+01,2.720820463386961041e+00,-3.799053748253405249e+00,-2.640602440123596573e+00
1.721539850249250136e+01,-1.120218264847636469e+01,2.716896805317559060e+00,-3.793818423078847868e+00,-2.644813773026420289e+00
1.722503218939932168e+01,-1.125391732610551365e+01,2.713032612701202329e+00,-3.788575446886612852e+00,-2.649033906124866000e+00
1.723466587630614910e+01,-1.130653496445282258e+01,2.709229863732044663e+00,-3.783326367364536313e+00,-2.653262861230793135e+00
1.724429956321296942e+01,-1.136004246758730218e+01,2.705490615990469028e+00,-3.778072683165248691e+00,-2.657500654034122167e+00
1.725393325011979329e+01,-1.141444667029713500e+01,2.701817008585722490e+00,-3.772815838145357592e+00,-2.661747297955290303e+00
1.726356693702661360e+01,-1.146975427010579196e+01,2.698211260375364517e+00,-3.767557233969186292e+00,-2.666002807743349745e+00
1.727320062393343747e+01,-1.152597178584604976e+01,2.694675665489805194e+00,-3.762298257209242269e+00,-2.670267201754005448e+00
1.728283431084025779e+01,-1.158310555157439303e+01,2.691212588249713988e+00,-3.757040312818137551e+00,-2.674540502231471439e+00
1.729246799774708521e+01,-1.164116174371588919e+01,2.687824459806933852e+00,-3.751784853982988110e+00,-2.678822733505737297e+00
1.730210168465390907e+01,-1.170014642887156775e+01,2.684513778382408233e+00,-3.746533399446647650e+00,-2.683113918629696837e+00
1.731173537156072939e+01,-1.176006561286192742e+01,2.681283113944071594e+00,-3.741287533071588900e+00,-2.687414075438518513e+00
1.732136905846755326e+01,-1.182092527045073638e+01,2.678135116865166143e+00,-3.736048885642897055e+00,-2.691723213182387386e+00
1.733100274537437357e+01,-1.188273134022934840e+01,2.675072528918102766e+00,-3.730819104121368746e+00,-2.696041330714112227e+00
1.734063643228120100e+01,-1.194548967892641578e+01,2.672098194250922099e+00,-3.725599817234456879e+00,-2.700368416755473788e+00
1.735027011918802131e+01,-1.200920598106222315e+01,2.669215067985038825e+00,-3.720392607354378711e+00,-2.704704452155354488e+00
1.735990380609484518e+01,-1.207388567989667827e+01,2.666426220779316569e+00,-3.715198996751352567e+00,-2.709049413468272327e+00
1.736953749300166550e+01,-1.213953385095765114e+01,2.663734838925439163e+00,-3.710020452076375541e+00,-2.713403276795443020e+00
1.737917117990848936e+01,-1.220615513837598520e+01,2.661144220913376657e+00,-3.704858405568956847e+00,-2.717766020755140843e+00
1.738880486681530968e+01,-1.227375371699195838e+01,2.658657772519763096e+00,-3.699714286574771194e+00,-2.722137627706526342e+00
1.739843855372213710e+01,-1.234233329181349426e+01,2.656279002983731985e+00,-3.694589553938057325e+00,-2.726518082865261317e+00
1.740807224062896097e+01,-1.241189712426421465e+01,2.654011524576896264e+00,-3.689485719586007573e+00,-2.730907371568878528e+00
1.741770592753578129e+01,-1.248244806542141383e+01,2.651859056909087631e+00,-3.684404356217592547e+00,-2.735305475492991967e+00
1.742733961444260515e+01,-1.255398857296956550e+01,2.649825435917451344e+00,-3.679347086680535561e+00,-2.739712368926782382e+00
1.743697330134942547e+01,-1.262652069204913730e+01,2.647914626076803835e+00,-3.674315557994829895e+00,-2.744128016197915798e+00
1.744660698825625289e+01,-1.270004598966027842e+01,2.646130733371210741e+00,-3.669311407480936982e+00,-2.748552370998931682e+00
1.745624067516307321e+01,-1.277456544502688018e+01,2.644478016291631040e+00,-3.664336230756862989e+00,-2.752985377808849332e+00
1.746587436206989707e+01,-1.285007931053509367e+01,2.642960892670723538e+00,-3.659391560807445209e+00,-2.757426974989294788e+00
1.747550804897671739e+01,-1.292658696580100752e+01,2.641583941384876066e+00,-3.654478864069385491e+00,-2.761877098644209383e+00
1.748514173588354126e+01,-1.300408678858019407e+01,2.640351899488331266e+00,-3.649599554476799401e+00,-2.766335686109681280e+00
1.749477542279036157e+01,-1.308257606009605567e+01,2.639269656734170688e+00,-3.644755021142207063e+00,-2.770802678050641621e+00
1.750440910969718900e+01,-1.316205091062832899e+01,2.638342250253867594e+00,-3.639946661352404078e+00,-2.775278018551270431e+00
1.751404279660401286e+01,-1.324250629730894246e+01,2.637574862147597177e+00,-3.635175909007641870e+00,-2.779761653175396141e+00
1.752367648351083318e+01,-1.332393599419964048e+01,2.636972821865678274e+00,-3.630444249977390569e+00,-2.784253525568952892e+00
1.753331017041765705e+01,-1.340633256854313515e+01,2.636541613781129278e+00,-3.625753219689376028e+00,-2.788753573603943714e+00
1.754294385732447736e+01,-1.348968731861457115e+01,2.636286888699276076e+00,-3.621104383480861166e+00,-2.793261726197381112e+00
1.755257754423130478e+01,-1.357399015757603244e+01,2.636214476721785882e+00,-3.616499305293163768e+00,-2.797777901740276185e+00
1.756221123113812510e+01,-1.365922944160173103e+01,2.636330398291779620e+00,-3.611939513701792226e+00,-2.802302008599519390e+00
1.757184491804494897e+01,-1.374539175517853273e+01,2.636640870591497432e+00,-3.607426475047181835e+00,-2.806833947548080133e+00
1.758147860495176928e+01,-1.383246167743809529e+01,2.637152307661150274e+00,-3.602961581341835640e+00,-2.811373615414502591e+00
1.759111229185859315e+01,-1.392042155718803897e+01,2.637871314310198834e+00,-3.598546156293107590e+00,-2.815920908886468510e+00
1.760074597876541347e+01,-1.400925131962225478e+01,2.638804675589103255e+00,-3.594181477470168140e+00,-2.820475727359439411e+00
1.761037966567224089e+01,-1.409892831571253424e+01,2.639959344755865800e+00,-3.589868807915067350e+00,-2.825037974002539087e+00
1.762001335257906476e+01,-1.418942720950149905e+01,2.641342432930624984e+00,-3.585609427735739985e+00,-2.829607554737281205e+00
1.762964703948588507e+01,-1.428071988368862399e+01,2.642961202873038928e+00,-3.581404656230679606e+00,-2.834184375436947345e+00
1.763928072639270894e+01,-1.437277533463941381e+01,2.644823067740842859e+00,-3.577255857875070166e+00,-2.838768338176051564e+00
1.764891441329952926e+01,-1.446555952730134820e+01,2.646935593750747717e+00,-3.573164430229672561e+00,-2.843359337637652029e+00
1.765854810020635313e+01,-1.455903518896720783e+01,2.649306503946927904e+00,-3.569131777130681193e+00,-2.847957258740029030e+00
1.766818178711317699e+01,-1.465316153609689565e+01,2.651943679320098113e+00,-3.565159274828647362e+00,-2.852561976187166337e+00
1.767781547402000086e+01,-1.474789394602488812e+01,2.654855153628051578e+00,-3.561248240807191934e+00,-2.857173356084349081e+00
1.768744916092682118e+01,-1.484318360001603487e+01,2.658049099442628460e+00,-3.557399914224690818e+00,-2.861791259155962663e+00
1.769708284783364505e+01,-1.493897713121287296e+01,2.661533804854133489e+00,-3.553615453516988154e+00,-2.866415544634220769e+00
1.770671653474046536e+01,-1.503521630816815779e+01,2.665317642330143233e+00,-3.549895951674471029e+00,-2.871046073691950973e+00
1.771635022164729278e+01,-1.513183777251289186e+01,2.669409032810303728e+00,-3.546242464533939209e+00,-2.875682711426961635e+00
1.772598390855411665e+01,-1.522877283143223615e+01,2.673816408708787673e+00,-3.542656043618641615e+00,-2.880325326830315724e+00
1.773561759546093697e+01,-1.532594728749550228e+01,2.678548178870463481e+00,-3.539137763731891262e+00,-2.884973790761682366e+00
1.774525128236776084e+01,-1.542328127578165109e+01,2.683612696836430445e+00,-3.535688737048857888e+00,-2.889627972538857836e+00
1.775488496927458115e+01,-1.552068907543951148e+01,2.689018231510050594e+00,-3.532310109406083143e+00,-2.894287736154707691e+00
1.776451865618140502e+01,-1.561807887119653415e+01,2.694772937166025617e+00,-3.529003039701385624e+00,-2.898952937244348327e+00
1.777415234308822889e+01,-1.571535245783034185e+01,2.700884818394785558e+00,-3.525768668262470484e+00,-2.903623421706400531e+00
1.778378602999505276e+01,-1.581240490224965889e+01,2.707361685482609026e+00,-3.522608083274347823e+00,-2.908299026398697862e+00
1.779341971690187307e+01,-1.590912419712283921e+01,2.714211096979656013e+00,-3.519522294927736716e+00,-2.912979581722357381e+00
1.780305340380869694e+01,-1.600539095095834696e+01,2.721440288472116720e+00,-3.516512224696332733e+00,-2.917664915356060984e+00
1.781268709071551726e+01,-1.610107815859642244e+01,2.729056089189769718e+00,-3.513578712729221287e+00,-2.922354856066172069e+00
1.782232077762234468e+01,-1.619605108325321652e+01,2.737064830253131298e+00,-3.510722541048767464e+00,-2.927049236496315210e+00
1.783195446452916855e+01,-1.629016726037287555e+01,2.745472249413425825e+00,-3.507944465622798713e+00,-2.931747894138729826e+00
1.784158815143598886e+01,-1.638327661110291089e+01,2.754283396718100629e+00,-3.505245247784388063e+00,-2.936450670221804504e+00
1.785122183834281273e+01,-1.647522163647617077e+01,2.763502543758355579e+00,-3.502625675662654814e+00,-2.941157406858185386e+00
1.786085552524963305e+01,-1.656583765806539432e+01,2.773133096581493540e+00,-3.500086569209067910e+00,-2.945867943307354242e+00
1.787048921215645692e+01,-1.665495307922419244e+01,2.783177509823740792e+00,-3.497628767202951128e+00,-2.950582112466610951e+00
1.788012289906328078e+01,-1.674238966093158965e+01,2.793637198009482514e+00,-3.495253099894500171e+00,-2.955299738638763163e+00
1.788975658597010465e+01,-1.682796283171861873e+01,2.804512439888440678e+00,-3.492960355152102458e+00,-2.960020637252559705e+00
1.789939027287692497e+01,-1.691148207403295345e+01,2.815802273295467284e+00,-3.490751247891337616e+00,-2.964744616641685759e+00
1.790902395978374884e+01,-1.699275144193355658e+01,2.827504380932660322e+00,-3.488626401616449435e+00,-2.969471481386499523e+00
1.791865764669056915e+01,-1.707157026235325858e+01,2.839614970865504517e+00,-3.486586347375105088e+00,-2.974201036265546882e+00
1.792829133359739302e+01,-1.714773405409908946e+01,2.852128658376087866e+00,-3.484631540344544476e+00,-2.978933089684967062e+00
1.793792502050422044e+01,-1.722103566995004797e+01,2.865038357238102407e+00,-3.482762389115730883e+00,-2.983667455605756302e+00
1.794755870741104076e+01,-1.729126663591662094e+01,2.878335188005202827e+00,-3.480979289027966050e+00,-2.988403953427398729e+00
1.795719239431786463e+01,-1.735821863724022762e+01,2.892008408663445884e+00,-3.479282649716401554e+00,-2.993142405883741919e+00
1.796682608122468494e+01,-1.742168509033555779e+01,2.906045369691175217e+00,-3.477672908720271128e+00,-2.997882635588696498e+00
1.797645976813150881e+01,-1.748146274643833564e+01,2.920431492259619510e+00,-3.476150527070598795e+00,-3.002624461265378741e+00
1.798609345503833268e+01,-1.753735329344387495e+01,2.935150266078991876e+00,-3.474715968046186099e+00,-3.007367694786605927e+00
1.799572714194515655e+01,-1.758916494966398147e+01,2.950183262987940314e+00,-3.473369665216380575e+00,-3.012112139919314036e+00
1.800536082885197686e+01,-1.763671406688041543e+01,2.965510163929147680e+00,-3.472111989037452773e+00,-3.016857593168763785e+00
1.801499451575880073e+01,-1.767982677091414345e+01,2.981108799901201145e+00,-3.470943221713194582e+00,-3.021603846505181767e+00
1.802462820266562105e+01,-1.771834066083135895e+01,2.996955210756425458e+00,-3.469863547635729351e+00,-3.026350691204795940e+00
1.803426188957244491e+01,-1.775210656379753260e+01,3.013023728079780916e+00,-3.468873062184982814e+00,-3.031097921710124155e+00
1.804389557647927234e+01,-1.778099030838982841e+01,3.029287088832778529e+00,-3.467971796307414145e+00,-3.035845338406885308e+00
1.805352926338609265e+01,-1.780487444572458955e+01,3.045716584574483132e+00,-3.467159749680816638e+00,-3.040592748529709510e+00
1.806316295029291652e+01,-1.782365982626291157e+01,3.062282247236336907e+00,-3.466436922752534233e+00,-3.045339964954633327e+00
1.807279663719973684e+01,-1.783726693842790922e+01,3.078953067656110765e+00,-3.465803338253633292e+00,-3.050086803253941881e+00
1.808243032410656070e+01,-1.784563693486487779e+01,3.095697238740897195e+00,-3.465259045855265896e+00,-3.054833077898032823e+00
1.809206401101338457e+01,-1.784873230807986033e+01,3.112482412495549688e+00,-3.464804108555695095e+00,-3.059578598740460897e+00
1.810169769792020844e+01,-1.784653721885225153e+01,3.129275959953893960e+00,-3.464438574732783493e+00,-3.064323168842141953e+00
1.811133138482702876e+01,-1.783905751596806510e+01,-3.137140081946333758e+00,-3.464162444004597052e+00,-3.069066584301539002e+00
1.812096507173385262e+01,-1.782632050452200190e+01,-3.120427538503155684e+00,-3.463975636877965059e+00,-3.073808636172530306e+00
1.813059875864067294e+01,-1.780837451800798377e+01,-3.103803709143448053e+00,-3.463877977088112736e+00,-3.078549113941203341e+00
1.814023244554749681e+01,-1.778528832945916704e+01,-3.087299917639999336e+00,-3.463869191849531681e+00,-3.083287809575390614e+00
1.814986613245432423e+01,-1.775715040787196131e+01,-3.070946605667379981e+00,-3.463948930019075778e+00,-3.088024520990488853e+00
1.815949981936114455e+01,-1.772406799985491332e+01,-3.054773125335703110e+00,-3.464116792938398248e+00,-3.092759053942568226e+00
1.816913350626796841e+01,-1.768616600353186996e+01,-3.038807539627835119e+00,-3.464372369004911967e+00,-3.097491221816903728e+00
1.817876719317478873e+01,-1.764358560799304243e+01,-3.023076435963020003e+00,-3.464715261909114830e+00,-3.102220843394055905e+00
1.818840088008161260e+01,-1.759648269601749249e+01,-3.007604760681078737e+00,-3.465145104305060730e+00,-3.106947739267413855e+00
1.819803456698843647e+01,-1.754502604292999379e+01,-2.992415682852930026e+00,-3.465661552922725708e+00,-3.111671727982545210e+00
1.820766825389526034e+01,-1.748939537901410901e+01,-2.977530494081285894e+00,-3.466264266554485829e+00,-3.116392623053289235e+00
1.821730194080208065e+01,-1.742977940559379491e+01,-2.962968547256101370e+00,-3.466952873369096189e+00,-3.121110231756474285e+00
1.822693562770890452e+01,-1.736637385823363999e+01,-2.948747232618253999e+00,-3.467726937156468736e+00,-3.125824356089432765e+00
1.823656931461572483e+01,-1.729937969324833347e+01,-2.934881985303444907e+00,-3.468585932457467713e+00,-3.130534795642620605e+00
1.824620300152254870e+01,-1.722900144115121890e+01,-2.921386315977219983e+00,-3.469529235972354630e+00,-3.135241351578054836e+00
1.825583668842937612e+01,-1.715544573278514306e+01,-2.908271855888355795e+00,-3.470556136909083822e+00,-3.139943830577523798e+00
1.826547037533619644e+01,-1.707891997197042855e+01,-2.895548409586722993e+00,-3.471665863403910812e+00,3.138543259550660824e+00
1.827510406224302031e+01,-1.699963111153493500e+01,-2.883224011914525597e+00,-3.472857617437172806e+00,3.133849480324877312e+00
1.828473774914984062e+01,-1.691778449139482987e+01,-2.871304989511688444e+00,-3.474130608156849043e+00,3.129160307023457932e+00
1.829437143605666449e+01,-1.683358271561764141e+01,-2.859796029777930126e+00,-3.475484073954886455e+00,3.124475903094354745e+00
1.830400512296348481e+01,-1.674722457265274400e+01,-2.848700261167794512e+00,-3.476917286901057835e+00,3.119796431303021755e+00
1.831363880987031223e+01,-1.665890402914931201e+01,-2.838019347635288181e+00,-3.478429538284063760e+00,3.115122057359650309e+00
1.832327249677713255e+01,-1.656880934375533343e+01,-2.827753597426501120e+00,-3.480020109540764572e+00,3.110452952119490799e+00
1.833290618368395641e+01,-1.647712234746076376e+01,-2.817902083169524285e+00,-3.481688237155726284e+00,3.105789291684204478e+00
1.834253987059077673e+01,-1.638401792119159950e+01,-2.808462767435953022e+00,-3.483433081919041108e+00,3.101131255344482085e+00
1.835217355749760060e+01,-1.628966367444996521e+01,-2.799432626570120597e+00,-3.485253711702740453e+00,3.096479021936588527e+00
1.836180724440442802e+01,-1.619421979922587695e+01,-2.790807766055835692e+00,-3.487149103000240391e+00,3.091832765653005577e+00
1.837144093131124833e+01,-1.609783905023236628e+01,-2.782583522874892523e+00,-3.489118161004504781e+00,3.087192652512285029e+00
1.838107461821807220e+01,-1.600066679258040381e+01,-2.774754553535220047e+00,-3.491159752572472019e+00,3.082558838506034515e+00
1.839070830512489252e+01,-1.590284106388942220e+01,-2.767314909733809003e+00,-3.493272742626003513e+00,3.077931469954711119e+00
1.840034199203171639e+01,-1.580449261717414089e+01,-2.760258106005092138e+00,-3.495456023492461206e+00,3.073310685959713240e+00
1.840997567893853670e+01,-1.570574493728530463e+01,-2.753577184530882960e+00,-3.497708528711089837e+00,3.068696622224971637e+00
1.841960936584536412e+01,-1.560671424891416592e+01,-2.747264781394241240e+00,-3.500029227346419525e+00,3.064089415116962645e+00
1.842924305275218444e+01,-1.550750955059571901e+01,-2.741313196316959022e+00,-3.502417100547019047e+00,3.059489204757280589e+00
1.843887673965900831e+01,-1.540823271215303869e+01,-2.735714465095889558e+00,-3.504871107303299649e+00,3.054896136220103475e+00
1.844851042656582862e+01,-1.530897866229635085e+01,-2.730460431460888682e+00,-3.507390149561202985e+00,3.050310358458371951e+00
1.845814411347265249e+01,-1.520983567253229296e+01,-2.725542813694026734e+00,-3.509973047091072385e+00,3.045732021246991827e+00
1.846777780037947991e+01,-1.511088571993821184e+01,-2.720953261483555874e+00,-3.512618529705917148e+00,3.041161271014788170e+00
1.847741148728630023e+01,-1.501220489220808574e+01,-2.716683400064219711e+00,-3.515325249377833750e+00,3.036598246767778342e+00
1.848704517419312410e+01,-1.491386378957301773e+01,-2.712724861204186766e+00,-3.518091808981476554e+00,3.032043077286393551e+00
1.849667886109994441e+01,-1.481592788229400526e+01,-2.709069303253937466e+00,-3.520916799502285421e+00,3.027495880412441220e+00
1.850631254800676828e+01,-1.471845779796376519e+01,-2.705708424466587658e+00,-3.523798835022651676e+00,3.022956764633594418e+00
1.851594623491358860e+01,-1.462150953494083971e+01,-2.702633974547903772e+00,-3.526736575395290618e+00,3.018425832500935879e+00
1.852557992182041602e+01,-1.452513462012919376e+01,-2.699837768705802166e+00,-3.529728730071783449e+00,3.013903184875378116e+00
1.853521360872723633e+01,-1.442938024450392476e+01,-2.697311706590918234e+00,-3.532774042049015684e+00,3.009388924750650229e+00
1.854484729563406020e+01,-1.433428941396737244e+01,-2.695047796050404454e+00,-3.535871256725379830e+00,3.004883159518423774e+00
1.855448098254088052e+01,-1.423990114542613128e+01,-2.693038179316048275e+00,-3.539019084915095537e+00,3.000386000992551150e+00
1.856411466944770439e+01,-1.414625072113319781e+01,-2.691275157801923168e+00,-3.542216171036515870e+00,2.995897563163766542e+00
1.857374835635452825e+01,-1.405336999373426465e+01,-2.689751211506154149e+00,-3.545461076035083980e+00,2.991417958322772019e+00
1.858338204326135212e+01,-1.396128771646858269e+01,-2.688459010114030878e+00,-3.548752280332032605e+00,2.986947292672800458e+00
1.859301573016817599e+01,-1.387002986301174801e+01,-2.687391414916720844e+00,-3.552088206241959867e+00,2.982485662709713381e+00
1.860264941707499631e+01,-1.377961990236227940e+01,-2.686541472957154397e+00,-3.555467253583157294e+00,2.978033153430372337e+00
1.861228310398182018e+01,-1.369007900547032541e+01,-2.685902406689487432e+00,-3.558887838293825379e+00,2.973589838899987736e+00
1.862191679088864049e+01,-1.360142617837751366e+01,-2.685467603332806874e+00,-3.562348422924039859e+00,2.969155785020082483e+00
1.863155047779546791e+01,-1.351367833592240331e+01,-2.685230607762498334e+00,-3.565847530192561177e+00,2.964731053691956220e+00
1.864118416470228823e+01,-1.342685034476739148e+01,-2.685185121339118020e+00,-3.569383735718905548e+00,2.960315707156318421e+00
1.865081785160911210e+01,-1.334095507032621697e+01,-2.685325006978498852e+00,-3.572955642135025034e+00,2.955909811231101525e+00
1.866045153851593241e+01,-1.325600345757307075e+01,-2.685644298657396956e+00,-3.576561842264754709e+00,2.951513436485940556e+00
1.867008522542275628e+01,-1.317200466230593214e+01,-2.686137212055832446e+00,-3.580200882318183009e+00,2.947126656992686833e+00
1.867971891232958015e+01,-1.308896623142578619e+01,-2.686798152591892030e+00,-3.583871236111044745e+00,2.942749547001942911e+00
1.868935259923640402e+01,-1.300689431367471727e+01,-2.687621717816397471e+00,-3.587571298146569720e+00,2.938382176507851717e+00
1.869898628614322789e+01,-1.292579387116106382e+01,-2.688602692764647806e+00,-3.591299397901387636e+00,2.934024606996693318e+00
1.870861997305004820e+01,-1.284566886010142639e+01,-2.689736038902232007e+00,-3.595053831437415415e+00,2.929676888629488385e+00
1.871825365995687207e+01,-1.276652235691868142e+01,-2.691016879131050477e+00,-3.598832901342214008e+00,2.925339059695650334e+00
1.872788734686369239e+01,-1.268835662066691405e+01,-2.692440482394823142e+00,-3.602634953492553915e+00,2.921011148512777655e+00
1.873752103377051981e+01,-1.261117310013839976e+01,-2.694002251431356854e+00,-3.606458399994969088e+00,2.916693177229968459e+00
1.874715472067734012e+01,-1.253497240869677398e+01,-2.695697716176682412e+00,-3.610301721652348750e+00,2.912385166429131367e+00
1.875678840758416399e+01,-1.245975429752835240e+01,-2.697522533562329183e+00,-3.614163449283025908e+00,2.908087139177369274e+00
1.876642209449098431e+01,-1.238551765643791924e+01,-2.699472492499572773e+00,-3.618042129433869825e+00,2.903799123336646915e+00
1.877605578139780818e+01,-1.231226056115724887e+01,-2.701543521297451900e+00,-3.621936284654657889e+00,2.899521151442297828e+00
1.878568946830463204e+01,-1.223998037055249100e+01,-2.703731694069133162e+00,-3.625844380166077130e+00,2.895253258173147159e+00
1.879532315521145591e+01,-1.216867386084960145e+01,-2.706033233035983976e+00,-3.629764806948692080e+00,2.890995476145282961e+00
1.880495684211827978e+01,-1.209833737190826142e+01,-2.708444504917519424e+00,-3.633695886511985051e+00,2.886747831260094710e+00
1.881459052902510010e+01,-1.202896693620626678e+01,-2.710962011401134575e+00,-3.637635896254809875e+00,2.882510338976949527e+00
1.882422421593192396e+01,-1.196055836573485109e+01,-2.713582375470991348e+00,-3.641583108258089396e+00,2.878283002618261754e+00
1.883385790283874428e+01,-1.189310728395996541e+01,-2.716302326606891526e+00,-3.645535830346311013e+00,2.874065814224190163e+00
1.884349158974557170e+01,-1.182660910569944690e+01,-2.719118688181343835e+00,-3.649492437509035625e+00,2.869858757727381082e+00
1.885312527665239202e+01,-1.176105898245814529e+01,-2.722028369703760831e+00,-3.653451384529821766e+00,2.865661813533848079e+00
1.886275896355921589e+01,-1.169645174008039845e+01,-2.725028365100733208e+00,-3.657411196139740639e+00,2.861474963176153796e+00
1.887239265046603620e+01,-1.163278183680539435e+01,-2.728115756426189975e+00,-3.661370437604781536e+00,2.857298192675052473e+00
1.888202633737286007e+01,-1.157004336268486711e+01,-2.731287720804890462e+00,-3.665327674436997807e+00,2.853131493617252712e+00
1.889166002427968039e+01,-1.150823008807069847e+01,-2.734541537498490715e+00,-3.669281433179554686e+00,2.848974861623246202e+00
1.890129371118650781e+01,-1.144733555352969745e+01,-2.737874592009824415e+00,-3.673230174978847629e+00,2.844828292646131018e+00
1.891092739809333167e+01,-1.138735318069537072e+01,-2.741284375088345993e+00,-3.677172289966877283e+00,2.840691778184699423e+00
1.892056108500015199e+01,-1.132827637702263601e+01,-2.744768476074644248e+00,-3.681106114397858065e+00,2.836565300821673574e+00
1.893019477190697586e+01,-1.127009860904878025e+01,-2.748324571747114753e+00,-3.685029965788584327e+00,2.832448831412131440e+00
1.893982845881379617e+01,-1.121281342799985126e+01,-2.751950413192979283e+00,-3.688942185970820908e+00,2.828342328770212077e+00
1.894946214572062004e+01,-1.115641444557752138e+01,-2.755643813817289178e+00,-3.692841179559875453e+00,2.824245741971926904e+00
1.895909583262744391e+01,-1.110089527228739037e+01,-2.759402641258939859e+00,-3.696725436605668769e+00,2.820159014621800075e+00
1.896872951953426778e+01,-1.104624944138755716e+01,-2.763224814814397412e+00,-3.700593532775649397e+00,2.816082089847832925e+00
1.897836320644108810e+01,-1.099247034528336187e+01,-2.767108308334721212e+00,-3.704444106994408958e+00,2.812014914566221879e+00
1.898799689334791196e+01,-1.093955120692158722e+01,-2.771051156951639172e+00,-3.708275823108925895e+00,2.807957441762686024e+00
1.899763058025473228e+01,-1.088748509779288653e+01,-2.775051464883926400e+00,-3.712087326901901019e+00,2.803909630113654128e+00
1.900726426716155970e+01,-1.083626499986162450e+01,-2.779107411300750563e+00,-3.715877211223266752e+00,2.799871441050555188e+00
1.901689795406838357e+01,-1.078588389539753933e+01,-2.783217251848410623e+00,-3.719643999701735648e+00,2.795842834125457088e+00
1.902653164097520389e+01,-1.073633486025466865e+01,-2.787379314785175755e+00,-3.723386154087993560e+00,2.791823762043465162e+00
1.903616532788202775e+01,-1.068761113510164229e+01,-2.791591992310340942e+00,-3.727102103342619266e+00,2.787814166835245189e+00
1.904579901478884807e+01,-1.063970615570029743e+01,-2.795853729126225318e+00,-3.730790286151340229e+00,2.783813978317085880e+00
1.905543270169567194e+01,-1.059261353552853002e+01,-2.800163011103623312e+00,-3.734449194527983629e+00,2.779823115319144389e+00
1.906506638860249581e+01,-1.054632700816346613e+01,-2.804518356889009301e+00,-3.738077405756234928e+00,2.775841489349196944e+00
1.907470007550931967e+01,-1.050084034865365368e+01,-2.808918314411859907e+00,-3.741673593271008791e+00,2.771869009638341375e+00
1.908433376241613999e+01,-1.045614729910796825e+01,-2.813361462791506895e+00,-3.745236513227593100e+00,2.767905588100035619e+00
1.909396744932296386e+01,-1.041224152216347321e+01,-2.817846418544530884e+00,-3.748764970657133766e+00,2.763951142749344392e+00
1.910360113622978417e+01,-1.036911659738605707e+01,-2.822371843733622043e+00,-3.752257775156864650e+00,2.760005598573750163e+00
1.911323482313661160e+01,-1.032676606262015895e+01,-2.826936453150806994e+00,-3.755713699219404234e+00,2.756068885592233730e+00
1.912286851004343546e+01,-1.028518348875628696e+01,-2.831539017950732706e+00,-3.759131451614665220e+00,2.752140934667603567e+00
1.913250219695025578e+01,-1.024436256637227594e+01,-2.836178364241537242e+00,-3.762509673878051686e+00,2.748221672304368202e+00
1.914213588385707965e+01,-1.020429717919100909e+01,-2.840853366671179270e+00,-3.765846961189883046e+00,2.744311015972562995e+00
1.915176957076389996e+01,-1.016498144329373865e+01,-2.845562938556771559e+00,-3.769141901735864941e+00,2.740408871353409825e+00
1.916140325767072383e+01,-1.012640970129747586e+01,-2.850306021142976487e+00,-3.772393123137543824e+00,2.736515132344940149e+00
1.917103694457754770e+01,-1.008857647414755299e+01,-2.855081574835661051e+00,-3.775599332372737926e+00,2.732629683856503178e+00
1.918067063148437157e+01,-1.005147638576222313e+01,-2.859888574665280458e+00,-3.778759337432053389e+00,2.728752406597694247e+00
1.919030431839119188e+01,-1.001510408374378436e+01,-2.864726010971868408e+00,-3.781872044268687283e+00,2.724883182472711773e+00
1.919993800529801575e+01,-9.979454180380374240e+00,-2.869592894750435441e+00,-3.784936429849611095e+00,2.721021899002784572e+00
1.920957169220483607e+01,-9.944521231937414996e+00,-2.874488265716775182e+00,-3.787951499179343262e+00,2.717168451475574731e+00
1.921920537911166349e+01,-9.910299762668469015e+00,-2.879411200360181056e+00,-3.790916238953938144e+00,2.713322742183033487e+00
1.922883906601848736e+01,-9.876784326538935233e+00,-2.884360817275467781e+00,-3.793829581583283872e+00,2.709484676964955874e+00
1.923847275292530767e+01,-9.843969588372360136e+00,-2.889336277900805161e+00,-3.796690390348531174e+00,2.705654160073015291e+00
1.924810643983213154e+01,-9.811850400356155077e+00,-2.894336782178039691e+00,-3.799497470288755174e+00,2.701831088873233533e+00
1.925774012673895186e+01,-9.780421851284387458e+00,-2.899361560180980568e+00,-3.802249601837721649e+00,2.698015349962997966e+00
1.926737381364577573e+01,-9.749679274112743599e+00,-2.904409861967696127e+00,-3.804945587487111869e+00,2.694206817871490856e+00
1.927700750055259959e+01,-9.719618209881636162e+00,-2.909480948444940651e+00,-3.807584297834398335e+00,2.690405356756953470e+00
1.928664118745942346e+01,-9.690234339086797988e+00,-2.914574085729629171e+00,-3.810164703460880986e+00,2.686610824631356920e+00
1.929627487436624378e+01,-9.661523401251244536e+00,-2.919688544447233802e+00,-3.812685883179297797e+00,2.682823078892862867e+00
1.930590856127306765e+01,-9.633481126898118418e+00,-2.924823603934518790e+00,-3.815147006108817074e+00,2.679041981551660179e+00
1.931554224817988796e+01,-9.606103202330974256e+00,-2.929978559855044740e+00,-3.817547292752421217e+00,2.675267402614474488e+00
1.932517593508671183e+01,-9.579385277748295735e+00,-2.935152732726328928e+00,-3.819885966491560314e+00,2.671499220626953885e+00
1.933480962199353925e+01,-9.553323016220145902e+00,-2.940345474597604536e+00,-3.822162209820704426e+00,2.667737320206555740e+00
1.934444330890035957e+01,-9.527912168826274453e+00,-2.945556171682755853e+00,-3.824375138337706037e+00,2.663981587287060915e+00
1.935407699580718344e+01,-9.503148653449272842e+00,-2.950784241973329891e+00,-3.826523800342219062e+00,2.660231903477154880e+00
1.936371068271400375e+01,-9.479028613654149282e+00,-2.956029128365485814e+00,-3.828607202374594287e+00,2.656488141206799991e+00
1.937334436962082762e+01,-9.455548440072721661e+00,-2.961290289181157664e+00,-3.830624353358834000e+00,2.652750161113341054e+00
1.938297805652765149e+01,-9.432704747944610446e+00,-2.966567188745326433e+00,-3.832574314462152465e+00,2.649017812466702981e+00
1.939261174343447536e+01,-9.410494317581013846e+00,-2.971859290665725961e+00,-3.834456240006241856e+00,2.645290936539717919e+00
1.940224543034129567e+01,-9.388914015590785311e+00,-2.977166055654313581e+00,-3.836269397312827678e+00,2.641569371958075951e+00
1.941187911724811954e+01,-9.367960720434552968e+00,-2.982486944373753612e+00,-3.838013159513973260e+00,2.637852960472615749e+00
1.942151280415493986e+01,-9.347631274546230884e+00,-2.987821424292994354e+00,-3.839686973311865259e+00,2.634141551461456121e+00
1.943114649106176373e+01,-9.327922477287772907e+00,-2.993168978341977482e+00,-3.841290311092777188e+00,2.630435003834006746e+00
1.944078017796859115e+01,-9.308831120770982182e+00,-2.998529112623174786e+00,-3.842822621487092416e+00,2.626733184768493601e+00
1.945041386487541146e+01,-9.290354057750432659e+00,-3.003901360725615977e+00,-3.844283293017596304e+00,2.623035965647418255e+00
1.946004755178223533e+01,-9.272488281198100424e+00,-3.009285283208650519e+00,-3.845671641701354115e+00,2.619343216386395223e+00
1.946968123868905565e+01,-9.255230991680852171e+00,-3.014680462272153694e+00,-3.846986926455151057e+00,2.615654799834747468e+00
1.947931492559587952e+01,-9.238579632315367718e+00,-3.020086493073698364e+00,-3.848228387954776952e+00,2.611970567915841812e+00
1.948894861250270338e+01,-9.222531880779188285e+00,-3.025502974159742564e+00,-3.849395299631939604e+00,2.608290360671314367e+00
1.949858229940952725e+01,-9.207085600706871986e+00,-3.030929499746154221e+00,-3.850487015828167880e+00,2.604614008521856316e+00
1.950821598631634757e+01,-9.192238766955796336e+00,-3.036365656033327198e+00,-3.851503002868721826e+00,2.600941337107730789e+00
1.951784967322317144e+01,-9.177989387050773828e+00,-3.041811022537001641e+00,-3.852442843779751325e+00,2.597272173304970622e+00
1.952748336012999175e+01,-9.164335442269752718e+00,-3.047265177917764856e+00,-3.853306215108632138e+00,2.593606350656416204e+00
1.953711704703681562e+01,-9.151274865967202743e+00,-3.052727708447918076e+00,-3.854092842548969777e+00,2.589943712618635985e+00
1.954675073394364304e+01,-9.138805565598257630e+00,-3.058198216466124109e+00,-3.854802448383777946e+00,2.586284112661745294e+00
1.955638442085046336e+01,-9.126925481831145603e+00,-3.063676326174129549e+00,-3.855434706261720468e+00,2.582627411184029498e+00
1.956601810775728723e+01,-9.115632667028457092e+00,-3.069161684925220790e+00,-3.855989216748882509e+00,2.578973470145329738e+00
1.957565179466410754e+01,-9.104925359562471954e+00,-3.074653959503911071e+00,-3.856465511035771065e+00,2.575322147003671347e+00
1.958528548157093141e+01,-9.094802031651648022e+00,-3.080152828397295650e+00,-3.856863081894871925e+00,2.571673289755662228e+00
1.959491916847775173e+01,-9.085261396307162229e+00,-3.085657972261784732e+00,-3.857181432915576913e+00,2.568026734565875380e+00
1.960455285538457915e+01,-9.076302371204343800e+00,-3.091169065334126387e+00,-3.857420131578794820e+00,2.564382306713681281e+00
1.961418654229139946e+01,-9.067924010192395912e+00,-3.096685770258690074e+00,-3.857578850506956591e+00,2.560739824608997850e+00
1.962382022919822333e+01,-9.060125422867619349e+00,-3.102207737785540598e+00,-3.857657384625926333e+00,2.557099105718860343e+00
1.963345391610504365e+01,-9.052905706250184537e+00,-3.107734611339156849e+00,-3.857655639025689531e+00,2.553459972674176903e+00
1.964308760301186751e+01,-9.046263909029077510e+00,-3.113266035000157750e+00,-3.857573590943661035e+00,2.549822257762088373e+00
1.965272128991869494e+01,-9.040199039130749625e+00,-3.118801662418471565e+00,-3.857411236970953450e+00,2.546185804475986192e+00
1.966235497682551525e+01,-9.034710112418428807e+00,-3.124341163893030515e+00,-3.857168541021251951e+00,2.542550465657737124e+00
1.967198866373233912e+01,-9.029796228007221259e+00,-3.129884229396966866e+00,-3.856845398469959996e+00,2.538916098772075358e+00
1.968162235063915944e+01,-9.025456647677437161e+00,-3.135430566537259711e+00,-3.856441627179695963e+00,2.535282559704941541e+00
1.969125603754598330e+01,-9.021690855587168656e+00,-3.140979893953507851e+00,-3.855956988237064564e+00,2.531649696922697146e+00
1.970088972445280362e+01,-9.018498580328538239e+00,3.136653375150731726e+00,-3.855391230451088003e+00,2.528017347733443110e+00
1.971052341135963104e+01,-9.015879772608435871e+00,3.131098913582432974e+00,-3.854744145596280980e+00,2.524385337780182148e+00
1.972015709826645136e+01,-9.013834545114656649e+00,3.125542329839731792e+00,-3.854015618125385512e+00,2.520753483946088114e+00
1.972979078517327522e+01,-9.012363092483269611e+00,3.119983941410884309e+00,-3.853205654614967557e+00,2.517121599843618274e+00
1.973942447208009554e+01,-9.011465615305757737e+00,3.114424078857112033e+00,-3.852314384115391732e+00,2.513489502289725674e+00
1.974905815898691941e+01,-9.011142270986759684e+00,3.108863078604096053e+00,-3.851342029132728051e+00,2.509857016868195956e+00
1.975869184589374683e+01,-9.011393166298249824e+00,3.103301273859360609e+00,-3.850288855657451048e+00,2.506223980939004559e+00
1.976832553280056715e+01,-9.012218394036974445e+00,3.097738986462651667e+00,-3.849155116903317353e+00,2.502590243200328857e+00
1.977795921970739101e+01,-9.013618102987919656e+00,3.092176522206998346e+00,-3.847941007366407096e+00,2.498955659923637107e+00
1.978759290661421133e+01,-9.015592580378390508e+00,3.086614171137551210e+00,-3.846646640857199095e+00,2.495320088967342809e+00
1.979722659352103520e+01,-9.018142322187866711e+00,3.081052212849405336e+00,-3.845272059144583920e+00,2.491683383338278546e+00
1.980686028042785551e+01,-9.021268070225392677e+00,3.075490925307516221e+00,-3.843817268831366540e+00,2.488045386214366328e+00
1.981649396733468294e+01,-9.024970804766255128e+00,3.069930594650425615e+00,-3.842282295713066009e+00,2.484405928920685902e+00
1.982612765424150325e+01,-9.029251694819533824e+00,3.064371523134291841e+00,-3.840667240635866619e+00,2.480764832485981675e+00
1.983576134114832712e+01,-9.034112020814019317e+00,3.058814032919522141e+00,-3.838972320332690202e+00,2.477121912350940036e+00
1.984539502805514743e+01,-9.039553092829597958e+00,3.053258464639125869e+00,-3.837197881064912774e+00,2.473476984864589223e+00
1.985502871496197130e+01,-9.045576188948237117e+00,3.047705171248374256e+00,-3.835344380872532710e+00,2.469829873668316189e+00
1.986466240186879872e+01,-9.052182532386028768e+00,3.042154509073437207e+00,-3.833412345498649287e+00,2.466180414089387263e+00
1.987429608877561904e+01,-9.059373314534399313e+00,3.036606828826794224e+00,-3.831402310870798189e+00,2.462528454244118592e+00
1.988392977568244291e+01,-9.067149757312023439e+00,3.031062469382006075e+00,-3.829314769071586966e+00,2.458873852516919811e+00
1.989356346258926322e+01,-9.075513196410941674e+00,3.025521756288340747e+00,-3.827150133793734810e+00,2.455216472151827478e+00
1.990319714949608709e+01,-9.084465160662846372e+00,3.019985005595885674e+00,-3.824908735600029530e+00,2.451556174551576817e+00
1.991283083640290741e+01,-9.094007423786798938e+00,3.014452531973480731e+00,-3.822590848548696574e+00,2.447892813270700518e+00
1.992246452330973483e+01,-9.104142012937936457e+00,3.008924658810181896e+00,-3.820196740473028818e+00,2.444226230495079921e+00
1.993209821021655515e+01,-9.114871171351451196e+00,3.003401727384641173e+00,-3.817726732162402214e+00,2.440556257074903979e+00
1.994173189712337901e+01,-9.126197286134768660e+00,2.997884102451467747e+00,-3.815181247974164691e+00,2.436882716132835913e+00
1.995136558403019933e+01,-9.138122802784334198e+00,2.992372172654782503e+00,-3.812560842842295017e+00,2.433205429211666271e+00
1.996099927093702320e+01,-9.150650152118769753e+00,2.986866345723531602e+00,-3.809866197546045719e+00,2.429524223168756158e+00
1.997063295784384707e+01,-9.163781711755397907e+00,2.981367039970433286e+00,-3.807098083445016989e+00,2.425838935793720452e+00
1.998026664475067093e+01,-9.177519814034152290e+00,2.975874674737176928e+00,-3.804257306924782256e+00,2.422149418492296924e+00
1.998990033165749480e+01,-9.191866798435883723e+00,2.970389662763790461e+00,-3.801344649854801361e+00,2.418455535238078102e+00
1.999953401856431512e+01,-9.206825093180468045e+00,2.964912406904575803e+00,-3.798360823628749827e+00,2.414757158093377321e+00
2.000916770547113899e+01,-9.222397301835613348e+00,2.959443302327301240e+00,-3.795306450435480095e+00,2.411054160617043696e+00
2.001880139237795930e+01,-9.238586269101569215e+00,2.953982743697248115e+00,-3.792182077428494225e+00,2.407346411109362538e+00
2.002843507928478672e+01,-9.255395106011464534e+00,2.948531135351065036e+00,-3.788988219761073140e+00,2.403633767703154511e+00
2.003806876619160704e+01,-9.272827166830396095e+00,2.943088901557007198e+00,-3.785725419892702615e+00,2.399916076775226337e+00
2.004770245309843091e+01,-9.290885984381583640e+00,2.937656493914566624e+00,-3.782394305689656733e+00,2.396193175178393808e+00
2.005733614000525122e+01,-9.309575183057567926e+00,2.932234393787062743e+00,-3.778995630101830816e+00,2.392464895667100855e+00
2.006696982691207509e+01,-9.328898395617562400e+00,2.926823109139716550e+00,-3.775530280551644857e+00,2.388731073941710026e+00
2.007660351381889896e+01,-9.348859208934092280e+00,2.921423166834245411e+00,-3.771999255062401080e+00,2.384991555249288631e+00
2.008623720072572283e+01,-9.369461155354354531e+00,2.916035102807176482e+00,-3.768403611972689582e+00,2.381246198598689467e+00
2.009587088763254670e+01,-9.390707752776627615e+00,2.910659453217644632e+00,-3.764744407930638026e+00,2.377494877342784640e+00
2.010550457453936701e+01,-9.412602581937594692e+00,2.905296749388383226e+00,-3.761022642406083527e+00,2.373737475948321851e+00
2.011513826144619088e+01,-9.435149378136864939e+00,2.899947518251988487e+00,-3.757239225128337523e+00,2.369973883900357237e+00
2.012477194835301120e+01,-9.458352110096958754e+00,2.894612288380188581e+00,-3.753394976165184804e+00,2.366203988540722225e+00
2.013440563525983862e+01,-9.482215022287718398e+00,2.889291600002492633e+00,-3.749490658757474115e+00,2.362427668964974359e+00
2.014403932216665893e+01,-9.506742627810497837e+00,2.883986016213786918e+00,-3.745527035336825961e+00,2.358644792800848933e+00
2.015367300907348280e+01,-9.531939653671447132e+00,2.878696132194149104e+00,-3.741504930245324712e+00,2.354855216849069066e+00
2.016330669598030312e+01,-9.557810954587877106e+00,2.873422579838643909e+00,-3.737425280603363209e+00,2.351058791430677974e+00
2.017294038288712699e+01,-9.584361421064745201e+00,2.868166026556267845e+00,-3.733289160174429355e+00,2.347255367188266550e+00
2.018257406979395086e+01,-9.611595909430016960e+00,2.862927168743874429e+00,-3.729097768975988103e+00,2.343444802356223988e+00
2.019220775670077472e+01,-9.639519215169769950e+00,2.857706722052194337e+00,-3.724852391472674995e+00,2.339626968365787540e+00
2.020184144360759859e+01,-9.668136098085783559e+00,2.852505411551964798e+00,-3.720554335489975273e+00,2.335801752131568598e+00
2.021147513051441891e+01,-9.697451352295002991e+00,2.847323964975395416e+00,-3.716204869749839101e+00,2.331969054338493663e+00
2.022110881742124278e+01,-9.727469900531799496e+00,2.842163111322450142e+00,-3.711805178431041963e+00,2.328128784226877634e+00
2.023074250432806309e+01,-9.758196884688494777e+00,2.837023585539504289e+00,-3.707356346220848309e+00,2.324280852411305887e+00
2.024037619123488696e+01,-9.789637725359161990e+00,2.831906138167647136e+00,-3.702859378380953359e+00,2.320425163858494955e+00
2.025000987814171083e+01,-9.821798132172132156e+00,2.826811547360768895e+00,-3.698315250022020884e+00,2.316561613113763851e+00
2.025964356504853470e+01,-9.854684061281888674e+00,2.821740629942441458e+00,-3.693724970113381634e+00,2.312690083212268100e+00
2.026927725195535501e+01,-9.888301632222161075e+00,2.816694248433243786e+00,-3.689089641318500590e+00,2.308810448629670997e+00
2.027891093886217888e+01,-9.922657028651563849e+00,2.811673312168327943e+00,-3.684410497876493551e+00,2.304922581434754925e+00
2.028854462576900275e+01,-9.957756412613377961e+00,2.806678772391863586e+00,-3.679688910141556413e+00,2.301026358855494447e+00
2.029817831267582662e+01,-9.993605878168430934e+00,2.801711613035955839e+00,-3.674926354183738475e+00,2.297121670042684194e+00
2.030781199958265049e+01,-1.003021145867846009e+01,2.796772840220358436e+00,-3.670124355170719888e+00,2.293208420040450335e+00
2.031744568648947080e+01,-1.006757918600531809e+01,2.791863473940756180e+00,-3.665284421043933261e+00,2.289286529787803115e+00
2.032707937339629467e+01,-1.010571518421116188e+01,2.786984544807567410e+00,-3.660407985957431887e+00,2.285355932142056457e+00
2.033671306030311499e+01,-1.014462576971125429e+01,2.782137097223977840e+00,-3.655496380164803938e+00,2.281416565090599313e+00
2.034634674720993885e+01,-1.018431752750215225e+01,2.777322198483635152e+00,-3.650550835310632625e+00,2.277468364154687563e+00
2.035598043411676272e+01,-1.022479733986542882e+01,2.772540951493613459e+00,-3.645572523665532305e+00,2.273511256238490041e+00
2.036561412102358659e+01,-1.026607235790472217e+01,2.767794507722175279e+00,-3.640562619802048872e+00,2.269545156761681337e+00
2.037524780793040691e+01,-1.030814992330560642e+01,2.763084076874686712e+00,-3.635522366511735992e+00,2.265569970953400514e+00
2.038488149483723078e+01,-1.035103746272915082e+01,2.758410930756634016e+00,-3.630453125408753756e+00,2.261585598960340615e+00
2.039451518174405464e+01,-1.039474238571652442e+01,2.753776400516315004e+00,-3.625356397081567206e+00,2.257591943292645453e+00
2.040414886865087851e+01,-1.043927201625903400e+01,2.749181868460167433e+00,-3.620233804567690061e+00,2.253588916432295086e+00
2.041378255555770238e+01,-1.048463357836937249e+01,2.744628757302672639e+00,-3.615087044727882670e+00,2.249576446368717342e+00
2.042341624246452270e+01,-1.053083423990616296e+01,2.740118520543526781e+00,-3.609917821603481070e+00,2.245554478426543987e+00
2.043304992937134656e+01,-1.057788120130672027e+01,2.735652637395785902e+00,-3.604727781238349138e+00,2.241522972836939243e+00
2.044268361627816688e+01,-1.062578180204814871e+01,2.731232614385389112e+00,-3.599518467117911236e+00,2.237481898758479471e+00
2.045231730318499075e+01,-1.067454361180190325e+01,2.726859993782415170e+00,-3.594291309388342626e+00,2.233431226506294109e+00
2.046195099009181462e+01,-1.072417447725050010e+01,2.722536366988195233e+00,-3.589047651108275172e+00,2.229370920287098379e+00
2.047158467699863849e+01,-1.077468250833727481e+01,2.718263389502182825e+00,-3.583788803858769967e+00,2.225300933600800057e+00
2.048121836390545880e+01,-1.082607600559568084e+01,2.714042793588263613e+00,-3.578516116318516183e+00,2.221221208693345162e+00
2.049085205081228267e+01,-1.087836334784498860e+01,2.709876395419025030e+00,-3.573231035486532647e+00,2.217131680256032578e+00
2.050048573771910654e+01,-1.093155287162395695e+01,2.705766095118202319e+00,-3.567935142291069894e+00,2.213032282312878962e+00
2.051011942462593041e+01,-1.098565277653270122e+01,2.701713870266370776e+00,-3.562630150786145311e+00,2.208922956289630868e+00
2.051975311153275428e+01,-1.104067108317110346e+01,2.697721765445061148e+00,-3.557317870830896123e+00,2.204803657897561830e+00
2.052938679843957459e+01,-1.109661565468875821e+01,2.693791881661012244e+00,-3.552000144931739989e+00,2.200674360801853080e+00
2.053902048534639846e+01,-1.115349427368363955e+01,2.689926369621652658e+00,-3.546678777616544487e+00,2.196535055982655305e+00
2.054865417225321877e+01,-1.121131474905881653e+01,2.686127429766499652e+00,-3.541355478016516400e+00,2.192385746962949522e+00
2.055828785916004264e+01,-1.127008501766946935e+01,2.682397319998489404e+00,-3.536031832543392817e+00,2.188226442298996766e+00
2.056792154606686651e+01,-1.132981320624289090e+01,2.678738369780373940e+00,-3.530709315752348587e+00,2.184057147545396926e+00
2.057755523297369038e+01,-1.139050763011926826e+01,2.675152997346336825e+00,-3.525389336244154848e+00,2.179877859074279556e+00
2.058718891988051070e+01,-1.145217672368366024e+01,2.671643725812798298e+00,-3.520073304089335497e+00,2.175688561593697834e+00
2.059682260678733456e+01,-1.151482891753664539e+01,2.668213194263938437e+00,-3.514762699819378611e+00,2.171489230127862768e+00
2.060645629369415488e+01,-1.157847249342011153e+01,2.664864161372007434e+00,-3.509459124450091672e+00,2.167279835907938157e+00
2.061608998060097875e+01,-1.164311545476536658e+01,2.661599501363844933e+00,-3.504164315484056047e+00,2.163060354463496981e+00
2.062572366750780617e+01,-1.170876544621935800e+01,2.658422194497110258e+00,-3.498880123798739472e+00,2.158830773544501369e+00
2.063535735441462649e+01,-1.177542974076805926e+01,2.655335315953522013e+00,-3.493608457848297100e+00,2.154591098539673677e+00
2.064499104132145035e+01,-1.184311529236754801e+01,2.652342027652125900e+00,-3.488351211296278453e+00,2.150341353782726284e+00
2.065462472822827067e+01,-1.191182883145395444e+01,2.649445576730057095e+00,-3.483110195181690294e+00,2.146081579342767665e+00
2.066425841513509454e+01,-1.198157696654839555e+01,2.646649302532073200e+00,-3.477887094502546184e+00,2.141811824226252714e+00
2.067389210204191841e+01,-1.205236625181766996e+01,2.643956651446470296e+00,-3.472683462003524291e+00,2.137532137982782743e+00
2.068352578894874227e+01,-1.212420318913465778e+01,2.641371196569028079e+00,-3.467500751038661289e+00,2.133242563189812646e+00
2.069315947585556259e+01,-1.219709415152984633e+01,2.638896657685337210e+00,-3.462340377847814121e+00,2.128943131045984760e+00
2.070279316276238646e+01,-1.227104523757946275e+01,2.636536916905679817e+00,-3.457203794838077382e+00,2.124633861397474455e+00
2.071242684966920677e+01,-1.234606208645823777e+01,2.634296026542267466e+00,-3.452092553098941696e+00,2.120314767219852570e+00
2.072206053657603064e+01,-1.242214969491201693e+01,2.632178208136501940e+00,-3.447008335427169889e+00,2.115985862261659634e+00
2.073169422348285806e+01,-1.249931227657264898e+01,2.630187844244235684e+00,-3.441952949733021683e+00,2.111647169613794173e+00
2.074132791038967838e+01,-1.257755319080692047e+01,2.628329466858278618e+00,-3.436928284338330197e+00,2.107298728681384681e+00
2.075096159729650225e+01,-1.265687494637926136e+01,2.626607747488745481e+00,-3.431936237939556822e+00,2.102940598490883772e+00
2.076059528420332256e+01,-1.273727926105993724e+01,2.625027493558205194e+00,-3.426978644567757026e+00,2.098572856334476100e+00
2.077022897111014643e+01,-1.281876713920674149e+01,2.623593653972976725e+00,-3.422057215477578129e+00,2.094195592124394878e+00
2.077986265801697030e+01,-1.290133892122211279e+01,2.622311334013452733e+00,-3.417173515030312636e+00,2.089808900098608646e+00
2.078949634492379417e+01,-1.298499426438270987e+01,2.621185816848272232e+00,-3.412328977699710109e+00,2.085412870311185607e+00
2.079913003183061448e+01,-1.306973203250012361e+01,2.620222586879527249e+00,-3.407524961226234161e+00,2.081007582418785251e+00
2.080876371873743835e+01,-1.315555009704051415e+01,2.619427349426215024e+00,-3.402762820236687524e+00,2.076593103611633850e+00
2.081839740564425867e+01,-1.324244507721695641e+01,2.618806042200064965e+00,-3.398043978502032658e+00,2.072169491324199697e+00
2.082803109255108254e+01,-1.333041206355868624e+01,2.618364836375326021e+00,-3.393369978270614595e+00,2.067736799952464288e+00
2.083766477945790996e+01,-1.341944437314569960e+01,2.618110128121301727e+00,-3.388742491748232055e+00,2.063295089615766909e+00
2.084729846636473027e+01,-1.350953337356834538e+01,2.618048524333823401e+00,-3.384163290882406638e+00,2.058844434384315747e+00
2.085693215327155414e+01,-1.360066838970650949e+01,2.618186828083860718e+00,-3.379634183898765354e+00,2.054384927534283811e+00
2.086656584017837446e+01,-1.369283667930718451e+01,2.618532029417778517e+00,-3.375156936911754890e+00,2.049916682254247391e+00
2.087619952708519833e+01,-1.378602343852683099e+01,2.619091305506429546e+00,-3.370733203457442873e+00,2.045439827559571100e+00
2.088583321399202219e+01,-1.388021178480934203e+01,2.619872031194412809e+00,-3.366364482603271036e+00,2.040954500584599263e+00
2.089546690089884606e+01,-1.397538266626103720e+01,2.620881797606412711e+00,-3.362052117982297084e+00,2.036460837499401322e+00
2.090510058780566638e+01,-1.407151466400610218e+01,2.622128433648868828e+00,-3.357797338091399464e+00,2.031958965718079213e+00
2.091473427471249025e+01,-1.416858368203214980e+01,2.623620023882044627e+00,-3.353601326006831584e+00,2.027448999700929733e+00
2.092436796161931056e+01,-1.426656254949684843e+01,2.625364916791389724e+00,-3.349465297903137628e+00,2.022931041605646740e+00
2.093400164852613443e+01,-1.436542058407705014e+01,2.627371719843453413e+00,-3.345390567025615880e+00,2.018405186617944658e+00
2.094363533543296185e+01,-1.446512317421273686e+01,2.629649281197723454e+00,-3.341378573910078309e+00,2.013871531407859905e+00
2.095326902233978217e+01,-1.456563142971855029e+01,2.632206661516008239e+00,-3.337430873487883254e+00,2.009330183223647204e+00
2.096290270924660604e+01,-1.466690192623011590e+01,2.635053101857223190e+00,-3.333549082390339091e+00,2.004781266929557493e+00
2.097253639615342635e+01,-1.476888653625907111e+01,2.638197994336439756e+00,-3.329734801548093870e+00,2.000224927882545245e+00
2.098217008306025022e+01,-1.487153230814346472e+01,2.641650860774362286e+00,-3.325989536583135564e+00,1.995661329757463243e+00
2.099180376996707054e+01,-1.497478133378984211e+01,2.645421341333144216e+00,-3.322314639296689798e+00,1.991090647916016643e+00
2.100143745687389796e+01,-1.507857054365743110e+01,2.649519191057351897e+00,-3.318711287484166217e+00,1.986513060234741612e+00
2.101107114378071827e+01,-1.518283138447479175e+01,2.653954278545629375e+00,-3.315180509104208362e+00,1.981928738070433127e+00
2.102070483068754214e+01,-1.528748936726063157e+01,2.658736578828845509e+00,-3.311723243767657365e+00,1.977337840018588588e+00
2.103033851759436246e+01,-1.539246351105151334e+01,2.663876152649442997e+00,-3.308340423439378064e+00,1.972740510312885220e+00
2.103997220450118633e+01,-1.549766573987750640e+01,2.669383106771531455e+00,-3.305033048445763733e+00,1.968136882354537542e+00
2.104960589140801375e+01,-1.560300030686310002e+01,2.675267534027523375e+00,-3.301802236104363075e+00,1.963527086347326867e+00
2.105923957831483406e+01,-1.570836331431669919e+01,2.681539436310434343e+00,-3.298649227226913450e+00,1.958911258793083476e+00
2.106887326522165793e+01,-1.581364237325427524e+01,2.688208637253755917e+00,-3.295575348095656665e+00,1.954289551036284767e+00
2.107850695212847825e+01,-1.591871640741130278e+01,2.695284692755336664e+00,-3.292581938657681562e+00,1.949662134307041050e+00
2.108814063903530212e+01,-1.602345556730879395e+01,2.702776806271923959e+00,-3.289670267744951193e+00,1.945029199727978053e+00
2.109777432594212243e+01,-1.612772119211133415e+01,2.710693752230053821e+00,-3.286841460113306024e+00,1.940390953227377313e+00
2.110740801284894985e+01,-1.623136575050934027e+01,2.719043806023769605e+00,-3.284096456781020468e+00,1.935747606805383381e+00
2.111704169975577017e+01,-1.633423271000015120e+01,2.727834674425140271e+00,-3.281436020463890824e+00,1.931099368687751783e+00
2.112667538666259404e+01,-1.643615632235672663e+01,2.737073417349727311e+00,-3.278860784663557126e+00,1.926446435248102551e+00
2.113630907356941435e+01,-1.653696136068156264e+01,2.746766351844432741e+00,-3.276371332056839059e+00,1.921788987077222899e+00
2.114594276047623822e+01,-1.663646288566508957e+01,2.756918932107268905e+00,-3.273968279072827503e+00,1.917127190368868916e+00
2.115557644738306564e+01,-1.673446614190718051e+01,2.767535604565443119e+00,-3.271652341551181564e+00,1.912461203227920681e+00
2.116521013428988596e+01,-1.683076668120991215e+01,2.778619643029296871e+00,-3.269424361789186495e+00,1.907791185048220539e+00
2.117484382119670983e+01,-1.692515077871277285e+01,2.790172973890685082e+00,-3.267285288559849565e+00,1.903117306185810431e+00
2.118447750810353014e+01,-1.701739615837818675e+01,2.802196003689494841e+00,-3.265236115530752770e+00,1.898439755045038480e+00
2.119411119501035401e+01,-1.710727299167074023e+01,2.814687460349857062e+00,-3.263277795857548735e+00,1.893758740438155286e+00
2.120374488191717433e+01,-1.719454509397299091e+01,2.827644255277037111e+00,-3.261411157907715186e+00,1.889074488460149581e+00
2.121337856882400175e+01,-1.727897123026238901e+01,2.841061367623289868e+00,-3.259636846927730147e+00,1.884387234736250916e+00
2.122301225573082206e+01,-1.736030645953544038e+01,2.854931746338210896e+00,-3.257955309986884540e+00,1.879697214273797101e+00
2.123264594263764593e+01,-1.743830349087074083e+01,2.869246222104382849e+00,-3.256366828870153718e+00,1.875004651874985662e+00
2.124227962954446625e+01,-1.751271407840047445e+01,2.883993421271363378e+00,-3.254871591454131519e+00,1.870309755923164508e+00
2.125191331645129011e+01,-1.758329052875852483e+01,2.899159677660565482e+00,-3.253469780653083454e+00,1.865612717378629437e+00
2.126154700335811398e+01,-1.764978741532391737e+01,2.914728944571271185e+00,-3.252161654672760971e+00,1.860913714292846466e+00
2.127118069026493785e+01,-1.771196357889640893e+01,2.930682716437098545e+00,-3.250947594685492881e+00,1.856212920519874743e+00
2.128081437717176172e+01,-1.776958444578400886e+01,2.946999974968842917e+00,-3.249828105499954933e+00,1.851510516051894983e+00
2.129044806407858204e+01,-1.782242462460179766e+01,2.963657176311774943e+00,-3.248803768598262476e+00,1.846806695905287121e+00
2.130008175098540590e+01,-1.787027067304100569e+01,2.980628292895805664e+00,-3.247875161005216782e+00,1.842101674888558804e+00
2.130971543789222622e+01,-1.791292387726632285e+01,2.997884916874759220e+00,-3.247042763672760568e+00,1.837395686780797233e+00
2.131934912479905364e+01,-1.795020287504796030e+01,3.015396423256998748e+00,-3.246306886354734189e+00,1.832688978091325804e+00
2.132898281170587396e+01,-1.798194598315365766e+01,3.033130182660189522e+00,-3.245667631285339638e+00,1.827981798175542183e+00
2.133861649861269782e+01,-1.800801315040503070e+01,3.051051808554939182e+00,-3.245124906674815790e+00,1.823274388573763227e+00
2.134825018551951814e+01,-1.802828753009876195e+01,3.069125423363919136e+00,-3.244678486389058314e+00,1.818566974692200411e+00
2.135788387242634201e+01,-1.804267672525533683e+01,3.087313931785506060e+00,-3.244328098491689349e+00,1.813859762276611498e+00
2.136751755933316588e+01,-1.805111378776426179e+01,3.105579296599080052e+00,-3.244073516656018175e+00,1.809152939730235721e+00
2.137715124623998975e+01,-1.805355803959099248e+01,3.123882819360046970e+00,-3.243914627405438011e+00,1.804446685606310163e+00
2.138678493314681361e+01,-1.804999573681162417e+01,-3.140999874098753697e+00,-3.243851453086712411e+00,1.799741179068659491e+00
2.139641862005363393e+01,-1.804044053387955771e+01,-3.122737292827133082e+00,-3.243884123429122024e+00,1.795036610217785045e+00
2.140605230696045780e+01,-1.802493365085388888e+01,-3.104553589120514712e+00,-3.244012803710801141e+00,1.790333187194931064e+00
2.141568599386727811e+01,-1.800354362250273965e+01,-3.086486976957472095e+00,-3.244237600468752092e+00,1.785631137905719035e+00
2.142531968077410554e+01,-1.797636552701862200e+01,-3.068574681019065054e+00,-3.244558472511797298e+00,1.780930705780396472e+00
2.143495336768092585e+01,-1.794351965066542931e+01,-3.050852592189103429e+00,-3.244975173655750833e+00,1.776232140748549293e+00
2.144458705458774972e+01,-1.790514962626046014e+01,-3.033354957416959596e+00,-3.245487244428890250e+00,1.771535688032555678e+00
2.145422074149457004e+01,-1.786142016306583002e+01,-3.016114121138409487e+00,-3.246094055643338194e+00,1.766841578031132620e+00
2.146385442840139390e+01,-1.781251453880922853e+01,-2.999160327647749646e+00,-3.246794891400899719e+00,1.762150020268306250e+00
2.147348811530821777e+01,-1.775863203526243694e+01,-2.982521584060597419e+00,-3.247589047329895173e+00,1.757461203203798394e+00
2.148312180221504164e+01,-1.769998546506311143e+01,-2.966223574749433656e+00,-3.248475915147770898e+00,1.752775299979919765e+00
2.149275548912186551e+01,-1.763679887163948479e+01,-2.950289612930611316e+00,-3.249455028463427819e+00,1.748092478422789586e+00
2.150238917602868582e+01,-1.756930540842953192e+01,-2.934740614760049660e+00,-3.250526056013585130e+00,1.743412912342151788e+00
2.151202286293550969e+01,-1.749774534258048320e+01,-2.919595085550293678e+00,-3.251688743989788577e+00,1.738736790765401885e+00
2.152165654984233001e+01,-1.742236410054154305e+01,-2.904869114773413585e+00,-3.252942824211972894e+00,1.734064322325963525e+00
2.153129023674915743e+01,-1.734341028516918115e+01,-2.890576383749900558e+00,-3.254287915165860134e+00,1.729395733438919391e+00
2.154092392365597775e+01,-1.726113363929937350e+01,-2.876728194792758764e+00,-3.255723445264562699e+00,1.724731260726304782e+00
2.155055761056280161e+01,-1.717578299158430610e+01,-2.863333531430955148e+00,-3.257248621359941865e+00,1.720071139862224818e+00
2.156019129746962193e+01,-1.708760427457742992e+01,-2.850399155939256524e+00,-3.258862452320029135e+00,1.715415594087061457e+00
2.156982498437644580e+01,-1.699683873336350004e+01,-2.837929743945829308e+00,-3.260563821260347162e+00,1.710764825765589636e+00
2.157945867128326967e+01,-1.690372143538303362e+01,-2.825928048555269800e+00,-3.262351585552163868e+00,1.706119013490421388e+00
2.158909235819009353e+01,-1.680848015047636679e+01,-2.814395080630281765e+00,-3.264224675329916892e+00,1.701478315610306602e+00
2.159872604509691740e+01,-1.671133460756327338e+01,-2.803330289483991322e+00,-3.266182161424767472e+00,1.696842879166568396e+00
2.160835973200373772e+01,-1.661249607017900232e+01,-2.792731729978171096e+00,-3.268223272474007235e+00,1.692212851610037205e+00
2.161799341891056159e+01,-1.651216712672071552e+01,-2.782596207305917169e+00,-3.270347355854781757e+00,1.687588391825178391e+00
2.162762710581738190e+01,-1.641054157598496488e+01,-2.772919397877956271e+00,-3.272553793701669100e+00,1.682969677164742883e+00
2.163726079272420577e+01,-1.630780430759283917e+01,-2.763695951528521988e+00,-3.274841898681385643e+00,1.678356904353682344e+00
2.164689447963102964e+01,-1.620413112270030354e+01,-2.754919584696862600e+00,-3.277210820410758174e+00,1.673750283920942827e+00
2.165652816653785351e+01,-1.609968849755527032e+01,-2.746583175119202913e+00,-3.279659490514102327e+00,1.669150029734168594e+00
2.166616185344467382e+01,-1.599463334273746185e+01,-2.738678865826853492e+00,-3.282186623100881384e+00,1.664556346678063070e+00
2.167579554035149769e+01,-1.588911283898898574e+01,-2.731198180948840371e+00,-3.284790771158731637e+00,1.659969420093904802e+00
2.168542922725832156e+01,-1.578326442863198054e+01,-2.724132149766679944e+00,-3.287470422785006896e+00,1.655389410106747672e+00
2.169506291416514543e+01,-1.567721601150956801e+01,-2.717471430623802142e+00,-3.290224109233174765e+00,1.650816452544600743e+00
2.170469660107196930e+01,-1.557108634666394309e+01,-2.711206424160879536e+00,-3.293050493011613344e+00,1.646250666214017055e+00
2.171433028797878961e+01,-1.546498561113667414e+01,-2.705327366539939771e+00,-3.295948409921769073e+00,1.641692164409926935e+00
2.172396397488561348e+01,-1.535901603101826929e+01,-2.699824397396485054e+00,-3.298916852364816243e+00,1.637141067264212824e+00
2.173359766179243380e+01,-1.525327248815959713e+01,-2.694687602905481150e+00,-3.301954898562213803e+00,1.632597511260447387e+00
2.174323134869925767e+01,-1.514784302189026732e+01,-2.689907039809036782e+00,-3.305061608421568931e+00,1.628061653052184532e+00
2.175286503560608153e+01,-1.504280918323118144e+01,-2.685472749884569854e+00,-3.308235916852996006e+00,1.623533666388293994e+00
2.176249872251290540e+01,-1.493824624739896478e+01,-2.681374775092689511e+00,-3.311476556362805468e+00,1.619013732984148302e+00
2.177213240941972572e+01,-1.483422333413002292e+01,-2.677603181395693088e+00,-3.314782032339098183e+00,1.614502029981473630e+00
2.178176609632654959e+01,-1.473080351157944179e+01,-2.674148094756339411e+00,-3.318150659012120141e+00,1.609998717675030999e+00
2.179139978323337346e+01,-1.462804396105122962e+01,-2.670999747537002644e+00,-3.321580646138905912e+00,1.605503931137278295e+00
2.180103347014019732e+01,-1.452599625703416208e+01,-2.668148529044835016e+00,-3.325070211325891201e+00,1.601017778247194379e+00
2.181066715704702119e+01,-1.442470677770711696e+01,-2.665585031635286040e+00,-3.328617685080868860e+00,1.596540344751046447e+00
2.182030084395384151e+01,-1.432421721772286105e+01,-2.663300084234087706e+00,-3.332221577563032611e+00,1.592071704901895313e+00
2.182993453086066538e+01,-1.422456514100416314e+01,-2.661284768148650226e+00,-3.335880587102779682e+00,1.587611934557030979e+00
2.183956821776748569e+01,-1.412578449663324420e+01,-2.659530414630191686e+00,-3.339593547677745633e+00,1.583161122856842296e+00
2.184920190467430956e+01,-1.402790602967675149e+01,-2.658028588385244806e+00,-3.343359330627810433e+00,1.578719378997159195e+00
2.185883559158113343e+01,-1.393095754780980755e+01,-2.656771064681593408e+00,-3.347176729608287271e+00,1.574286832034358374e+00
2.186846927848795730e+01,-1.383496404469791941e+01,-2.655749808836814108e+00,-3.351044363004874960e+00,1.569863623713868783e+00
2.187810296539477761e+01,-1.373994771999161379e+01,-2.654956965422835324e+00,-3.354960623143925513e+00,1.565449896384472739e+00
2.188773665230160148e+01,-1.364592796186088464e+01,-2.654384860960253611e+00,-3.358923687989689544e+00,1.561045779538161815e+00
2.189737033920842535e+01,-1.355292136375334877e+01,-2.654026019323316277e+00,-3.362931592601267727e+00,1.556651378954377218e+00
2.190700402611524567e+01,-1.346094183126359667e+01,-2.653873184913902339e+00,-3.366982339853648476e+00,1.552266771688921576e+00
2.191663771302207309e+01,-1.337000080289700854e+01,-2.653919346124436363e+00,-3.371074018090978619e+00,1.547892008440621803e+00
2.192627139992889340e+01,-1.328010757009211851e+01,-2.654157751415174182e+00,-3.375204891043621647e+00,1.543527122651531691e+00
2.193590508683571727e+01,-1.319126964879263042e+01,-2.654581912484129891e+00,-3.379373433280258077e+00,1.539172143691720951e+00
2.194553877374253759e+01,-1.310349313692738349e+01,-2.655185592809238937e+00,-3.383578300413392359e+00,1.534827110244382897e+00
2.195517246064936145e+01,-1.301678299443072184e+01,-2.655962784116619346e+00,-3.387818242563610305e+00,1.530492079914836046e+00
2.196480614755618532e+01,-1.293114320382938054e+01,-2.656907676783327510e+00,-3.392091986514152779e+00,1.526167132175235475e+00
2.197443983446300919e+01,-1.284657680316409767e+01,-2.658014631796921101e+00,-3.396398121504483392e+00,1.521852363712310030e+00
2.198407352136982951e+01,-1.276308581876663339e+01,-2.659278161216699132e+00,-3.400735022827658049e+00,1.517547877494885844e+00
2.199370720827665338e+01,-1.268067115245068877e+01,-2.660692921355141571e+00,-3.405100836456380620e+00,1.513253768755460360e+00
2.200334089518347724e+01,-1.259933248806017936e+01,-2.662253718972897421e+00,-3.409493529987837945e+00,1.508970112024782706e+00
2.201297458209029756e+01,-1.251906827324599014e+01,-2.663955526848791333e+00,-3.413910995536704185e+00,1.504696953081424926e+00
2.202260826899712498e+01,-1.243987580684801486e+01,-2.665793502320429997e+00,-3.418351174645340329e+00,1.500434308251409110e+00
2.203224195590394530e+01,-1.236175142823355344e+01,-2.667763001596104022e+00,-3.422812168480713790e+00,1.496182171330128652e+00
2.204187564281076916e+01,-1.228469077267648757e+01,-2.669859584017538090e+00,-3.427292300644472434e+00,1.491940526136495748e+00
2.205150932971758948e+01,-1.220868903595688337e+01,-2.672079003558417210e+00,-3.431790113725709190e+00,1.487709361018922705e+00
2.206114301662441335e+01,-1.213374118786873623e+01,-2.674417188719550253e+00,-3.436304300254990451e+00,1.483488681021865041e+00
2.207077670353123722e+01,-1.205984208901823784e+01,-2.676870215459050240e+00,-3.440833588218665806e+00,1.479278514080986318e+00
2.208041039043806109e+01,-1.198698649351357837e+01,-2.679434279841424793e+00,-3.445376614967126550e+00,1.475078909359497148e+00
2.209004407734488140e+01,-1.191516895326260972e+01,-2.682105677112938125e+00,-3.449931827084336433e+00,1.470889928158628734e+00
2.209967776425170527e+01,-1.184438366765427375e+01,-2.684880791932796384e+00,-3.454497436385080000e+00,1.466711630046574788e+00
2.210931145115852914e+01,-1.177462433708994993e+01,-2.687756101127702468e+00,-3.459071445774277276e+00,1.462544058294413141e+00
2.211894513806534945e+01,-1.170588407594965297e+01,-2.690728186612487693e+00,-3.463651738047946793e+00,1.458387228948530678e+00
2.212857882497217688e+01,-1.163815542120630475e+01,-2.693793753147028625e+00,-3.468236201942143992e+00,1.454241126824895147e+00
2.213821251187899719e+01,-1.157143044302361545e+01,-2.696949644256126710e+00,-3.472822858442450311e+00,1.450105709680708177e+00
2.214784619878582106e+01,-1.150570093232896873e+01,-2.700192850304635073e+00,-3.477409949974697767e+00,1.445980919398531572e+00
2.215747988569264137e+01,-1.144095861689638838e+01,-2.703520505171520316e+00,-3.481995965817628935e+00,1.441866696923417512e+00
2.216711357259946524e+01,-1.137719534881107819e+01,-2.706929871452035119e+00,-3.486579595816309052e+00,1.437762996550606021e+00
2.217674725950628911e+01,-1.131440321472234345e+01,-2.710418317584799119e+00,-3.491159625727183524e+00,1.433669795317871865e+00
2.218638094641311298e+01,-1.125257454328920659e+01,-2.713983292716693807e+00,-3.495734804991175171e+00,1.429587094677253534e+00
2.219601463331993330e+01,-1.119170181466432723e+01,-2.717622305773427005e+00,-3.500303726185463038e+00,1.425514913893551006e+00
2.220564832022675716e+01,-1.113177750558554457e+01,-2.721332913920647911e+00,-3.504864752255158589e+00,1.421453277073111643e+00
2.221528200713357748e+01,-1.107279392210308089e+01,-2.725112722781875441e+00,-3.509416013714194094e+00,1.417402197636942862e+00
2.222491569404040135e+01,-1.101474307475454317e+01,-2.728959397280973143e+00,-3.513955477376038861e+00,1.413361664844302146e+00
2.223454938094722877e+01,-1.095761663743193459e+01,-2.732870678848279944e+00,-3.518481066909288746e+00,1.409331636401568222e+00
2.224418306785404909e+01,-1.090140600546233962e+01,-2.736844402900007189e+00,-3.522990799931380757e+00,1.405312039414864378e+00
2.225381675476087295e+01,-1.084610243832064924e+01,-2.740878510503980792e+00,-3.527482901138662363e+00,1.401302779481855554e+00
2.226345044166769327e+01,-1.079169724692738974e+01,-2.744971049963626619e+00,-3.531955857761785555e+00,1.397303755295410621e+00
2.227308412857451714e+01,-1.073818197220314730e+01,-2.749120167128987990e+00,-3.536408400512314198e+00,1.393314874470620079e+00
2.228271781548133745e+01,-1.068554850431690362e+01,-2.753324086650083657e+00,-3.540839415211064711e+00,1.389336065907582629e+00
2.229235150238816487e+01,-1.063378910991979964e+01,-2.757581089105871630e+00,-3.545247810951708267e+00,1.385367284994699855e+00
2.230198518929498519e+01,-1.058289636215900131e+01,-2.761889490166039351e+00,-3.549632383793320578e+00,1.381408510057169803e+00
2.231161887620180906e+01,-1.053286299713855634e+01,-2.766247627319001978e+00,-3.553991716622504349e+00,1.377459731047221192e+00
2.232125256310862937e+01,-1.048368174211442039e+01,-2.770653857427353817e+00,-3.558324145393265692e+00,1.373520933789252663e+00
2.233088625001545324e+01,-1.043534516867923045e+01,-2.775106565141174375e+00,-3.562627802446948877e+00,1.369592084442871505e+00
2.234051993692228066e+01,-1.038784561622558833e+01,-2.779604178979947271e+00,-3.566900724763349295e+00,1.365673118820141640e+00
2.235015362382910098e+01,-1.034117520955446068e+01,-2.784145189646017648e+00,-3.571140995571485455e+00,1.361763939786841071e+00
2.235978731073592485e+01,-1.029532596609337780e+01,-2.788728164520602792e+00,-3.575346877561813574e+00,1.357864423598280190e+00
2.236942099764274516e+01,-1.025028996131933390e+01,-2.793351753489778044e+00,-3.579516898099564415e+00,1.353974433368455133e+00
2.237905468454956903e+01,-1.020605950365085768e+01,-2.798014683885472031e+00,-3.583649860800042664e+00,1.350093835734007541e+00
2.238868837145638935e+01,-1.016262726739710409e+01,-2.802715745609911657e+00,-3.587744779532153760e+00,1.346222515792026675e+00
2.239832205836321677e+01,-1.011998634504752204e+01,-2.807453770458384845e+00,-3.591800753967574700e+00,1.342360385864975747e+00
2.240795574527003708e+01,-1.007813020438623930e+01,-2.812227611387089432e+00,-3.595816823340231672e+00,1.338507385447567311e+00
2.241758943217686095e+01,-1.003705256433800663e+01,-2.817036127479550789e+00,-3.599791841855995322e+00,1.334663472293686981e+00
2.242722311908368127e+01,-9.996747227597568397e+00,-2.821878178653030922e+00,-3.603724413092893819e+00,1.330828607238056849e+00
2.243685680599050514e+01,-9.957207920772745524e+00,-2.826752631234400237e+00,-3.607612903470124088e+00,1.327002737232741314e+00
2.244649049289733256e+01,-9.918428190252100762e+00,-2.831658372297626070e+00,-3.611455531487670179e+00,1.323185781645538350e+00
2.245612417980415287e+01,-9.880401385105839651e+00,-2.836594328059907522e+00,-3.615250506857305091e+00,1.319377625936551279e+00
2.246575786671097674e+01,-9.843120732149261087e+00,-2.841559480452396702e+00,-3.618996178588238077e+00,1.315578124665663928e+00
2.247539155361779706e+01,-9.806579480686279382e+00,-2.846552876561586398e+00,-3.622691148099686842e+00,1.311787113021652740e+00
2.248502524052462093e+01,-9.770771073657888550e+00,-2.851573627799107946e+00,-3.626334313495419792e+00,1.308004423520670478e+00
2.249465892743144124e+01,-9.735689294125402071e+00,-2.856620898750166671e+00,-3.629924831358768422e+00,1.304229902956791642e+00
2.250429261433826866e+01,-9.701328343508992091e+00,-2.861693888748032322e+00,-3.633462006870670891e+00,1.300463424573867988e+00
2.251392630124508898e+01,-9.667682828492113245e+00,-2.866791811398936130e+00,-3.636945144472097269e+00,1.296704891811325311e+00
2.252355998815191285e+01,-9.634747660837160055e+00,-2.871913877891246081e+00,-3.640373403285424914e+00,1.292954232456554831e+00
2.253319367505873316e+01,-9.602517900353468860e+00,-2.877059288787172431e+00,-3.643745700433245194e+00,1.289211384883343081e+00
2.254282736196555703e+01,-9.570988588157492316e+00,-2.882227236458066333e+00,-3.647060691465349613e+00,1.285476280424715734e+00
2.255246104887238445e+01,-9.540154620139571051e+00,-2.887416917147115569e+00,-3.650316834372941521e+00,1.281748827110592570e+00
2.256209473577920477e+01,-9.510010698408276397e+00,-2.892627548776008251e+00,-3.653512518832378930e+00,1.278028899634576110e+00
2.257172842268602864e+01,-9.480551375078389853e+00,-2.897858388910675487e+00,-3.656646222757633513e+00,1.274316338597081710e+00
2.258136210959284895e+01,-9.451771175115181833e+00,-2.903108747271740953e+00,-3.659716649817514433e+00,1.270610959333505985e+00
2.259099579649967282e+01,-9.423664761313226279e+00,-2.908377988823203086e+00,-3.662722806885247984e+00,1.266912567784720611e+00
2.260062948340649314e+01,-9.396227091924940211e+00,-2.913665526303701458e+00,-3.665663997957928188e+00,1.263220978751009360e+00
2.261026317031332056e+01,-9.369453523701977815e+00,-2.918970804230856864e+00,-3.668539735773727717e+00,1.259536031125549460e+00
2.261989685722014087e+01,-9.343339829479063496e+00,-2.924293278964318343e+00,-3.671349596866983589e+00,1.255857595561978401e+00
2.262953054412696474e+01,-9.317882125010653382e+00,-2.929632400594515573e+00,-3.674093062834236534e+00,1.252185572248947665e+00
2.263916423103378506e+01,-9.293076726911632335e+00,-2.934987601879849084e+00,-3.676769395009301888e+00,1.248519879392567589e+00
2.264879791794060893e+01,-9.268919984141595236e+00,-2.940358297349424888e+00,-3.679377580150774207e+00,1.244860435778762486e+00
2.265843160484743279e+01,-9.245408133359090286e+00,-2.945743892651721652e+00,-3.681916363881492682e+00,1.241207142575354583e+00
2.266806529175425666e+01,-9.222537221309135447e+00,-2.951143801170050818e+00,-3.684384362615009678e+00,1.237559869798560808e+00
2.267769897866108053e+01,-9.200303117338600956e+00,-2.956557462757611887e+00,-3.686780221264202240e+00,1.233918451520081616e+00
2.268733266556790085e+01,-9.178701612165037105e+00,-2.961984358816281748e+00,-3.689102770150508803e+00,1.230282691318615118e+00
2.269696635247472472e+01,-9.157728573213411494e+00,-2.967424019041716488e+00,-3.691351134424378344e+00,1.226652376440252823e+00
2.270660003938154503e+01,-9.137380109900755443e+00,-2.972876017654601188e+00,-3.693524763102534969e+00,1.223027296527683383e+00
2.271623372628837245e+01,-9.117652699253042670e+00,-2.978339960087844851e+00,-3.695623368520148055e+00,1.219407261387176256e+00
2.272586741319519277e+01,-9.098543234084692344e+00,-2.983815463960523218e+00,-3.697646793603350801e+00,1.215792112508365497e+00
2.273550110010201664e+01,-9.080048979122819830e+00,-2.989302139885758880e+00,-3.699594845985396674e+00,1.212181724873489186e+00
2.274513478700883695e+01,-9.062167448000378656e+00,-2.994799577717640826e+00,-3.701467148145112684e+00,1.208575998458963241e+00
2.275476847391566082e+01,-9.044896237739388667e+00,-3.000307342223009321e+00,-3.703263048330433627e+00,1.204974841897050286e+00
2.276440216082248469e+01,-9.028232870110265651e+00,-3.005824979350438575e+00,-3.704981619253013836e+00,1.201378153117596437e+00
2.277403584772930856e+01,-9.012174687252525018e+00,-3.011352031101262927e+00,-3.706621745598238427e+00,1.197785802723787985e+00
2.278366953463613243e+01,-8.996718832762875095e+00,-3.016888054433166655e+00,-3.708182274954867630e+00,1.194197625083152303e+00
2.279330322154295274e+01,-8.981862323917223279e+00,-3.022432638416059358e+00,-3.709662187700731195e+00,1.190613419853367994e+00
2.280293690844977661e+01,-8.967602193420576739e+00,-3.027985414377266427e+00,-3.711060735416536360e+00,1.187032963574633948e+00
2.281257059535659693e+01,-8.953935658228322936e+00,-3.033546055865763869e+00,-3.712377506411069561e+00,1.183456027960078094e+00
2.282220428226342435e+01,-8.940860264802795498e+00,-3.039114268310629363e+00,-3.713612398350363275e+00,1.179882399497164780e+00
2.283183796917024466e+01,-8.928373967130212918e+00,-3.044689771336980488e+00,-3.714765505503099696e+00,1.176311894544538772e+00
2.284147165607706853e+01,-8.916475113871589642e+00,-3.050272278910132417e+00,-3.715836953591558078e+00,1.172744365409047473e+00
2.285110534298388885e+01,-8.905162348186562937e+00,-3.055861483142573221e+00,-3.716826731069298173e+00,1.169179695541720188e+00
2.286073902989071271e+01,-8.894434449935527454e+00,-3.061457046517058078e+00,-3.717734567051964589e+00,1.165617785218392877e+00
2.287037271679753658e+01,-8.884290167300013863e+00,-3.067058604771967456e+00,-3.718559892586087656e+00,1.162058531913454651e+00
2.288000640370436045e+01,-8.874728088156036421e+00,-3.072665779509107686e+00,-3.719301897381192656e+00,1.158501811184634134e+00
2.288964009061118432e+01,-8.865746589767367070e+00,-3.078278196671226929e+00,-3.719959665788837633e+00,1.154947463775058747e+00
2.289927377751800464e+01,-8.857343882018643200e+00,-3.083895505269112824e+00,-3.720532352102317031e+00,1.151395292827044337e+00
2.290890746442482850e+01,-8.849518131437271506e+00,-3.089517390648358397e+00,-3.721019343265734580e+00,1.147845072118129028e+00
2.291854115133164882e+01,-8.842267629017172226e+00,-3.095143578205689305e+00,-3.721420360471701105e+00,1.144296562954036034e+00
2.292817483823847269e+01,-8.835590951621307809e+00,-3.100773826314205284e+00,-3.721735468989959550e+00,1.140749534759316175e+00
2.293780852514529656e+01,-8.829487068503594216e+00,-3.106407910447233522e+00,-3.721964992684521523e+00,1.137203783271458768e+00
2.294744221205212042e+01,-8.823955360773648948e+00,-3.112045603135585203e+00,-3.722109358031109760e+00,1.133659140916383867e+00
2.295707589895894074e+01,-8.818995547606647278e+00,-3.117686655659012374e+00,-3.722168913605992113e+00,1.130115476234409666e+00
2.296670958586576461e+01,-8.814607540928086848e+00,-3.123330786875440968e+00,-3.722143778630150557e+00,1.126572682464789255e+00
2.297634327277258848e+01,-8.810791271826175830e+00,-3.128977682473858213e+00,-3.722033765862507337e+00,1.123030658625491895e+00
2.298597695967941235e+01,-8.807546540590854178e+00,-3.134627004826219920e+00,-3.721838402303992321e+00,1.119489288681807748e+00
2.299561064658623621e+01,-8.804872935412127788e+00,-3.140278410438748224e+00,-3.721557042209120425e+00,1.115948425003895128e+00
2.300524433349305653e+01,-8.802769844383545816e+00,3.137253737466206172e+00,-3.721189039381682218e+00,1.112407881077967842e+00
2.301487802039988040e+01,-8.801236557602390320e+00,3.131599124163846337e+00,-3.720733927858661083e+00,1.108867435713886129e+00
2.302451170730670071e+01,-8.800272429143214836e+00,3.125943319052445712e+00,-3.720191557249705738e+00,1.105326847583966376e+00
2.303414539421352458e+01,-8.799877050605093842e+00,3.120286550460606545e+00,-3.719562142142549099e+00,1.101785875844169427e+00
2.304377908112034845e+01,-8.800050384244379131e+00,3.114629026411643853e+00,-3.718846210301289368e+00,1.098244300749899871e+00
2.305341276802717232e+01,-8.800792815581615969e+00,3.108970954328902359e+00,-3.718044464414376638e+00,1.094701938140164810e+00
2.306304645493399264e+01,-8.802105109324374510e+00,3.103312561068806819e+00,-3.717157597982772455e+00,1.091158643449213539e+00
2.307268014184081650e+01,-8.803988281362951085e+00,3.097654107361837550e+00,-3.716186119855823478e+00,1.087614303994086651e+00
2.308231382874764037e+01,-8.806443424830860067e+00,3.091995892388419875e+00,-3.715130239702730819e+00,1.084068821768640500e+00
2.309194751565446424e+01,-8.809471542200787653e+00,3.086338247152860870e+00,-3.713989848906472879e+00,1.080522091815190100e+00
2.310158120256128811e+01,-8.813073433857818273e+00,3.080681518670704833e+00,-3.712764603185009449e+00,1.076973982594372714e+00
2.311121488946810842e+01,-8.817249676937109371e+00,3.075026049751165225e+00,-3.711454083001531234e+00,1.073424324220584536e+00
2.312084857637493229e+01,-8.822000701337659123e+00,3.069372160504322711e+00,-3.710057984514556484e+00,1.069872908126848321e+00
2.313048226328175261e+01,-8.827326940725166438e+00,3.063720137221027429e+00,-3.708576284422014702e+00,1.066319498343633265e+00
2.314011595018857648e+01,-8.833229013724450240e+00,3.058070232095737584e+00,-3.707009329460767333e+00,1.062763851120199332e+00
2.314974963709540035e+01,-8.839707881185375982e+00,3.052422674031701977e+00,-3.705357823435122544e+00,1.059205737112793200e+00
2.315938332400222421e+01,-8.846764932262766834e+00,3.046777687445965999e+00,-3.703622714976692265e+00,1.055644959563268870e+00
2.316901701090904453e+01,-8.854401973117575153e+00,3.041135513573856919e+00,-3.701805018805019998e+00,1.052081363043517293e+00
2.317865069781586840e+01,-8.862621121101955879e+00,3.035496427989195833e+00,-3.699905623257810916e+00,1.048514830114872565e+00
2.318828438472269227e+01,-8.871424635670420500e+00,3.029860749152714305e+00,-3.697925141277754069e+00,1.044945266831931452e+00
2.319791807162951613e+01,-8.880814736452636637e+00,3.024228835460293308e+00,-3.695863849467841966e+00,1.041372581346296844e+00
2.320755175853634000e+01,-8.890793463116811068e+00,3.018601071697649907e+00,-3.693721733895218851e+00,1.037796661946054799e+00
2.321718544544316032e+01,-8.901362619489386674e+00,3.012977848994282670e+00,-3.691498629669980325e+00,1.034217361074480479e+00
2.322681913234998419e+01,-8.912523819414152726e+00,3.007359544349874625e+00,-3.689194413334837552e+00,1.030634490132898540e+00
2.323645281925680450e+01,-8.924278621432986114e+00,3.001746505979252522e+00,-3.686809191128692653e+00,1.027047826693164190e+00
2.324608650616362837e+01,-8.936628712629387294e+00,2.996139049022368717e+00,-3.684343427060285503e+00,1.023457132062240982e+00
2.325572019307045224e+01,-8.949576086936714248e+00,2.990537463090372050e+00,-3.681797972293314736e+00,1.019862174047848402e+00
2.326535387997727611e+01,-8.963123164474437132e+00,2.984942029579457312e+00,-3.679173986474622460e+00,1.016262748194756371e+00
2.327498756688409642e+01,-8.977272815775393155e+00,2.979353043738944162e+00,-3.676472773734973831e+00,1.012658691175119197e+00
2.328462125379092029e+01,-8.992028283045520709e+00,2.973770835016757985e+00,-3.673695581620338935e+00,1.009049882312455182e+00
2.329425494069774416e+01,-9.007393021448224957e+00,2.968195779674509094e+00,-3.670843422535592371e+00,1.005436232725391399e+00
2.330388862760456448e+01,-9.023370507602425761e+00,2.962628301939961073e+00,-3.667916970944834709e+00,1.001817665257984213e+00
2.331352231451139190e+01,-9.039964072710095166e+00,2.957068863378562451e+00,-3.664916567353845966e+00,9.981940911241105052e-01
2.332315600141821221e+01,-9.057176810809766110e+00,2.951517943702871349e+00,-3.661842328515646727e+00,9.945653902071306396e-01
2.333278968832503608e+01,-9.075011590521071980e+00,2.945976018839290500e+00,-3.658694331690111490e+00,9.909314009105368859e-01
2.334242337523185640e+01,-9.093471167815536660e+00,2.940443542947388522e+00,-3.655472818559808434e+00,9.872919226492798961e-01
2.335205706213868027e+01,-9.112558366996637460e+00,2.934920939961365605e+00,-3.652178358226528587e+00,9.836467303292030229e-01
2.336169074904550413e+01,-9.132276276304359897e+00,2.929408607415949994e+00,-3.648811920522180952e+00,9.799955965914030065e-01
2.337132443595232800e+01,-9.152628399693890415e+00,2.923906931658155628e+00,-3.645374837257181255e+00,9.763383152629305783e-01
2.338095812285914832e+01,-9.173618718975729891e+00,2.918416310122384338e+00,-3.641868662233975762e+00,9.726747190572647694e-01
2.339059180976597219e+01,-9.195251647009968110e+00,2.912937174189339284e+00,-3.638294971032938641e+00,9.690046862373706826e-01
2.340022549667279606e+01,-9.217531885195279884e+00,2.907470005917693889e+00,-3.634655159736681629e+00,9.653281342062846049e-01
2.340985918357961637e+01,-9.240464227369484362e+00,2.902015343719309026e+00,-3.630950302422985665e+00,9.616450018668645239e-01
2.341949287048644379e+01,-9.264053368740889027e+00,2.896573775327782929e+00,-3.627181110127490893e+00,9.579552259440573536e-01
2.342912655739326411e+01,-9.288303777529909766e+00,2.891145920216435794e+00,-3.623348004045491955e+00,9.542587182896418163e-01
2.343876024430008798e+01,-9.313219668726715028e+00,2.885732406818280804e+00,-3.619451281835294854e+00,9.505553509386487354e-01
2.344839393120690829e+01,-9.338805089083319189e+00,2.880333851521313271e+00,-3.615491328067145460e+00,9.468449534209634200e-01
2.345802761811373216e+01,-9.365064089124629731e+00,2.874950845955853929e+00,-3.611468806440910839e+00,9.431273232129738782e-01
2.346766130502055603e+01,-9.392000931558648347e+00,2.869583956671959868e+00,-3.607384776450612840e+00,9.394022463110651699e-01
2.347729499192737990e+01,-9.419620273991981207e+00,2.864233737630601517e+00,-3.603240699308148720e+00,9.356695218806656555e-01
2.348692867883420021e+01,-9.447927270913250908e+00,2.858900752091697139e+00,-3.599038330667458929e+00,9.319289836871874622e-01
2.349656236574102408e+01,-9.476927563573468660e+00,2.853585597627327441e+00,-3.594779531340829060e+00,9.281805119299120221e-01
2.350619605264784795e+01,-9.506627159744281741e+00,2.848288926987199154e+00,-3.590466051765724309e+00,9.244240319170740072e-01
2.351582973955466827e+01,-9.537032238455902089e+00,2.843011458716955264e+00,-3.586099354108077897e+00,9.206594999129408263e-01
2.352546342646149569e+01,-9.568148937761790762e+00,2.837753974449963579e+00,-3.581680525062465037e+00,9.168868803043520588e-01
2.353509711336831600e+01,-9.599983189333260114e+00,2.832517303773230299e+00,-3.577210305744885410e+00,9.131061208393673745e-01
2.354473080027513987e+01,-9.632540650334398435e+00,2.827302301323801892e+00,-3.572689230405942773e+00,9.093171333030476422e-01
2.355436448718196019e+01,-9.665826754352561778e+00,2.822109823172284315e+00,-3.568117833284312201e+00,9.055197854211546327e-01
2.356399817408878405e+01,-9.699846867596743749e+00,2.816940709858275493e+00,-3.563496862422525613e+00,9.017139064774492008e-01
2.357363186099560792e+01,-9.734606504727219445e+00,2.811795781540869843e+00,-3.558827436841611291e+00,8.978993050669508147e-01
2.358326554790243179e+01,-9.770111540158259444e+00,2.806675847160219561e+00,-3.554111099945354901e+00,8.940757937900468688e-01
2.359289923480925211e+01,-9.806368351214176826e+00,2.801581725325072991e+00,-3.549349752605021280e+00,8.902432135988520567e-01
2.360253292171607598e+01,-9.843383849192889556e+00,2.796514271094950210e+00,-3.544545485051768807e+00,8.864014505689317147e-01
2.361216660862289984e+01,-9.881165387532115929e+00,2.791474400988215976e+00,-3.539700356894717181e+00,8.825504400802391958e-01
2.362180029552972016e+01,-9.919720573092165594e+00,2.786463108993628257e+00,-3.534816190282696891e+00,8.786901571055517612e-01
2.363143398243654758e+01,-9.959057036041894406e+00,2.781481468988051819e+00,-3.529894437688212427e+00,8.748205954272382234e-01
2.364106766934336790e+01,-9.999182227004606460e+00,2.776530623007072318e+00,-3.524936163956435831e+00,8.709417419103717695e-01
2.365070135625019176e+01,-1.004010330280571672e+01,2.771611759080989668e+00,-3.519942148519488168e+00,8.670535534646177656e-01
2.366033504315701208e+01,-1.008182713628862182e+01,2.766726085556213466e+00,-3.514913077987675383e+00,8.631559435715507878e-01
2.366996873006383595e+01,-1.012436044875068042e+01,2.761874809992719726e+00,-3.509849772292556569e+00,8.592487824498022952e-01
2.367960241697065626e+01,-1.016771002654617462e+01,2.757059129481028048e+00,-3.504753377258036373e+00,8.553319108999122289e-01
2.368923610387748369e+01,-1.021188295743611363e+01,2.752280235897554217e+00,-3.499625466069772983e+00,8.514051638047701598e-01
2.369886979078430400e+01,-1.025688681530767354e+01,2.747539335185746889e+00,-3.494468018862223246e+00,8.474683963687723587e-01
2.370850347769112787e+01,-1.030272973631287670e+01,2.742837675528682073e+00,-3.489283285691045400e+00,8.435215053256048812e-01
2.371813716459795174e+01,-1.034942036126444087e+01,2.738176576540864104e+00,-3.484073572843680022e+00,8.395644387959030341e-01
2.372777085150477205e+01,-1.039696765897186914e+01,2.733557451199601473e+00,-3.478841015446416218e+00,8.355971918135018939e-01
2.373740453841159948e+01,-1.044538068122676222e+01,2.728981814317727128e+00,-3.473587403750981739e+00,8.316197887809909650e-01
2.374703822531841979e+01,-1.049466832145181883e+01,2.724451275341978729e+00,-3.468314114908194856e+00,8.276322580065019752e-01
2.375667191222524366e+01,-1.054483914895672925e+01,2.719967517975623750e+00,-3.463022170980396552e+00,8.236346058557014738e-01
2.376630559913206397e+01,-1.059590136898272306e+01,2.715532273161826993e+00,-3.457712406545321748e+00,8.196267982097548144e-01
2.377593928603888784e+01,-1.064786292146226110e+01,2.711147294099240046e+00,-3.452385696583172958e+00,8.156087547923964731e-01
2.378557297294570816e+01,-1.070073168963780930e+01,2.706814341518033462e+00,-3.447043177143412684e+00,8.115803581366121122e-01
2.379520665985253558e+01,-1.075451575588644815e+01,2.702535184514330613e+00,-3.441686393048808412e+00,8.075414746212853379e-01
2.380484034675935590e+01,-1.080922362660182401e+01,2.698311617663455841e+00,-3.436317328199380849e+00,8.034919814071359578e-01
2.381447403366617976e+01,-1.086486435578246557e+01,2.694145490259431952e+00,-3.430938308667264014e+00,7.994317913135012832e-01
2.382410772057300363e+01,-1.092144752612026792e+01,2.690038739823155556e+00,-3.425551806509985031e+00,7.953608682443030764e-01
2.383374140747982395e+01,-1.097898308847141458e+01,2.685993420623589589e+00,-3.420160201879707706e+00,7.912792285375641610e-01
2.384337509438665137e+01,-1.103748110315252617e+01,2.682011719327973331e+00,-3.414765573716010749e+00,7.871869277684666599e-01
2.385300878129347169e+01,-1.109695145671543592e+01,2.678095953676067342e+00,-3.409369581210643041e+00,7.830840368543923180e-01
2.386264246820029555e+01,-1.115740363635498156e+01,2.674248555163817098e+00,-3.403973471614690105e+00,7.789706145097631262e-01
2.387227615510711587e+01,-1.121884662792730936e+01,2.670472041612276470e+00,-3.398578212625902317e+00,7.748466842222696549e-01
2.388190984201393974e+01,-1.128128896710743412e+01,2.666768988707975740e+00,-3.393184710573700524e+00,7.707122226248791508e-01
2.389154352892076005e+01,-1.134473892709834608e+01,2.663142010129347703e+00,-3.387794049911998506e+00,7.665671627914909525e-01
2.390117721582758747e+01,-1.140920478425878315e+01,2.659593753507449865e+00,-3.382407682832255791e+00,7.624114115707772976e-01
2.391081090273440779e+01,-1.147469507781712927e+01,2.656126914864840760e+00,-3.377027512220455829e+00,7.582448758975722791e-01
2.392044458964123166e+01,-1.154121877944434971e+01,2.652744268678913997e+00,-3.371655842537833792e+00,7.540674903256318062e-01
2.393007827654805197e+01,-1.160878531350704890e+01,2.649448705969179141e+00,-3.366295212288339389e+00,7.498792376187082276e-01
2.393971196345487584e+01,-1.167740441226341730e+01,2.646243270262783831e+00,-3.360948156979608026e+00,7.456801562522361593e-01
2.394934565036169971e+01,-1.174708583935897366e+01,2.643131181766178450e+00,-3.355616972400537357e+00,7.414703325303493298e-01
2.395897933726852358e+01,-1.181783905497974985e+01,2.640115843485569158e+00,-3.350303548335764159e+00,7.372498795786572856e-01
2.396861302417534745e+01,-1.188967291462109088e+01,2.637200828425585897e+00,-3.345009322313238886e+00,7.330189093831398495e-01
2.397824671108216776e+01,-1.196259548451106625e+01,2.634389852767262674e+00,-3.339735367613161365e+00,7.287775061451573499e-01
2.398788039798899163e+01,-1.203661402236344813e+01,2.631686744343627371e+00,-3.334482589973895017e+00,7.245257088782510735e-01
2.399751408489581195e+01,-1.211173512214144488e+01,2.629095417423925163e+00,-3.329251975004027031e+00,7.202635084726031200e-01
2.400714777180263937e+01,-1.218796497067396523e+01,2.626619863208735417e+00,-3.324044812919187741e+00,7.159908601859967803e-01
2.401678145870945968e+01,-1.226530962765907162e+01,2.624264160935705803e+00,-3.318862833535274337e+00,7.117077079441501697e-01
2.402641514561628355e+01,-1.234377523019059275e+01,2.622032508395204520e+00,-3.313708210715380353e+00,7.074140133053765656e-01
2.403604883252310387e+01,-1.242336804223335811e+01,2.619929264767279165e+00,-3.308583433997252410e+00,7.031097805183158522e-01
2.404568251942992774e+01,-1.250409431333665999e+01,2.617958994809538975e+00,-3.303491084552661938e+00,6.987950702122580626e-01
2.405531620633675161e+01,-1.258595996661250638e+01,2.616126502779919427e+00,-3.298433581245176605e+00,6.944699975918176005e-01
2.406494989324357547e+01,-1.266897018695765276e+01,2.614436847347617388e+00,-3.293412971804785094e+00,6.901347155845122261e-01
2.407458358015039934e+01,-1.275312901104694063e+01,2.612895334349447651e+00,-3.288430831169000701e+00,6.857893878593921411e-01
2.408421726705721966e+01,-1.283843902091382461e+01,2.611507490953127508e+00,-3.283488297576946824e+00,6.814341596697499615e-01
2.409385095396404353e+01,-1.292490121204615328e+01,2.610279030581948767e+00,-3.278586236278539623e+00,6.770691351641229261e-01
2.410348464087086384e+01,-1.301251505340002268e+01,2.609215821045433259e+00,-3.273725482773501838e+00,6.726943679386309105e-01
2.411311832777769126e+01,-1.310127869624092867e+01,2.608323867688771891e+00,-3.268907093604023206e+00,6.683098677110084207e-01
2.412275201468451158e+01,-1.319118923949318045e+01,2.607609319103828316e+00,-3.264132530064979942e+00,6.639156212263669365e-01
2.413238570159133545e+01,-1.328224293666523437e+01,2.607078496232293929e+00,-3.259403719678489963e+00,6.595116212679610346e-01
2.414201938849815576e+01,-1.337443524110503645e+01,2.606737938510985231e+00,-3.254722976249035948e+00,6.550978952039397951e-01
2.415165307540497963e+01,-1.346776062977938082e+01,2.606594455239558350e+00,-3.250092801187249414e+00,6.506745245885591222e-01
2.416128676231180350e+01,-1.356221220864323485e+01,2.606655168314924165e+00,-3.245515624168792357e+00,6.462416499421671512e-01
2.417092044921862737e+01,-1.365778116630919570e+01,2.606927534600437468e+00,-3.240993559539963265e+00,6.417994591993523290e-01
2.418055413612545124e+01,-1.375445618766612377e+01,2.607419341959289483e+00,-3.236528250651175664e+00,6.373481631532667002e-01
2.419018782303227155e+01,-1.385222295093351441e+01,2.608138680725355485e+00,-3.232120848619772779e+00,6.328879651029758469e-01
2.419982150993909542e+01,-1.395106380566825344e+01,2.609093899793533566e+00,-3.227772132391640181e+00,6.284190336729900128e-01
2.420945519684591574e+01,-1.405095767218329073e+01,2.610293561294101394e+00,-3.223482735068956551e+00,6.239414868844239681e-01
2.421908888375274316e+01,-1.415188013119145793e+01,2.611746408405455799e+00,-3.219253409721716697e+00,6.194553922642478394e-01
2.422872257065956347e+01,-1.425380360781499078e+01,2.613461356924755119e+00,-3.215085255787047291e+00,6.149607830458927449e-01
2.423835625756638734e+01,-1.435669751658868876e+01,2.615447513802883872e+00,-3.210979838394078634e+00,6.104576857375531018e-01
2.424798994447320766e+01,-1.446052823630678397e+01,2.617714217113642050e+00,-3.206939164337149428e+00,6.059461509316316219e-01
2.425762363138003153e+01,-1.456525882630396040e+01,2.620271084510283455e+00,-3.202965520757227846e+00,6.014262782178576572e-01
2.426725731828685539e+01,-1.467084846734768533e+01,2.623128053458859910e+00,-3.199061223381434615e+00,5.968982277580754392e-01
2.427689100519367926e+01,-1.477725168970279768e+01,2.626295397722339331e+00,-3.195228348293932541e+00,5.923622149949083759e-01
2.428652469210050313e+01,-1.488441751385353662e+01,2.629783710511836237e+00,-3.191468526541559214e+00,5.878184899509765193e-01
2.429615837900732345e+01,-1.499228865573764224e+01,2.633603853750638546e+00,-3.187782862701739717e+00,5.832673071569464129e-01
2.430579206591414732e+01,-1.510080092861885426e+01,2.637766882314330097e+00,-3.184172002115958744e+00,5.787088950635778106e-01
2.431542575282096763e+01,-1.520988291232929512e+01,2.642283958989225745e+00,-3.180636327517468942e+00,5.741434339985673763e-01
2.432505943972779150e+01,-1.531945587515027185e+01,2.647166277970319559e+00,-3.177176227263457164e+00,5.695710492467556119e-01
2.433469312663461537e+01,-1.542943384996162237e+01,2.652425011142822253e+00,-3.173792355782318886e+00,5.649918213825850799e-01
2.434432681354143924e+01,-1.553972371092220328e+01,2.658071283029713072e+00,-3.170485808679228690e+00,5.604058108752347778e-01
2.435396050044825955e+01,-1.565022508868972650e+01,2.664116169554146207e+00,-3.167258159806660256e+00,5.558130897318561692e-01
2.436359418735508342e+01,-1.576083000593222927e+01,2.670570705925756183e+00,-3.164111348259886380e+00,5.512137708106830125e-01
2.437322787426190729e+01,-1.587142219947563149e+01,2.677445883155006090e+00,-3.161047447731411442e+00,5.466080260698642501e-01
2.438286156116873116e+01,-1.598187619628676615e+01,2.684752612945948247e+00,-3.158068385775342879e+00,5.419960882479518682e-01
2.439249524807555503e+01,-1.609205629683480865e+01,2.692501647221683836e+00,-3.155175695815852333e+00,5.373782353551465052e-01
2.440212893498237534e+01,-1.620181566349938862e+01,2.700703449538413015e+00,-3.152370375525985313e+00,5.327547624517700031e-01
2.441176262188919921e+01,-1.631099569806785965e+01,2.709368027877999907e+00,-3.149652894090206434e+00,5.281259489902725424e-01
2.442139630879601953e+01,-1.641942582301508224e+01,2.718504747967785740e+00,-3.147023346942784627e+00,5.234920313642958956e-01
2.443102999570284339e+01,-1.652692367614137581e+01,2.728122150193477591e+00,-3.144481712799731099e+00,5.188531888220263566e-01
2.444066368260966726e+01,-1.663329561963313097e+01,2.738227789870559814e+00,-3.142028137165365109e+00,5.142095469846115208e-01
2.445029736951649113e+01,-1.673833738781387126e+01,2.748828110896540444e+00,-3.139663158169252455e+00,5.095611980110709149e-01
2.445993105642331145e+01,-1.684183467945620549e+01,2.759928349527194680e+00,-3.137387807186205357e+00,5.049082315037971558e-01
2.446956474333013531e+01,-1.694356354965145428e+01,2.771532452421339165e+00,-3.135203553439909641e+00,5.002507670233963255e-01
2.447919843023695918e+01,-1.704329056049538593e+01,2.783642985415564652e+00,-3.133112107910843047e+00,4.955889785463611363e-01
2.448883211714378305e+01,-1.714077277806796928e+01,2.796261009601214376e+00,-3.131115143729015671e+00,4.909231035293266099e-01
2.449846580405060692e+01,-1.723575781450212929e+01,2.809385909672667214e+00,-3.129214015384607528e+00,4.862534337660155415e-01
2.450809949095742724e+01,-1.732798417059229124e+01,2.823015174013388862e+00,-3.127409559964293262e+00,4.815802906086288915e-01
2.451773317786425110e+01,-1.741718211434600505e+01,2.837144142271750713e+00,-3.125702039806875554e+00,4.769039917818456153e-01
2.452736686477107142e+01,-1.750307523594359083e+01,2.851765749119317128e+00,-3.124091244382699806e+00,4.722248195583099717e-01
2.453700055167789529e+01,-1.758538267616791728e+01,2.866870298169261311e+00,-3.122576722061199739e+00,4.675429997221455802e-01
2.454663423858471916e+01,-1.766382187715672814e+01,2.882445295653770501e+00,-3.121158073699594304e+00,4.628586976048466028e-01
2.455626792549154302e+01,-1.773811159857847386e+01,2.898475360504587428e+00,-3.119835221205663700e+00,4.581720324505506037e-01
2.456590161239836334e+01,-1.780797491422838874e+01,2.914942209939072715e+00,-3.118608571105632610e+00,4.534831059347604887e-01
2.457553529930518721e+01,-1.787314196418995138e+01,2.931824703220942574e+00,-3.117479023805451277e+00,4.487920364324120004e-01
2.458516898621201108e+01,-1.793335236714630909e+01,2.949098916493732681e+00,-3.116447824725896432e+00,4.440989888701892263e-01
2.459480267311883139e+01,-1.798835735264261615e+01,2.966738221967566425e+00,-3.115516300410526185e+00,4.394041912429537122e-01
2.460443636002565881e+01,-1.803792179975846466e+01,2.984713355401405366e+00,-3.114685557134007521e+00,4.347079327747418453e-01
2.461407004693247913e+01,-1.808182641994968165e+01,3.002992473290598596e+00,-3.113956231177765765e+00,4.300105441205691603e-01
2.462370373383930300e+01,-1.811987027520447668e+01,3.021541219420920132e+00,-3.113328365189906854e+00,4.253123653383290570e-01
2.463333742074612331e+01,-1.815187368893291264e+01,3.040322832876065196e+00,-3.112801448112503699e+00,4.206137110275585123e-01
2.464297110765294718e+01,-1.817768142812903420e+01,3.059298331293745843e+00,-3.112374607859196285e+00,4.159148429340518982e-01
2.465260479455977105e+01,-1.819716587120215578e+01,3.078426792761304487e+00,-3.112046900519519710e+00,4.112159581706893996e-01
2.466223848146659492e+01,-1.821022978406811177e+01,3.097665739976777743e+00,-3.111817610849394011e+00,4.065171966227504319e-01
2.467187216837341524e+01,-1.821680834270980753e+01,3.116971607272777334e+00,-3.111686474900824173e+00,4.018186654343959274e-01
2.468150585528023910e+01,-1.821687016301721584e+01,3.136300252236303709e+00,-3.111653758175794149e+00,3.971204733882140459e-01
2.469113954218706297e+01,-1.821041729138190490e+01,-3.127577842010843323e+00,-3.111720165145930750e+00,3.924227650051546057e-01
