Frequency (GHz), S_spiceport1:spiceport1 * |Z_spice1|^2/Real(Z_spice1) * Real(1/Z_spice1) (dB), S_spiceport1:spiceport1 * |Z_spice1|^2/Real(Z_spice1) * Real(1/Z_spice1) (rad)
0.000000000000000000e+00,7.647417877635126482e-02,0.000000000000000000e+00
3.211228968940962186e-03,4.943315803148566612e-02,-5.199160122237938934e-03
6.422457937881924372e-03,2.076020107597716796e-02,-5.888884433946983861e-03
9.633686906822886559e-03,7.839548912375106024e-03,-5.612355798646851204e-03
1.284491587576384874e-02,2.614913528664486713e-03,-5.478417970960583819e-03
1.605614484470481093e-02,7.145173232793218402e-04,-5.583763357099731997e-03
1.926737381364577312e-02,2.795664098500784899e-04,-5.884555868998009483e-03
2.247860278258673530e-02,4.426711961943918458e-04,-6.330527840272197164e-03
2.568983175152769749e-02,7.630115322403793364e-04,-6.879427734353274829e-03
2.890106072046865968e-02,1.018881743728283513e-03,-7.496676852069152942e-03
3.211228968940962186e-02,1.119634540708453049e-03,-8.154584013864506209e-03
3.532351865835058752e-02,1.057735134251151831e-03,-8.832232314747178598e-03
3.853474762729154623e-02,8.748532293549439801e-04,-9.515467182202842766e-03
4.174597659623250495e-02,6.344454671367061359e-04,-1.019649280263104987e-02
4.495720556517347061e-02,3.998821255819741318e-04,-1.087288649899963502e-02
4.816843453411443626e-02,2.190964638975769320e-04,-1.154610561883205426e-02
5.137966350305539498e-02,1.165968483513530810e-04,-1.221973553372703372e-02
5.459089247199635370e-02,9.266913867152589855e-05,-1.289779835435559893e-02
5.780212144093731935e-02,1.284076498327495739e-04,-1.358341662738794982e-02
6.101335040987828501e-02,1.943029900066135644e-04,-1.427802741473641231e-02
6.422457937881924372e-02,2.597427240186792464e-04,-1.498120435083894961e-02
6.743580834776019550e-02,3.010131728824139911e-04,-1.569100719290001875e-02
7.064703731670117504e-02,3.061257581430881043e-04,-1.640467379656198807e-02
7.385826628564212681e-02,2.758090839138564558e-04,-1.711942002806373167e-02
7.706949525458309247e-02,2.210399822261838740e-04,-1.783312470080964871e-02
8.028072422352404425e-02,1.582877332332254764e-04,-1.854473959678367909e-02
8.349195319246500990e-02,1.040509146959921346e-04,-1.925435794184817209e-02
8.670318216140597556e-02,7.022397636557460706e-05,-1.996297205409837752e-02
8.991441113034694121e-02,6.140404764055191426e-05,-2.067202767707660219e-02
9.312564009928789299e-02,7.459029581083251011e-05,-2.138292179142556315e-02
9.633686906822887253e-02,1.010339083524715482e-04,-2.209658675538285835e-02
9.954809803716982430e-02,1.294509992774732705e-04,-2.281326244769118008e-02
1.027593270061107900e-01,1.495400140383668314e-04,-2.353249473019739316e-02
1.059705559750517417e-01,1.547904777756038295e-04,-2.425333230726025441e-02
1.091817849439927074e-01,1.438841281323709718e-04,-2.497464296823222879e-02
1.123930139129336730e-01,1.204587734659120775e-04,-2.569544635930339632e-02
1.156042428818746387e-01,9.148599118734484310e-05,-2.641516739404149369e-02
1.188154718508155905e-01,6.487384176452334688e-05,-2.713374707440259145e-02
1.220267008197565700e-01,4.705867410179143172e-05,-2.785159428430898296e-02
1.252379297886975218e-01,4.127421440476223272e-05,-2.856940873164732705e-02
1.284491587576384874e-01,4.692470025236953793e-05,-2.928793872230606166e-02
1.316603877265794531e-01,6.013248092167490608e-05,-3.000774974248091378e-02
1.348716166955203910e-01,7.518814361580633944e-05,-3.072906942846074727e-02
1.380828456644613844e-01,8.639813724218965382e-05,-3.145174642716546537e-02
1.412940746334023501e-01,8.975720696369771383e-05,-3.217532444404048314e-02
1.445053036023432880e-01,8.397527370658045280e-05,-3.289919944485503872e-02
1.477165325712842536e-01,7.061671858382120642e-05,-3.362280677504764226e-02
1.509277615402252193e-01,5.338834530799952451e-05,-3.434578090251084320e-02
1.541389905091661849e-01,3.685666321157336794e-05,-3.506804331248249140e-02
1.573502194781071506e-01,2.501810766682896391e-05,-3.578979871109917721e-02
1.605614484470480885e-01,2.015431434551283964e-05,-3.651144808968063288e-02
1.637726774159890819e-01,2.228668390114610254e-05,-3.723345085584912895e-02
1.669839063849300198e-01,2.934413092092082848e-05,-3.795618065863620716e-02
1.701951353538709855e-01,3.793960169785798488e-05,-3.867981796206836770e-02
1.734063643228119511e-01,4.447962978630519741e-05,-3.940430835755329153e-02
1.766175932917529168e-01,4.625346097695628593e-05,-4.012939407507770673e-02
1.798288222606938824e-01,4.218007142530411996e-05,-4.085470399719147438e-02
1.830400512296348481e-01,3.301560573757471805e-05,-4.157987123454809364e-02
1.862512801985757860e-01,2.099743513489307902e-05,-4.230464133796608961e-02
1.894625091675167794e-01,9.069741164736899597e-06,-4.302893955326923814e-02
1.926737381364577451e-01,-5.005730835701755980e-08,-4.375287983347027343e-02
1.958849671053986830e-01,-4.674713215292400516e-06,-4.447671679612502649e-02
1.990961960743396486e-01,-4.588839330296917400e-06,-4.520075872217484830e-02
2.023074250432806143e-01,-1.020113255156007477e-06,-4.592527013545637943e-02
2.055186540122215799e-01,3.821433143123749826e-06,-4.665039379431495936e-02
2.087298829811625456e-01,7.470865747400873866e-06,-4.737611425620042588e-02
2.119411119501034835e-01,7.967818815588022485e-06,-4.810227137486150495e-02
2.151523409190444769e-01,4.417982043264447145e-06,-4.882861663507694766e-02
2.183635698879854148e-01,-2.800277271524857963e-06,-4.955489282481499724e-02
2.215747988569263804e-01,-1.222535844141160147e-05,-5.028091170004623384e-02
2.247860278258673461e-01,-2.181788329754321643e-05,-5.100660637880707199e-02
2.279972567948083118e-01,-2.961179466943997094e-05,-5.173204412629738708e-02
2.312084857637492774e-01,-3.430659152467903123e-05,-5.245739791232859744e-02
2.344197147326902431e-01,-3.562532025431738755e-05,-5.318288761616333377e-02
2.376309437016311810e-01,-3.434313231163666288e-05,-5.390871029415516408e-02
2.408421726705721744e-01,-3.199565754114126748e-05,-5.463498116627218959e-02
2.440534016395131400e-01,-3.037249420218909003e-05,-5.536170258323627746e-02
2.472646306084540779e-01,-3.096037329382416440e-05,-5.608876887867852296e-02
2.504758595773950436e-01,-3.450713743765092755e-05,-5.681600376298567151e-02
2.536870885463359815e-01,-4.083233348336668561e-05,-5.754321725747917060e-02
2.568983175152769749e-01,-4.892925563552230443e-05,-5.827026392446736647e-02
2.601095464842179683e-01,-5.731286824588266389e-05,-5.899708467598426681e-02
2.633207754531589062e-01,-6.449589334027860802e-05,-5.972372029422550604e-02
2.665320044220998441e-01,-6.944231787875237690e-05,-6.045029394607464440e-02
2.697432333910407820e-01,-7.186173174985294014e-05,-6.117696949996125066e-02
2.729544623599817754e-01,-7.226270887304807723e-05,-6.190389946266248999e-02
2.761656913289227688e-01,-7.176040616889288904e-05,-6.263117884789988488e-02
2.793769202978637067e-01,-7.170837087785070013e-05,-6.335881872274946869e-02
2.825881492668047001e-01,-7.327467185665587069e-05,-6.408674656746875253e-02
2.857993782357455825e-01,-7.709387534562644312e-05,-6.481483211211599982e-02
2.890106072046865759e-01,-8.309737479831694217e-05,-6.554292963269327255e-02
2.922218361736275694e-01,-9.056576914671463237e-05,-6.627092309001710035e-02
2.954330651425685073e-01,-9.837751497298582786e-05,-6.699876023414977344e-02
2.986442941115095007e-01,-1.053694927690353340e-04,-6.772646576210075708e-02
3.018555230804504386e-01,-1.106947169444765861e-04,-6.845413042353525046e-02
3.050667520493913765e-01,-1.140682150822517927e-04,-6.918188042534521853e-02
3.082779810183323699e-01,-1.158307942804275833e-04,-6.990983730410135766e-02
3.114892099872733078e-01,-1.168188682366743070e-04,-7.063808091283149682e-02
3.147004389562143012e-01,-1.180881392482326260e-04,-7.136662669263850456e-02
3.179116679251552391e-01,-1.205815298170141302e-04,-7.209542358352713509e-02
3.211228968940961770e-01,-1.248450803005438851e-04,-7.282437237214769987e-02
3.243341258630371704e-01,-1.308767006216705550e-04,-7.355335804592672000e-02
3.275453548319781638e-01,-1.381487108570207819e-04,-7.428228570454792346e-02
3.307565838009191017e-01,-1.457904158011357355e-04,-7.501110890699869138e-02
3.339678127698600396e-01,-1.528686126857586685e-04,-7.573984207915045175e-02
3.371790417388009775e-01,-1.586764156844287831e-04,-7.646855380302068628e-02
3.403902707077419709e-01,-1.629416856449212344e-04,-7.719734377416312410e-02
3.436014996766829643e-01,-1.658943129965849026e-04,-7.792631110205919254e-02
3.468127286456239022e-01,-1.681770671503486625e-04,-7.865552398576093618e-02
3.500239576145648956e-01,-1.706331559245289893e-04,-7.938500000167590664e-02
3.532351865835058335e-01,-1.740401410094557740e-04,-8.011470264971258526e-02
3.564464155524467714e-01,-1.788737148726605997e-04,-8.084455462018255711e-02
3.596576445213877649e-01,-1.851726600251561066e-04,-8.157446310701065018e-02
3.628688734903287028e-01,-1.925427483719799196e-04,-8.230434897305398401e-02
3.660801024592696962e-01,-2.002934268814636509e-04,-8.303417068593313410e-02
3.692913314282106341e-01,-2.076606683068899450e-04,-8.376393586753272391e-02
3.725025603971515720e-01,-2.140445951038295359e-04,-8.449369734798681253e-02
3.757137893660925654e-01,-2.191884447127443478e-04,-8.522353547344460600e-02
3.789250183350335588e-01,-2.232459674352977599e-04,-8.595353257184382145e-02
3.821362473039744967e-01,-2.267203793475672724e-04,-8.668374768355491256e-02
3.853474762729154901e-01,-2.302979720272141113e-04,-8.741419930716240461e-02
3.885587052418563725e-01,-2.346310241168357363e-04,-8.814486118984846130e-02
3.917699342107973659e-01,-2.401383929316417429e-04,-8.887567202008277156e-02
3.949811631797383593e-01,-2.468844659404608051e-04,-8.960655558462557457e-02
3.981923921486792972e-01,-2.545710994768405960e-04,-9.033744485176456451e-02
4.014036211176202906e-01,-2.626413416234076037e-04,-9.106830245097799481e-02
4.046148500865612285e-01,-2.704594443066724203e-04,-9.179913136959924613e-02
4.078260790555021664e-01,-2.775093718705707430e-04,-9.252997289084902155e-02
4.110373080244431598e-01,-2.835501706443892245e-04,-9.326089281305606493e-02
4.142485369933840977e-01,-2.886817726021241462e-04,-9.399196055826358753e-02
4.174597659623250911e-01,-2.933037937127990651e-04,-9.472322781975936468e-02
4.206709949312660290e-01,-2.979833291750119380e-04,-9.545471333276857318e-02
4.238822239002069669e-01,-3.032752377994927021e-04,-9.618639826583934294e-02
4.270934528691479604e-01,-3.095516839474478084e-04,-9.691823332600633945e-02
4.303046818380889538e-01,-3.168931268391559893e-04,-9.765015503474422376e-02
4.335159108070298917e-01,-3.250724664696644163e-04,-9.838210588673247659e-02
4.367271397759708296e-01,-3.336344378587716717e-04,-9.911405206775275589e-02
4.399383687449117675e-01,-3.420429713145198389e-04,-9.984599334787180869e-02
4.431495977138527609e-01,-3.498491240574577244e-04,-1.005779623331433115e-01
4.463608266827937543e-01,-3.568272462088745677e-04,-1.013100136183292532e-01
4.495720556517346922e-01,-3.630383518628567657e-04,-1.020422064763902431e-01
4.527832846206756856e-01,-3.688032697285877309e-04,-1.027745866056903046e-01
4.559945135896166235e-01,-3.745964366493148936e-04,-1.035071725876000603e-01
4.592057425585575614e-01,-3.808953332935490822e-04,-1.042399510941252883e-01
4.624169715274985548e-01,-3.880332322735591407e-04,-1.049728820755904402e-01
4.656282004964394927e-01,-3.961005661687943885e-04,-1.057059120480588477e-01
4.688394294653804861e-01,-4.049239715122043013e-04,-1.064389911572173469e-01
4.720506584343214240e-01,-4.141273175294267169e-04,-1.071720886514012927e-01
4.752618874032623619e-01,-4.232536378973971846e-04,-1.079052020353068603e-01
4.784731163722033553e-01,-4.319086870849627629e-04,-1.086383572534313224e-01
4.816843453411443488e-01,-4.398812441994253688e-04,-1.093716000904060709e-01
4.848955743100852867e-01,-4.472036720435744028e-04,-1.101049816788359781e-01
4.881068032790262801e-01,-4.541356463519865150e-04,-1.108385427447682453e-01
4.913180322479671625e-01,-4.610781244823370555e-04,-1.115723014866647766e-01
4.945292612169081559e-01,-4.684459559963941944e-04,-1.123062487329924697e-01
4.977404901858491493e-01,-4.765395480116614395e-04,-1.130403516815944587e-01
5.009517191547900872e-01,-4.854552310957330782e-04,-1.137745648418562183e-01
5.041629481237310806e-01,-4.950609942965557547e-04,-1.145088446141212662e-01
5.073741770926719630e-01,-5.050433952675946383e-04,-1.152431629102290273e-01
5.105854060616129564e-01,-5.150093315456101680e-04,-1.159775156334439394e-01
5.137966350305539498e-01,-5.246098411859169202e-04,-1.167119235297512936e-01
5.170078639994949432e-01,-5.336471330465477865e-04,-1.174464253407854486e-01
5.202190929684359366e-01,-5.421322055078039905e-04,-1.181810655676134442e-01
5.234303219373768190e-01,-5.502764881622441767e-04,-1.189158807606429669e-01
5.266415509063178124e-01,-5.584217321292023412e-04,-1.196508886087561396e-01
5.298527798752586948e-01,-5.669313419753802073e-04,-1.203860831297413059e-01
5.330640088441996882e-01,-5.760776808409451798e-04,-1.211214372986269966e-01
5.362752378131406816e-01,-5.859602791794596682e-04,-1.218569121192948912e-01
5.394864667820815640e-01,-5.964794764275442454e-04,-1.225924691788988913e-01
5.426976957510225574e-01,-6.073723046723791342e-04,-1.233280827198089402e-01
5.459089247199635508e-01,-6.182980245298613049e-04,-1.240637475085282632e-01
5.491201536889045443e-01,-6.289456806377902729e-04,-1.247994801690920502e-01
5.523313826578455377e-01,-6.391298958093804498e-04,-1.255353137237957273e-01
5.555426116267864201e-01,-6.488455579968640998e-04,-1.262712871898329370e-01
5.587538405957274135e-01,-6.582654521057465036e-04,-1.270074335656065367e-01
5.619650695646684069e-01,-6.676829016388827589e-04,-1.277437699599263676e-01
5.651762985336094003e-01,-6.774184402601593274e-04,-1.284802928677129530e-01
5.683875275025502827e-01,-6.877202144845752374e-04,-1.292169799346570558e-01
5.715987564714911651e-01,-6.986890744949505235e-04,-1.299537975159013869e-01
5.748099854404321585e-01,-7.102509654201303929e-04,-1.306907115576968204e-01
5.780212144093731519e-01,-7.221840871045429348e-04,-1.314276983594675485e-01
5.812324433783141453e-01,-7.341911794700004164e-04,-1.321647518888365846e-01
5.844436723472551387e-01,-7.459935507826447780e-04,-1.329018854632697810e-01
5.876549013161961321e-01,-7.574172600250044874e-04,-1.336391274038560284e-01
5.908661302851370145e-01,-7.684449543449945949e-04,-1.343765121404041640e-01
5.940773592540780079e-01,-7.792180754211281432e-04,-1.351140696219350346e-01
5.972885882230190013e-01,-7.899898437294136481e-04,-1.358518163479726926e-01
6.004998171919598837e-01,-8.010446549556969869e-04,-1.365897507615371209e-01
6.037110461609008771e-01,-8.126095754982596685e-04,-1.373278543354441161e-01
6.069222751298417595e-01,-8.247855119022669658e-04,-1.380660978917958859e-01
6.101335040987827529e-01,-8.375189434937268173e-04,-1.388044510852359803e-01
6.133447330677237463e-01,-8.506221011789834741e-04,-1.395428920451348420e-01
6.165559620366647398e-01,-8.638343092401641393e-04,-1.402814141873145459e-01
6.197671910056057332e-01,-8.769046168129202576e-04,-1.410200281456507054e-01
6.229784199745466156e-01,-8.896696753894056935e-04,-1.417587583283838604e-01
6.261896489434876090e-01,-9.021028383401526185e-04,-1.424976352788350220e-01
6.294008779124286024e-01,-9.143198742709423427e-04,-1.432366862948860620e-01
6.326121068813695958e-01,-9.265404273957680847e-04,-1.439759272495456655e-01
6.358233358503104782e-01,-9.390180822457451677e-04,-1.447153581219473018e-01
6.390345648192514716e-01,-9.519613488279152040e-04,-1.454549635470007429e-01
6.422457937881923540e-01,-9.654702386102642078e-04,-1.461947181103596949e-01
6.454570227571333474e-01,-9.795077667100959232e-04,-1.469345946510856316e-01
6.486682517260743408e-01,-9.939145026733717161e-04,-1.476745729379025374e-01
6.518794806950153342e-01,-1.008460789732654357e-03,-1.484146460224932407e-01
6.550907096639563276e-01,-1.022919690429302010e-03,-1.491548223474852275e-01
6.583019386328972100e-01,-1.037137633634233665e-03,-1.498951230406781188e-01
6.615131676018382034e-01,-1.051080909306003133e-03,-1.506355753302365819e-01
6.647243965707791968e-01,-1.064844077953949622e-03,-1.513762041988672702e-01
6.679356255397200792e-01,-1.078618438175082527e-03,-1.521170248992215202e-01
6.711468545086610726e-01,-1.092631114473677657e-03,-1.528580386339408737e-01
6.743580834776019550e-01,-1.107074224855787844e-03,-1.535992326778852501e-01
6.775693124465429484e-01,-1.122046284383630818e-03,-1.543405848180428031e-01
6.807805414154839418e-01,-1.137523776448333889e-03,-1.550820706509125346e-01
6.839917703844249353e-01,-1.153371126405778897e-03,-1.558236714190405492e-01
6.872029993533659287e-01,-1.169385245832766252e-03,-1.565653799464747642e-01
6.904142283223069221e-01,-1.185360173407260659e-03,-1.573072028684489032e-01
6.936254572912478045e-01,-1.201151380804882547e-03,-1.580491585344539207e-01
6.968366862601887979e-01,-1.216719805614698002e-03,-1.587912713169729872e-01
7.000479152291297913e-01,-1.232142334817057415e-03,-1.595335641589580022e-01
7.032591441980706737e-01,-1.247586117399802734e-03,-1.602760517049050537e-01
7.064703731670116671e-01,-1.263255350701416712e-03,-1.610187361353959956e-01
7.096816021359525495e-01,-1.279327561125820096e-03,-1.617616069469285933e-01
7.128928311048935429e-01,-1.295899341806683314e-03,-1.625046446723203419e-01
7.161040600738345363e-01,-1.312958208071521955e-03,-1.632478273145749614e-01
7.193152890427755297e-01,-1.330388822455377080e-03,-1.639911374481795581e-01
7.225265180117165231e-01,-1.348011028916213478e-03,-1.647345677722860668e-01
7.257377469806574055e-01,-1.365637315103650044e-03,-1.654781234207734208e-01
7.289489759495983989e-01,-1.383131518522245007e-03,-1.662218203712846065e-01
7.321602049185393923e-01,-1.400450537041278334e-03,-1.669656805174317415e-01
7.353714338874803857e-01,-1.417656404359315774e-03,-1.677097249934653145e-01
7.385826628564212681e-01,-1.434895514881653639e-03,-1.684539678545033115e-01
7.417938918253621505e-01,-1.452352031783132403e-03,-1.691984120673917513e-01
7.450051207943031439e-01,-1.470190398863872611e-03,-1.699430490154154871e-01
7.482163497632441373e-01,-1.488504993282096850e-03,-1.706878616084365752e-01
7.514275787321851308e-01,-1.507292421084935070e-03,-1.714328299694234392e-01
7.546388077011261242e-01,-1.526454657956324411e-03,-1.721779378868519284e-01
7.578500366700671176e-01,-1.545831520715885239e-03,-1.729231780165992327e-01
7.610612656390080000e-01,-1.565251877733759081e-03,-1.736685542400977222e-01
7.642724946079489934e-01,-1.584587373860444053e-03,-1.744140804960756796e-01
7.674837235768899868e-01,-1.603791946300362533e-03,-1.751597765094355941e-01
7.706949525458309802e-01,-1.622915106665876383e-03,-1.759056617968955682e-01
7.739061815147718626e-01,-1.642085314133446194e-03,-1.766517498402212782e-01
7.771174104837127450e-01,-1.661469114624633623e-03,-1.773980442334519014e-01
7.803286394526537384e-01,-1.681219145355796699e-03,-1.781445379670541784e-01
7.835398684215947318e-01,-1.701427341740114653e-03,-1.788912160180144428e-01
7.867510973905357252e-01,-1.722097789452058320e-03,-1.796380603858447889e-01
7.899623263594767186e-01,-1.743147323691529972e-03,-1.803850559692766198e-01
7.931735553284177120e-01,-1.764433224076177899e-03,-1.811321954444237159e-01
7.963847842973585944e-01,-1.785798952377583597e-03,-1.818794816459253227e-01
7.995960132662995878e-01,-1.807123426157875370e-03,-1.826269267529826157e-01
8.028072422352405813e-01,-1.828358465230917355e-03,-1.833745485859560043e-01
8.060184712041814636e-01,-1.849542973456119559e-03,-1.841223652115717979e-01
8.092297001731224571e-01,-1.870789832955885345e-03,-1.848703895603555358e-01
8.124409291420633394e-01,-1.892250028169598867e-03,-1.856186257281803031e-01
8.156521581110043329e-01,-1.914065516290447194e-03,-1.863670680834470517e-01
8.188633870799453263e-01,-1.936325669248821534e-03,-1.871157034118200446e-01
8.220746160488863197e-01,-1.959040761629950948e-03,-1.878645153828207848e-01
8.252858450178273131e-01,-1.982140467358268696e-03,-1.886134899133669607e-01
8.284970739867681955e-01,-2.005497430866025766e-03,-1.893626197471783568e-01
8.317083029557091889e-01,-2.028968187281478871e-03,-1.901119068397990608e-01
8.349195319246501823e-01,-2.052438440803562667e-03,-1.908613618430771430e-01
8.381307608935911757e-01,-2.075858561831331762e-03,-1.916110008953343102e-01
8.413419898625320581e-01,-2.099258427424918923e-03,-1.923608407573189905e-01
8.445532188314729405e-01,-2.122737318430831591e-03,-1.931108938315273527e-01
8.477644478004139339e-01,-2.146432405476365792e-03,-1.938611646145792788e-01
8.509756767693549273e-01,-2.170475951635846348e-03,-1.946116486626829067e-01
8.541869057382959207e-01,-2.194954709862429517e-03,-1.953623343525709988e-01
8.573981347072369141e-01,-2.219884098798931803e-03,-1.961132068470938794e-01
8.606093636761779075e-01,-2.245204955153373271e-03,-1.968642529988579026e-01
8.638205926451187899e-01,-2.270803523045175371e-03,-1.976154656532800868e-01
8.670318216140597833e-01,-2.296548109615005259e-03,-1.983668460228436847e-01
8.702430505830007768e-01,-2.322330758124463868e-03,-1.991184034241288425e-01
8.734542795519416591e-01,-2.348100907593131826e-03,-1.998701524996580881e-01
8.766655085208826526e-01,-2.373880698217212433e-03,-2.006221088264657781e-01
8.798767374898235349e-01,-2.399757443274333230e-03,-2.013742843009917183e-01
8.830879664587645284e-01,-2.425855952933124969e-03,-2.021266837384442794e-01
8.862991954277055218e-01,-2.452299618353951608e-03,-2.028793037254062737e-01
8.895104243966465152e-01,-2.479172523034802074e-03,-2.036321340486901832e-01
8.927216533655875086e-01,-2.506494346004303937e-03,-2.043851612175030252e-01
8.959328823345283910e-01,-2.534215668675212241e-03,-2.051383729526453925e-01
8.991441113034693844e-01,-2.562234841289635218e-03,-2.058917622326137675e-01
9.023553402724103778e-01,-2.590430844702719566e-03,-2.066453296450551924e-01
9.055665692413513712e-01,-2.618701693660194577e-03,-2.073990833375077281e-01
9.087777982102922536e-01,-2.646996358565132865e-03,-2.081530366180331659e-01
9.119890271792332470e-01,-2.675330373831304089e-03,-2.089072039864132146e-01
9.152002561481741294e-01,-2.703780518925238529e-03,-2.096615968528426910e-01
9.184114851171151228e-01,-2.732460529984623385e-03,-2.104162202803356307e-01
9.216227140860561162e-01,-2.761485671636384250e-03,-2.111710717487304267e-01
9.248339430549971096e-01,-2.790937348098512533e-03,-2.119261422956217888e-01
9.280451720239381030e-01,-2.820838758550904372e-03,-2.126814196449586802e-01
9.312564009928789854e-01,-2.851149009749967631e-03,-2.134368923217646874e-01
9.344676299618199788e-01,-2.881777251908823091e-03,-2.141925534590445324e-01
9.376788589307609723e-01,-2.912612155071071622e-03,-2.149484031173041765e-01
9.408900878997019657e-01,-2.943557339635200464e-03,-2.157044484163422871e-01
9.441013168686428481e-01,-2.974561655789764638e-03,-2.164607014695052734e-01
9.473125458375837304e-01,-3.005634966729770104e-03,-2.172171757939627967e-01
9.505237748065247239e-01,-3.036844730539025022e-03,-2.179738823351648203e-01
9.537350037754657173e-01,-3.068294714389883677e-03,-2.187308263475519210e-01
9.569462327444067107e-01,-3.100092712761237657e-03,-2.194880060898203589e-01
9.601574617133477041e-01,-3.132317465813095041e-03,-2.202454137152670965e-01
9.633686906822886975e-01,-3.164995080305817859e-03,-2.210030380496086078e-01
9.665799196512295799e-01,-3.198092155976936697e-03,-2.217608683659123281e-01
9.697911486201705733e-01,-3.231527524714674585e-03,-2.225188979684680768e-01
9.730023775891115667e-01,-3.265198693102944368e-03,-2.232771264732455463e-01
9.762136065580525601e-01,-3.299014559418941579e-03,-2.240355600933920388e-01
9.794248355269934425e-01,-3.332924139919319316e-03,-2.247942098683695933e-01
9.826360644959343249e-01,-3.366932421414673554e-03,-2.255530884158418459e-01
9.858472934648753183e-01,-3.401098583639472657e-03,-2.263122062369874177e-01
9.890585224338163117e-01,-3.435517384396467259e-03,-2.270715687310668474e-01
9.922697514027573051e-01,-3.470289727750099432e-03,-2.278311748383254065e-01
9.954809803716982985e-01,-3.505491719721474161e-03,-2.285910177116932951e-01
9.986922093406391809e-01,-3.541151860532348265e-03,-2.293510871807308005e-01
1.001903438309580174e+00,-3.577243361370046650e-03,-2.301113732171306825e-01
1.005114667278521168e+00,-3.613693773278751648e-03,-2.308718693098960328e-01
1.008325896247462161e+00,-3.650408700929602505e-03,-2.316325747011104552e-01
1.011537125216402933e+00,-3.687302033582048975e-03,-2.323934948017542801e-01
1.014748354185343926e+00,-3.724323198949956205e-03,-2.331546396823047929e-01
1.017959583154284919e+00,-3.761472997787823364e-03,-2.339160211334038175e-01
1.021170812123225913e+00,-3.798803242089512835e-03,-2.346776492302540540e-01
1.024382041092166906e+00,-3.836400522858899632e-03,-2.354395294764846935e-01
1.027593270061107900e+00,-3.874359368023422897e-03,-2.362016614088200961e-01
1.030804499030048893e+00,-3.912753283579210178e-03,-2.369640390776677763e-01
1.034015727998989886e+00,-3.951612719005311199e-03,-2.377266532295736756e-01
1.037226956967930880e+00,-3.990916724791752392e-03,-2.384894944900345093e-01
1.040438185936871873e+00,-4.030600721098226771e-03,-2.392525565430652645e-01
1.043649414905812645e+00,-4.070577750705763748e-03,-2.400158383178286892e-01
1.046860643874753638e+00,-4.110766426798788224e-03,-2.407793445145778588e-01
1.050071872843694631e+00,-4.151116789695853682e-03,-2.415430843275165329e-01
1.053283101812635625e+00,-4.191626050903863102e-03,-2.423070687853120520e-01
1.056494330781576618e+00,-4.232339452613721568e-03,-2.430713075548125712e-01
1.059705559750517390e+00,-4.273336165269290415e-03,-2.438358062098759660e-01
1.062916788719458383e+00,-4.314704803641711273e-03,-2.446005648095030127e-01
1.066128017688399376e+00,-4.356516315217312703e-03,-2.453655782114515516e-01
1.069339246657340370e+00,-4.398802714791037391e-03,-2.461308380015866659e-01
1.072550475626281363e+00,-4.441548211201021973e-03,-2.468963354180866987e-01
1.075761704595222135e+00,-4.484695333520429504e-03,-2.476620643474727601e-01
1.078972933564163128e+00,-4.528163960718472637e-03,-2.484280234589209824e-01
1.082184162533104121e+00,-4.571877169110953772e-03,-2.491942168230721899e-01
1.085395391502045115e+00,-4.615785765124356087e-03,-2.499606528416219442e-01
1.088606620470986108e+00,-4.659883881426481363e-03,-2.507273418419678768e-01
1.091817849439927102e+00,-4.704210891665748517e-03,-2.514942931024079509e-01
1.095029078408868095e+00,-4.748839217032455734e-03,-2.522615122411006605e-01
1.098240307377809089e+00,-4.793851995126143829e-03,-2.530289997773594868e-01
1.101451536346750082e+00,-4.839317689449037889e-03,-2.537967512987299168e-01
1.104662765315691075e+00,-4.885269582840265010e-03,-2.545647591621101324e-01
1.107873994284632069e+00,-4.931696479990669776e-03,-2.553330151804937831e-01
1.111085223253572840e+00,-4.978547377519204967e-03,-2.561015134466057552e-01
1.114296452222513834e+00,-5.025748476709630125e-03,-2.568702524125890396e-01
1.117507681191454827e+00,-5.073227091653488216e-03,-2.576392355871744422e-01
1.120718910160395820e+00,-5.120934923890896676e-03,-2.584084706499925055e-01
1.123930139129336814e+00,-5.168863463837745226e-03,-2.591779672780153421e-01
1.127141368098277807e+00,-5.217046817576780939e-03,-2.599477343764868831e-01
1.130352597067218801e+00,-5.265551230305681035e-03,-2.607177775838588341e-01
1.133563826036159572e+00,-5.314454728618717150e-03,-2.614880978244434329e-01
1.136775055005100565e+00,-5.363823339883870382e-03,-2.622586913469742154e-01
1.139986283974041559e+00,-5.413691335344650475e-03,-2.630295512192923901e-01
1.143197512942982330e+00,-5.464051602147387658e-03,-2.638006697963476976e-01
1.146408741911923324e+00,-5.514859022257685706e-03,-2.645720413812983063e-01
1.149619970880864317e+00,-5.566045651548054592e-03,-2.653436642486659558e-01
1.152831199849805310e+00,-5.617542832146698445e-03,-2.661155414069666381e-01
1.156042428818746304e+00,-5.669303269455326644e-03,-2.668876798782169324e-01
1.159253657787687297e+00,-5.721316197875692122e-03,-2.676600887361386683e-01
1.162464886756628291e+00,-5.773610993301446503e-03,-2.684327765287015666e-01
1.165676115725569284e+00,-5.826248242293932331e-03,-2.692057488950128086e-01
1.168887344694510277e+00,-5.879301196611064206e-03,-2.699790071165286132e-01
1.172098573663451271e+00,-5.932833501586669972e-03,-2.707525480430004738e-01
1.175309802632392264e+00,-5.986880179039824612e-03,-2.715263654001880411e-01
1.178521031601333036e+00,-6.041437750777472505e-03,-2.723004520560148300e-01
1.181732260570274029e+00,-6.096466473088209270e-03,-2.730748025280768654e-01
1.184943489539215022e+00,-6.151903846681155974e-03,-2.738494149487372131e-01
1.188154718508156016e+00,-6.207685063359000451e-03,-2.746242918818169176e-01
1.191365947477097009e+00,-6.263763940829069482e-03,-2.753994397497150914e-01
1.194577176446038003e+00,-6.320127817855424046e-03,-2.761748670653197402e-01
1.197788405414978996e+00,-6.376801839122231419e-03,-2.769505820331676915e-01
1.200999634383919767e+00,-6.433841415377333263e-03,-2.777265902743860648e-01
1.204210863352860761e+00,-6.491315342638846221e-03,-2.785028933827534692e-01
1.207422092321801754e+00,-6.549284945217975773e-03,-2.792794887522517255e-01
1.210633321290742526e+00,-6.607785785310220199e-03,-2.800563707155650506e-01
1.213844550259683519e+00,-6.666817608864152034e-03,-2.808335326239245755e-01
1.217055779228624512e+00,-6.726345567012585215e-03,-2.816109692097994999e-01
1.220267008197565506e+00,-6.786312206186537535e-03,-2.823886784931107785e-01
1.223478237166506499e+00,-6.846656370649240042e-03,-2.831666626422216781e-01
1.226689466135447493e+00,-6.907333050810020997e-03,-2.839449275331092371e-01
1.229900695104388486e+00,-6.968327982887354693e-03,-2.847234811585873104e-01
1.233111924073329480e+00,-7.029662509408118008e-03,-2.855023313960008968e-01
1.236323153042270473e+00,-7.091387294265419534e-03,-2.862814838360526193e-01
1.239534382011211466e+00,-7.153566974030766724e-03,-2.870609403485492317e-01
1.242745610980152460e+00,-7.216260627900121169e-03,-2.878406988238290110e-01
1.245956839949093231e+00,-7.279504197715527120e-03,-2.886207541574767332e-01
1.249168068918034225e+00,-7.343300314256862374e-03,-2.894011001578084552e-01
1.252379297886975218e+00,-7.407618618485469798e-03,-2.901817317716648970e-01
1.255590526855916211e+00,-7.472406362839969021e-03,-2.909626469314942621e-01
1.258801755824857205e+00,-7.537605876685957509e-03,-2.917438474522788816e-01
1.262012984793798198e+00,-7.603173379161776158e-03,-2.925253387092480728e-01
1.265224213762739192e+00,-7.669093262264839277e-03,-2.933071282100093158e-01
1.268435442731679963e+00,-7.735383442792069693e-03,-2.940892235180805891e-01
1.271646671700620956e+00,-7.802090212206389853e-03,-2.948716301819007679e-01
1.274857900669561950e+00,-7.869274302740651011e-03,-2.956543503146025764e-01
1.278069129638502943e+00,-7.936992606734270816e-03,-2.964373822601306663e-01
1.281280358607443715e+00,-8.005281292713639293e-03,-2.972207214380521711e-01
1.284491587576384708e+00,-8.074145564866573241e-03,-2.980043620910864943e-01
1.287702816545325701e+00,-8.143559185894705746e-03,-2.987882993811785126e-01
1.290914045514266695e+00,-8.213473807714791533e-03,-2.995725311770632282e-01
1.294125274483207688e+00,-8.283835097413073945e-03,-3.003570589796228374e-01
1.297336503452148682e+00,-8.354600560566648876e-03,-3.011418877057746579e-01
1.300547732421089675e+00,-8.425753489242080244e-03,-3.019270244103627321e-01
1.303758961390030668e+00,-8.497308728648005072e-03,-3.027124763556803821e-01
1.306970190358971662e+00,-8.569308551886681627e-03,-3.034982490371520014e-01
1.310181419327912655e+00,-8.641810032744480508e-03,-3.042843447809329138e-01
1.313392648296853649e+00,-8.714867941647188448e-03,-3.050707623445741423e-01
1.316603877265794420e+00,-8.788518542572279144e-03,-3.058574976345720398e-01
1.319815106234735413e+00,-8.862769331790898084e-03,-3.066445453055407500e-01
1.323026335203676407e+00,-8.937597854183189708e-03,-3.074319007333049525e-01
1.326237564172617400e+00,-9.012959871740467213e-03,-3.082195617430476542e-01
1.329448793141558394e+00,-9.088804240508042975e-03,-3.090075295564285174e-01
1.332660022110499387e+00,-9.165089789392084213e-03,-3.097958086705563940e-01
1.335871251079440158e+00,-9.241798919026121550e-03,-3.105844057176579964e-01
1.339082480048381152e+00,-9.318943715802564462e-03,-3.113733276713810949e-01
1.342293709017322145e+00,-9.396562752625877216e-03,-3.121625799656134737e-01
1.345504937986263139e+00,-9.474709669469815951e-03,-3.129521651131169091e-01
1.348716166955203910e+00,-9.553437177854885026e-03,-3.137420822493506845e-01
1.351927395924144903e+00,-9.632781522215905917e-03,-3.145323277343080037e-01
1.355138624893085897e+00,-9.712752237071804740e-03,-3.153228966138507117e-01
1.358349853862026890e+00,-9.793330338861750556e-03,-3.161137844763238225e-01
1.361561082830967884e+00,-9.874475430466940484e-03,-3.169049891215748871e-01
1.364772311799908877e+00,-9.956139412824006885e-03,-3.176965115241507376e-01
1.367983540768849871e+00,-1.003828246274826586e-02,-3.184883557974517165e-01
1.371194769737790864e+00,-1.012088627313350968e-02,-3.192805281801879280e-01
1.374405998706731857e+00,-1.020396045590418049e-02,-3.200730353709885234e-01
1.377617227675672851e+00,-1.028754018074977059e-02,-3.208658827368011113e-01
1.380828456644613844e+00,-1.037167587375044733e-02,-3.216590729549626548e-01
1.384039685613554616e+00,-1.045641826714445791e-02,-3.224526055078047460e-01
1.387250914582495609e+00,-1.054180350734181676e-02,-3.232464771788521873e-01
1.390462143551436602e+00,-1.062784296300382618e-02,-3.240406833858761049e-01
1.393673372520377596e+00,-1.071452086349501155e-02,-3.248352199268743634e-01
1.396884601489318589e+00,-1.080180042576107426e-02,-3.256300845905773511e-01
1.400095830458259583e+00,-1.088963647511053366e-02,-3.264252781307299678e-01
1.403307059427200576e+00,-1.097799056073621264e-02,-3.272208043067503236e-01
1.406518288396141347e+00,-1.106684382888437762e-02,-3.280166689873803554e-01
1.409729517365082341e+00,-1.115620366258355568e-02,-3.288128786060219855e-01
1.412940746334023334e+00,-1.124610207953369648e-02,-3.296094384557534673e-01
1.416151975302964106e+00,-1.133658646883782539e-02,-3.304063513571745547e-01
1.419363204271905099e+00,-1.142770563029388980e-02,-3.312036171107539673e-01
1.422574433240846092e+00,-1.151949551486289129e-02,-3.320012328966803761e-01
1.425785662209787086e+00,-1.161196911519972279e-02,-3.327991944882962017e-01
1.428996891178728079e+00,-1.170511361755886479e-02,-3.335974978927894186e-01
1.432208120147669073e+00,-1.179889563217440679e-02,-3.343961409034753030e-01
1.435419349116610066e+00,-1.189327279270561803e-02,-3.351951240804839083e-01
1.438630578085551059e+00,-1.198820804588647884e-02,-3.359944508596818813e-01
1.441841807054492053e+00,-1.208368215015852287e-02,-3.367941267643314029e-01
1.445053036023433046e+00,-1.217970050331607622e-02,-3.375941579739590859e-01
1.448264264992374040e+00,-1.227629222518334708e-02,-3.383945497029255400e-01
1.451475493961314811e+00,-1.237350185616281802e-02,-3.391953048960941741e-01
1.454686722930255804e+00,-1.247137633141630862e-02,-3.399964236451940569e-01
1.457897951899196798e+00,-1.256995133743723896e-02,-3.407979035010714752e-01
1.461109180868137791e+00,-1.266924131157093347e-02,-3.415997405757043026e-01
1.464320409837078785e+00,-1.276923616774821441e-02,-3.424019310829218843e-01
1.467531638806019778e+00,-1.286990570529161423e-02,-3.432044728331133943e-01
1.470742867774960771e+00,-1.297121025266180679e-02,-3.440073662163264379e-01
1.473954096743901543e+00,-1.307311416783305154e-02,-3.448106143720471306e-01
1.477165325712842536e+00,-1.317559795828427902e-02,-3.456142225004418256e-01
1.480376554681783530e+00,-1.327866525428481569e-02,-3.464181965379712347e-01
1.483587783650724301e+00,-1.338234250952378621e-02,-3.472225416164132494e-01
1.486799012619665294e+00,-1.348667159122891694e-02,-3.480272607878509561e-01
1.490010241588606288e+00,-1.359169763741850667e-02,-3.488323544107330143e-01
1.493221470557547281e+00,-1.369745601240486381e-02,-3.496378203822735342e-01
1.496432699526488275e+00,-1.380396243716163970e-02,-3.504436551367188235e-01
1.499643928495429268e+00,-1.391120934222393919e-02,-3.512498550910759798e-01
1.502855157464370262e+00,-1.401916952278612315e-02,-3.520564180832027046e-01
1.506066386433311255e+00,-1.412780588771102817e-02,-3.528633443539024861e-01
1.509277615402252248e+00,-1.423708420545058417e-02,-3.536706367709966936e-01
1.512488844371193242e+00,-1.434698484432584027e-02,-3.544783002325343491e-01
1.515700073340134235e+00,-1.445750985503827142e-02,-3.552863404428796557e-01
1.518911302309075007e+00,-1.456868322990237212e-02,-3.560947624492042940e-01
1.522122531278016000e+00,-1.468054432125380677e-02,-3.569035693969801470e-01
1.525333760246956993e+00,-1.479313653451197301e-02,-3.577127618905785456e-01
1.528544989215897987e+00,-1.490649486606101387e-02,-3.585223381528295783e-01
1.531756218184838980e+00,-1.502063618298092249e-02,-3.593322949263760280e-01
1.534967447153779974e+00,-1.513555525088742908e-02,-3.601426288289639732e-01
1.538178676122720967e+00,-1.525122769610463315e-02,-3.609533377357581063e-01
1.541389905091661960e+00,-1.536761891475141653e-02,-3.617644217573685594e-01
1.544601134060602732e+00,-1.548469609584118660e-02,-3.625758835122773749e-01
1.547812363029543725e+00,-1.560243958036510586e-02,-3.633877276150624391e-01
1.551023591998484719e+00,-1.572085001939781471e-02,-3.641999595472675821e-01
1.554234820967425490e+00,-1.583994913727138770e-02,-3.650125842686431921e-01
1.557446049936366483e+00,-1.595977391957712627e-02,-3.658256050042520413e-01
1.560657278905307477e+00,-1.608036609846766676e-02,-3.666390225841819062e-01
1.563868507874248470e+00,-1.620176025717242133e-02,-3.674528355367520094e-01
1.567079736843189464e+00,-1.632397427646820748e-02,-3.682670408993951039e-01
1.570290965812130457e+00,-1.644700508166310748e-02,-3.690816354877941574e-01
1.573502194781071450e+00,-1.657083096900387881e-02,-3.698966172233272287e-01
1.576713423750012444e+00,-1.669541972678630082e-02,-3.707119861042688092e-01
1.579924652718953437e+00,-1.682073996621031436e-02,-3.715277445210130036e-01
1.583135881687894431e+00,-1.694677209924475014e-02,-3.723438968228548474e-01
1.586347110656835424e+00,-1.707351554234502050e-02,-3.731604482781856191e-01
1.589558339625776195e+00,-1.720098993293600609e-02,-3.739774037577882071e-01
1.592769568594717189e+00,-1.732923003259095526e-02,-3.747947665544185125e-01
1.595980797563658182e+00,-1.745827596261722778e-02,-3.756125377056899195e-01
1.599192026532599176e+00,-1.758816185933506637e-02,-3.764307160269207420e-01
1.602403255501540169e+00,-1.771890650167356335e-02,-3.772492988374867018e-01
1.605614484470481163e+00,-1.785050881704563011e-02,-3.780682831479495465e-01
1.608825713439422156e+00,-1.798294962437566383e-02,-3.788876669335879965e-01
1.612036942408362927e+00,-1.811619901544519670e-02,-3.797074500963715793e-01
1.615248171377303921e+00,-1.825022702284952170e-02,-3.805276348180064994e-01
1.618459400346244914e+00,-1.838501421762063492e-02,-3.813482251993082217e-01
1.621670629315185685e+00,-1.852055893201014214e-02,-3.821692263046401195e-01
1.624881858284126679e+00,-1.865687888331500621e-02,-3.829906429147070246e-01
1.628093087253067672e+00,-1.879400674179727837e-02,-3.838124783792954409e-01
1.631304316222008666e+00,-1.893198107763501697e-02,-3.846347339269614585e-01
1.634515545190949659e+00,-1.907083555148416168e-02,-3.854574086430236912e-01
1.637726774159890653e+00,-1.921058973565616113e-02,-3.862805001169181129e-01
1.640938003128831646e+00,-1.935124441509318213e-02,-3.871040055511631994e-01
1.644149232097772639e+00,-1.949278279526807378e-02,-3.879279229819883601e-01
1.647360461066713633e+00,-1.963517718882407809e-02,-3.887522522299136640e-01
1.650571690035654626e+00,-1.977839904805595364e-02,-3.895769952860691498e-01
1.653782919004595620e+00,-1.992242918448497435e-02,-3.904021560186176076e-01
1.656994147973536391e+00,-2.006726498621443783e-02,-3.912277392967231648e-01
1.660205376942477384e+00,-2.021292240710782437e-02,-3.920537498103500162e-01
1.663416605911418378e+00,-2.035943215253772920e-02,-3.928801909566967954e-01
1.666627834880359371e+00,-2.050683130108543056e-02,-3.937070641400483573e-01
1.669839063849300365e+00,-2.065515301526274494e-02,-3.945343686999525090e-01
1.673050292818241358e+00,-2.080441756719916824e-02,-3.953621024847416288e-01
1.676261521787182351e+00,-2.095462746801123738e-02,-3.961902628859702569e-01
1.679472750756123123e+00,-2.110576818517577447e-02,-3.970188480071260018e-01
1.682683979725064116e+00,-2.125781417659942940e-02,-3.978478576009054080e-01
1.685895208694005110e+00,-2.141073831386790249e-02,-3.986772934845523864e-01
1.689106437662945881e+00,-2.156452172594574071e-02,-3.995071593081841455e-01
1.692317666631886874e+00,-2.171916098893398109e-02,-4.003374597538171265e-01
1.695528895600827868e+00,-2.187467044110634126e-02,-4.011681994198061374e-01
1.698740124569768861e+00,-2.203107894230854624e-02,-4.019993817413998749e-01
1.701951353538709855e+00,-2.218842213534849561e-02,-4.028310082838785777e-01
1.705162582507650848e+00,-2.234673266170643380e-02,-4.036630786256613090e-01
1.708373811476591841e+00,-2.250603140132265145e-02,-4.044955908629403463e-01
1.711585040445532835e+00,-2.266632246105940510e-02,-4.053285425731442126e-01
1.714796269414473828e+00,-2.282759344396022988e-02,-4.061619319328689248e-01
1.718007498383414822e+00,-2.298982087145710201e-02,-4.069957586401277139e-01
1.721218727352355815e+00,-2.315297902376741573e-02,-4.078300243548861337e-01
1.724429956321296586e+00,-2.331704941198464720e-02,-4.086647325243965012e-01
1.727641185290237580e+00,-2.348202792148779139e-02,-4.094998876529386544e-01
1.730852414259178573e+00,-2.364792741701066126e-02,-4.103354942484622181e-01
1.734063643228119567e+00,-2.381477503459412254e-02,-4.111715557773643615e-01
1.737274872197060560e+00,-2.398260504895390402e-02,-4.120080739535279535e-01
1.740486101166001554e+00,-2.415144957828372838e-02,-4.128450485806173798e-01
1.743697330134942547e+00,-2.432133004444351349e-02,-4.136824779923182205e-01
1.746908559103883318e+00,-2.449225204676765133e-02,-4.145203599481975254e-01
1.750119788072824312e+00,-2.466420522072077653e-02,-4.153586927019758401e-01
1.753331017041765305e+00,-2.483716808459534436e-02,-4.161974759074743568e-01
1.756542246010706076e+00,-2.501111632125150794e-02,-4.170367110808987365e-01
1.759753474979647070e+00,-2.518603188272757962e-02,-4.178764014788940440e-01
1.762964703948588063e+00,-2.536191007045965340e-02,-4.187165514351528506e-01
1.766175932917529057e+00,-2.553876239839714818e-02,-4.195571653670537304e-01
1.769387161886470050e+00,-2.571661438023265661e-02,-4.203982467648836319e-01
1.772598390855411044e+00,-2.589549897259497274e-02,-4.212397974792097544e-01
1.775809619824352037e+00,-2.607544775511000737e-02,-4.220818175263312266e-01
1.779020848793293030e+00,-2.625648261798377292e-02,-4.229243054682838565e-01
1.782232077762234024e+00,-2.643861054642986097e-02,-4.237672592441840136e-01
1.785443306731175017e+00,-2.662182310436716701e-02,-4.246106771898749410e-01
1.788654535700116011e+00,-2.680610074046999025e-02,-4.254545589261836680e-01
1.791865764669056782e+00,-2.699142053407383585e-02,-4.262989058397180231e-01
1.795076993637997775e+00,-2.717776493645607944e-02,-4.271437210094543580e-01
1.798288222606938769e+00,-2.736512877184631154e-02,-4.279890086064934152e-01
1.801499451575879762e+00,-2.755352232786809422e-02,-4.288347729585025858e-01
1.804710680544820756e+00,-2.774296960237915971e-02,-4.296810175734620540e-01
1.807921909513761749e+00,-2.793350229261119810e-02,-4.305277444276751631e-01
1.811133138482702742e+00,-2.812515143647163068e-02,-4.313749537380551780e-01
1.814344367451643736e+00,-2.831793933271253144e-02,-4.322226442859000706e-01
1.817555596420584507e+00,-2.851187425903337069e-02,-4.330708141867357086e-01
1.820766825389525501e+00,-2.870694961413737187e-02,-4.339194618624186428e-01
1.823978054358466494e+00,-2.890314771596469087e-02,-4.347685869105880063e-01
1.827189283327407265e+00,-2.910044703419440576e-02,-4.356181906009715665e-01
1.830400512296348259e+00,-2.929883057277051991e-02,-4.364682758466454371e-01
1.833611741265289252e+00,-2.949829277773107633e-02,-4.373188466633645688e-01
1.836822970234230246e+00,-2.969884282646264445e-02,-4.381699072897659586e-01
1.840034199203171239e+00,-2.990050330070276319e-02,-4.390214612456035947e-01
1.843245428172112232e+00,-3.010330469359515093e-02,-4.398735106224472280e-01
1.846456657141053226e+00,-3.030727749798612855e-02,-4.407260558263073058e-01
1.849667886109994219e+00,-3.051244436370861846e-02,-4.415790958489637097e-01
1.852879115078935213e+00,-3.071881477070502811e-02,-4.424326289791782330e-01
1.856090344047876206e+00,-3.092638386065170789e-02,-4.432866537283978170e-01
1.859301573016817200e+00,-3.113513575900866623e-02,-4.441411696804078990e-01
1.862512801985757971e+00,-3.134505031577418388e-02,-4.449961780003990897e-01
1.865724030954698964e+00,-3.155611113496095688e-02,-4.458516814472127110e-01
1.868935259923639958e+00,-3.176831237681284476e-02,-4.467076838888744406e-01
1.872146488892580951e+00,-3.198166221977372103e-02,-4.475641894764165185e-01
1.875357717861521945e+00,-3.219618192798820444e-02,-4.484212017364894165e-01
1.878568946830462938e+00,-3.241190084914073039e-02,-4.492787228665631738e-01
1.881780175799403931e+00,-3.262884893556301791e-02,-4.501367534510604118e-01
1.884991404768344703e+00,-3.284704914137301368e-02,-4.509952926837936249e-01
1.888202633737285696e+00,-3.306651206951113919e-02,-4.518543390233362156e-01
1.891413862706226690e+00,-3.328723452159321888e-02,-4.527138910734944677e-01
1.894625091675167461e+00,-3.350920237315267031e-02,-4.535739484123765264e-01
1.897836320644108454e+00,-3.373239684368611879e-02,-4.544345121117284725e-01
1.901047549613049448e+00,-3.395680217885635455e-02,-4.552955847868406236e-01
1.904258778581990441e+00,-3.418241233643540267e-02,-4.561571701650775634e-01
1.907470007550931435e+00,-3.440923459742306623e-02,-4.570192723113726818e-01
1.910681236519872428e+00,-3.463728899878567441e-02,-4.578818947549839202e-01
1.913892465488813421e+00,-3.486660379693785894e-02,-4.587450397908506283e-01
1.917103694457754415e+00,-3.509720840809184284e-02,-4.596087081721666467e-01
1.920314923426695408e+00,-3.532912604780330534e-02,-4.604728992872101911e-01
1.923526152395636402e+00,-3.556236836915176169e-02,-4.613376117614844119e-01
1.926737381364577395e+00,-3.579693375766759833e-02,-4.622028442940743220e-01
1.929948610333518166e+00,-3.603280978739845097e-02,-4.630685964653918352e-01
1.933159839302459160e+00,-3.626997903999700651e-02,-4.639348692644716388e-01
1.936371068271400153e+00,-3.650842644542240389e-02,-4.648016651733660187e-01
1.939582297240341147e+00,-3.674814584183036525e-02,-4.656689877856720616e-01
1.942793526209282140e+00,-3.698914371332793355e-02,-4.665368410817407607e-01
1.946004755178223133e+00,-3.723143896047497597e-02,-4.674052285893902092e-01
1.949215984147164127e+00,-3.747505880499406306e-02,-4.682741526928831388e-01
1.952427213116105120e+00,-3.772003213607472150e-02,-4.691436143047392204e-01
1.955638442085045892e+00,-3.796638239394505010e-02,-4.700136130000707180e-01
1.958849671053986885e+00,-3.821412221529362635e-02,-4.708841475680113353e-01
1.962060900022927656e+00,-3.846325149827969914e-02,-4.717552168050919148e-01
1.965272128991868650e+00,-3.871375946568451215e-02,-4.726268203010394187e-01
1.968483357960809643e+00,-3.896563005215005621e-02,-4.734989589719045266e-01
1.971694586929750637e+00,-3.921884890940771640e-02,-4.743716351759723060e-01
1.974905815898691630e+00,-3.947340983118680091e-02,-4.752448523794147728e-01
1.978117044867632623e+00,-3.972931859682575506e-02,-4.761186144793940755e-01
1.981328273836573617e+00,-3.998659305332201430e-02,-4.769929249984412589e-01
1.984539502805514610e+00,-4.024525943819087098e-02,-4.778677864025013822e-01
1.987750731774455604e+00,-4.050534611871207946e-02,-4.787431997545624762e-01
1.990961960743396597e+00,-4.076687672095405390e-02,-4.796191648095409210e-01
1.994173189712337591e+00,-4.102986479758114619e-02,-4.804956805174533385e-01
1.997384418681278362e+00,-4.129431168731458740e-02,-4.813727457749125138e-01
2.000595647650219355e+00,-4.156020821079410565e-02,-4.822503601884831070e-01
2.003806876619160349e+00,-4.182753964521630091e-02,-4.831285246115880061e-01
2.007018105588101342e+00,-4.209629240100383474e-02,-4.840072412890467080e-01
2.010229334557042336e+00,-4.236646030415407160e-02,-4.848865135670076820e-01
2.013440563525983329e+00,-4.263804852627574998e-02,-4.857663452620015199e-01
2.016651792494924322e+00,-4.291107395291456073e-02,-4.866467398885286344e-01
2.019863021463865316e+00,-4.318556190129354405e-02,-4.875276999873391914e-01
2.023074250432805865e+00,-4.346154023853427556e-02,-4.884092267632798023e-01
2.026285479401746858e+00,-4.373903275520007322e-02,-4.892913201435393211e-01
2.029496708370687852e+00,-4.401805386793019442e-02,-4.901739792350230940e-01
2.032707937339628845e+00,-4.429860629479889095e-02,-4.910572030352136630e-01
2.035919166308569839e+00,-4.458068240770229201e-02,-4.919409911728063189e-01
2.039130395277510832e+00,-4.486426881272546907e-02,-4.928253444467331490e-01
2.042341624246451826e+00,-4.514935270585925670e-02,-4.937102649967767820e-01
2.045552853215392819e+00,-4.543592800711244994e-02,-4.945957560552308729e-01
2.048764082184333812e+00,-4.572399936040922458e-02,-4.954818213600913901e-01
2.051975311153274806e+00,-4.601358276595536589e-02,-4.963684644154255921e-01
2.055186540122215799e+00,-4.630470267214497476e-02,-4.972556878308540540e-01
2.058397769091156793e+00,-4.659738646016152452e-02,-4.981434929457496108e-01
2.061608998060097786e+00,-4.689165806149961369e-02,-4.990318798534121858e-01
2.064820227029038779e+00,-4.718753270690038276e-02,-4.999208478147933454e-01
2.068031455997979773e+00,-4.748501443757143642e-02,-5.008103959298595420e-01
2.071242684966920766e+00,-4.778409713579453294e-02,-5.017005238551698332e-01
2.074453913935861760e+00,-4.808476872799435226e-02,-5.025912323434227336e-01
2.077665142904802753e+00,-4.838701722593335974e-02,-5.034825234377515724e-01
2.080876371873743746e+00,-4.869083670711514544e-02,-5.043744002626749934e-01
2.084087600842684296e+00,-4.899623136832319259e-02,-5.052668664797722586e-01
2.087298829811625289e+00,-4.930321640073277029e-02,-5.061599255803995723e-01
2.090510058780566283e+00,-4.961181543616505207e-02,-5.070535802373665746e-01
2.093721287749507276e+00,-4.992205538593200848e-02,-5.079478319175344536e-01
2.096932516718448269e+00,-5.023396030188357481e-02,-5.088426808743834462e-01
2.100143745687389263e+00,-5.054754618268080674e-02,-5.097381265202040046e-01
2.103354974656330256e+00,-5.086281833999169166e-02,-5.106341680590334997e-01
2.106566203625271250e+00,-5.117977212853036528e-02,-5.115308051809461798e-01
2.109777432594212243e+00,-5.149839678850410413e-02,-5.124280386005263255e-01
2.112988661563153237e+00,-5.181868117896965692e-02,-5.133258702725742584e-01
2.116199890532093786e+00,-5.214061959948491920e-02,-5.142243032199622643e-01
2.119411119501034779e+00,-5.246421588204903952e-02,-5.151233410301025994e-01
2.122622348469975773e+00,-5.278948448836507518e-02,-5.160229871795442014e-01
2.125833577438916766e+00,-5.311644829084877228e-02,-5.169232443987162862e-01
2.129044806407857759e+00,-5.344513375343871997e-02,-5.178241142748279957e-01
2.132256035376798753e+00,-5.377556503450487552e-02,-5.187255972152257089e-01
2.135467264345739746e+00,-5.410775886044497107e-02,-5.196276927800993484e-01
2.138678493314680740e+00,-5.444172176443425742e-02,-5.205304002781626638e-01
2.141889722283621733e+00,-5.477745053616998872e-02,-5.214337194374644158e-01
2.145100951252562727e+00,-5.511493571961383758e-02,-5.223376509414892066e-01
2.148312180221503720e+00,-5.545416704593458118e-02,-5.232421966640795619e-01
2.151523409190444269e+00,-5.579513909213528605e-02,-5.241473595320031986e-01
2.154734638159385707e+00,-5.613785539777470246e-02,-5.250531430606043548e-01
2.157945867128326256e+00,-5.648232976514469539e-02,-5.259595507097749589e-01
2.161157096097267694e+00,-5.682858435683258574e-02,-5.268665852625404877e-01
2.164368325066208243e+00,-5.717664520657318727e-02,-5.277742484200617090e-01
2.167579554035149680e+00,-5.752653656266266957e-02,-5.286825407379976971e-01
2.170790783004090230e+00,-5.787827583774315943e-02,-5.295914619217493291e-01
2.174002011973031667e+00,-5.823187073735845709e-02,-5.305010113859371934e-01
2.177213240941972217e+00,-5.858731944868018904e-02,-5.314111889016703838e-01
2.180424469910913654e+00,-5.894461380956083491e-02,-5.323219951289522855e-01
2.183635698879854203e+00,-5.930374444825353003e-02,-5.332334318687890207e-01
2.186846927848795197e+00,-5.966470627612593947e-02,-5.341455019582705965e-01
2.190058156817736190e+00,-6.002750261609512972e-02,-5.350582088437685346e-01
2.193269385786676740e+00,-6.039214668775823996e-02,-5.359715559677024066e-01
2.196480614755618177e+00,-6.075866000344472967e-02,-5.368855461615771318e-01
2.199691843724558726e+00,-6.112706819718944501e-02,-5.378001812346820953e-01
2.202903072693500164e+00,-6.149739560578627862e-02,-5.387154618855650723e-01
2.206114301662440713e+00,-6.186966030251717097e-02,-5.396313879616654319e-01
2.209325530631382151e+00,-6.224387113030635521e-02,-5.405479589837307586e-01
2.212536759600322700e+00,-6.262002764713234249e-02,-5.414651747695011785e-01
2.215747988569264137e+00,-6.299812298098053653e-02,-5.423830359613136531e-01
2.218959217538204687e+00,-6.337814868336853757e-02,-5.433015442935668071e-01
2.222170446507145680e+00,-6.376010005290425053e-02,-5.442207025183396496e-01
2.225381675476086674e+00,-6.414398026401092745e-02,-5.451405140146513562e-01
2.228592904445027667e+00,-6.452980201988060827e-02,-5.460609822055473295e-01
2.231804133413968660e+00,-6.491758623048013432e-02,-5.469821099662063313e-01
2.235015362382909654e+00,-6.530735814850152643e-02,-5.479038992079436898e-01
2.238226591351850647e+00,-6.569914218631353608e-02,-5.488263507667899832e-01
2.241437820320791641e+00,-6.609295704123777093e-02,-5.497494646293612508e-01
2.244649049289732634e+00,-6.648881264845635242e-02,-5.506732404232876910e-01
2.247860278258673628e+00,-6.688670990089279345e-02,-5.515976780173078575e-01
2.251071507227614621e+00,-6.728664320499740115e-02,-5.525227780429743385e-01
2.254282736196555614e+00,-6.768860505560357621e-02,-5.534485421756341061e-01
2.257493965165496164e+00,-6.809259118850284620e-02,-5.543749730885849658e-01
2.260705194134437601e+00,-6.849860469833476961e-02,-5.553020740968693802e-01
2.263916423103378150e+00,-6.890665784328894872e-02,-5.562298486040103684e-01
2.267127652072319144e+00,-6.931677098873849363e-02,-5.571582995256694204e-01
2.270338881041260137e+00,-6.972896903850100969e-02,-5.580874288703236985e-01
2.273550110010201131e+00,-7.014327648463744569e-02,-5.590172376068076598e-01
2.276761338979142124e+00,-7.055971263021412754e-02,-5.599477258581655459e-01
2.279972567948083118e+00,-7.097828847519062345e-02,-5.608788933591538628e-01
2.283183796917024111e+00,-7.139900622671846442e-02,-5.618107400328008483e-01
2.286395025885964660e+00,-7.182186156929953880e-02,-5.627432665052805039e-01
2.289606254854906098e+00,-7.224684796797013753e-02,-5.636764743987654480e-01
2.292817483823846647e+00,-7.267396164779614531e-02,-5.646103663123005489e-01
2.296028712792788085e+00,-7.310320569073702757e-02,-5.655449454987337976e-01
2.299239941761728634e+00,-7.353459197682435389e-02,-5.664802153405638085e-01
2.302451170730670071e+00,-7.396814037787019513e-02,-5.674161787896329079e-01
2.305662399699610621e+00,-7.440387547338987717e-02,-5.683528379458717694e-01
2.308873628668552058e+00,-7.484182183032803137e-02,-5.692901939056310701e-01
2.312084857637492608e+00,-7.528199932966588015e-02,-5.702282469252484276e-01
2.315296086606434045e+00,-7.572441999842392801e-02,-5.711669968466874803e-01
2.318507315575374594e+00,-7.616908732653537850e-02,-5.721064436506845263e-01
2.321718544544316032e+00,-7.661599826540817226e-02,-5.730465879638974025e-01
2.324929773513256581e+00,-7.706514726718563524e-02,-5.739874313620192403e-01
2.328141002482197575e+00,-7.751653109027595301e-02,-5.749289763755703886e-01
2.331352231451138568e+00,-7.797015286622280272e-02,-5.758712261984954006e-01
2.334563460420079117e+00,-7.842602416303928736e-02,-5.768141841924616653e-01
2.337774689389020555e+00,-7.888416441410132929e-02,-5.777578533429207353e-01
2.340985918357961104e+00,-7.934459790784412214e-02,-5.787022358370785824e-01
2.344197147326902542e+00,-7.980734929406108069e-02,-5.796473328946939452e-01
2.347408376295843091e+00,-8.027243901901175149e-02,-5.805931449029250180e-01
2.350619605264784528e+00,-8.073988011517596597e-02,-5.815396718111466301e-01
2.353830834233725078e+00,-8.120967733905852526e-02,-5.824869136607979669e-01
2.357042063202666071e+00,-8.168182891087194530e-02,-5.834348710839938335e-01
2.360253292171607065e+00,-8.215633029658112041e-02,-5.843835456154504726e-01
2.363464521140548058e+00,-8.263317883830431643e-02,-5.853329397215167873e-01
2.366675750109489051e+00,-8.311237778212907101e-02,-5.862830565391178306e-01
2.369886979078430045e+00,-8.359393844989704281e-02,-5.872338994079302488e-01
2.373098208047371038e+00,-8.407787988876867791e-02,-5.881854713432030923e-01
2.376309437016312032e+00,-8.456422612430311569e-02,-5.891377746141696070e-01
2.379520665985253025e+00,-8.505300188995591759e-02,-5.900908105589856012e-01
2.382731894954194019e+00,-8.554422817595067063e-02,-5.910445796925016815e-01
2.385943123923135012e+00,-8.603791898839989460e-02,-5.919990820713088020e-01
2.389154352892076005e+00,-8.653408032292081442e-02,-5.929543178004893500e-01
2.392365581861016555e+00,-8.703271165893243511e-02,-5.939102875229681500e-01
2.395576810829957992e+00,-8.753380949249871257e-02,-5.948669927387817413e-01
2.398788039798898541e+00,-8.803737179160561754e-02,-5.958244358556922249e-01
2.401999268767839535e+00,-8.854340197752380570e-02,-5.967826199570434031e-01
2.405210497736780528e+00,-8.905191119210068007e-02,-5.977415483610984959e-01
2.408421726705721522e+00,-8.956291815419906155e-02,-5.987012241107759758e-01
2.411632955674662515e+00,-9.007644666526441746e-02,-5.996616495535066482e-01
2.414844184643603509e+00,-9.059252155779100313e-02,-6.006228261417985159e-01
2.418055413612544502e+00,-9.111116436110115735e-02,-6.015847545154009435e-01
2.421266642581485051e+00,-9.163239003959261497e-02,-6.025474348376284039e-01
2.424477871550426489e+00,-9.215620581492778296e-02,-6.035108672792698359e-01
2.427689100519367038e+00,-9.268261242683517587e-02,-6.044750524980551099e-01
2.430900329488308476e+00,-9.321160742357088858e-02,-6.054399919640736094e-01
2.434111558457249025e+00,-9.374318944223508643e-02,-6.064056880304787844e-01
2.437322787426190462e+00,-9.427736213650020347e-02,-6.073721437290346969e-01
2.440534016395131012e+00,-9.481413652783279855e-02,-6.083393623560392482e-01
2.443745245364072449e+00,-9.535353105607179136e-02,-6.093073469792207320e-01
2.446956474333012999e+00,-9.589556932812393075e-02,-6.102761000200381813e-01
2.450167703301954436e+00,-9.644027628197593405e-02,-6.112456230413075842e-01
2.453378932270894985e+00,-9.698767397348248553e-02,-6.122159168052040412e-01
2.456590161239836423e+00,-9.753777830386847758e-02,-6.131869815818001834e-01
2.459801390208776972e+00,-9.809059770345719687e-02,-6.141588176103196517e-01
2.463012619177717966e+00,-9.864613417080218827e-02,-6.151314255680963017e-01
2.466223848146658959e+00,-9.920438632802067169e-02,-6.161048069008355776e-01
2.469435077115599508e+00,-9.976535352604631868e-02,-6.170789639119089731e-01
2.472646306084540946e+00,-1.003290397118559441e-01,-6.180538995843080086e-01
2.475857535053481495e+00,-1.008954558517527467e-01,-6.190296171924951629e-01
2.479068764022422933e+00,-1.014646201632146416e-01,-6.200061198266360041e-01
2.482279992991363482e+00,-1.020365560966001728e-01,-6.209834099782761685e-01
2.485491221960304919e+00,-1.026112887106524485e-01,-6.219614893164416847e-01
2.488702450929245469e+00,-1.031888405833979727e-01,-6.229403587228805605e-01
2.491913679898186462e+00,-1.037692285378433998e-01,-6.239200185738604798e-01
2.495124908867127456e+00,-1.043524621999070701e-01,-6.249004691790090993e-01
2.498336137836068449e+00,-1.049385448274051807e-01,-6.258817112392474069e-01
2.501547366805009442e+00,-1.055274761373978520e-01,-6.268637461807351485e-01
2.504758595773950436e+00,-1.061192562371954390e-01,-6.278465762613157919e-01
2.507969824742891429e+00,-1.067138894248261111e-01,-6.288302044176494743e-01
2.511181053711832423e+00,-1.073113866735062871e-01,-6.298146339023321660e-01
2.514392282680773416e+00,-1.079117660324741823e-01,-6.307998678255936076e-01
2.517603511649714410e+00,-1.085150508319994711e-01,-6.317859087452118994e-01
2.520814740618655403e+00,-1.091212662662303934e-01,-6.327727584324173149e-01
2.524025969587596396e+00,-1.097304354308241553e-01,-6.337604178857684234e-01
2.527237198556536946e+00,-1.103425760558163909e-01,-6.347488875871658554e-01
2.530448427525478383e+00,-1.109576989493951671e-01,-6.357381679186179246e-01
2.533659656494418932e+00,-1.115758086283358264e-01,-6.367282596086383251e-01
2.536870885463359926e+00,-1.121969059248811296e-01,-6.377191640687631669e-01
2.540082114432300919e+00,-1.128209917443300514e-01,-6.387108835157687681e-01
2.543293343401241913e+00,-1.134480707933573918e-01,-6.397034208427383462e-01
2.546504572370182906e+00,-1.140781541152092182e-01,-6.406967792807582995e-01
2.549715801339123900e+00,-1.147112596476310836e-01,-6.416909619581181445e-01
2.552927030308064893e+00,-1.153474106412569200e-01,-6.426859714952652958e-01
2.556138259277005886e+00,-1.159866324452680231e-01,-6.436818097617514889e-01
2.559349488245946880e+00,-1.166289486737546455e-01,-6.446784778700758167e-01
2.562560717214887429e+00,-1.172743779534095449e-01,-6.456759764069360807e-01
2.565771946183828867e+00,-1.179229322645047873e-01,-6.466743058282576895e-01
2.568983175152769416e+00,-1.185746173837956552e-01,-6.476734668936803274e-01
2.572194404121710853e+00,-1.192294352783406508e-01,-6.486734610046424043e-01
2.575405633090651403e+00,-1.198873876913482683e-01,-6.496742903410615000e-01
2.578616862059592840e+00,-1.205484797936032804e-01,-6.506759577551578522e-01
2.581828091028533390e+00,-1.212127227599926055e-01,-6.516784664570114405e-01
2.585039319997474827e+00,-1.218801344732778486e-01,-6.526818195912749143e-01
2.588250548966415376e+00,-1.225507381466059420e-01,-6.536860198378247055e-01
2.591461777935356814e+00,-1.232245593072840706e-01,-6.546910691609100219e-01
2.594673006904297363e+00,-1.239016220932048773e-01,-6.556969687842075789e-01
2.597884235873238357e+00,-1.245819460224822095e-01,-6.567037193982495635e-01
2.601095464842179350e+00,-1.252655442418764420e-01,-6.577113215340811836e-01
2.604306693811119899e+00,-1.259524237923373147e-01,-6.587197759855029089e-01
2.607517922780061337e+00,-1.266425877967604641e-01,-6.597290841478005152e-01
2.610729151749001886e+00,-1.273360388756989425e-01,-6.607392481676855889e-01
2.613940380717943324e+00,-1.280327827174172761e-01,-6.617502708587807980e-01
2.617151609686883873e+00,-1.287328306869103545e-01,-6.627621554103961810e-01
2.620362838655825310e+00,-1.294362006651073593e-01,-6.637749049817581737e-01
2.623574067624765860e+00,-1.301429158667289088e-01,-6.647885223090334028e-01
2.626785296593707297e+00,-1.308530020180029008e-01,-6.658030094477734862e-01
2.629996525562647847e+00,-1.315664837848813939e-01,-6.668183677303783918e-01
2.633207754531588840e+00,-1.322833815715250549e-01,-6.678345979506091767e-01
2.636418983500529833e+00,-1.330037096864480073e-01,-6.688517007161902672e-01
2.639630212469470827e+00,-1.337274764408261096e-01,-6.698696768584470052e-01
2.642841441438411820e+00,-1.344546861370489732e-01,-6.708885277707503647e-01
2.646052670407352814e+00,-1.351853423157213796e-01,-6.719082555705069293e-01
2.649263899376293807e+00,-1.359194512399048427e-01,-6.729288630351768496e-01
2.652475128345234801e+00,-1.366570245277413387e-01,-6.739503533336042018e-01
2.655686357314175794e+00,-1.373980801162272558e-01,-6.749727296377407981e-01
2.658897586283116787e+00,-1.381426412654549740e-01,-6.759959947366945832e-01
2.662108815252057337e+00,-1.388907339253446227e-01,-6.770201507735749136e-01
2.665320044220998774e+00,-1.396423832968799739e-01,-6.780451991865982242e-01
2.668531273189939323e+00,-1.403976106661428414e-01,-6.790711408716447739e-01
2.671742502158880317e+00,-1.411564314981519075e-01,-6.800979765142299849e-01
2.674953731127821310e+00,-1.419188553784105078e-01,-6.811257069862639568e-01
2.678164960096762304e+00,-1.426848878098812001e-01,-6.821543336833425508e-01
2.681376189065703297e+00,-1.434545332936016659e-01,-6.831838586976050065e-01
2.684587418034644291e+00,-1.442277987238239079e-01,-6.842142847731356170e-01
2.687798647003585284e+00,-1.450046960359929471e-01,-6.852456150590757744e-01
2.691009875972526277e+00,-1.457852432849742752e-01,-6.862778527387040084e-01
2.694221104941467271e+00,-1.465694638260897076e-01,-6.873110006509942638e-01
2.697432333910407820e+00,-1.473573838655402035e-01,-6.883450610228470934e-01
2.700643562879349258e+00,-1.481490291543374194e-01,-6.893800353949897097e-01
2.703854791848289807e+00,-1.489444218630224803e-01,-6.904159247635404117e-01
2.707066020817231244e+00,-1.497435786118397061e-01,-6.914527298918500264e-01
2.710277249786171794e+00,-1.505465102648805287e-01,-6.924904516942639310e-01
2.713488478755113231e+00,-1.513532235427021699e-01,-6.935290915716015858e-01
2.716699707724053781e+00,-1.521637239394563468e-01,-6.945686515938892525e-01
2.719910936692995218e+00,-1.529780190266413764e-01,-6.956091344741547333e-01
2.723122165661935767e+00,-1.537961211099355685e-01,-6.966505433426640748e-01
2.726333394630877205e+00,-1.546180484133939381e-01,-6.976928813932152806e-01
2.729544623599817754e+00,-1.554438244297328409e-01,-6.987361515126140343e-01
2.732755852568758748e+00,-1.562734756500950006e-01,-6.997803560091456765e-01
2.735967081537699741e+00,-1.571070283912145704e-01,-7.008254965242081136e-01
2.739178310506640734e+00,-1.579445057158384569e-01,-7.018715741536742936e-01
2.742389539475581728e+00,-1.587859254071957715e-01,-7.029185897399127247e-01
2.745600768444522277e+00,-1.596312996241665005e-01,-7.039665442423236330e-01
2.748811997413463715e+00,-1.604806363352495602e-01,-7.050154390702636498e-01
2.752023226382404264e+00,-1.613339420737535113e-01,-7.060652762746616462e-01
2.755234455351345702e+00,-1.621912251466939570e-01,-7.071160585392681774e-01
2.758445684320286251e+00,-1.630524982929806299e-01,-7.081677889754285360e-01
2.761656913289227688e+00,-1.639177799645426536e-01,-7.092204707855449541e-01
2.764868142258168238e+00,-1.647870938379579764e-01,-7.102741069010346520e-01
2.768079371227109231e+00,-1.656604667192538016e-01,-7.113286997079504292e-01
2.771290600196050224e+00,-1.665379255051900875e-01,-7.123842509454348937e-01
2.774501829164991218e+00,-1.674194941548775850e-01,-7.134407618077291957e-01
2.777713058133932211e+00,-1.683051916174075346e-01,-7.144982332167465477e-01
2.780924287102873205e+00,-1.691950313570389497e-01,-7.155566661791592509e-01
2.784135516071814198e+00,-1.700890226152640683e-01,-7.166160621160380106e-01
2.787346745040755192e+00,-1.709871730062368922e-01,-7.176764230622877383e-01
2.790557974009696185e+00,-1.718894916276733076e-01,-7.187377516743492789e-01
2.793769202978637178e+00,-1.727959917132731726e-01,-7.198000510448316902e-01
2.796980431947578172e+00,-1.737066920012725058e-01,-7.208633243830356863e-01
2.800191660916519165e+00,-1.746216163990049197e-01,-7.219275746618565304e-01
2.803402889885459714e+00,-1.755407920578966607e-01,-7.229928043414978189e-01
2.806614118854401152e+00,-1.764642464687452283e-01,-7.240590152558297188e-01
2.809825347823341701e+00,-1.773920044898734116e-01,-7.251262086959755493e-01
2.813036576792282695e+00,-1.783240862364113000e-01,-7.261943856639127004e-01
2.816247805761223688e+00,-1.792605064849800145e-01,-7.272635472159982850e-01
2.819459034730164682e+00,-1.802012757715557578e-01,-7.283336947886418500e-01
2.822670263699105675e+00,-1.811464028303380325e-01,-7.294048304045479547e-01
2.825881492668046668e+00,-1.820958976049381062e-01,-7.304769566958002613e-01
2.829092721636987662e+00,-1.830497738886970038e-01,-7.315500767375692215e-01
2.832303950605928211e+00,-1.840080507719016045e-01,-7.326241937454087694e-01
2.835515179574869649e+00,-1.849707524506541412e-01,-7.336993107313974916e-01
2.838726408543810198e+00,-1.859379064661356995e-01,-7.347754302266976678e-01
2.841937637512751635e+00,-1.869095409326744506e-01,-7.358525541567978445e-01
2.845148866481692185e+00,-1.878856816255173867e-01,-7.369306839075471238e-01
2.848360095450633622e+00,-1.888663498386286554e-01,-7.380098205603303763e-01
2.851571324419574172e+00,-1.898515616768967629e-01,-7.390899652220305205e-01
2.854782553388515609e+00,-1.908413289963045434e-01,-7.401711193462604532e-01
2.857993782357456158e+00,-1.918356616894781042e-01,-7.412532849456067163e-01
2.861205011326397596e+00,-1.928345705958671719e-01,-7.423364646292153202e-01
2.864416240295338145e+00,-1.938380701247957860e-01,-7.434206614549544456e-01
2.867627469264279583e+00,-1.948461797739852730e-01,-7.445058786432724451e-01
2.870838698233220132e+00,-1.958589240755858052e-01,-7.455921192428816013e-01
2.874049927202161125e+00,-1.968763309952295815e-01,-7.466793858528675276e-01
2.877261156171102119e+00,-1.978984292922254806e-01,-7.477676804876921546e-01
2.880472385140042668e+00,-1.989252456709983408e-01,-7.488570046264644287e-01
2.883683614108984106e+00,-1.999568026140478849e-01,-7.499473594300981594e-01
2.886894843077924655e+00,-2.009931175695895966e-01,-7.510387460576549712e-01
2.890106072046866093e+00,-2.020342037403342894e-01,-7.521311659825872242e-01
2.893317301015806642e+00,-2.030800722184628315e-01,-7.532246212101306737e-01
2.896528529984748079e+00,-2.041307347933472016e-01,-7.543191143285264966e-01
2.899739758953688629e+00,-2.051862065518508804e-01,-7.554146483789593303e-01
2.902950987922629622e+00,-2.062465074606828763e-01,-7.565112265857822926e-01
2.906162216891570615e+00,-2.073116624422513543e-01,-7.576088520320103381e-01
2.909373445860511609e+00,-2.083816999286309812e-01,-7.587075273816689114e-01
2.912584674829452602e+00,-2.094566493531994644e-01,-7.598072547354227657e-01
2.915795903798393596e+00,-2.105365383688255765e-01,-7.609080356638613374e-01
2.919007132767334589e+00,-2.116213906626684682e-01,-7.620098714070712154e-01
2.922218361736275583e+00,-2.127112250465482135e-01,-7.631127631773352293e-01
2.925429590705216576e+00,-2.138060561002901039e-01,-7.642167124698835412e-01
2.928640819674157569e+00,-2.149058961589817018e-01,-7.653217212846565864e-01
2.931852048643098563e+00,-2.160107580166943653e-01,-7.664277921903204227e-01
2.935063277612039556e+00,-2.171206574988779614e-01,-7.675349282113778093e-01
2.938274506580980105e+00,-2.182356151012173062e-01,-7.686431325745740617e-01
2.941485735549921543e+00,-2.193556561884336675e-01,-7.697524083944989881e-01
2.944696964518862092e+00,-2.204808096985438892e-01,-7.708627583968581387e-01
2.947908193487803086e+00,-2.216111057654203409e-01,-7.719741847656086398e-01
2.951119422456744079e+00,-2.227465730073667771e-01,-7.730866891610140845e-01
2.954330651425685073e+00,-2.238872363302972790e-01,-7.742002729020843743e-01
2.957541880394626066e+00,-2.250331159286703686e-01,-7.753149372555645513e-01
2.960753109363567059e+00,-2.261842277897019027e-01,-7.764306837406927952e-01
2.963964338332508053e+00,-2.273405855358560657e-01,-7.775475143544998691e-01
2.967175567301448602e+00,-2.285022030232153334e-01,-7.786654316477316096e-01
2.970386796270390040e+00,-2.296690968808910993e-01,-7.797844386284643603e-01
2.973598025239330589e+00,-2.308412881988579635e-01,-7.809045385244368642e-01
2.976809254208272026e+00,-2.320188028420847315e-01,-7.820257344789974807e-01
2.980020483177212576e+00,-2.332016703000167335e-01,-7.831480292759687156e-01
2.983231712146154013e+00,-2.343899214384494445e-01,-7.842714251791530478e-01
2.986442941115094563e+00,-2.355835858614719336e-01,-7.853959239359968869e-01
2.989654170084036000e+00,-2.367826897091467320e-01,-7.865215269433968315e-01
2.992865399052976549e+00,-2.379872545763103697e-01,-7.876482355230619570e-01
2.996076628021917987e+00,-2.391972978844628672e-01,-7.887760512198657148e-01
2.999287856990858536e+00,-2.404128345829207036e-01,-7.899049760299620138e-01
3.002499085959799974e+00,-2.416338796416716006e-01,-7.910350124877796318e-01
3.005710314928740523e+00,-2.428604505535459090e-01,-7.921661635854919670e-01
3.008921543897681516e+00,-2.440925690646874036e-01,-7.932984325509584433e-01
3.012132772866622510e+00,-2.453302615972699219e-01,-7.944318225541845413e-01
3.015344001835563059e+00,-2.465735582393549508e-01,-7.955663364343169563e-01
3.018555230804504497e+00,-2.478224906246814241e-01,-7.967019765322792546e-01
3.021766459773445046e+00,-2.490770893703818656e-01,-7.978387446807453376e-01
3.024977688742386484e+00,-2.503373818745253110e-01,-7.989766423537721929e-01
3.028188917711327033e+00,-2.516033911595971784e-01,-8.001156709285403013e-01
3.031400146680268470e+00,-2.528751361175330392e-01,-8.012558319769134130e-01
3.034611375649209020e+00,-2.541526330725882854e-01,-8.023971274956528399e-01
3.037822604618150013e+00,-2.554358981676815854e-01,-8.035395600037223973e-01
3.041033833587091006e+00,-2.567249498248820871e-01,-8.046831324769840865e-01
3.044245062556032000e+00,-2.580198105117595397e-01,-8.058278481415326322e-01
3.047456291524972993e+00,-2.593205072658668620e-01,-8.069737101908739385e-01
3.050667520493913987e+00,-2.606270708200530417e-01,-8.081207215156649415e-01
3.053878749462854980e+00,-2.619395336089923587e-01,-8.092688845302973277e-01
3.057089978431795974e+00,-2.632579272850877894e-01,-8.104182011499626581e-01
3.060301207400736967e+00,-2.645822805219179563e-01,-8.115686729246156528e-01
3.063512436369677960e+00,-2.659126177895120846e-01,-8.127203012871732080e-01
3.066723665338618954e+00,-2.672489594790777856e-01,-8.138730878379134559e-01
3.069934894307559947e+00,-2.685913233314906612e-01,-8.150270345760834978e-01
3.073146123276500497e+00,-2.699397267170268733e-01,-8.161821440066829858e-01
3.076357352245441934e+00,-2.712941890504507736e-01,-8.173384190897159396e-01
3.079568581214382483e+00,-2.726547335870892486e-01,-8.184958630485498210e-01
3.082779810183323921e+00,-2.740213880422551762e-01,-8.196544790979141126e-01
3.085991039152264470e+00,-2.753941838468109138e-01,-8.208142701768559313e-01
3.089202268121205464e+00,-2.767731542782666532e-01,-8.219752387699879037e-01
3.092413497090146457e+00,-2.781583320565831907e-01,-8.231373868723884657e-01
3.095624726059087450e+00,-2.795497471580280502e-01,-8.243007161083739653e-01
3.098835955028028444e+00,-2.809474255286602551e-01,-8.254652279662987313e-01
3.102047183996969437e+00,-2.823513890944739924e-01,-8.266309240754933230e-01
3.105258412965910431e+00,-2.837616570588275544e-01,-8.277978064386773971e-01
3.108469641934850980e+00,-2.851782480756841487e-01,-8.289658775475031716e-01
3.111680870903792417e+00,-2.866011826160441145e-01,-8.301351403457647438e-01
3.114892099872732967e+00,-2.880304847879259222e-01,-8.313055980524910460e-01
3.118103328841674404e+00,-2.894661830447243234e-01,-8.324772539008655770e-01
3.121314557810614954e+00,-2.909083095663452800e-01,-8.336501108748789468e-01
3.124525786779556391e+00,-2.923568985131738129e-01,-8.348241715259303586e-01
3.127737015748496940e+00,-2.938119837036188287e-01,-8.359994379262369879e-01
3.130948244717438378e+00,-2.952735964431978943e-01,-8.371759117728938548e-01
3.134159473686378927e+00,-2.967417641822555630e-01,-8.383535946093613189e-01
3.137370702655320365e+00,-2.982165104172632142e-01,-8.395324880946458679e-01
3.140581931624260914e+00,-2.996978558605549181e-01,-8.407125942359054971e-01
3.143793160593201907e+00,-3.011858205070519490e-01,-8.418939155120512829e-01
3.147004389562142901e+00,-3.026804259485731952e-01,-8.430764548502974742e-01
3.150215618531083894e+00,-3.041816972122893259e-01,-8.442602154637051104e-01
3.153426847500024888e+00,-3.056896635516891947e-01,-8.454452006011152765e-01
3.156638076468965437e+00,-3.072043579487119258e-01,-8.466314132879687593e-01
3.159849305437906875e+00,-3.087258154888462558e-01,-8.478188561389475852e-01
3.163060534406847424e+00,-3.102540711220733161e-01,-8.490075313005716051e-01
3.166271763375788861e+00,-3.117891575119780545e-01,-8.501974405410215319e-01
3.169482992344729411e+00,-3.133311036438188313e-01,-8.513885854584128943e-01
3.172694221313670848e+00,-3.148799346227350027e-01,-8.525809677419282639e-01
3.175905450282611397e+00,-3.164356727191792729e-01,-8.537745894040043027e-01
3.179116679251552391e+00,-3.179983393292904470e-01,-8.549694529112642494e-01
3.182327908220493384e+00,-3.195679572337584706e-01,-8.561655611737868377e-01
3.185539137189434378e+00,-3.211445524489457970e-01,-8.573629173967707295e-01
3.188750366158375371e+00,-3.227281550942013300e-01,-8.585615248415585654e-01
3.191961595127316365e+00,-3.243187990098986284e-01,-8.597613865710708181e-01
3.195172824096257358e+00,-3.259165202513821802e-01,-8.609625052591859395e-01
3.198384053065198351e+00,-3.275213549347779640e-01,-8.621648831232435750e-01
3.201595282034139345e+00,-3.291333371103269956e-01,-8.633685220001566796e-01
3.204806511003080338e+00,-3.307524973271311342e-01,-8.645734235416590030e-01
3.208017739972020888e+00,-3.323788623341078496e-01,-8.657795894671527215e-01
3.211228968940962325e+00,-3.340124560052262770e-01,-8.669870217949522395e-01
3.214440197909902874e+00,-3.356533011942871569e-01,-8.681957229798299425e-01
3.217651426878844312e+00,-3.373014219359306010e-01,-8.694056959143731111e-01
3.220862655847784861e+00,-3.389568453043795837e-01,-8.706169437943911404e-01
3.224073884816725855e+00,-3.406196023512104709e-01,-8.718294698910249441e-01
3.227285113785666848e+00,-3.422897278343673966e-01,-8.730432773011514991e-01
3.230496342754607841e+00,-3.439672588285203059e-01,-8.742583687540842474e-01
3.233707571723548835e+00,-3.456522326564520631e-01,-8.754747465346502944e-01
3.236918800692489828e+00,-3.473446847903315371e-01,-8.766924125460741068e-01
3.240130029661430822e+00,-3.490446473784157844e-01,-8.779113684923784966e-01
3.243341258630371371e+00,-3.507521488541914256e-01,-8.791316161227727966e-01
3.246552487599312808e+00,-3.524672147448877357e-01,-8.803531574614567035e-01
3.249763716568253358e+00,-3.541898694214209997e-01,-8.815759949511533522e-01
3.252974945537194795e+00,-3.559201382392050972e-01,-8.828001314659861265e-01
3.256186174506135345e+00,-3.576580493997295052e-01,-8.840255701902856034e-01
3.259397403475076782e+00,-3.594036349534075470e-01,-8.852523144017968582e-01
3.262608632444017331e+00,-3.611569306347772734e-01,-8.864803672274068624e-01
3.265819861412958769e+00,-3.629179745872559981e-01,-8.877097314477570000e-01
3.269031090381899318e+00,-3.646868053808313137e-01,-8.889404094115059829e-01
3.272242319350840756e+00,-3.664634599449561048e-01,-8.901724030854674119e-01
3.275453548319781305e+00,-3.682479720624912134e-01,-8.914057142243262399e-01
3.278664777288722298e+00,-3.700403718921973506e-01,-8.926403446063988500e-01
3.281876006257663292e+00,-3.718406866640697750e-01,-8.938762962615093288e-01
3.285087235226604285e+00,-3.736489423251979636e-01,-8.951135716199025705e-01
3.288298464195545279e+00,-3.754651656179480712e-01,-8.963521735360684417e-01
3.291509693164485828e+00,-3.772893859399749639e-01,-8.975921051806373674e-01
3.294720922133427266e+00,-3.791216364066307132e-01,-8.988333698346928635e-01
3.297932151102367815e+00,-3.809619537880864493e-01,-9.000759706511677338e-01
3.301143380071309252e+00,-3.828103773461996595e-01,-9.013199104579430188e-01
3.304354609040249802e+00,-3.846669469395695984e-01,-9.025651916639065853e-01
3.307565838009191239e+00,-3.865317009918231572e-01,-9.038118162968082903e-01
3.310777066978131788e+00,-3.884046749580302715e-01,-9.050597861604514627e-01
3.313988295947072782e+00,-3.902859007657968893e-01,-9.063091030616129418e-01
3.317199524916013775e+00,-3.921754074010807556e-01,-9.075597690355045044e-01
3.320410753884954769e+00,-3.940732224505457681e-01,-9.088117864994107453e-01
3.323621982853895762e+00,-3.959793741147571433e-01,-9.100651582868789502e-01
3.326833211822836756e+00,-3.978938930617516023e-01,-9.113198875523345066e-01
3.330044440791777749e+00,-3.998168135432813575e-01,-9.125759775764948900e-01
3.333255669760718742e+00,-4.017481734288799733e-01,-9.138334315337836022e-01
3.336466898729659736e+00,-4.036880131522713189e-01,-9.150922522945035276e-01
3.339678127698600729e+00,-4.056363739043086780e-01,-9.163524423233611049e-01
3.342889356667541723e+00,-4.075932956400130092e-01,-9.176140037055573462e-01
3.346100585636482716e+00,-4.095588155228799265e-01,-9.188769382917022499e-01
3.349311814605423265e+00,-4.115329672901841263e-01,-9.201412479157663471e-01
3.352523043574364703e+00,-4.135157817333410257e-01,-9.214069346176860797e-01
3.355734272543305252e+00,-4.155072881382418370e-01,-9.226740008011081740e-01
3.358945501512246246e+00,-4.175075162318269695e-01,-9.239424492773274933e-01
3.362156730481187239e+00,-4.195164980250773445e-01,-9.252122831822180427e-01
3.365367959450128232e+00,-4.215342689776616081e-01,-9.264835057926601447e-01
3.368579188419069226e+00,-4.235608681240654039e-01,-9.277561203002098189e-01
3.371790417388010219e+00,-4.255963371266462958e-01,-9.290301296128717912e-01
3.375001646356951213e+00,-4.276407185562285940e-01,-9.303055362466843281e-01
3.378212875325891762e+00,-4.296940539406748361e-01,-9.315823423405679149e-01
3.381424104294833199e+00,-4.317563821917228539e-01,-9.328605497892195064e-01
3.384635333263773749e+00,-4.338277388995522843e-01,-9.341401604520382929e-01
3.387846562232715186e+00,-4.359081567116008804e-01,-9.354211763725049922e-01
3.391057791201655736e+00,-4.379976666725100554e-01,-9.367035999394910384e-01
3.394269020170597173e+00,-4.400963001029392085e-01,-9.379874339404001837e-01
3.397480249139537722e+00,-4.422040904283459084e-01,-9.392726814900210774e-01
3.400691478108479160e+00,-4.443210743874251856e-01,-9.405593458578602739e-01
3.403902707077419709e+00,-4.464472922458896376e-01,-9.418474302482953142e-01
3.407113936046361147e+00,-4.485827869534065315e-01,-9.431369376023621687e-01
3.410325165015301696e+00,-4.507276025118738816e-01,-9.444278704829466298e-01
3.413536393984243134e+00,-4.528817820678032180e-01,-9.457202310788336286e-01
3.416747622953183683e+00,-4.550453663257441606e-01,-9.470140213258019246e-01
3.419958851922124676e+00,-4.572183927765778311e-01,-9.483092431064463756e-01
3.423170080891065670e+00,-4.594008959781249457e-01,-9.496058984659968560e-01
3.426381309860006219e+00,-4.615929087958213772e-01,-9.509039897766952132e-01
3.429592538828947657e+00,-4.637944642122548977e-01,-9.522035197996486788e-01
3.432803767797888206e+00,-4.660055971383026407e-01,-9.535044916252983782e-01
3.436014996766829643e+00,-4.682263456607848595e-01,-9.548069085116263066e-01
3.439226225735770193e+00,-4.704567513399149359e-01,-9.561107736710312555e-01
3.442437454704711630e+00,-4.726968584681263130e-01,-9.574160900726172985e-01
3.445648683673652179e+00,-4.749467125262880063e-01,-9.587228603215208755e-01
3.448859912642593173e+00,-4.772063583229567696e-01,-9.600310866525900710e-01
3.452071141611534166e+00,-4.794758383989566330e-01,-9.613407710398601536e-01
3.455282370580475160e+00,-4.817551921941527482e-01,-9.626519153871498924e-01
3.458493599549416153e+00,-4.840444562333267031e-01,-9.639645217398962185e-01
3.461704828518357147e+00,-4.863436652686780604e-01,-9.652785924520359551e-01
3.464916057487298140e+00,-4.886528540183662228e-01,-9.665941302560159265e-01
3.468127286456239133e+00,-4.909720589559096182e-01,-9.679111382145048070e-01
3.471338515425180127e+00,-4.933013195919195293e-01,-9.692296195693960170e-01
3.474549744394121120e+00,-4.956406788504870153e-01,-9.705495775356686172e-01
3.477760973363062114e+00,-4.979901824268300747e-01,-9.718710151046717760e-01
3.480972202332003107e+00,-5.003498773313765913e-01,-9.731939349181932819e-01
3.484183431300943656e+00,-5.027198100784100454e-01,-9.745183392522913657e-01
3.487394660269885094e+00,-5.051000250862638374e-01,-9.758442301154475196e-01
3.490605889238825643e+00,-5.074905637877131781e-01,-9.771716094298978916e-01
3.493817118207766637e+00,-5.098914647252645871e-01,-9.785004792391752693e-01
3.497028347176707630e+00,-5.123027645975170019e-01,-9.798308418769658967e-01
3.500239576145648623e+00,-5.147244999259860121e-01,-9.811627000447246116e-01
3.503450805114589617e+00,-5.171567088197182027e-01,-9.824960567742153650e-01
3.506662034083530610e+00,-5.195994322866546167e-01,-9.838309152871554941e-01
3.509873263052471604e+00,-5.220527146845175270e-01,-9.851672787961931466e-01
3.513084492021412153e+00,-5.245166031744377122e-01,-9.865051503095847441e-01
3.516295720990353590e+00,-5.269911463522248818e-01,-9.878445325005000832e-01
3.519506949959294140e+00,-5.294763924882098793e-01,-9.891854276814547875e-01
3.522718178928235577e+00,-5.319723879267672650e-01,-9.905278378913967563e-01
3.525929407897176127e+00,-5.344791761445301104e-01,-9.918717650677595365e-01
3.529140636866117564e+00,-5.369967977585773378e-01,-9.932172112494197513e-01
3.532351865835058113e+00,-5.395252914780894749e-01,-9.945641787470783646e-01
3.535563094803999551e+00,-5.420646956986536757e-01,-9.959126702279953447e-01
3.538774323772940100e+00,-5.446150502389482950e-01,-9.972626886890235687e-01
3.541985552741881538e+00,-5.471763976775221305e-01,-9.986142373267825612e-01
3.545196781710822087e+00,-5.497487838741668131e-01,-9.999673193459502896e-01
3.548408010679763525e+00,-5.523322575169247184e-01,-1.001321937765726533e+00
3.551619239648704074e+00,-5.549268688403112826e-01,-1.002678095284887938e+00
3.554830468617645067e+00,-5.575326679184743339e-01,-1.004035794247268409e+00
3.558041697586586061e+00,-5.601497030679554179e-01,-1.005395036718018442e+00
3.561252926555527054e+00,-5.627780198582360560e-01,-1.006755824646346831e+00
3.564464155524468048e+00,-5.654176610363539357e-01,-1.008118160063591784e+00
3.567675384493408597e+00,-5.680686673855382951e-01,-1.009482045254635141e+00
3.570886613462350034e+00,-5.707310792460167370e-01,-1.010847482849274170e+00
3.574097842431290584e+00,-5.734049382208490364e-01,-1.012214475805349290e+00
3.577309071400232021e+00,-5.760902885336792734e-01,-1.013583027289342020e+00
3.580520300369172570e+00,-5.787871776163977522e-01,-1.014953140492128147e+00
3.583731529338113564e+00,-5.814956557467081399e-01,-1.016324818437640776e+00
3.586942758307054557e+00,-5.842157748527291306e-01,-1.017698063844168610e+00
3.590153987275995551e+00,-5.869475868614875136e-01,-1.019072879081354799e+00
3.593365216244936544e+00,-5.896911421086405980e-01,-1.020449266235895713e+00
3.596576445213877538e+00,-5.924464883057285469e-01,-1.021827227264969773e+00
3.599787674182818531e+00,-5.952136703849708610e-01,-1.023206764189139584e+00
3.602998903151759524e+00,-5.979927312667290273e-01,-1.024587879264355683e+00
3.606210132120700518e+00,-6.007837133062575719e-01,-1.025970575079440783e+00
3.609421361089641511e+00,-6.035866599657767617e-01,-1.027354854548950591e+00
3.612632590058582505e+00,-6.064016171891732920e-01,-1.028740720804034225e+00
3.615843819027523498e+00,-6.092286340517717447e-01,-1.030128177015783519e+00
3.619055047996464047e+00,-6.120677624854932164e-01,-1.031517226206450921e+00
3.622266276965405485e+00,-6.149190561692429169e-01,-1.032907871107488607e+00
3.625477505934346034e+00,-6.177825689343128257e-01,-1.034300114108506197e+00
3.628688734903287472e+00,-6.206583531845951685e-01,-1.035693957312682878e+00
3.631899963872228021e+00,-6.235464588247814355e-01,-1.037089402680893668e+00
3.635111192841169014e+00,-6.264469330289440530e-01,-1.038486452219197886e+00
3.638322421810110008e+00,-6.293598209185939929e-01,-1.039885108150973236e+00
3.641533650779051001e+00,-6.322851669349472958e-01,-1.041285373020053306e+00
3.644744879747991995e+00,-6.352230164744953056e-01,-1.042687249692918039e+00
3.647956108716932988e+00,-6.381734172765429758e-01,-1.044090741259682265e+00
3.651167337685873981e+00,-6.411364201309475153e-01,-1.045495850865159282e+00
3.654378566654814531e+00,-6.441120786879939164e-01,-1.046902581522991316e+00
3.657589795623755968e+00,-6.471004484336190243e-01,-1.048310935970920621e+00
3.660801024592696518e+00,-6.501015851532983003e-01,-1.049720916612163490e+00
3.664012253561637955e+00,-6.531155433662469978e-01,-1.051132525560840358e+00
3.667223482530578504e+00,-6.561423752187236502e-01,-1.052545764776841697e+00
3.670434711499519942e+00,-6.591821301802325284e-01,-1.053960636247668781e+00
3.673645940468460491e+00,-6.622348556343435888e-01,-1.055377142160299986e+00
3.676857169437401929e+00,-6.653005981763021603e-01,-1.056795285009484164e+00
3.680068398406342478e+00,-6.683794052098280813e-01,-1.058215067608886617e+00
3.683279627375283916e+00,-6.714713263438297774e-01,-1.059636493002005242e+00
3.686490856344224465e+00,-6.745764141540735448e-01,-1.061059564301025882e+00
3.689702085313165458e+00,-6.776947240748802948e-01,-1.062484284504174870e+00
3.692913314282106452e+00,-6.808263134581975518e-01,-1.063910656348647121e+00
3.696124543251047445e+00,-6.839712400972096651e-01,-1.065338682244830304e+00
3.699335772219988439e+00,-6.871295606773980547e-01,-1.066768364312021600e+00
3.702547001188928988e+00,-6.903013296389083342e-01,-1.068199704504075642e+00
3.705758230157870425e+00,-6.934865988037385298e-01,-1.069632704785394406e+00
3.708969459126810975e+00,-6.966854178811408005e-01,-1.071067367302134477e+00
3.712180688095752412e+00,-6.998978356903201581e-01,-1.072503694495212434e+00
3.715391917064692962e+00,-7.031239017161756699e-01,-1.073941689120047949e+00
3.718603146033634399e+00,-7.063636675114213226e-01,-1.075381354167249226e+00
3.721814375002574948e+00,-7.096171875084125169e-01,-1.076822692709356710e+00
3.725025603971515942e+00,-7.128845189897564660e-01,-1.078265707721737687e+00
3.728236832940456935e+00,-7.161657212303657039e-01,-1.079710401933620556e+00
3.731448061909397929e+00,-7.194608540820686127e-01,-1.081156777755602150e+00
3.734659290878338922e+00,-7.227699764447046427e-01,-1.082604837305945145e+00
3.737870519847279915e+00,-7.260931451015173455e-01,-1.084054582527053334e+00
3.741081748816220909e+00,-7.294304142809026059e-01,-1.085506015355414355e+00
3.744292977785161902e+00,-7.327818360784944529e-01,-1.086959137891760019e+00
3.747504206754102896e+00,-7.361474616050099895e-01,-1.088413952518327177e+00
3.750715435723043889e+00,-7.395273424986479327e-01,-1.089870461926814693e+00
3.753926664691984438e+00,-7.429215323292061024e-01,-1.091328669048655886e+00
3.757137893660925876e+00,-7.463300874561652476e-01,-1.092788576909707432e+00
3.760349122629866425e+00,-7.497530670752898807e-01,-1.094250188454977568e+00
3.763560351598807863e+00,-7.531905324425465231e-01,-1.095713506398187542e+00
3.766771580567748412e+00,-7.566425455208004580e-01,-1.097178533142983081e+00
3.769982809536689405e+00,-7.601091674737876502e-01,-1.098645270800099105e+00
3.773194038505630399e+00,-7.635904574782874654e-01,-1.100113721294728730e+00
3.776405267474571392e+00,-7.670864722237928923e-01,-1.101583886530235423e+00
3.779616496443512386e+00,-7.705972662534800177e-01,-1.103055768556900240e+00
3.782827725412453379e+00,-7.741228930369813410e-01,-1.104529369693002971e+00
3.786038954381394372e+00,-7.776634064375992361e-01,-1.106004692560633496e+00
3.789250183350334922e+00,-7.812188621148072887e-01,-1.107481740025364703e+00
3.792461412319276359e+00,-7.847893184248827536e-01,-1.108960515058951657e+00
3.795672641288216909e+00,-7.883748365407181602e-01,-1.110441020568181614e+00
3.798883870257158346e+00,-7.919754797564761972e-01,-1.111923259243382756e+00
3.802095099226098895e+00,-7.955913121974020896e-01,-1.113407233473759472e+00
3.805306328195040333e+00,-7.992223973396563874e-01,-1.114892945355708154e+00
3.808517557163980882e+00,-8.028687968029613042e-01,-1.116380396791146090e+00
3.811728786132922320e+00,-8.065305697917550809e-01,-1.117869589644811645e+00
3.814940015101862869e+00,-8.102077733570435258e-01,-1.119360525911218707e+00
3.818151244070804307e+00,-8.139004633942042988e-01,-1.120853207839119570e+00
3.821362473039744856e+00,-8.176086960628264899e-01,-1.122347637974787427e+00
3.824573702008685849e+00,-8.213325291841323539e-01,-1.123843819110895925e+00
3.827784930977626843e+00,-8.250720231802149973e-01,-1.125341754157293428e+00
3.830996159946567836e+00,-8.288272412638529874e-01,-1.126841445974258615e+00
3.834207388915508830e+00,-8.325982488227539058e-01,-1.128342897220399044e+00
3.837418617884449379e+00,-8.363851121933791877e-01,-1.129846110262568093e+00
3.840629846853390816e+00,-8.401878972095546683e-01,-1.131351087175664905e+00
3.843841075822331366e+00,-8.440066679795810156e-01,-1.132857829832024210e+00
3.847052304791272803e+00,-8.478414862728034240e-01,-1.134366340052152200e+00
3.850263533760213353e+00,-8.516924117049461396e-01,-1.135876619769531359e+00
3.853474762729154790e+00,-8.555595026615735454e-01,-1.137388671157988584e+00
3.856685991698095339e+00,-8.594428176689461463e-01,-1.138902496682020704e+00
3.859897220667036333e+00,-8.633424167830814344e-01,-1.140418099054612888e+00
3.863108449635977326e+00,-8.672583625635612581e-01,-1.141935481116051809e+00
3.866319678604918320e+00,-8.711907203300450764e-01,-1.143454645671799330e+00
3.869530907573859313e+00,-8.751395576239678897e-01,-1.144975595340155250e+00
3.872742136542800306e+00,-8.791049430466167935e-01,-1.146498332457183356e+00
3.875953365511741300e+00,-8.830869448383527054e-01,-1.148022859068343227e+00
3.879164594480682293e+00,-8.870856296434593835e-01,-1.149549177009103529e+00
3.882375823449623287e+00,-8.911010618454205945e-01,-1.151077288049060066e+00
3.885587052418564280e+00,-8.951333036782144204e-01,-1.152607194054332540e+00
3.888798281387505273e+00,-8.991824160761642259e-01,-1.154138897117494400e+00
3.892009510356446267e+00,-9.032484599948080728e-01,-1.155672399614593893e+00
3.895220739325386816e+00,-9.073314977891135946e-01,-1.157207704171713480e+00
3.898431968294328254e+00,-9.114315942189143982e-01,-1.158744813551811026e+00
3.901643197263268803e+00,-9.155488167694718626e-01,-1.160283730497397192e+00
3.904854426232210240e+00,-9.196832351896369051e-01,-1.161824457578287895e+00
3.908065655201150790e+00,-9.238349203946317756e-01,-1.163366997091880517e+00
3.911276884170091783e+00,-9.280039430782132115e-01,-1.164911351046870713e+00
3.914488113139032777e+00,-9.321903724683390235e-01,-1.166457521235161776e+00
3.917699342107973770e+00,-9.363942756142218382e-01,-1.168005509369218764e+00
3.920910571076914763e+00,-9.406157174254257125e-01,-1.169555317241743442e+00
3.924121800045855313e+00,-9.448547614483294721e-01,-1.171106946857774611e+00
3.927333029014796750e+00,-9.491114711352710565e-01,-1.172660400498056310e+00
3.930544257983737300e+00,-9.533859112087612608e-01,-1.174215680694141728e+00
3.933755486952678737e+00,-9.576781486950264322e-01,-1.175772790123287725e+00
3.936966715921619286e+00,-9.619882533056722806e-01,-1.177331731456175978e+00
3.940177944890560724e+00,-9.663162970507820360e-01,-1.178892507205136386e+00
3.943389173859501273e+00,-9.706623532070445259e-01,-1.180455119620188231e+00
3.946600402828442711e+00,-9.750264949651541446e-01,-1.182019570665154840e+00
3.949811631797383260e+00,-9.794087941796980612e-01,-1.183585862080999362e+00
3.953022860766324698e+00,-9.838093206113734945e-01,-1.185153995516309067e+00
3.956234089735265247e+00,-9.882281418963914099e-01,-1.186723972683964234e+00
3.959445318704206684e+00,-9.926653242501457530e-01,-1.188295795495000862e+00
3.962656547673147234e+00,-9.971209336833753989e-01,-1.189869466127970954e+00
3.965867776642088227e+00,-1.001595037349618966e+00,-1.191444987012360013e+00
3.969079005611029221e+00,-1.006087704603433108e+00,-1.193022360731505360e+00
3.972290234579970214e+00,-1.010599007440212471e+00,-1.194601589875569747e+00
3.975501463548911207e+00,-1.015129020182737429e+00,-1.196182676890572338e+00
3.978712692517851757e+00,-1.019677818514951095e+00,-1.197765623970592497e+00
3.981923921486793194e+00,-1.024245478166645684e+00,-1.199350433026580731e+00
3.985135150455733744e+00,-1.028832073660867819e+00,-1.200937105741253452e+00
3.988346379424675181e+00,-1.033437677514622344e+00,-1.202525643692616386e+00
3.991557608393615730e+00,-1.038062360140888041e+00,-1.204116048507335224e+00
3.994768837362556724e+00,-1.042706190480251704e+00,-1.205708321995986765e+00
3.997980066331497717e+00,-1.047369237162846467e+00,-1.207302466228030724e+00
4.001191295300438711e+00,-1.052051569836311096e+00,-1.208898483523299205e+00
4.004402524269379704e+00,-1.056753260245234083e+00,-1.210496376362920401e+00
4.007613753238320697e+00,-1.061474382726116605e+00,-1.212096147247706313e+00
4.010824982207261691e+00,-1.066215013965615244e+00,-1.213697798548347917e+00
4.014036211176202684e+00,-1.070975232100034313e+00,-1.215301332394156386e+00
4.017247440145143678e+00,-1.075755115439287257e+00,-1.216906750634906276e+00
4.020458669114084671e+00,-1.080554741214765802e+00,-1.218514054887430698e+00
4.023669898083025664e+00,-1.085374184741882075e+00,-1.220123246652133009e+00
4.026881127051966658e+00,-1.090213519257145158e+00,-1.221734327462807634e+00
4.030092356020907651e+00,-1.095072816478682931e+00,-1.223347299022909063e+00
4.033303584989848645e+00,-1.099952147712915496e+00,-1.224962163285782779e+00
4.036514813958789638e+00,-1.104851585160674166e+00,-1.226578922453985365e+00
4.039726042927730632e+00,-1.109771203014568774e+00,-1.228197578898155840e+00
4.042937271896671625e+00,-1.114711078006207723e+00,-1.229818135020984915e+00
4.046148500865611730e+00,-1.119671289234389855e+00,-1.231440593108873216e+00
4.049359729834553612e+00,-1.124651917330321105e+00,-1.233064955217588743e+00
4.052570958803493717e+00,-1.129653043222504039e+00,-1.234691223127447612e+00
4.055782187772435599e+00,-1.134674746888038044e+00,-1.236319398381772183e+00
4.058993416741375704e+00,-1.139717106480034658e+00,-1.237949482396331513e+00
4.062204645710316697e+00,-1.144780198102218538e+00,-1.239581476605388310e+00
4.065415874679257691e+00,-1.149864096299182847e+00,-1.241215382598647166e+00
4.068627103648198684e+00,-1.154968875107079462e+00,-1.242851202206395334e+00
4.071838332617139677e+00,-1.160094609335465154e+00,-1.244488937506426085e+00
4.075049561586080671e+00,-1.165241375679737512e+00,-1.246128590750800846e+00
4.078260790555021664e+00,-1.170409253317735487e+00,-1.247770164235541213e+00
4.081472019523962658e+00,-1.175598323806334555e+00,-1.249413660154050643e+00
4.084683248492903651e+00,-1.180808670312371245e+00,-1.251059080480024344e+00
4.087894477461844644e+00,-1.186040376420123943e+00,-1.252706426916260218e+00
4.091105706430785638e+00,-1.191293524888802580e+00,-1.254355700925110728e+00
4.094316935399726631e+00,-1.196568196747778368e+00,-1.256006903830801047e+00
4.097528164368667625e+00,-1.201864471010915869e+00,-1.257660036961457228e+00
4.100739393337608618e+00,-1.207182425097287570e+00,-1.259315101786396829e+00
4.103950622306549612e+00,-1.212522135824876113e+00,-1.260972100005849805e+00
4.107161851275490605e+00,-1.217883680665729162e+00,-1.262631033565259076e+00
4.110373080244431598e+00,-1.223267138870249182e+00,-1.264291904589905924e+00
4.113584309213372592e+00,-1.228672592110499284e+00,-1.265954715260492858e+00
4.116795538182313585e+00,-1.234100124443442859e+00,-1.267619467668637867e+00
4.120006767151254579e+00,-1.239549821607728086e+00,-1.269286163697425973e+00
4.123217996120195572e+00,-1.245021769875640949e+00,-1.270954804964145701e+00
4.126429225089136565e+00,-1.250516054819718059e+00,-1.272625392842897663e+00
4.129640454058077559e+00,-1.256032760379087732e+00,-1.274297928559736226e+00
4.132851683027017664e+00,-1.261571968516097986e+00,-1.275972413330433097e+00
4.136062911995959546e+00,-1.267133759568461748e+00,-1.277648848497740852e+00
4.139274140964899651e+00,-1.272718213185182190e+00,-1.279327235625326908e+00
4.142485369933841532e+00,-1.278325409552628633e+00,-1.281007576519183067e+00
4.145696598902781638e+00,-1.283955430527431441e+00,-1.282689873170034467e+00
4.148907827871723519e+00,-1.289608360323275971e+00,-1.284374127634940299e+00
4.152119056840663625e+00,-1.295284285538860214e+00,-1.286060341895169934e+00
4.155330285809605506e+00,-1.300983294520103861e+00,-1.287748517734754072e+00
4.158541514778545611e+00,-1.306705476257938425e+00,-1.289438656677508899e+00
4.161752743747487493e+00,-1.312450919166800123e+00,-1.291130760001986122e+00
4.164963972716427598e+00,-1.318219710125278166e+00,-1.292824828829446604e+00
4.168175201685368592e+00,-1.324011934077641284e+00,-1.294520864257169279e+00
4.171386430654309585e+00,-1.329827674318878605e+00,-1.296218867495375182e+00
4.174597659623250578e+00,-1.335667013372432654e+00,-1.297918839965022553e+00
4.177808888592191572e+00,-1.341530034185344222e+00,-1.299620783326059126e+00
4.181020117561132565e+00,-1.347416821267002129e+00,-1.301324699427512277e+00
4.184231346530073559e+00,-1.353327461416661937e+00,-1.303030590195184413e+00
4.187442575499014552e+00,-1.359262043814099652e+00,-1.304738457492152781e+00
4.190653804467955545e+00,-1.365220659446894302e+00,-1.306448302995642630e+00
4.193865033436896539e+00,-1.371203400055141852e+00,-1.308160128128617705e+00
4.197076262405837532e+00,-1.377210356924034373e+00,-1.309873934067253387e+00
4.200287491374778526e+00,-1.383241619901639741e+00,-1.311589721821728949e+00
4.203498720343719519e+00,-1.389297276947438986e+00,-1.313307492364913065e+00
4.206709949312660513e+00,-1.395377414351258061e+00,-1.315027246768661007e+00
4.209921178281601506e+00,-1.401482117552318662e+00,-1.316748986305164903e+00
4.213132407250542499e+00,-1.407611472301458999e+00,-1.318472712481836062e+00
4.216343636219483493e+00,-1.413765565803053015e+00,-1.320198426999008579e+00
4.219554865188424486e+00,-1.419944487480714335e+00,-1.321926131643860858e+00
4.222766094157365480e+00,-1.426148329128988923e+00,-1.323655828153793124e+00
4.225977323126306473e+00,-1.432377184405610571e+00,-1.325387518091962757e+00
4.229188552095247466e+00,-1.438631147824596335e+00,-1.327121202773725805e+00
4.232399781064187572e+00,-1.444910313565603843e+00,-1.328856883266786193e+00
4.235611010033129453e+00,-1.451214774471611513e+00,-1.330594560464783083e+00
4.238822239002069558e+00,-1.457544621547043118e+00,-1.332334235211142248e+00
4.242033467971011440e+00,-1.463899944111536344e+00,-1.334075908434421809e+00
4.245244696939951545e+00,-1.470280830559747232e+00,-1.335819581252879473e+00
4.248455925908892539e+00,-1.476687369488525636e+00,-1.337565255015734422e+00
4.251667154877833532e+00,-1.483119650839139769e+00,-1.339312931268398676e+00
4.254878383846774526e+00,-1.489577766698165773e+00,-1.341062611652725112e+00
4.258089612815715519e+00,-1.496061811508426764e+00,-1.342814297773545329e+00
4.261300841784656512e+00,-1.502571881625711203e+00,-1.344567991073193358e+00
4.264512070753597506e+00,-1.509108074361501295e+00,-1.346323692753122581e+00
4.267723299722538499e+00,-1.515670486811573570e+00,-1.348081403766919317e+00
4.270934528691479493e+00,-1.522259214836658936e+00,-1.349841124886683508e+00
4.274145757660420486e+00,-1.528874352512496815e+00,-1.351602856821873866e+00
4.277356986629361479e+00,-1.535515992219742332e+00,-1.353366600353396176e+00
4.280568215598302473e+00,-1.542184225344142234e+00,-1.355132356441058672e+00
4.283779444567243466e+00,-1.548879143366844957e+00,-1.356900126270956575e+00
4.286990673536184460e+00,-1.555600839004014357e+00,-1.358669911228137073e+00
4.290201902505125453e+00,-1.562349407040259042e+00,-1.360441712803271530e+00
4.293413131474066446e+00,-1.569124944596773208e+00,-1.362215532462598855e+00
4.296624360443007440e+00,-1.575927550752130202e+00,-1.363991371521781515e+00
4.299835589411948433e+00,-1.582757325635865797e+00,-1.365769231063007405e+00
4.303046818380888539e+00,-1.589614369278800066e+00,-1.367549111921051219e+00
4.306258047349830420e+00,-1.596498780579595822e+00,-1.369331014742465324e+00
4.309469276318771414e+00,-1.603410656709295168e+00,-1.371114940099234847e+00
4.312680505287712407e+00,-1.610350093138870564e+00,-1.372900888621302107e+00
4.315891734256652512e+00,-1.617317184279259079e+00,-1.374688861106568405e+00
4.319102963225593506e+00,-1.624312024533066667e+00,-1.376478858574124109e+00
4.322314192194535387e+00,-1.631334709428765795e+00,-1.378270882244235107e+00
4.325525421163476381e+00,-1.638385336483631827e+00,-1.380064933451507603e+00
4.328736650132416486e+00,-1.645464005526951823e+00,-1.381861013518481673e+00
4.331947879101357479e+00,-1.652570818384218931e+00,-1.383659123629161769e+00
4.335159108070299361e+00,-1.659705878022430747e+00,-1.385459264741919938e+00
4.338370337039239466e+00,-1.666869287424487922e+00,-1.387261437568837463e+00
4.341581566008180459e+00,-1.674061148544459421e+00,-1.389065642627746788e+00
4.344792794977121453e+00,-1.681281561669468738e+00,-1.390871880350559753e+00
4.348004023946063334e+00,-1.688530625386141626e+00,-1.392680151213949946e+00
4.351215252915003440e+00,-1.695808437160839510e+00,-1.394490455851579824e+00
4.354426481883944433e+00,-1.703115094351114855e+00,-1.396302795112902784e+00
4.357637710852885427e+00,-1.710450695332042859e+00,-1.398117170050332314e+00
4.360848939821827308e+00,-1.717815340385937306e+00,-1.399933581838947338e+00
4.364060168790767413e+00,-1.725209132078664886e+00,-1.401752031653934694e+00
4.367271397759708407e+00,-1.732632175006343589e+00,-1.403572520544088320e+00
4.370482626728649400e+00,-1.740084574993248312e+00,-1.405395049340815827e+00
4.373693855697590394e+00,-1.747566437992165600e+00,-1.407219618630950242e+00
4.376905084666531387e+00,-1.755077869031137716e+00,-1.409046228801682288e+00
4.380116313635472380e+00,-1.762618971534838153e+00,-1.410874880143430321e+00
4.383327542604413374e+00,-1.770189847231516067e+00,-1.412705572978426805e+00
4.386538771573353479e+00,-1.777790596673050949e+00,-1.414538307774860337e+00
4.389750000542295361e+00,-1.785421320204753304e+00,-1.416373085211006577e+00
4.392961229511236354e+00,-1.793082119081292891e+00,-1.418209906169474399e+00
4.396172458480177347e+00,-1.800773096380573257e+00,-1.420048771663509957e+00
4.399383687449117453e+00,-1.808494357431067456e+00,-1.421889682718514347e+00
4.402594916418059334e+00,-1.816246009620584356e+00,-1.423732640245822134e+00
4.405806145387000328e+00,-1.824028161647474944e+00,-1.425577644948119893e+00
4.409017374355940433e+00,-1.831840922449326836e+00,-1.427424697285931465e+00
4.412228603324881426e+00,-1.839684400143849707e+00,-1.429273797515484778e+00
4.415439832293823308e+00,-1.847558701312450813e+00,-1.431124945785989144e+00
4.418651061262764301e+00,-1.855463930849051923e+00,-1.432978142265850963e+00
4.421862290231704407e+00,-1.863400192420234358e+00,-1.434833387258415804e+00
4.425073519200645400e+00,-1.871367589391852659e+00,-1.436690681271153736e+00
4.428284748169587282e+00,-1.879366225932080914e+00,-1.438550025016831047e+00
4.431495977138528275e+00,-1.887396207946831606e+00,-1.440411419346457444e+00
4.434707206107468380e+00,-1.895457643556004435e+00,-1.442274865135061868e+00
4.437918435076409374e+00,-1.903550642963310002e+00,-1.444140363156039442e+00
4.441129664045351255e+00,-1.911675317761561299e+00,-1.446007913983278437e+00
4.444340893014291360e+00,-1.919831779891431722e+00,-1.447877517951524640e+00
4.447552121983232354e+00,-1.928020140579135067e+00,-1.449749175187240002e+00
4.450763350952173347e+00,-1.936240509584398195e+00,-1.451622885700170729e+00
4.453974579921114341e+00,-1.944492994992733648e+00,-1.453498649506957063e+00
4.457185808890055334e+00,-1.952777703615544480e+00,-1.455376466748178999e+00
4.460397037858996327e+00,-1.961094741872165814e+00,-1.457256337762353748e+00
4.463608266827937321e+00,-1.969444216877820120e+00,-1.459138263093927135e+00
4.466819495796877426e+00,-1.977826237397826592e+00,-1.461022243432899659e+00
4.470030724765819308e+00,-1.986240914370934529e+00,-1.462908279505081399e+00
4.473241953734760301e+00,-1.994688360839529828e+00,-1.464796371947304721e+00
4.476453182703701295e+00,-2.003168691309825000e+00,-1.466686521206554294e+00
4.479664411672641400e+00,-2.011682020742793675e+00,-1.468578727494423308e+00
4.482875640641583281e+00,-2.020228463491351878e+00,-1.470472990811002800e+00
4.486086869610524275e+00,-2.028808132515394824e+00,-1.472369311030616412e+00
4.489298098579465268e+00,-2.037421139118950286e+00,-1.474267688022556921e+00
4.492509327548405373e+00,-2.046067593290400666e+00,-1.476168121769114938e+00
4.495720556517347255e+00,-2.054747604538625261e+00,-1.478070612444119636e+00
4.498931785486288248e+00,-2.063461282963237053e+00,-1.479975160427592584e+00
4.502143014455229242e+00,-2.072208740225010892e+00,-1.481881766252090893e+00
4.505354243424169347e+00,-2.080990090113945978e+00,-1.483790430497628599e+00
4.508565472393111229e+00,-2.089805448539002519e+00,-1.485701153668056440e+00
4.511776701362052222e+00,-2.098654932943671891e+00,-1.487613936087507360e+00
4.514987930330992327e+00,-2.107538661331070262e+00,-1.489528777849170371e+00
4.518199159299933321e+00,-2.116456751203264819e+00,-1.491445678832289179e+00
4.521410388268875202e+00,-2.125409318745929532e+00,-1.493364638781960796e+00
4.524621617237816196e+00,-2.134396478512114115e+00,-1.495285657426754566e+00
4.527832846206756301e+00,-2.143418343702887974e+00,-1.497208734597420099e+00
4.531044075175697294e+00,-2.152475026956294890e+00,-1.499133870309687477e+00
4.534255304144638288e+00,-2.161566641397666189e+00,-1.501061064785430554e+00
4.537466533113580169e+00,-2.170693301623470628e+00,-1.502990318405738268e+00
4.540677762082520275e+00,-2.179855124312008563e+00,-1.504921631610671939e+00
4.543888991051461268e+00,-2.189052228271434863e+00,-1.506855004777104767e+00
4.547100220020402261e+00,-2.198284733911238131e+00,-1.508790438112783461e+00
4.550311448989343255e+00,-2.207552762303139016e+00,-1.510727931599663343e+00
4.553522677958284248e+00,-2.216856434125186848e+00,-1.512667485004103307e+00
4.556733906927225242e+00,-2.226195868818505286e+00,-1.514609097950650574e+00
4.559945135896166235e+00,-2.235571184219469210e+00,-1.516552770036331266e+00
4.563156364865107228e+00,-2.244982496781179115e+00,-1.518498500949741592e+00
4.566367593834048222e+00,-2.254429922314324486e+00,-1.520446290557849522e+00
4.569578822802989215e+00,-2.263913577015409295e+00,-1.522396138933504783e+00
4.572790051771929321e+00,-2.273433578461628635e+00,-1.524348046315233018e+00
4.576001280740871202e+00,-2.282990046262038497e+00,-1.526302013011994196e+00
4.579212509709812196e+00,-2.292583102162947029e+00,-1.528258039282729186e+00
4.582423738678753189e+00,-2.302212869575570142e+00,-1.530216125228333501e+00
4.585634967647693294e+00,-2.311879472674507774e+00,-1.532176270729759482e+00
4.588846196616635176e+00,-2.321583035348862012e+00,-1.534138475451488626e+00
4.592057425585576169e+00,-2.331323680333569737e+00,-1.536102738909228105e+00
4.595268654554517163e+00,-2.341101528791538655e+00,-1.538069060580644409e+00
4.598479883523457268e+00,-2.350916700476309185e+00,-1.540037440024567106e+00
4.601691112492398261e+00,-2.360769314423662557e+00,-1.542007876971523528e+00
4.604902341461340143e+00,-2.370659489955806443e+00,-1.543980371357458914e+00
4.608113570430280248e+00,-2.380587347684621768e+00,-1.545954923290259853e+00
4.611324799399221241e+00,-2.390553010201331041e+00,-1.547931532959668344e+00
4.614536028368162235e+00,-2.400556602238217874e+00,-1.549910200518818781e+00
4.617747257337104116e+00,-2.410598250252930619e+00,-1.551890925974404700e+00
4.620958486306044222e+00,-2.420678081566160600e+00,-1.553873709119772739e+00
4.624169715274985215e+00,-2.430796223322328586e+00,-1.555858549531754287e+00
4.627380944243926209e+00,-2.440952801597892741e+00,-1.557845446632189823e+00
4.630592173212868090e+00,-2.451147940935150427e+00,-1.559834399794887361e+00
4.633803402181808195e+00,-2.461381764446415765e+00,-1.561825408464647458e+00
4.637014631150749189e+00,-2.471654394455372827e+00,-1.563818472251274683e+00
4.640225860119690182e+00,-2.481965953474968511e+00,-1.565813590969341806e+00
4.643437089088632064e+00,-2.492316565216589730e+00,-1.567810764611453633e+00
4.646648318057572169e+00,-2.502706355315971631e+00,-1.569809993263481696e+00
4.649859547026513162e+00,-2.513135451550223998e+00,-1.571811276988364536e+00
4.653070775995454156e+00,-2.523603983479111079e+00,-1.573814615714775655e+00
4.656282004964395149e+00,-2.534112081623687729e+00,-1.575820009165439295e+00
4.659493233933336143e+00,-2.544659876439070878e+00,-1.577827456847429533e+00
4.662704462902277136e+00,-2.555247497402336698e+00,-1.579836958107440070e+00
4.665915691871218129e+00,-2.565875072499844034e+00,-1.581848512234757198e+00
4.669126920840158235e+00,-2.576542728273526706e+00,-1.583862118579806966e+00
4.672338149809100116e+00,-2.587250590411056983e+00,-1.585877776651357207e+00
4.675549378778041110e+00,-2.597998784695420227e+00,-1.587895486162149261e+00
4.678760607746981215e+00,-2.608787438017345917e+00,-1.589915247008867549e+00
4.681971836715922208e+00,-2.619616679135261972e+00,-1.591937059192845672e+00
4.685183065684864090e+00,-2.630486638946178957e+00,-1.593960922706373129e+00
4.688394294653805083e+00,-2.641397450184115314e+00,-1.595986837420174664e+00
4.691605523622745189e+00,-2.652349246641013014e+00,-1.598014803007196560e+00
4.694816752591686182e+00,-2.663342162153982784e+00,-1.600044818926486867e+00
4.698027981560628064e+00,-2.674376329675240527e+00,-1.602076884472188434e+00
4.701239210529569057e+00,-2.685451880714828210e+00,-1.604110998872334992e+00
4.704450439498509162e+00,-2.696568945329731903e+00,-1.606147161406666912e+00
4.707661668467450156e+00,-2.707727652662256901e+00,-1.608185371506763328e+00
4.710872897436392037e+00,-2.718928131859468245e+00,-1.610225628807366416e+00
4.714084126405332142e+00,-2.730170513086700446e+00,-1.612267933133034514e+00
4.717295355374273136e+00,-2.741454928319427609e+00,-1.614312284424428645e+00
4.720506584343214129e+00,-2.752781511666965830e+00,-1.616358682627368148e+00
4.723717813312156011e+00,-2.764150399128145086e+00,-1.618407127579376992e+00
4.726929042281096116e+00,-2.775561727855927252e+00,-1.620457618929158183e+00
4.730140271250037109e+00,-2.787015635161307348e+00,-1.622510156114155278e+00
4.733351500218978103e+00,-2.798512257567505213e+00,-1.624564738403196262e+00
4.736562729187919096e+00,-2.810051730209796261e+00,-1.626621364990940899e+00
4.739773958156860090e+00,-2.821634186767869146e+00,-1.628680035114689284e+00
4.742985187125801083e+00,-2.833259759951547885e+00,-1.630740748157198050e+00
4.746196416094742077e+00,-2.844928582388172700e+00,-1.632803503703551096e+00
4.749407645063682182e+00,-2.856640787634808554e+00,-1.634868301534474710e+00
4.752618874032624063e+00,-2.868396510999934979e+00,-1.636935141558358620e+00
4.755830103001565057e+00,-2.880195889918875096e+00,-1.639004023703312329e+00
4.759041331970506050e+00,-2.892039063766922435e+00,-1.641074947803061512e+00
4.762252560939446155e+00,-2.903926173169223190e+00,-1.643147913512345681e+00
4.765463789908388037e+00,-2.915857359023549922e+00,-1.645222920278257339e+00
4.768675018877329030e+00,-2.927832761541337092e+00,-1.647299967376496532e+00
4.771886247846270024e+00,-2.939852519606249714e+00,-1.649379054001260725e+00
4.775097476815210129e+00,-2.951916770650424571e+00,-1.651460179380789040e+00
4.778308705784152011e+00,-2.964025651086669821e+00,-1.653543342882607403e+00
4.781519934753093004e+00,-2.976179297161947179e+00,-1.655628544075773423e+00
4.784731163722033109e+00,-2.988377845965810131e+00,-1.657715782730858400e+00
4.787942392690974103e+00,-3.000621436279881316e+00,-1.659805058757838125e+00
4.791153621659915984e+00,-3.012910209003932138e+00,-1.661896372101416830e+00
4.794364850628856978e+00,-3.025244307026761170e+00,-1.663989722626562973e+00
4.797576079597797083e+00,-3.037623874583003314e+00,-1.666085110030068206e+00
4.800787308566738076e+00,-3.050049056297358785e+00,-1.668182533805764312e+00
4.803998537535679070e+00,-3.062519996215043783e+00,-1.670281993274317589e+00
4.807209766504620951e+00,-3.075036837121141620e+00,-1.672383487668347213e+00
4.810420995473561057e+00,-3.087599720361311917e+00,-1.674487016246394289e+00
4.813632224442502050e+00,-3.100208786219740720e+00,-1.676592578400291744e+00
4.816843453411443043e+00,-3.112864174736492018e+00,-1.678700173722581068e+00
4.820054682380384037e+00,-3.125566026709555523e+00,-1.680809802013103704e+00
4.823265911349325030e+00,-3.138314484569398211e+00,-1.682921463222889713e+00
4.826477140318266024e+00,-3.151109692854103805e+00,-1.685035157353001356e+00
4.829688369287207017e+00,-3.163951798137704774e+00,-1.687150884340038903e+00
4.832899598256148010e+00,-3.176840948435051715e+00,-1.689268643964131122e+00
4.836110827225089004e+00,-3.189777292269742492e+00,-1.691388435808215407e+00
4.839322056194029997e+00,-3.202760977696518019e+00,-1.693510259281377550e+00
4.842533285162970103e+00,-3.215792151583525271e+00,-1.695634113699066248e+00
4.845744514131911984e+00,-3.228870959378629557e+00,-1.697759998395250269e+00
4.848955743100852978e+00,-3.241997545432768302e+00,-1.699887912831657077e+00
4.852166972069793971e+00,-3.255172053779930685e+00,-1.702017856670182905e+00
4.855378201038734076e+00,-3.268394629130608742e+00,-1.704149829786037351e+00
4.858589430007675958e+00,-3.281665417769659143e+00,-1.706283832217717178e+00
4.861800658976616951e+00,-3.294984568079220466e+00,-1.708419864069580907e+00
4.865011887945557945e+00,-3.308352230524620463e+00,-1.710557925397566681e+00
4.868223116914498050e+00,-3.321768557108533138e+00,-1.712698016113840316e+00
4.871434345883439043e+00,-3.335233700464741435e+00,-1.714840135940224553e+00
4.874645574852380925e+00,-3.348747812874766971e+00,-1.716984284425054685e+00
4.877856803821321918e+00,-3.362311045514767116e+00,-1.719130461018293810e+00
4.881068032790262023e+00,-3.375923548168028976e+00,-1.721278665181618095e+00
4.884279261759203017e+00,-3.389585469493090031e+00,-1.723428896499274332e+00
4.887490490728144898e+00,-3.403296957764306185e+00,-1.725581154755292168e+00
4.890701719697085004e+00,-3.417058161854437337e+00,-1.727735439953161034e+00
4.893912948666025997e+00,-3.430869232153484383e+00,-1.729891752272013639e+00
4.897124177634966991e+00,-3.444730321138094631e+00,-1.732050091973175165e+00
4.900335406603908872e+00,-3.458641583414962639e+00,-1.734210459286393391e+00
4.903546635572848977e+00,-3.472603175225699612e+00,-1.736372854311388547e+00
4.906757864541789971e+00,-3.486615253568559503e+00,-1.738537276965579359e+00
4.909969093510730964e+00,-3.500677975211861082e+00,-1.740703726994412115e+00
4.913180322479672846e+00,-3.514791495907472640e+00,-1.742872204041229445e+00
4.916391551448612951e+00,-3.528955970050269286e+00,-1.745042707755015021e+00
4.919602780417553944e+00,-3.543171550890413357e+00,-1.747215237902602469e+00
4.922814009386494938e+00,-3.557438391232849995e+00,-1.749389794450519009e+00
4.926025238355435931e+00,-3.571756644406561154e+00,-1.751566377591154522e+00
4.929236467324376925e+00,-3.586126465202164493e+00,-1.753744987705279534e+00
4.932447696293317918e+00,-3.600548010486528394e+00,-1.755925625272823032e+00
4.935658925262258911e+00,-3.615021439303704121e+00,-1.758108290759910153e+00
4.938870154231199017e+00,-3.629546912431853123e+00,-1.760292984517587200e+00
4.942081383200140898e+00,-3.644124591535474522e+00,-1.762479706723971251e+00
4.945292612169081892e+00,-3.658754638178232099e+00,-1.764668457388050893e+00
4.948503841138021997e+00,-3.673437213005226631e+00,-1.766859236414107137e+00
4.951715070106962990e+00,-3.688172475350496526e+00,-1.769052043706855981e+00
4.954926299075904872e+00,-3.702960583392993499e+00,-1.771246879284706033e+00
4.958137528044845865e+00,-3.717801694813275937e+00,-1.773443743366017289e+00
4.961348757013785971e+00,-3.732695967746978205e+00,-1.775642636401682184e+00
4.964559985982726964e+00,-3.747643561738815521e+00,-1.777843559044076427e+00
4.967771214951668846e+00,-3.762644638400663322e+00,-1.780046512062280373e+00
4.970982443920609839e+00,-3.777699361569728964e+00,-1.782251496230232934e+00
4.974193672889549944e+00,-3.792807896918604982e+00,-1.784458512222882431e+00
4.977404901858490938e+00,-3.807970411140020328e+00,-1.786667560552942513e+00
4.980616130827432819e+00,-3.823187070961597822e+00,-1.788878641568158345e+00
4.983827359796372924e+00,-3.838458042298955153e+00,-1.791091755510156425e+00
4.987038588765313918e+00,-3.853783489812305785e+00,-1.793306902616730092e+00
4.990249817734254911e+00,-3.869163577005823029e+00,-1.795524083235893631e+00
4.993461046703196793e+00,-3.884598466839982223e+00,-1.797743297916360783e+00
4.996672275672136898e+00,-3.900088322667040863e+00,-1.799964547446476493e+00
4.999883504641077892e+00,-3.915633309199190393e+00,-1.802187832829690750e+00
5.003094733610018885e+00,-3.931233593208707244e+00,-1.804413155204456443e+00
5.006305962578959878e+00,-3.946889343743124723e+00,-1.806640515733772379e+00
5.009517191547900872e+00,-3.962600731789538422e+00,-1.808869915499032643e+00
5.012728420516841865e+00,-3.978367929494007083e+00,-1.811101355431527171e+00
5.015939649485782859e+00,-3.994191109180733168e+00,-1.813334836303192699e+00
5.019150878454722964e+00,-4.010070442478024688e+00,-1.815570358779737381e+00
5.022362107423664845e+00,-4.026006099824990692e+00,-1.817807923519835445e+00
5.025573336392605839e+00,-4.041998250514028612e+00,-1.820047531289715970e+00
5.028784565361546832e+00,-4.058047063257263609e+00,-1.822289183057671957e+00
5.031995794330486937e+00,-4.074152707101879933e+00,-1.824532880039288374e+00
5.035207023299428819e+00,-4.090315352410212490e+00,-1.826778623679536029e+00
5.038418252268369812e+00,-4.106535171600694589e+00,-1.829026415577574394e+00
5.041629481237310806e+00,-4.122812339419869687e+00,-1.831276257377957295e+00
5.044840710206250911e+00,-4.139147032662199521e+00,-1.833528150662436351e+00
5.048051939175192793e+00,-4.155539429426352349e+00,-1.835782096876348968e+00
5.051263168144133786e+00,-4.171989708141227382e+00,-1.838038097312832742e+00
5.054474397113073891e+00,-4.188498046666920160e+00,-1.840296153160069226e+00
5.057685626082014885e+00,-4.205064621752351073e+00,-1.842556265597118159e+00
5.060896855050956766e+00,-4.221689609020392808e+00,-1.844818435908766929e+00
5.064108084019897760e+00,-4.238373183486697116e+00,-1.847082665583876127e+00
5.067319312988837865e+00,-4.255115520452292799e+00,-1.849348956366844599e+00
5.070530541957778858e+00,-4.271916796493338886e+00,-1.851617310246437498e+00
5.073741770926719852e+00,-4.288777190241140680e+00,-1.853887729385736760e+00
5.076952999895661733e+00,-4.305696882710873474e+00,-1.856160216015342312e+00
5.080164228864601839e+00,-4.322676057078008505e+00,-1.858434772323402262e+00
5.083375457833542832e+00,-4.339714897973775187e+00,-1.860711400377078162e+00
5.086586686802483825e+00,-4.356813590520821400e+00,-1.862990102100237744e+00
5.089797915771424819e+00,-4.373972319411373988e+00,-1.865270879314670838e+00
5.093009144740365812e+00,-4.391191268317131247e+00,-1.867553733832319152e+00
5.096220373709306806e+00,-4.408470619816720060e+00,-1.869838667570104418e+00
5.099431602678247799e+00,-4.425810555865461460e+00,-1.872125682651893053e+00
5.102642831647188792e+00,-4.443211258662887353e+00,-1.874414781466126279e+00
5.105854060616129786e+00,-4.460672911649802508e+00,-1.876705966661474934e+00
5.109065289585070779e+00,-4.478195700325792394e+00,-1.878999241082165872e+00
5.112276518554011773e+00,-4.495779812634281392e+00,-1.881294607663471563e+00
5.115487747522952766e+00,-4.513425438796740075e+00,-1.883592069320264129e+00
5.118698976491893760e+00,-4.531132770649512587e+00,-1.885891628863714198e+00
5.121910205460834753e+00,-4.548902000691679604e+00,-1.888193288972500605e+00
5.125121434429774858e+00,-4.566733321142714352e+00,-1.890497052227851471e+00
5.128332663398716740e+00,-4.584626923305759938e+00,-1.892802921201918176e+00
5.131543892367657733e+00,-4.602582997437285606e+00,-1.895110898572312630e+00
5.134755121336598727e+00,-4.620601733166105340e+00,-1.897420987227479650e+00
5.137966350305538832e+00,-4.638683320333648830e+00,-1.899733190330425980e+00
5.141177579274479825e+00,-4.656827949995800964e+00,-1.902047511321283135e+00
5.144388808243421707e+00,-4.675035815276392448e+00,-1.904363953858257741e+00
5.147600037212362700e+00,-4.693307111808202592e+00,-1.906682521715711287e+00
5.150811266181302805e+00,-4.711642037626089241e+00,-1.909003218671515789e+00
5.154022495150243799e+00,-4.730040792547346662e+00,-1.911326048419191403e+00
5.157233724119185680e+00,-4.748503577234447270e+00,-1.913651014532623540e+00
5.160444953088125786e+00,-4.767030592234421604e+00,-1.915978120494816084e+00
5.163656182057066779e+00,-4.785622037296739961e+00,-1.918307369782151772e+00
5.166867411026007773e+00,-4.804278111184804523e+00,-1.920638765978361473e+00
5.170078639994949654e+00,-4.822999012042740397e+00,-1.922972312883099333e+00
5.173289868963889759e+00,-4.841784938205798028e+00,-1.925308014581700977e+00
5.176501097932830753e+00,-4.860636089204644961e+00,-1.927645875454773172e+00
5.179712326901771746e+00,-4.879552666652989146e+00,-1.929985900125006593e+00
5.182923555870713628e+00,-4.898534874744315815e+00,-1.932328093358192111e+00
5.186134784839653733e+00,-4.917582920205023633e+00,-1.934672459949696499e+00
5.189346013808594726e+00,-4.936697011720685424e+00,-1.937019004632233310e+00
5.192557242777535720e+00,-4.955877359016601424e+00,-1.939367732034153802e+00
5.195768471746476713e+00,-4.975124171881450508e+00,-1.941718646701761086e+00
5.198979700715417707e+00,-4.994437659441273603e+00,-1.944071753179219764e+00
5.202190929684358700e+00,-5.013818029912862961e+00,-1.946427056121654564e+00
5.205402158653299693e+00,-5.033265490916862817e+00,-1.948784560406693123e+00
5.208613387622239799e+00,-5.052780250255969108e+00,-1.951144271210150105e+00
5.211824616591181680e+00,-5.072362516919128872e+00,-1.953506194022704756e+00
5.215035845560122674e+00,-5.092012502001471930e+00,-1.955870334602807903e+00
5.218247074529063667e+00,-5.111730419256019786e+00,-1.958236698880932547e+00
5.221458303498003772e+00,-5.131516485107642467e+00,-1.960605292845481129e+00
5.224669532466945654e+00,-5.151370918127274656e+00,-1.962976122446406180e+00
5.227880761435886647e+00,-5.171293938132669687e+00,-1.965349193547137441e+00
5.231091990404826753e+00,-5.191285765198715652e+00,-1.967724511940373677e+00
5.234303219373767746e+00,-5.211346618888726745e+00,-1.970102083423423078e+00
5.237514448342709628e+00,-5.231476717949829158e+00,-1.972481913910202334e+00
5.240725677311650621e+00,-5.251676280570922728e+00,-1.974864009545553412e+00
5.243936906280590726e+00,-5.271945525126694676e+00,-1.977248376786794104e+00
5.247148135249531720e+00,-5.292284671179457334e+00,-1.979635022427590485e+00
5.250359364218473601e+00,-5.312693940429872086e+00,-1.982023953557189300e+00
5.253570593187414595e+00,-5.333173557323459768e+00,-1.984415177468222158e+00
5.256781822156354700e+00,-5.353723749126553244e+00,-1.986808701542326583e+00
5.259993051125295693e+00,-5.374344745450645888e+00,-1.989204533149806720e+00
5.263204280094237575e+00,-5.395036777376082782e+00,-1.991602679595220193e+00
5.266415509063177680e+00,-5.415800076451211531e+00,-1.994003148126518576e+00
5.269626738032118674e+00,-5.436634873882233876e+00,-1.996405946005579635e+00
5.272837967001059667e+00,-5.457541400170120127e+00,-1.998811080618829061e+00
5.276049195970000660e+00,-5.478519885311865067e+00,-2.001218559594150292e+00
5.279260424938941654e+00,-5.499570559507739986e+00,-2.003628390888263944e+00
5.282471653907882647e+00,-5.520693654158232988e+00,-2.006040582817911311e+00
5.285682882876823641e+00,-5.541889402844001111e+00,-2.008455144025711459e+00
5.288894111845763746e+00,-5.563158041986896230e+00,-2.010872083391872511e+00
5.292105340814705627e+00,-5.584499810989175472e+00,-2.013291409919867103e+00
5.295316569783646621e+00,-5.605914951810615499e+00,-2.015713132632346749e+00
5.298527798752587614e+00,-5.627403708118114523e+00,-2.018137260510434849e+00
5.301739027721527719e+00,-5.648966324276286421e+00,-2.020563802496075922e+00
5.304950256690469601e+00,-5.670603044497196876e+00,-2.022992767557494798e+00
5.308161485659410594e+00,-5.692314112418660699e+00,-2.025424164798158344e+00
5.311372714628351588e+00,-5.714099771246987203e+00,-2.027858003576048063e+00
5.314583943597291693e+00,-5.735960264424702082e+00,-2.030294293596794475e+00
5.317795172566233575e+00,-5.757895836619908891e+00,-2.032733044952321322e+00
5.321006401535174568e+00,-5.779906734733356366e+00,-2.035174268093610461e+00
5.324217630504114673e+00,-5.801993208613478004e+00,-2.037617973746714384e+00
5.327428859473055667e+00,-5.824155511260158846e+00,-2.040064172798859765e+00
5.330640088441997548e+00,-5.846393898456947014e+00,-2.042512876190892612e+00
5.333851317410938542e+00,-5.868708627949836831e+00,-2.044964094850351799e+00
5.337062546379878647e+00,-5.891099958432112871e+00,-2.047417839686931806e+00
5.340273775348819640e+00,-5.913568148655683032e+00,-2.049874121652624837e+00
5.343485004317760634e+00,-5.936113456950737444e+00,-2.052332951848725440e+00
5.346696233286702515e+00,-5.958736141308538237e+00,-2.054794341647242728e+00
5.349907462255642621e+00,-5.981436460007029332e+00,-2.057258302789712889e+00
5.353118691224583614e+00,-6.004214672589759161e+00,-2.059724847433406225e+00
5.356329920193524607e+00,-6.027071040898086096e+00,-2.062193988131289402e+00
5.359541149162466489e+00,-6.050005829839570914e+00,-2.064665737752718666e+00
5.362752378131406594e+00,-6.073019307657226307e+00,-2.067140109370368073e+00
5.365963607100347588e+00,-6.096111745619330335e+00,-2.069617116149454983e+00
5.369174836069288581e+00,-6.119283417230323430e+00,-2.072096771274727800e+00
5.372386065038229574e+00,-6.142534597212642389e+00,-2.074579087938934308e+00
5.375597294007170568e+00,-6.165865560581288207e+00,-2.077064079397438423e+00
5.378808522976111561e+00,-6.189276582104935365e+00,-2.079551759072998607e+00
5.382019751945052555e+00,-6.212767936327131757e+00,-2.082042140679109643e+00
5.385230980913993548e+00,-6.236339898147289063e+00,-2.084535238324435547e+00
5.388442209882934542e+00,-6.259992743786401803e+00,-2.087031066566718884e+00
5.391653438851875535e+00,-6.283726751842384495e+00,-2.089529640400238808e+00
5.394864667820815640e+00,-6.307542204111253881e+00,-2.092030975181596197e+00
5.398075896789757522e+00,-6.331439385922981167e+00,-2.094535086517849365e+00
5.401287125758698515e+00,-6.355418585891364991e+00,-2.097041990152830326e+00
5.404498354727639509e+00,-6.379480095160124264e+00,-2.099551701888121347e+00
5.407709583696579614e+00,-6.403624206384447959e+00,-2.102064237564480464e+00
5.410920812665521495e+00,-6.427851212770475442e+00,-2.104579613110688197e+00
5.414132041634462489e+00,-6.452161407477621680e+00,-2.107097844645856810e+00
5.417343270603403482e+00,-6.476555083576612581e+00,-2.109618948604497390e+00
5.420554499572343587e+00,-6.501032534583045752e+00,-2.112142941846543831e+00
5.423765728541284581e+00,-6.525594055407037963e+00,-2.114669841719131860e+00
5.426976957510226462e+00,-6.550239943429657430e+00,-2.117199666051905904e+00
5.430188186479166568e+00,-6.574970499376417976e+00,-2.119732433088340251e+00
5.433399415448107561e+00,-6.599786027720986326e+00,-2.122268161375523654e+00
5.436610644417048555e+00,-6.624686836497872378e+00,-2.124806869647870577e+00
5.439821873385990436e+00,-6.649673236587114289e+00,-2.127348576742229991e+00
5.443033102354930541e+00,-6.674745540698610036e+00,-2.129893301572159281e+00
5.446244331323871535e+00,-6.699904062378115199e+00,-2.132441063170786855e+00
5.449455560292812528e+00,-6.725149115350879114e+00,-2.134991880790355623e+00
5.452666789261754410e+00,-6.750481013414571407e+00,-2.137545774028806189e+00
5.455878018230694515e+00,-6.775900070922392437e+00,-2.140102762945359949e+00
5.459089247199635508e+00,-6.801406603713440191e+00,-2.142662868130329912e+00
5.462300476168576502e+00,-6.827000930207777429e+00,-2.145226110708660983e+00
5.465511705137517495e+00,-6.852683372331416223e+00,-2.147792512277276078e+00
5.468722934106458489e+00,-6.878454255988957655e+00,-2.150362094796999912e+00
5.471934163075399482e+00,-6.904313910941786148e+00,-2.152934880474050239e+00
5.475145392044340475e+00,-6.930262670134741398e+00,-2.155510891669440987e+00
5.478356621013281469e+00,-6.956300868686406957e+00,-2.158090150866090795e+00
5.481567849982222462e+00,-6.982428842863574125e+00,-2.160672680705496784e+00
5.484779078951163456e+00,-7.008646929366289413e+00,-2.163258504084248468e+00
5.487990307920104449e+00,-7.034955465153942100e+00,-2.165847644281960083e+00
5.491201536889044554e+00,-7.061354787875026240e+00,-2.168440125082363945e+00
5.494412765857986436e+00,-7.087845236774987789e+00,-2.171035970851368013e+00
5.497623994826927429e+00,-7.114427153807529436e+00,-2.173635206549212384e+00
5.500835223795867535e+00,-7.141100884610271038e+00,-2.176237857674360399e+00
5.504046452764808528e+00,-7.167866779047431081e+00,-2.178843950158077192e+00
5.507257681733750410e+00,-7.194725191156107869e+00,-2.181453510244089955e+00
5.510468910702691403e+00,-7.221676478518450182e+00,-2.184066564392498577e+00
5.513680139671631508e+00,-7.248721001260993724e+00,-2.186683139239679274e+00
5.516891368640572502e+00,-7.275859120999382590e+00,-2.189303261628606556e+00
5.520102597609514383e+00,-7.303091200064701916e+00,-2.191926958702105743e+00
5.523313826578455377e+00,-7.330417601260875493e+00,-2.194554258031960803e+00
5.526525055547395482e+00,-7.357838688237842817e+00,-2.197185187745552160e+00
5.529736284516336475e+00,-7.385354826373523807e+00,-2.199819776612403910e+00
5.532947513485278357e+00,-7.412966383898770495e+00,-2.202458054065412618e+00
5.536158742454218462e+00,-7.440673732923039907e+00,-2.205100050151863833e+00
5.539369971423159456e+00,-7.468477250048277227e+00,-2.207745795431236946e+00
5.542581200392100449e+00,-7.496377316386219292e+00,-2.210395320853476342e+00
5.545792429361042331e+00,-7.524374316979695720e+00,-2.213048657657615159e+00
5.549003658329982436e+00,-7.552468639814213347e+00,-2.215705837324487337e+00
5.552214887298923429e+00,-7.580660674734773785e+00,-2.218366891600496604e+00
5.555426116267864423e+00,-7.608950812613154646e+00,-2.221031852587383337e+00
5.558637345236804528e+00,-7.637339445034218244e+00,-2.223700752872353803e+00
5.561848574205746409e+00,-7.665826964608771554e+00,-2.226373625660319711e+00
5.565059803174687403e+00,-7.694413765825693474e+00,-2.229050504869240612e+00
5.568271032143628396e+00,-7.723100246187626361e+00,-2.231731425160979221e+00
5.571482261112568501e+00,-7.751886807285468528e+00,-2.234416421900119243e+00
5.574693490081510383e+00,-7.780773855484741652e+00,-2.237105531055685326e+00
5.577904719050451376e+00,-7.809761802017060717e+00,-2.239798789078558450e+00
5.581115948019392370e+00,-7.838851062454525120e+00,-2.242496232795133437e+00
5.584327176988332475e+00,-7.868042055737340057e+00,-2.245197899352865623e+00
5.587538405957274357e+00,-7.897335203064804965e+00,-2.247903826237344749e+00
5.590749634926215350e+00,-7.926730927003561078e+00,-2.250614051358339474e+00
5.593960863895156344e+00,-7.956229651100383826e+00,-2.253328613180801909e+00
5.597172092864096449e+00,-7.985831800130805291e+00,-2.256047550862752882e+00
5.600383321833038330e+00,-8.015537800916959554e+00,-2.258770904359745924e+00
5.603594550801979324e+00,-8.045348083470523548e+00,-2.261498714465930870e+00
5.606805779770919429e+00,-8.075263082114412683e+00,-2.264231022781421743e+00
5.610017008739860422e+00,-8.105283236242410538e+00,-2.266967871618679187e+00
5.613228237708802304e+00,-8.135408990487484004e+00,-2.269709303879714479e+00
5.616439466677743297e+00,-8.165640794253123502e+00,-2.272455362945163149e+00
5.619650695646683403e+00,-8.195979100760524716e+00,-2.275206092612807929e+00
5.622861924615624396e+00,-8.226424365915837811e+00,-2.277961537107871415e+00
5.626073153584565389e+00,-8.256977047359049138e+00,-2.280721741165188110e+00
5.629284382553507271e+00,-8.287637604000817504e+00,-2.283486750160998557e+00
5.632495611522447376e+00,-8.318406496202570111e+00,-2.286256610256613087e+00
5.635706840491388370e+00,-8.349284186555442133e+00,-2.289031368512407738e+00
5.638918069460329363e+00,-8.380271141026687687e+00,-2.291811072939763161e+00
5.642129298429270357e+00,-8.411367830126946998e+00,-2.294595772477823203e+00
5.645340527398211350e+00,-8.442574729743741457e+00,-2.297385516905405822e+00
5.648551756367152343e+00,-8.473892321389454807e+00,-2.300180356718688035e+00
5.651762985336093337e+00,-8.505321091793529575e+00,-2.302980343016166387e+00
5.654974214305034330e+00,-8.536861531972647299e+00,-2.305785527430326276e+00
5.658185443273975324e+00,-8.568514136076066379e+00,-2.308595962131112955e+00
5.661396672242916317e+00,-8.600279400374446936e+00,-2.311411699904106332e+00
5.664607901211856422e+00,-8.632157822717434925e+00,-2.314232794283068717e+00
5.667819130180798304e+00,-8.664149902640135181e+00,-2.317059299699586017e+00
5.671030359149739297e+00,-8.696256142097524844e+00,-2.319891271607108063e+00
5.674241588118680291e+00,-8.728477046609771861e+00,-2.322728766544574608e+00
5.677452817087620396e+00,-8.760813126472498880e+00,-2.325571842123567379e+00
5.680664046056562277e+00,-8.793264897664503366e+00,-2.328420556946765529e+00
5.683875275025503271e+00,-8.825832882178033856e+00,-2.331274970487013931e+00
5.687086503994444264e+00,-8.858517607675606698e+00,-2.334135142968767340e+00
5.690297732963384369e+00,-8.891319606586908009e+00,-2.337001135293207188e+00
5.693508961932325363e+00,-8.924239414934042713e+00,-2.339873009034960205e+00
5.696720190901267244e+00,-8.957277571259666615e+00,-2.342750826516215135e+00
5.699931419870207350e+00,-8.990434616001593326e+00,-2.345634650940064070e+00
5.703142648839148343e+00,-9.023711091520127070e+00,-2.348524546546377767e+00
5.706353877808089337e+00,-9.057107542781604792e+00,-2.351420578746497458e+00
5.709565106777031218e+00,-9.090624518497133266e+00,-2.354322814199452107e+00
5.712776335745971323e+00,-9.124262572372739299e+00,-2.357231320810623920e+00
5.715987564714912317e+00,-9.158022264090689646e+00,-2.360146167657913630e+00
5.719198793683853310e+00,-9.191904159724066048e+00,-2.363067424873194877e+00
5.722410022652795192e+00,-9.225908831461405057e+00,-2.365995163520989042e+00
5.725621251621735297e+00,-9.260036856733142585e+00,-2.368929455517449600e+00
5.728832480590676290e+00,-9.294288817017907434e+00,-2.371870373620488692e+00
5.732043709559617284e+00,-9.328665296708003041e+00,-2.374817991499918346e+00
5.735254938528559165e+00,-9.363166882396303237e+00,-2.377772383871745276e+00
5.738466167497499271e+00,-9.397794162817428187e+00,-2.380733626660723079e+00
5.741677396466440264e+00,-9.432547729472718245e+00,-2.383701797146476675e+00
5.744888625435381257e+00,-9.467428177755827789e+00,-2.386676974053462352e+00
5.748099854404322251e+00,-9.502436108238486057e+00,-2.389659237562510974e+00
5.751311083373263244e+00,-9.537572127724438076e+00,-2.392648669246102866e+00
5.754522312342204238e+00,-9.572836849749688071e+00,-2.395645351953453961e+00
5.757733541311145231e+00,-9.608230894378076314e+00,-2.398649369687332555e+00
5.760944770280085336e+00,-9.643754887359774486e+00,-2.401660807517494334e+00
5.764155999249027218e+00,-9.679409458919053577e+00,-2.404679751564481549e+00
5.767367228217968211e+00,-9.715195242554251820e+00,-2.407706289065965066e+00
5.770578457186908317e+00,-9.751112874230763339e+00,-2.410740508512254632e+00
5.773789686155849310e+00,-9.787162992227091962e+00,-2.413782499816087501e+00
5.777000915124791192e+00,-9.823346237691549021e+00,-2.416832354471157629e+00
5.780212144093732185e+00,-9.859663255745880761e+00,-2.419890165657188952e+00
5.783423373062672290e+00,-9.896114696800545119e+00,-2.422956028265988326e+00
5.786634602031613284e+00,-9.932701217678420846e+00,-2.426030038847537540e+00
5.789845831000555165e+00,-9.969423482201008824e+00,-2.429112295500227781e+00
5.793057059969496159e+00,-1.000628216105675961e+01,-2.432202897747040016e+00
5.796268288938436264e+00,-1.004327793099323429e+01,-2.435301946444199839e+00
5.799479517907377257e+00,-1.008041147358559186e+01,-2.438409543759152420e+00
5.802690746876319139e+00,-1.011768347396677825e+01,-2.441525793233423336e+00
5.805901975845259244e+00,-1.015509461991827855e+01,-2.444650799919763973e+00
5.809113204814200238e+00,-1.019264560160985944e+01,-2.447784670559936870e+00
5.812324433783141231e+00,-1.023033711207548890e+01,-2.450927513756823384e+00
5.815535662752083113e+00,-1.026816984828337098e+01,-2.454079440096249343e+00
5.818746891721023218e+00,-1.030614451247178387e+01,-2.457240562189502597e+00
5.821958120689964211e+00,-1.034426181333722994e+01,-2.460410994632273862e+00
5.825169349658905205e+00,-1.038252246670454682e+01,-2.463590853901930444e+00
5.828380578627846198e+00,-1.042092719546778845e+01,-2.466780258234566148e+00
5.831591807596787191e+00,-1.045947672881553991e+01,-2.469979327529994162e+00
5.834803036565728185e+00,-1.049817180097723934e+01,-2.473188183324617651e+00
5.838014265534669178e+00,-1.053701314987661775e+01,-2.476406948851377354e+00
5.841225494503609283e+00,-1.057600151610900596e+01,-2.479635749179205373e+00
5.844436723472551165e+00,-1.061513764255990644e+01,-2.482874711399789547e+00
5.847647952441492158e+00,-1.065442227478376758e+01,-2.486123964814765497e+00
5.850859181410433152e+00,-1.069385616202486489e+01,-2.489383641076269971e+00
5.854070410379373257e+00,-1.073344005856078809e+01,-2.492653874248281554e+00
5.857281639348315139e+00,-1.077317472494599215e+01,-2.495934800780870599e+00
5.860492868317256132e+00,-1.081306092876046421e+01,-2.499226559416814819e+00
5.863704097286197126e+00,-1.085309944461966758e+01,-2.502529291071455830e+00
5.866915326255137231e+00,-1.089329105342938675e+01,-2.505843138735476039e+00
5.870126555224079112e+00,-1.093363654110349259e+01,-2.509168247443702704e+00
5.873337784193020106e+00,-1.097413669712975270e+01,-2.512504764333011398e+00
5.876549013161960211e+00,-1.101479231341770415e+01,-2.515852838785010093e+00
5.879760242130901204e+00,-1.105560418377622867e+01,-2.519212622623090425e+00
5.882971471099843086e+00,-1.109657310417302156e+01,-2.522584270316528432e+00
5.886182700068784079e+00,-1.113769987368471348e+01,-2.525967939142176544e+00
5.889393929037724185e+00,-1.117898529582937428e+01,-2.529363789267420337e+00
5.892605158006665178e+00,-1.122043017985064672e+01,-2.532771983742704069e+00
5.895816386975606171e+00,-1.126203534153401620e+01,-2.536192688420286334e+00
5.899027615944548053e+00,-1.130380160327713668e+01,-2.539626071839271582e+00
5.902238844913488158e+00,-1.134572979336503629e+01,-2.543072305128040611e+00
5.905450073882429152e+00,-1.138782074464694460e+01,-2.546531561970409641e+00
5.908661302851370145e+00,-1.143007529299699598e+01,-2.550004018662646477e+00
5.911872531820311139e+00,-1.147249427600949900e+01,-2.553489854260667435e+00
5.915083760789252132e+00,-1.151507853230700107e+01,-2.556989250789031942e+00
5.918294989758193125e+00,-1.155782890164966403e+01,-2.560502393464245241e+00
5.921506218727134119e+00,-1.160074622578400927e+01,-2.564029470880485384e+00
5.924717447696075112e+00,-1.164383134973647138e+01,-2.567570675117598622e+00
5.927928676665016106e+00,-1.168708512311475189e+01,-2.571126201755469243e+00
5.931139905633957099e+00,-1.173050840097250713e+01,-2.574696249808340553e+00
5.934351134602897204e+00,-1.177410204392312920e+01,-2.578281021617985225e+00
5.937562363571839086e+00,-1.181786691741813833e+01,-2.581880722758146174e+00
5.940773592540780079e+00,-1.186180389036210592e+01,-2.585495561999848757e+00
5.943984821509721073e+00,-1.190591383344136389e+01,-2.589125751369051098e+00
5.947196050478661178e+00,-1.195019761763234989e+01,-2.592771506299908602e+00
5.950407279447603059e+00,-1.199465611330023229e+01,-2.596433045857704514e+00
5.953618508416544053e+00,-1.203929019011412471e+01,-2.600110592983991165e+00
5.956829737385485046e+00,-1.208410071774998684e+01,-2.603804374709747904e+00
5.960040966354425152e+00,-1.212908856710344452e+01,-2.607514622292337325e+00
5.963252195323366145e+00,-1.217425461157089650e+01,-2.611241571255945360e+00
5.966463424292308027e+00,-1.221959972792945770e+01,-2.614985461345483042e+00
5.969674653261249020e+00,-1.226512479646401133e+01,-2.618746536431447058e+00
5.972885882230189125e+00,-1.231083070021751702e+01,-2.622525044419232731e+00
5.976097111199130119e+00,-1.235671832350897681e+01,-2.626321237215825111e+00
5.979308340168072000e+00,-1.240278855008748948e+01,-2.630135370789909111e+00
5.982519569137012105e+00,-1.244904226140319814e+01,-2.633967705333058351e+00
5.985730798105953099e+00,-1.249548033543782033e+01,-2.637818505498861654e+00
5.988942027074894092e+00,-1.254210364636245956e+01,-2.641688040672904414e+00
5.992153256043835974e+00,-1.258891306502980534e+01,-2.645576585217128240e+00
5.995364485012776079e+00,-1.263590946004355686e+01,-2.649484418640211558e+00
5.998575713981717072e+00,-1.268309369896101302e+01,-2.653411825668769985e+00
6.001786942950658066e+00,-1.273046664913442605e+01,-2.657359096225416994e+00
6.004998171919599947e+00,-1.277802917780011605e+01,-2.661326525349280381e+00
6.008209400888540053e+00,-1.282578215124858900e+01,-2.665314413113344827e+00
6.011420629857481046e+00,-1.287372643318788867e+01,-2.669323064594913308e+00
6.014631858826422039e+00,-1.292186288265714289e+01,-2.673352789940034224e+00
6.017843087795363033e+00,-1.297019235198346543e+01,-2.677403904534409573e+00
6.021054316764304026e+00,-1.301871568525836409e+01,-2.681476729260900971e+00
6.024265545733245020e+00,-1.306743371764499173e+01,-2.685571590797291019e+00
6.027476774702186013e+00,-1.311634727556386082e+01,-2.689688821895693582e+00
6.030688003671126118e+00,-1.316545717752428679e+01,-2.693828761590890686e+00
6.033899232640068000e+00,-1.321476423515780496e+01,-2.697991755307177719e+00
6.037110461609008993e+00,-1.326426925393520051e+01,-2.702178154865225501e+00
6.040321690577949099e+00,-1.331397303313396741e+01,-2.706388318422235706e+00
6.043532919546890092e+00,-1.336387636484328212e+01,-2.710622610400259092e+00
6.046744148515831974e+00,-1.341398003208116307e+01,-2.714881401462362565e+00
6.049955377484772967e+00,-1.346428480636532932e+01,-2.719165068582583000e+00
6.053166606453713072e+00,-1.351479144524082443e+01,-2.723473995227487787e+00
6.056377835422654066e+00,-1.356550069027444749e+01,-2.727808571633321577e+00
6.059589064391595947e+00,-1.361641326587400869e+01,-2.732169195133531403e+00
6.062800293360536941e+00,-1.366752987902504657e+01,-2.736556270476135477e+00
6.066011522329477046e+00,-1.371885121974159105e+01,-2.740970210073695679e+00
6.069222751298418039e+00,-1.377037796179108931e+01,-2.745411434149792385e+00
6.072433980267359921e+00,-1.382211076315209120e+01,-2.749880370778408967e+00
6.075645209236300026e+00,-1.387405026572723088e+01,-2.754377455846504397e+00
6.078856438205241020e+00,-1.392619709404803885e+01,-2.758903132994841023e+00
6.082067667174182013e+00,-1.397855185300321068e+01,-2.763457853599957659e+00
6.085278896143123895e+00,-1.403111512491067536e+01,-2.768042076848642008e+00
6.088490125112064000e+00,-1.408388746644381939e+01,-2.772656269928541750e+00
6.091701354081004993e+00,-1.413686940595558639e+01,-2.777300908323372841e+00
6.094912583049945987e+00,-1.419006144160782590e+01,-2.781976476169223389e+00
6.098123812018886980e+00,-1.424346404044915460e+01,-2.786683466609666926e+00
6.101335040987827973e+00,-1.429707763827242317e+01,-2.791422382087850096e+00
6.104546269956768967e+00,-1.435090263982083414e+01,-2.796193734533285458e+00
6.107757498925709960e+00,-1.440493941877884332e+01,-2.800998045433888972e+00
6.110968727894650065e+00,-1.445918831702552509e+01,-2.805835845819882657e+00
6.114179956863591947e+00,-1.451364964283043335e+01,-2.810707676214208028e+00
6.117391185832532940e+00,-1.456832366797459422e+01,-2.815614086615451761e+00
6.120602414801473934e+00,-1.462321062408939198e+01,-2.820555636570188707e+00
6.123813643770414039e+00,-1.467831069872701910e+01,-2.825532895364824437e+00
6.127024872739355921e+00,-1.473362403173873680e+01,-2.830546442330584611e+00
6.130236101708296914e+00,-1.478915071242137280e+01,-2.835596867220411266e+00
6.133447330677237908e+00,-1.484489077763107545e+01,-2.840684770594156028e+00
6.136658559646178013e+00,-1.490084421073738774e+01,-2.845810764145465743e+00
6.139869788615119894e+00,-1.495701094100028605e+01,-2.850975470921382815e+00
6.143081017584060888e+00,-1.501339084278754754e+01,-2.856179525418525600e+00
6.146292246553000993e+00,-1.506998373406296565e+01,-2.861423573577849044e+00
6.149503475521941986e+00,-1.512678937376441368e+01,-2.866708272731531171e+00
6.152714704490883868e+00,-1.518380745799778886e+01,-2.872034291570694897e+00
6.155925933459824861e+00,-1.524103761530446022e+01,-2.877402310196623958e+00
6.159137162428764967e+00,-1.529847940151378793e+01,-2.882813020292522843e+00
6.162348391397705960e+00,-1.535613229478834896e+01,-2.888267125415406422e+00
6.165559620366647842e+00,-1.541399569137777803e+01,-2.893765341369956889e+00
6.168770849335588835e+00,-1.547206890234266297e+01,-2.899308396599745485e+00
6.171982078304528940e+00,-1.553035115117169518e+01,-2.904897032524440537e+00
6.175193307273469934e+00,-1.558884157189558373e+01,-2.910532003766659770e+00
6.178404536242410927e+00,-1.564753920710043822e+01,-2.916214078244722785e+00
6.181615765211351921e+00,-1.570644300522345915e+01,-2.921944037147521822e+00
6.184826994180292914e+00,-1.576555181668427963e+01,-2.927722674842955897e+00
6.188038223149233907e+00,-1.582486438871304024e+01,-2.933550798790818703e+00
6.191249452118174901e+00,-1.588437935908936893e+01,-2.939429229528562448e+00
6.194460681087115894e+00,-1.594409524929495170e+01,-2.945358800774397601e+00
6.197671910056056888e+00,-1.600401045771671704e+01,-2.951340359654182510e+00
6.200883139024997881e+00,-1.606412325347488235e+01,-2.957374767017760142e+00
6.204094367993938874e+00,-1.612443177120749382e+01,-2.963462897779750360e+00
6.207305596962879868e+00,-1.618493400679505712e+01,-2.969605641208544977e+00
6.210516825931820861e+00,-1.624562781365944986e+01,-2.975803901099208559e+00
6.213728054900761855e+00,-1.630651089903178175e+01,-2.982058595797656420e+00
6.216939283869701960e+00,-1.636758081952638122e+01,-2.988370658085157228e+00
6.220150512838643841e+00,-1.642883497550403149e+01,-2.994741034971221350e+00
6.223361741807584835e+00,-1.649027060401337863e+01,-3.001170687466987896e+00
6.226572970776525828e+00,-1.655188477047103746e+01,-3.007660590413115731e+00
6.229784199745465934e+00,-1.661367435956759309e+01,-3.014211732414475708e+00
6.232995428714407815e+00,-1.667563606606219651e+01,-3.020825115895802160e+00
6.236206657683348809e+00,-1.673776638610273793e+01,-3.027501757248816094e+00
6.239417886652289802e+00,-1.680006160948291338e+01,-3.034242687006105665e+00
6.242629115621229907e+00,-1.686251781289331575e+01,-3.041048949960704739e+00
6.245840344590170901e+00,-1.692513085384640448e+01,-3.047921605158510072e+00
6.249051573559112782e+00,-1.698789636467299857e+01,-3.054861725720635857e+00
6.252262802528052887e+00,-1.705080974588764064e+01,-3.061870398495878831e+00
6.255474031496993881e+00,-1.711386615833561819e+01,-3.068948723586177874e+00
6.258685260465934874e+00,-1.717706051383140675e+01,-3.076097813817324056e+00
6.261896489434876756e+00,-1.724038746438817427e+01,-3.083318794233757210e+00
6.265107718403816861e+00,-1.730384139050140746e+01,-3.090612801678096488e+00
6.268318947372757854e+00,-1.736741638917405339e+01,-3.097980984478077016e+00
6.271530176341698848e+00,-1.743110626238781080e+01,-3.105424502217556171e+00
6.274741405310640729e+00,-1.749490450652448104e+01,-3.112944525528156703e+00
6.277952634279580835e+00,-1.755880430288743099e+01,-3.120542235816172294e+00
6.281163863248521828e+00,-1.762279850906980982e+01,-3.128218824842775803e+00
6.284375092217462822e+00,-1.768687965058937195e+01,-3.135975494103178995e+00
6.287586321186403815e+00,-1.775103991206081133e+01,3.139371853185404238e+00
6.290797550155344808e+00,-1.781527112725430939e+01,3.131451384373634461e+00
6.294008779124285802e+00,-1.787956476767024938e+01,3.123447181570767395e+00
6.297220008093226795e+00,-1.794391192966329740e+01,3.115358014061239356e+00
6.300431237062167789e+00,-1.800830332055077676e+01,3.107182646571736040e+00
6.303642466031108782e+00,-1.807272924441782180e+01,3.098919840278501869e+00
6.306853695000049775e+00,-1.813717958839990629e+01,3.090568353749888253e+00
6.310064923968990769e+00,-1.820164381005864840e+01,3.082126943884315295e+00
6.313276152937930874e+00,-1.826611092612045439e+01,3.073594366932001165e+00
6.316487381906872756e+00,-1.833056950242191618e+01,3.064969379690944074e+00
6.319698610875813749e+00,-1.839500764453507742e+01,3.056250740943446509e+00
6.322909839844753854e+00,-1.845941298834187805e+01,3.047437213155693492e+00
6.326121068813694848e+00,-1.852377268985797443e+01,3.038527564412921045e+00
6.329332297782636729e+00,-1.858807341386369316e+01,3.029520570521829548e+00
6.332543526751577723e+00,-1.865230132130909979e+01,3.020415017192592533e+00
6.335754755720517828e+00,-1.871644205589915444e+01,3.011209702221296247e+00
6.338965984689458821e+00,-1.878048073059881418e+01,3.001903437627447602e+00
6.342177213658400703e+00,-1.884440191492565830e+01,2.992495051750232449e+00
6.345388442627341696e+00,-1.890818962378049761e+01,2.982983391356461844e+00
6.348599671596281802e+00,-1.897182730823633179e+01,2.973367323847559529e+00
6.351810900565222795e+00,-1.903529784826643123e+01,2.963645739661688427e+00
6.355022129534164677e+00,-1.909858354697617600e+01,2.953817554947168578e+00
6.358233358503104782e+00,-1.916166612563968386e+01,2.943881714540453665e+00
6.361444587472045775e+00,-1.922452671881548980e+01,2.933837195228885975e+00
6.364655816440986769e+00,-1.928714586903561923e+01,2.923683009231095475e+00
6.367867045409928650e+00,-1.934950352096823067e+01,2.913418207800802406e+00
6.371078274378868755e+00,-1.941157901542102238e+01,2.903041884860961375e+00
6.374289503347809749e+00,-1.947335108394396030e+01,2.892553180604568119e+00
6.377500732316750742e+00,-1.953479784498308192e+01,2.881951285046886913e+00
6.380711961285690847e+00,-1.959589680247470511e+01,2.871235441566615254e+00
6.383923190254632729e+00,-1.965662484746857075e+01,2.860404950514220612e+00
6.387134419223573722e+00,-1.971695826291882270e+01,2.849459172981433586e+00
6.390345648192514716e+00,-1.977687273132128354e+01,2.838397534811574641e+00
6.393556877161454821e+00,-1.983634334454438530e+01,2.827219530889423016e+00
6.396768106130396703e+00,-1.989534461510046270e+01,2.815924729694034845e+00
6.399979335099337696e+00,-1.995385048826928553e+01,2.804512778044236931e+00
6.403190564068278690e+00,-2.001183435486552398e+01,2.792983405930709484e+00
6.406401793037218795e+00,-2.006926906492422802e+01,2.781336431321054903e+00
6.409613022006160676e+00,-2.012612694301470739e+01,2.769571764847299278e+00
6.412824250975101670e+00,-2.018237980615125693e+01,2.757689414331520261e+00
6.416035479944041775e+00,-2.023799898526631580e+01,2.745689489160421548e+00
6.419246708912982768e+00,-2.029295535094389180e+01,2.733572204566757424e+00
6.422457937881924650e+00,-2.034721934365894924e+01,2.721337885899224762e+00
6.425669166850865643e+00,-2.040076100826102490e+01,2.708986972955585326e+00
6.428880395819805749e+00,-2.045355003203127708e+01,2.696520024417182082e+00
6.432091624788746742e+00,-2.050555578545096580e+01,2.683937722367488732e+00
6.435302853757688624e+00,-2.055674736490253096e+01,2.671240876819055199e+00
6.438514082726629617e+00,-2.060709363685280948e+01,2.658430430129457900e+00
6.441725311695569722e+00,-2.065656328354009119e+01,2.645507461170625074e+00
6.444936540664510716e+00,-2.070512485065310671e+01,2.632473189132003455e+00
6.448147769633451709e+00,-2.075274679780368814e+01,2.619328976881550641e+00
6.451358998602393591e+00,-2.079939755265518997e+01,2.606076333866028882e+00
6.454570227571333696e+00,-2.084504556934499320e+01,2.592716918586465802e+00
6.457781456540274689e+00,-2.088965939139384886e+01,2.579252540718840692e+00
6.460992685509215683e+00,-2.093320771875263375e+01,2.565685162954054022e+00
6.464203914478156676e+00,-2.097565947815182597e+01,2.552016902603307269e+00
6.467415143447097670e+00,-2.101698389563292224e+01,2.538250032964042280e+00
6.470626372416038663e+00,-2.105715057012994151e+01,2.524386984382618770e+00
6.473837601384979656e+00,-2.109612954723346689e+01,2.510430344901525945e+00
6.477048830353920650e+00,-2.113389139271846062e+01,2.496382860356018973e+00
6.480260059322861643e+00,-2.117040726591133648e+01,2.482247433795280234e+00
6.483471288291802637e+00,-2.120564899335168363e+01,2.468027124144396289e+00
6.486682517260742742e+00,-2.123958914334942349e+01,2.453725144083890974e+00
6.489893746229684623e+00,-2.127220110189544044e+01,2.439344857186145354e+00
6.493104975198625617e+00,-2.130345914998975942e+01,2.424889774394843656e+00
6.496316204167566610e+00,-2.133333854191809209e+01,2.410363549951452189e+00
6.499527433136506716e+00,-2.136181558349125353e+01,2.395769976857325290e+00
6.502738662105448597e+00,-2.138886770891341271e+01,2.381112981917397509e+00
6.505949891074389591e+00,-2.141447355486930348e+01,2.366396620355113889e+00
6.509161120043330584e+00,-2.143861303063737722e+01,2.351625069937287371e+00
6.512372349012270689e+00,-2.146126738348253937e+01,2.336802624517966276e+00
6.515583577981211683e+00,-2.148241925912406813e+01,2.321933686913270289e+00
6.518794806950153564e+00,-2.150205275755207168e+01,2.307022761054464244e+00
6.522006035919093669e+00,-2.152015348473803869e+01,2.292074443425891950e+00
6.525217264888034663e+00,-2.153670860077643567e+01,2.277093413860440840e+00
6.528428493856975656e+00,-2.155170686471042174e+01,2.262084425820490630e+00
6.531639722825917538e+00,-2.156513867583224808e+01,2.247052296320394493e+00
6.534850951794857643e+00,-2.157699611075126711e+01,2.232001895641027023e+00
6.538062180763798636e+00,-2.158727295515519984e+01,2.216938136949907712e+00
6.541273409732739630e+00,-2.159596472906738285e+01,2.201865965884413523e+00
6.544484638701681511e+00,-2.160306870458223472e+01,2.186790350097928659e+00
6.547695867670621617e+00,-2.160858391549322732e+01,2.171716268727712507e+00
6.550907096639562610e+00,-2.161251115880251561e+01,2.156648701731532114e+00
6.554118325608503604e+00,-2.161485298865622795e+01,2.141592619061618574e+00
6.557329554577444597e+00,-2.161561370363322254e+01,2.126552969692882655e+00
6.560540783546385590e+00,-2.161479932842645013e+01,2.111534670583175011e+00
6.563752012515326584e+00,-2.161241759077761415e+01,2.096542595697908684e+00
6.566963241484267577e+00,-2.160847789412136066e+01,2.081581565263377342e+00
6.570174470453208571e+00,-2.160299128590714801e+01,2.066656335411812595e+00
6.573385699422149564e+00,-2.159597042114695853e+01,2.051771588347219843e+00
6.576596928391090557e+00,-2.158742952052899966e+01,2.036931923102961228e+00
6.579808157360031551e+00,-2.157738432251252192e+01,2.022141846897199891e+00
6.583019386328971656e+00,-2.156585202916303601e+01,2.007405767038487721e+00
6.586230615297913538e+00,-2.155285124600630908e+01,1.992727983306429529e+00
6.589441844266854531e+00,-2.153840191672569659e+01,1.978112680737833307e+00
6.592653073235794636e+00,-2.152252525394021987e+01,1.963563922784488991e+00
6.595864302204735630e+00,-2.150524366746532223e+01,1.949085644862087907e+00
6.599075531173677511e+00,-2.148658069132785897e+01,1.934681648363376416e+00
6.602286760142618505e+00,-2.146656091042424919e+01,1.920355595245050173e+00
6.605497989111558610e+00,-2.144520988719409615e+01,1.906111003304717499e+00
6.608709218080499603e+00,-2.142255408818633811e+01,1.891951242238171460e+00
6.611920447049441485e+00,-2.139862081006642214e+01,1.877879530514839690e+00
6.615131676018382478e+00,-2.137343810454982673e+01,1.863898933045457840e+00
6.618342904987322584e+00,-2.134703470195997710e+01,1.850012359557972497e+00
6.621554133956263577e+00,-2.131943993352988898e+01,1.836222563562713850e+00
6.624765362925205459e+00,-2.129068365306083876e+01,1.822532141784289905e+00
6.627976591894145564e+00,-2.126079615896733799e+01,1.808943533965849282e+00
6.631187820863086557e+00,-2.122980811793825495e+01,1.795459023001892751e+00
6.634399049832027551e+00,-2.119775049136940837e+01,1.782080735412020500e+00
6.637610278800969432e+00,-2.116465446538493467e+01,1.768810642213012541e+00
6.640821507769909537e+00,-2.113055138476114081e+01,1.755650560265751059e+00
6.644032736738850531e+00,-2.109547269054075258e+01,1.742602154161186911e+00
6.647243965707791524e+00,-2.105944986072817571e+01,1.729666938669107035e+00
6.650455194676731629e+00,-2.102251435329664986e+01,1.716846281717138378e+00
6.653666423645673511e+00,-2.098469755085579891e+01,1.704141407811881059e+00
6.656877652614614505e+00,-2.094603070667630718e+01,1.691553401776378251e+00
6.660088881583555498e+00,-2.090654489223350510e+01,1.679083212668916358e+00
6.663300110552495603e+00,-2.086627094686613049e+01,1.666731657770511354e+00
6.666511339521437485e+00,-2.082523943041192638e+01,1.654499426575287258e+00
6.669722568490378478e+00,-2.078348057969369833e+01,1.642387084775374095e+00
6.672933797459319472e+00,-2.074102426948062572e+01,1.630395078282632637e+00
6.676145026428259577e+00,-2.069789997811140836e+01,1.618523737358778858e+00
6.679356255397201458e+00,-2.065413675746627575e+01,1.606773280924962188e+00
6.682567484366142452e+00,-2.060976320656115490e+01,1.595143821092423808e+00
6.685778713335083445e+00,-2.056480744782886561e+01,1.583635367906957025e+00
6.688989942304023550e+00,-2.051929710520539984e+01,1.572247834247010756e+00
6.692201171272965432e+00,-2.047325928343406787e+01,1.560981040774733541e+00
6.695412400241906425e+00,-2.042672054844133811e+01,1.549834720823643375e+00
6.698623629210846531e+00,-2.037970690908965210e+01,1.538808525120857196e+00
6.701834858179787524e+00,-2.033224380093571071e+01,1.527902026281776404e+00
6.705046087148729406e+00,-2.028435607272083274e+01,1.517114723068899940e+00
6.708257316117670399e+00,-2.023606797616332997e+01,1.506446044458288780e+00
6.711468545086610504e+00,-2.018740315926210727e+01,1.495895353591629728e+00
6.714679774055551498e+00,-2.013838466286426865e+01,1.485461951699343475e+00
6.717891003024492491e+00,-2.008903491983855361e+01,1.475145082058966661e+00
6.721102231993434373e+00,-2.003937575595200116e+01,1.464943934010292104e+00
6.724313460962374478e+00,-1.998942839154400630e+01,1.454857646997997023e+00
6.727524689931315471e+00,-1.993921344332730428e+01,1.444885314569185786e+00
6.730735918900256465e+00,-1.988875092604664374e+01,1.435025988231454663e+00
6.733947147869197458e+00,-1.983806025417182184e+01,1.425278681082341681e+00
6.737158376838138452e+00,-1.978716024415641783e+01,1.415642371152893375e+00
6.740369605807079445e+00,-1.973606911795269525e+01,1.406116004455927326e+00
6.743580834776020438e+00,-1.968480450839224005e+01,1.396698497779664372e+00
6.746792063744961432e+00,-1.963338346674819945e+01,1.387388741304220297e+00
6.750003292713902425e+00,-1.958182247238201512e+01,1.378185601131781457e+00
6.753214521682843419e+00,-1.953013744397277662e+01,1.369087921806848129e+00
6.756425750651783524e+00,-1.947834375155381537e+01,1.360094528866182984e+00
6.759636979620725405e+00,-1.942645622852280596e+01,1.351204231410182421e+00
6.762848208589666399e+00,-1.937448918296384903e+01,1.342415824643115041e+00
6.766059437558607392e+00,-1.932245640797041375e+01,1.333728092302775448e+00
6.769270666527547498e+00,-1.927037119107799867e+01,1.325139808898118554e+00
6.772481895496489379e+00,-1.921824632328054605e+01,1.316649741697414555e+00
6.775693124465430373e+00,-1.916609410830336202e+01,1.308256652451204261e+00
6.778904353434371366e+00,-1.911392637278270001e+01,1.299959298881605108e+00
6.782115582403311471e+00,-1.906175447776764642e+01,1.291756436007583719e+00
6.785326811372252465e+00,-1.900958933158861797e+01,1.283646817393395700e+00
6.788538040341194346e+00,-1.895744140374398512e+01,1.275629196399370002e+00
6.791749269310134451e+00,-1.890532073916295275e+01,1.267702327483507974e+00
6.794960498279075445e+00,-1.885323697209717153e+01,1.259864967558212090e+00
6.798171727248016438e+00,-1.880119933900727602e+01,1.252115877362924623e+00
6.801382956216958320e+00,-1.874921669010580416e+01,1.244453822783177177e+00
6.804594185185898425e+00,-1.869729749960670517e+01,1.236877576039278503e+00
6.807805414154839418e+00,-1.864544987509095364e+01,1.229385916684717417e+00
6.811016643123780412e+00,-1.859368156662399230e+01,1.221977632390568447e+00
6.814227872092722293e+00,-1.854199997628428775e+01,1.214651519536189772e+00
6.817439101061662399e+00,-1.849041216858017478e+01,1.207406383664790139e+00
6.820650330030603392e+00,-1.843892488190289214e+01,1.200241039883427341e+00
6.823861558999544386e+00,-1.838754454078968692e+01,1.193154313284609191e+00
6.827072787968486267e+00,-1.833627726846705741e+01,1.186145039441679705e+00
6.830284016937426372e+00,-1.828512889900279959e+01,1.179212064990563302e+00
6.833495245906367366e+00,-1.823410498845777283e+01,1.172354248268354882e+00
6.836706474875308359e+00,-1.818321082467384286e+01,1.165570459947591786e+00
6.839917703844249353e+00,-1.813245143568649098e+01,1.158859583593233822e+00
6.843128932813190346e+00,-1.808183159709938082e+01,1.152220516080688206e+00
6.846340161782131339e+00,-1.803135583900118988e+01,1.145652167844099401e+00
6.849551390751072333e+00,-1.798102845306501507e+01,1.139153462964686225e+00
6.852762619720012438e+00,-1.793085350033647885e+01,1.132723339146603836e+00
6.855973848688954320e+00,-1.788083481992815393e+01,1.126360747651503846e+00
6.859185077657895313e+00,-1.783097603848717938e+01,1.120064653264940091e+00
6.862396306626835418e+00,-1.778128057999782996e+01,1.113834034348391233e+00
6.865607535595776412e+00,-1.773175167531267604e+01,1.107667882995348130e+00
6.868818764564718293e+00,-1.768239237082661219e+01,1.101565205270184311e+00
6.872029993533659287e+00,-1.763320553590811102e+01,1.095525021476273508e+00
6.875241222502599392e+00,-1.758419386901736914e+01,1.089546366384687159e+00
6.878452451471540385e+00,-1.753535990277632806e+01,1.083628289361474595e+00
6.881663680440482267e+00,-1.748670600850653400e+01,1.077769854357490509e+00
6.884874909409423260e+00,-1.743823440084090848e+01,1.071970139761700747e+00
6.888086138378363366e+00,-1.738994714292303101e+01,1.066228238155746855e+00
6.891297367347304359e+00,-1.734184615245756689e+01,1.060543256032632886e+00
6.894508596316246241e+00,-1.729393320855112393e+01,1.054914313548342975e+00
6.897719825285186346e+00,-1.724620995898189335e+01,1.049340544360458871e+00
6.900931054254127339e+00,-1.719867792735004031e+01,1.043821095576864755e+00
6.904142283223068333e+00,-1.715133851954780653e+01,1.038355127800519195e+00
6.907353512192010214e+00,-1.710419302914683115e+01,1.032941815223915816e+00
6.910564741160950319e+00,-1.705724264158227044e+01,1.027580345709550702e+00
6.913775970129891313e+00,-1.701048843733066462e+01,1.022269920795268572e+00
6.916987199098832306e+00,-1.696393139453248011e+01,1.017009755584878272e+00
6.920198428067773300e+00,-1.691757239162516768e+01,1.011799078518066164e+00
6.923409657036714293e+00,-1.687141221049363793e+01,1.006637131048840672e+00
6.926620886005655287e+00,-1.682545154043370417e+01,1.001523167287915683e+00
6.929832114974596280e+00,-1.677969098292450312e+01,9.964564536732650746e-01
6.933043343943536385e+00,-1.673413105691465930e+01,9.914362687226125903e-01
6.936254572912478267e+00,-1.668877220412870699e+01,9.864619028945725843e-01
6.939465801881419260e+00,-1.664361479385858189e+01,9.815326585507105905e-01
6.942677030850360254e+00,-1.659865912682915834e+01,9.766478499790448575e-01
6.945888259819300359e+00,-1.655390543797588521e+01,9.718068034204460082e-01
6.949099488788242240e+00,-1.650935389827096600e+01,9.670088570386489168e-01
6.952310717757183234e+00,-1.646500461598844467e+01,9.622533607921658350e-01
6.955521946726124227e+00,-1.642085763792990605e+01,9.575396761965517811e-01
6.958733175695064332e+00,-1.637691295110584377e+01,9.528671759991805823e-01
6.961944404664006214e+00,-1.633317048518725301e+01,9.482352438149946883e-01
6.965155633632947207e+00,-1.628963011577109299e+01,9.436432737831543793e-01
6.968366862601887313e+00,-1.624629166822102988e+01,9.390906702973049747e-01
6.971578091570828306e+00,-1.620315492164149518e+01,9.345768478391346390e-01
6.974789320539770188e+00,-1.616021961247818695e+01,9.301012309128336986e-01
6.978000549508711181e+00,-1.611748543733063599e+01,9.256632540473372917e-01
6.981211778477651286e+00,-1.607495205478332778e+01,9.212623618130111325e-01
6.984423007446592280e+00,-1.603261908633906430e+01,9.168980087958653602e-01
6.987634236415533273e+00,-1.599048611678902709e+01,9.125696594864373123e-01
6.990845465384475155e+00,-1.594855269449925572e+01,9.082767880675911565e-01
6.994056694353415260e+00,-1.590681833209048790e+01,9.040188781171565324e-01
6.997267923322356253e+00,-1.586528250783947946e+01,8.997954222677887470e-01
7.000479152291297247e+00,-1.582394466788318965e+01,8.956059218796383892e-01
7.003690381260238240e+00,-1.578280422903798552e+01,8.914498867773185120e-01
7.006901610229179234e+00,-1.574186058183958004e+01,8.873268350828763529e-01
7.010112839198120227e+00,-1.570111309332568972e+01,8.832362931471162693e-01
7.013324068167061220e+00,-1.566056110915039312e+01,8.791777955518874643e-01
7.016535297136002214e+00,-1.562020395481038904e+01,8.751508851349825147e-01
7.019746526104943207e+00,-1.558004093602336582e+01,8.711551129835277685e-01
7.022957755073884201e+00,-1.554007133854144840e+01,8.671900383525182887e-01
7.026168984042824306e+00,-1.550029442783900535e+01,8.632552284894768890e-01
7.029380213011766187e+00,-1.546070944913178735e+01,8.593502583758103608e-01
7.032591441980707181e+00,-1.542131562806311607e+01,8.554747104217588216e-01
7.035802670949648174e+00,-1.538211217216974624e+01,8.516281741662974358e-01
7.039013899918588280e+00,-1.534309827298400997e+01,8.478102460319754119e-01
7.042225128887530161e+00,-1.530427310842267907e+01,8.440205291678646304e-01
7.045436357856471155e+00,-1.526563584501413473e+01,8.402586333869334068e-01
7.048647586825412148e+00,-1.522718563955894489e+01,8.365241751756411492e-01
7.051858815794352253e+00,-1.518892163998602385e+01,8.328167777322177390e-01
7.055070044763294135e+00,-1.515084298540540608e+01,8.291360709822964692e-01
7.058281273732235128e+00,-1.511294880559626641e+01,8.254816915288378798e-01
7.061492502701176122e+00,-1.507523822032958094e+01,8.218532825145612453e-01
7.064703731670116227e+00,-1.503771033896213538e+01,8.182504934030450094e-01
7.067914960639057220e+00,-1.500036426064033535e+01,8.146729797102744142e-01
7.071126189607999102e+00,-1.496319907525185755e+01,8.111204027340509493e-01
7.074337418576939207e+00,-1.492621386502193381e+01,8.075924293294833856e-01
7.077548647545880200e+00,-1.488940770644443568e+01,8.040887317646798760e-01
7.080759876514821194e+00,-1.485277967213042061e+01,8.006089876663289306e-01
7.083971105483763075e+00,-1.481632883217753438e+01,7.971528800375956569e-01
7.087182334452703181e+00,-1.478005425480887247e+01,7.937200973092491951e-01
7.090393563421644174e+00,-1.474395500625058020e+01,7.903103333756962279e-01
7.093604792390585168e+00,-1.470803015004537073e+01,7.869232875733098709e-01
7.096816021359527049e+00,-1.467227874616523664e+01,7.835586645773103820e-01
7.100027250328467154e+00,-1.463669985033820709e+01,7.802161742194223537e-01
7.103238479297408148e+00,-1.460129251392771543e+01,7.768955312535450464e-01
7.106449708266349141e+00,-1.456605578452319349e+01,7.735964551130524169e-01
7.109660937235290135e+00,-1.453098870717318469e+01,7.703186697060305788e-01
7.112872166204231128e+00,-1.449609032598971581e+01,7.670619032831623718e-01
7.116083395173172121e+00,-1.446135968573451436e+01,7.638258883907069752e-01
7.119294624142113115e+00,-1.442679583300265023e+01,7.606103618951844947e-01
7.122505853111054108e+00,-1.439239781674204899e+01,7.574150650448111532e-01
7.125717082079995102e+00,-1.435816468805064972e+01,7.542397435223057167e-01
7.128928311048936095e+00,-1.432409549941248095e+01,7.510841474472684798e-01
7.132139540017876200e+00,-1.429018930370081719e+01,7.479480313028078475e-01
7.135350768986817194e+00,-1.425644515334235152e+01,7.448311537853070652e-01
7.138561997955759075e+00,-1.422286209997767337e+01,7.417332776004014194e-01
7.141773226924700069e+00,-1.418943919479374038e+01,7.386541692452011088e-01
7.144984455893640174e+00,-1.415617548949049365e+01,7.355935988210605680e-01
7.148195684862581167e+00,-1.412307003764478708e+01,7.325513399118791513e-01
7.151406913831523049e+00,-1.409012189611035204e+01,7.295271695426643888e-01
7.154618142800464042e+00,-1.405733012608222765e+01,7.265208682086887748e-01
7.157829371769404148e+00,-1.402469379355759216e+01,7.235322199441625024e-01
7.161040600738345141e+00,-1.399221196911168086e+01,7.205610123879110374e-01
7.164251829707287023e+00,-1.395988372711684811e+01,7.176070368052530624e-01
7.167463058676227128e+00,-1.392770814470141971e+01,7.146700880396167355e-01
7.170674287645168121e+00,-1.389568430082026751e+01,7.117499643898569373e-01
7.173885516614109115e+00,-1.386381127576780870e+01,7.088464674325912762e-01
7.177096745583050996e+00,-1.383208815132294944e+01,7.059594018261845516e-01
7.180307974551991101e+00,-1.380051401151442292e+01,7.030885751386584115e-01
7.183519203520932095e+00,-1.376908794380214296e+01,7.002337977344245123e-01
7.186730432489873088e+00,-1.373780904034033412e+01,6.973948827365903380e-01
7.189941661458814970e+00,-1.370667639896418777e+01,6.945716460583575280e-01
7.193152890427755075e+00,-1.367568912362848010e+01,6.917639064761026413e-01
7.196364119396696069e+00,-1.364484632419729060e+01,6.889714857043881535e-01
7.199575348365637062e+00,-1.361414711568306224e+01,6.861942084332490754e-01
7.202786577334577167e+00,-1.358359061720238792e+01,6.834319023004946647e-01
7.205997806303519049e+00,-1.355317595099830008e+01,6.806843977924155187e-01
7.209209035272460042e+00,-1.352290224185449041e+01,6.779515280888745998e-01
7.212420264241401036e+00,-1.349276861710066555e+01,6.752331288861360692e-01
7.215631493210341141e+00,-1.346277420722197249e+01,6.725290382376843956e-01
7.218842722179283022e+00,-1.343291814689694341e+01,6.698390964476915732e-01
7.222053951148224016e+00,-1.340319957615550805e+01,6.671631460354151555e-01
7.225265180117165009e+00,-1.337361764131338404e+01,6.645010317670323463e-01
7.228476409086105114e+00,-1.334417149540958469e+01,6.618526007307615755e-01
7.231687638055046996e+00,-1.331486029802944060e+01,6.592177024182461764e-01
7.234898867023987989e+00,-1.328568321458543799e+01,6.565961887737973290e-01
7.238110095992928095e+00,-1.325663941529483836e+01,6.539879141836462129e-01
7.241321324961869088e+00,-1.322772807418359875e+01,6.513927353964659162e-01
7.244532553930810970e+00,-1.319894836843452524e+01,6.488105113880178187e-01
7.247743782899751963e+00,-1.317029947828686609e+01,6.462411032002598477e-01
7.250955011868692068e+00,-1.314178058752139044e+01,6.436843737931524645e-01
7.254166240837633062e+00,-1.311339088438189648e+01,6.411401879433599182e-01
7.257377469806574943e+00,-1.308512956264972971e+01,6.386084122094750626e-01
7.260588698775515937e+00,-1.305699582254154123e+01,6.360889149628112804e-01
7.263799927744456042e+00,-1.302898887115775217e+01,6.335815664627382215e-01
7.267011156713397035e+00,-1.300110792234966794e+01,6.310862389420790475e-01
7.270222385682338029e+00,-1.297335219605421130e+01,6.286028066655083846e-01
7.273433614651279022e+00,-1.294572091730893781e+01,6.261311459327401074e-01
7.276644843620220016e+00,-1.291821331525706817e+01,6.236711350158958833e-01
7.279856072589161009e+00,-1.289082862245182426e+01,6.212226540410800135e-01
7.283067301558102002e+00,-1.286356607467397950e+01,6.187855848416854432e-01
7.286278530527042996e+00,-1.283642491131457675e+01,6.163598108196045589e-01
7.289489759495983989e+00,-1.280940437619872263e+01,6.139452168480417082e-01
7.292700988464924983e+00,-1.278250371859011025e+01,6.115416892365633794e-01
7.295912217433865976e+00,-1.275572219406140029e+01,6.091491157597742623e-01
7.299123446402806970e+00,-1.272905906495936001e+01,6.067673857314046515e-01
7.302334675371747963e+00,-1.270251360032094112e+01,6.043963900918467580e-01
7.305545904340688956e+00,-1.267608507526797013e+01,6.020360214734123971e-01
7.308757133309629062e+00,-1.264977277006884115e+01,5.996861742149593999e-01
7.311968362278570943e+00,-1.262357596915723867e+01,5.973467443136232236e-01
7.315179591247511937e+00,-1.259749396040889913e+01,5.950176293211545397e-01
7.318390820216452930e+00,-1.257152603489391396e+01,5.926987282096819465e-01
7.321602049185393035e+00,-1.254567148717336700e+01,5.903899412411148795e-01
7.324813278154334917e+00,-1.251992961603857069e+01,5.880911698731933202e-01
7.328024507123275910e+00,-1.249429972545478051e+01,5.858023167236811046e-01
7.331235736092216904e+00,-1.246878112540918515e+01,5.835232855961308696e-01
7.334446965061157009e+00,-1.244337313239473453e+01,5.812539815516637454e-01
7.337658194030098002e+00,-1.241807506937655781e+01,5.789943109971511515e-01
7.340869422999039884e+00,-1.239288626524880144e+01,5.767441817554863626e-01
7.344080651967979989e+00,-1.236780605394810806e+01,5.745035030895790928e-01
7.347291880936920982e+00,-1.234283377349482969e+01,5.722721856664000351e-01
7.350503109905861976e+00,-1.231796876525333140e+01,5.700501414662775268e-01
7.353714338874803857e+00,-1.229321037363224534e+01,5.678372836597139761e-01
7.356925567843743963e+00,-1.226855794630722229e+01,5.656335264840097743e-01
7.360136796812684956e+00,-1.224401083488545972e+01,5.634387851519605528e-01
7.363348025781625950e+00,-1.221956839579491927e+01,5.612529758147485337e-01
7.366559254750567831e+00,-1.219522999111248041e+01,5.590760155843159662e-01
7.369770483719507936e+00,-1.217099498906642552e+01,5.569078226020746092e-01
7.372981712688448930e+00,-1.214686276405187826e+01,5.547483161266341112e-01
7.376192941657389923e+00,-1.212283269614969328e+01,5.525974166076260685e-01
7.379404170626330917e+00,-1.209890417029384047e+01,5.504550457173850164e-01
7.382615399595271910e+00,-1.207507657534043233e+01,5.483211263256261292e-01
7.385826628564212903e+00,-1.205134930331962195e+01,5.461955824201877308e-01
7.389037857533153897e+00,-1.202772174909325642e+01,5.440783389937388081e-01
7.392249086502094890e+00,-1.200419331051303828e+01,5.419693219268556517e-01
7.395460315471035884e+00,-1.198076338901773141e+01,5.398684578989064731e-01
7.398671544439976877e+00,-1.195743139047205972e+01,5.377756743493526947e-01
7.401882773408917870e+00,-1.193419672597608638e+01,5.356908994963940351e-01
7.405094002377857976e+00,-1.191105881238526010e+01,5.336140624020492274e-01
7.408305231346799857e+00,-1.188801707237240279e+01,5.315450930585524647e-01
7.411516460315740851e+00,-1.186507093400735258e+01,5.294839224645476738e-01
7.414727689284680956e+00,-1.184221982997913258e+01,5.274304826630642484e-01
7.417938918253621949e+00,-1.181946319669624401e+01,5.253847067254036052e-01
7.421150147222563831e+00,-1.179680047353655503e+01,5.233465286820894180e-01
7.424361376191504824e+00,-1.177423110247009141e+01,5.213158834185193102e-01
7.427572605160444930e+00,-1.175175452816009702e+01,5.192927065639260098e-01
7.430783834129385923e+00,-1.172937019849881324e+01,5.172769344041491246e-01
7.433995063098327805e+00,-1.170707756539925626e+01,5.152685038412448959e-01
7.437206292067268798e+00,-1.168487608558609026e+01,5.132673524082396188e-01
7.440417521036208903e+00,-1.166276522113078684e+01,5.112734183302560798e-01
7.443628750005149897e+00,-1.164074443955741067e+01,5.092866406089417985e-01
7.446839978974091778e+00,-1.161881321348024976e+01,5.073069591000916034e-01
7.450051207943031883e+00,-1.159697101988018986e+01,5.053343145567822381e-01
7.453262436911972877e+00,-1.157521733923830709e+01,5.033686486212900491e-01
7.456473665880913870e+00,-1.155355165478824553e+01,5.014099037651691404e-01
7.459684894849855752e+00,-1.153197345210984714e+01,4.994580231930683678e-01
7.462896123818795857e+00,-1.151048221917934455e+01,4.975129507370664173e-01
7.466107352787736851e+00,-1.148907744684840893e+01,4.955746307711511034e-01
7.469318581756677844e+00,-1.146775862959108849e+01,4.936430081690565408e-01
7.472529810725617949e+00,-1.144652526627597311e+01,4.917180283150768827e-01
7.475741039694559831e+00,-1.142537686071415592e+01,4.897996371610002231e-01
7.478952268663500824e+00,-1.140431292180555189e+01,4.878877813080798598e-01
7.482163497632441818e+00,-1.138333296323171240e+01,4.859824080853313855e-01
7.485374726601381923e+00,-1.136243650278538020e+01,4.840834655968751510e-01
7.488585955570323804e+00,-1.134162306153865174e+01,4.821909027208728937e-01
7.491797184539264798e+00,-1.132089216310123447e+01,4.803046690578592348e-01
7.495008413508205791e+00,-1.130024333319020080e+01,4.784247148420430196e-01
7.498219642477145896e+00,-1.127967609963421047e+01,4.765509908406621031e-01
7.501430871446087778e+00,-1.125918999279986288e+01,4.746834482700324487e-01
7.504642100415028771e+00,-1.123878454629587509e+01,4.728220387516635648e-01
7.507853329383968877e+00,-1.121845929772583261e+01,4.709667143191469951e-01
7.511064558352909870e+00,-1.119821378924676480e+01,4.691174274707997083e-01
7.514275787321851752e+00,-1.117804756775230857e+01,4.672741312488217780e-01
7.517487016290792745e+00,-1.115796018461798411e+01,4.654367793176699686e-01
7.520698245259732850e+00,-1.113795119508202980e+01,4.636053260148259580e-01
7.523909474228673844e+00,-1.111802015744898675e+01,4.617797263559145771e-01
7.527120703197615725e+00,-1.109816663235642942e+01,4.599599359905190421e-01
7.530331932166556719e+00,-1.107839018232466799e+01,4.581459111204276846e-01
7.533543161135496824e+00,-1.105869037171966163e+01,4.563376084036913638e-01
7.536754390104437817e+00,-1.103906676712974644e+01,4.545349848722086139e-01
7.539965619073378811e+00,-1.101951893802848303e+01,4.527379978861685306e-01
7.543176848042320692e+00,-1.100004645750746235e+01,4.509466051371248119e-01
7.546388077011260798e+00,-1.098064890284265793e+01,4.491607646962790801e-01
7.549599305980201791e+00,-1.096132585571116813e+01,4.473804350905751792e-01
7.552810534949142784e+00,-1.094207690198549621e+01,4.456055753806423270e-01
7.556021763918083778e+00,-1.092290163116405033e+01,4.438361452143030350e-01
7.559232992887024771e+00,-1.090379963561000132e+01,4.420721048371223927e-01
7.562444221855965765e+00,-1.088477050982877969e+01,4.403134150550172543e-01
7.565655450824906758e+00,-1.086581385000141786e+01,4.385600371589356561e-01
7.568866679793847752e+00,-1.084692925390987028e+01,4.368119328333601170e-01
7.572077908762788745e+00,-1.082811632126756862e+01,4.350690640753705485e-01
7.575289137731729738e+00,-1.080937465434261213e+01,4.333313931475383796e-01
7.578500366700669844e+00,-1.079070385867014892e+01,4.315988825772881787e-01
7.581711595669611725e+00,-1.077210354362453515e+01,4.298714952008885759e-01
7.584922824638552719e+00,-1.075357332266665722e+01,4.281491942363022662e-01
7.588134053607493712e+00,-1.073511281318414667e+01,4.264319433603613874e-01
7.591345282576433817e+00,-1.071672163596976368e+01,4.247197067644824520e-01
7.594556511545375699e+00,-1.069839941449520104e+01,4.230124491700495981e-01
7.597767740514316692e+00,-1.068014577420084699e+01,4.213101357972803829e-01
7.600978969483257686e+00,-1.066196034201543341e+01,4.196127322959262718e-01
7.604190198452197791e+00,-1.064384274624682192e+01,4.179202046580365315e-01
7.607401427421138784e+00,-1.062579261686889609e+01,4.162325191384835810e-01
7.610612656390080666e+00,-1.060780958610583191e+01,4.145496422064174347e-01
7.613823885359020771e+00,-1.058989328912345940e+01,4.128715405410613992e-01
7.617035114327961765e+00,-1.057204336460486971e+01,4.111981810713994379e-01
7.620246343296902758e+00,-1.055425945502518381e+01,4.095295310456793514e-01
7.623457572265844640e+00,-1.053654120653488668e+01,4.078655581074396852e-01
7.626668801234784745e+00,-1.051888826848410829e+01,4.062062303529468399e-01
7.629880030203725738e+00,-1.050130029273134014e+01,4.045515163508482392e-01
7.633091259172666732e+00,-1.048377693294684221e+01,4.029013851167712046e-01
7.636302488141608613e+00,-1.046631784412144661e+01,4.012558060496879686e-01
7.639513717110548718e+00,-1.044892268242593403e+01,3.996147488487524768e-01
7.642724946079489712e+00,-1.043159110545669321e+01,3.979781834353185443e-01
7.645936175048430705e+00,-1.041432277278253338e+01,3.963460799030947279e-01
7.649147404017371699e+00,-1.039711734661445774e+01,3.947184085105422402e-01
7.652358632986312692e+00,-1.037997449238281966e+01,3.930951397163683914e-01
7.655569861955253685e+00,-1.036289387903670445e+01,3.914762442455922420e-01
7.658781090924194679e+00,-1.034587517896769882e+01,3.898616931641933903e-01
7.661992319893135672e+00,-1.032891806757808695e+01,3.882514579378713027e-01
7.665203548862076666e+00,-1.031202222262399992e+01,3.866455104554989419e-01
7.668414777831017659e+00,-1.029518732353368549e+01,3.850438230090276748e-01
7.671626006799958652e+00,-1.027841305090757018e+01,3.834463682351970104e-01
7.674837235768898758e+00,-1.026169908634881978e+01,3.818531190363214645e-01
7.678048464737840639e+00,-1.024504511267005569e+01,3.802640485038304985e-01
7.681259693706781633e+00,-1.022845081440339143e+01,3.786791298672832484e-01
7.684470922675721738e+00,-1.021191587844813853e+01,3.770983364835345242e-01
7.687682151644662731e+00,-1.019543999464747230e+01,3.755216418681272539e-01
7.690893380613604613e+00,-1.017902285610969848e+01,3.739490197578707043e-01
7.694104609582545606e+00,-1.016266415916961208e+01,3.723804441838874379e-01
7.697315838551485712e+00,-1.014636360299877893e+01,3.708158895313134473e-01
7.700527067520426705e+00,-1.013012088898267393e+01,3.692553305661108731e-01
7.703738296489368587e+00,-1.011393572005475150e+01,3.676987424198796539e-01
7.706949525458309580e+00,-1.009780780018989432e+01,3.661461005366071220e-01
7.710160754427249685e+00,-1.008173683420891464e+01,3.645973805972794191e-01
7.713371983396190679e+00,-1.006572252794826383e+01,3.630525584449852960e-01
7.716583212365132560e+00,-1.004976458873464829e+01,3.615116100329475723e-01
7.719794441334072665e+00,-1.003386272601010631e+01,3.599745114106477906e-01
7.723005670303013659e+00,-1.001801665190664181e+01,3.584412387512402876e-01
7.726216899271954652e+00,-1.000222608158667370e+01,3.569117684106384303e-01
7.729428128240896534e+00,-9.986490733239520523e+00,3.553860769987791657e-01
7.732639357209836639e+00,-9.970810327731914668e+00,3.538641414399562035e-01
7.735850586178777633e+00,-9.955184588018513026e+00,3.523459390026223992e-01
7.739061815147718626e+00,-9.939613238492547964e+00,3.508314472887096303e-01
7.742273044116658731e+00,-9.924096004474694865e+00,3.493206441851951505e-01
7.745484273085600613e+00,-9.908632611993787975e+00,3.478135077924083829e-01
7.748695502054541606e+00,-9.893222787921631678e+00,3.463100163507598639e-01
7.751906731023482600e+00,-9.877866260413162180e+00,3.448101481879536356e-01
7.755117959992422705e+00,-9.862562759508643140e+00,3.433138817022662326e-01
7.758329188961364586e+00,-9.847312017704517473e+00,3.418211953861425290e-01
7.761540417930305580e+00,-9.832113770310664691e+00,3.403320678817966516e-01
7.764751646899246573e+00,-9.816967755479394597e+00,3.388464780505632823e-01
7.767962875868186678e+00,-9.801873713894103446e+00,3.373644050335924960e-01
7.771174104837128560e+00,-9.786831388212398508e+00,3.358858282842773768e-01
7.774385333806069553e+00,-9.771840522433901555e+00,3.344107275617487773e-01
7.777596562775010547e+00,-9.756900861386048618e+00,3.329390828869681074e-01
7.780807791743950652e+00,-9.742012150483276400e+00,3.314708744746225899e-01
7.784019020712892534e+00,-9.727174135828935420e+00,3.300060826614873988e-01
7.787230249681833527e+00,-9.712386564622242702e+00,3.285446878529610371e-01
7.790441478650773632e+00,-9.697649185737535760e+00,3.270866705036773459e-01
7.793652707619714626e+00,-9.682961750290271397e+00,3.256320111374232384e-01
7.796863936588656507e+00,-9.668324012009092527e+00,3.241806903992980882e-01
7.800075165557597501e+00,-9.653735727295103430e+00,3.227326891230743455e-01
7.803286394526537606e+00,-9.639196654947106424e+00,3.212879883920319868e-01
7.806497623495478599e+00,-9.624706555636485916e+00,3.198465695737328085e-01
7.809708852464420481e+00,-9.610265191292597819e+00,3.184084143174105708e-01
7.812920081433361474e+00,-9.595872324586904867e+00,3.169735045143914354e-01
7.816131310402301580e+00,-9.581527718672305127e+00,3.155418222334708256e-01
7.819342539371242573e+00,-9.567231137253900286e+00,3.141133496509678769e-01
7.822553768340183566e+00,-9.552982344963382388e+00,3.126880689967024285e-01
7.825764997309124560e+00,-9.538781107915337287e+00,3.112659625321215762e-01
7.828976226278065553e+00,-9.524627194266898300e+00,3.098470125666509811e-01
7.832187455247006547e+00,-9.510520374602792870e+00,3.084312015064625823e-01
7.835398684215947540e+00,-9.496460422022643399e+00,3.070185119197240131e-01
7.838609913184888534e+00,-9.482447111901253223e+00,3.056089265973751523e-01
7.841821142153829527e+00,-9.468480221394564467e+00,3.042024285899617708e-01
7.845032371122770520e+00,-9.454559528843075711e+00,3.027990012086507199e-01
7.848243600091710626e+00,-9.440684813255648677e+00,3.013986279897588050e-01
7.851454829060652507e+00,-9.426855854030959492e+00,3.000012926335426378e-01
7.854666058029593501e+00,-9.413072430998610685e+00,2.986069789359644400e-01
7.857877286998534494e+00,-9.399334324762149251e+00,2.972156707342543114e-01
7.861088515967474599e+00,-9.385641317232163772e+00,2.958273518827101989e-01
7.864299744936416481e+00,-9.371993192178745602e+00,2.944420062656378234e-01
7.867510973905357474e+00,-9.358389735627540063e+00,2.930596178427565812e-01
7.870722202874298468e+00,-9.344830735973349789e+00,2.916801707122786969e-01
7.873933431843238573e+00,-9.331315983773848188e+00,2.903036491714374168e-01
7.877144660812180454e+00,-9.317845271286085307e+00,2.889300377551543009e-01
7.880355889781121448e+00,-9.304418391888244599e+00,2.875593212404234933e-01
7.883567118750061553e+00,-9.291035139564559842e+00,2.861914846147881053e-01
7.886778347719002547e+00,-9.277695308610388381e+00,2.848265130184673977e-01
7.889989576687943540e+00,-9.264398693645357952e+00,2.834643916778942230e-01
7.893200805656885422e+00,-9.251145089925786991e+00,2.821051058510080645e-01
7.896412034625825527e+00,-9.237934293854475953e+00,2.807486408009018941e-01
7.899623263594766520e+00,-9.224766103524743244e+00,2.793949818054941026e-01
7.902834492563707514e+00,-9.211640319125663723e+00,2.780441141996329302e-01
7.906045721532649395e+00,-9.198556743079981501e+00,2.766960234359438497e-01
7.909256950501589500e+00,-9.185515179869563340e+00,2.753506951449354312e-01
7.912468179470530494e+00,-9.172515435601674483e+00,2.740081151752448152e-01
7.915679408439471487e+00,-9.159557317449454672e+00,2.726682696011671347e-01
7.918890637408413369e+00,-9.146640633138911625e+00,2.713311446948636907e-01
7.922101866377353474e+00,-9.133765190639381970e+00,2.699967268717509694e-01
7.925313095346294467e+00,-9.120930798150251206e+00,2.686650026258279866e-01
7.928524324315235461e+00,-9.108137264383856291e+00,2.673359584748167261e-01
7.931735553284176454e+00,-9.095384399052033331e+00,2.660095809318201443e-01
7.934946782253117448e+00,-9.082672013400973299e+00,2.646858565118619944e-01
7.938158011222058441e+00,-9.069999920624260525e+00,2.633647717707560676e-01
7.941369240190999435e+00,-9.057367936023272392e+00,2.620463133636787845e-01
7.944580469159940428e+00,-9.044775876863113240e+00,2.607304681047331041e-01
7.947791698128881421e+00,-9.032223561967985148e+00,2.594172230085759479e-01
7.951002927097822415e+00,-9.019710811180514654e+00,2.581065653008673411e-01
7.954214156066762520e+00,-9.007237444851973862e+00,2.567984823940906436e-01
7.957425385035703513e+00,-8.994803283519438253e+00,2.554929618361193588e-01
7.960636614004645395e+00,-8.982408147867506187e+00,2.541899912473796208e-01
7.963847842973586388e+00,-8.970051858982312609e+00,2.528895582659590469e-01
7.967059071942526494e+00,-8.957734238815000083e+00,2.515916505174266016e-01
7.970270300911467487e+00,-8.945455110706339141e+00,2.502962556183642717e-01
7.973481529880409369e+00,-8.933214299806151004e+00,2.490033612120640671e-01
7.976692758849350362e+00,-8.921011633254474660e+00,2.477129550247718637e-01
7.979903987818290467e+00,-8.908846940066831976e+00,2.464250249245694691e-01
7.983115216787231461e+00,-8.896720050757910059e+00,2.451395589641854889e-01
7.986326445756173342e+00,-8.884630796820312426e+00,2.438565453941831940e-01
7.989537674725113447e+00,-8.872579010218844431e+00,2.425759726422242191e-01
7.992748903694054441e+00,-8.860564523056073227e+00,2.412978292647766643e-01
7.995960132662995434e+00,-8.848587167510187257e+00,2.400221038861659328e-01
7.999171361631937316e+00,-8.836646776061121145e+00,2.387487851437780084e-01
8.002382590600877421e+00,-8.824743181930671199e+00,2.374778616562080169e-01
8.005593819569819303e+00,-8.812876219596086358e+00,2.362093220239343261e-01
8.008805048538759408e+00,-8.801045725214081017e+00,2.349431548618803600e-01
8.012016277507701290e+00,-8.789251536821216959e+00,2.336793488533100704e-01
8.015227506476641395e+00,-8.777493494246789041e+00,2.324178928078717010e-01
8.018438735445583276e+00,-8.765771438764453194e+00,2.311587757053869818e-01
8.021649964414523382e+00,-8.754085212590329235e+00,2.299019867115491000e-01
8.024861193383463487e+00,-8.742434658382741475e+00,2.286475151604721034e-01
8.028072422352405368e+00,-8.730819618897537993e+00,2.273953505094551963e-01
8.031283651321345474e+00,-8.719239936903997901e+00,2.261454822799567610e-01
8.034494880290287355e+00,-8.707695455383896999e+00,2.248979000030123243e-01
8.037706109259227460e+00,-8.696186017948814850e+00,2.236525931858893701e-01
8.040917338228169342e+00,-8.684711469341902301e+00,2.224095513100575738e-01
8.044128567197109447e+00,-8.673271655865308460e+00,2.211687638607339190e-01
8.047339796166051329e+00,-8.661866425598038433e+00,2.199302203784245513e-01
8.050551025134991434e+00,-8.650495628335013620e+00,2.186939105160391472e-01
8.053762254103933316e+00,-8.639159115265695021e+00,2.174598240835093899e-01
8.056973483072873421e+00,-8.627856738491514577e+00,2.162279510657959536e-01
8.060184712041815303e+00,-8.616588350531699803e+00,2.149982816085790893e-01
8.063395941010755408e+00,-8.605353803969650883e+00,2.137708059759906853e-01
8.066607169979697289e+00,-8.594152951347966862e+00,2.125455144935183283e-01
8.069818398948637395e+00,-8.582985645341672409e+00,2.113223974937313288e-01
8.073029627917579276e+00,-8.571851739152725358e+00,2.101014452815709033e-01
8.076240856886519381e+00,-8.560751086999635717e+00,2.088826481297468285e-01
8.079452085855461263e+00,-8.549683544547088232e+00,2.076659963053407720e-01
8.082663314824401368e+00,-8.538648969139943645e+00,2.064514801189973325e-01
8.085874543793343250e+00,-8.527647219767274578e+00,2.052390899810221381e-01
8.089085772762283355e+00,-8.516678156767200747e+00,2.040288164466710630e-01
8.092297001731223460e+00,-8.505741641363789185e+00,2.028206502363234520e-01
8.095508230700165342e+00,-8.494837535179588173e+00,2.016145822241579844e-01
8.098719459669107223e+00,-8.483965699874229216e+00,2.004106033987988478e-01
8.101930688638047329e+00,-8.473125997019842259e+00,1.992087048081641887e-01
8.105141917606987434e+00,-8.462318288249154108e+00,1.980088775055865169e-01
8.108353146575929316e+00,-8.451542435627549921e+00,1.968111125138749251e-01
8.111564375544871197e+00,-8.440798302129923769e+00,1.956154008182565684e-01
8.114775604513811302e+00,-8.430085752071544647e+00,1.944217333901192002e-01
8.117986833482751408e+00,-8.419404651356757086e+00,1.932301012338319690e-01
8.121198062451693289e+00,-8.408754867466946337e+00,1.920404954417583576e-01
8.124409291420633394e+00,-8.398136269190965564e+00,1.908529072400752258e-01
8.127620520389575276e+00,-8.387548726181478287e+00,1.896673280109478776e-01
8.130831749358515381e+00,-8.376992108475032950e+00,1.884837492840785445e-01
8.134042978327457263e+00,-8.366466286123962703e+00,1.873021627002095513e-01
8.137254207296397368e+00,-8.355971129053306967e+00,1.861225599579313938e-01
8.140465436265339250e+00,-8.345506507184696332e+00,1.849449327603115700e-01
8.143676665234279355e+00,-8.335072290785955573e+00,1.837692727778408863e-01
8.146887894203221236e+00,-8.324668350934778971e+00,1.825955716390591232e-01
8.150099123172161342e+00,-8.314294559949590990e+00,1.814238209514948963e-01
8.153310352141103223e+00,-8.303950791651722341e+00,1.802540123461271460e-01
8.156521581110043329e+00,-8.293636921376107196e+00,1.790861375312126358e-01
8.159732810078983434e+00,-8.283352825726586488e+00,1.779201883384904093e-01
8.162944039047925315e+00,-8.273098382151903962e+00,1.767561567472106798e-01
8.166155268016867197e+00,-8.262873468473888039e+00,1.755940348784156835e-01
8.169366496985807302e+00,-8.252677962514008314e+00,1.744338149612397193e-01
8.172577725954747407e+00,-8.242511741932915470e+00,1.732754892817010284e-01
8.175788954923689289e+00,-8.232374684331045245e+00,1.721190501299265929e-01
8.179000183892631171e+00,-8.222266667576068500e+00,1.709644897621301063e-01
8.182211412861571276e+00,-8.212187570252885038e+00,1.698118003890436434e-01
8.185422641830511381e+00,-8.202137272093503739e+00,1.686609741941514085e-01
8.188633870799453263e+00,-8.192115654251377777e+00,1.675120033757951099e-01
8.191845099768395144e+00,-8.182122599333501611e+00,1.663648801997521520e-01
8.195056328737335249e+00,-8.172157991180032610e+00,1.652195970457004948e-01
8.198267557706275355e+00,-8.162221714459702682e+00,1.640761464329382746e-01
8.201478786675217236e+00,-8.152313654206881921e+00,1.629345210172812586e-01
8.204690015644159118e+00,-8.142433695443546782e+00,1.617947135600757425e-01
8.207901244613099223e+00,-8.132581723002923368e+00,1.606567168789973521e-01
8.211112473582039328e+00,-8.122757621607355816e+00,1.595205237959332056e-01
8.214323702550981210e+00,-8.112961276174166514e+00,1.583861270981221925e-01
8.217534931519923092e+00,-8.103192572251446180e+00,1.572535195245068074e-01
8.220746160488863197e+00,-8.093451396446223356e+00,1.561226937813465221e-01
8.223957389457803302e+00,-8.083737636709582119e+00,1.549936425819736230e-01
8.227168618426745184e+00,-8.074051182389297310e+00,1.538663586980626996e-01
8.230379847395685289e+00,-8.064391924032994652e+00,1.527408350062382514e-01
8.233591076364627170e+00,-8.054759753003025935e+00,1.516170645153494811e-01
8.236802305333567276e+00,-8.045154561022842543e+00,1.504950403658625036e-01
8.240013534302509157e+00,-8.035576239795696907e+00,1.493747558015341703e-01
8.243224763271449262e+00,-8.026024680813087286e+00,1.482562041222240112e-01
8.246435992240391144e+00,-8.016499775411034534e+00,1.471393786325254360e-01
8.249647221209331249e+00,-8.007001415054407545e+00,1.460242726021812876e-01
8.252858450178273131e+00,-7.997529491758282205e+00,1.449108792504858745e-01
8.256069679147213236e+00,-7.988083898513239411e+00,1.437991917593490210e-01
8.259280908116155118e+00,-7.978664529580308695e+00,1.426892033107208246e-01
8.262492137085095223e+00,-7.969271280562871596e+00,1.415809071364875493e-01
8.265703366054035328e+00,-7.959904048232639973e+00,1.404742965650911946e-01
8.268914595022977210e+00,-7.950562730164060454e+00,1.393693650502270953e-01
8.272125823991919091e+00,-7.941247224290584938e+00,1.382661061725917462e-01
8.275337052960859197e+00,-7.931957428521019260e+00,1.371645136141600163e-01
8.278548281929799302e+00,-7.922693240534167458e+00,1.360645811130096472e-01
8.281759510898741183e+00,-7.913454557814373125e+00,1.349663024127848443e-01
8.284970739867683065e+00,-7.904241277914653807e+00,1.338696712225161956e-01
8.288181968836623170e+00,-7.895053298863462743e+00,1.327746811992032150e-01
8.291393197805563275e+00,-7.885890519586268965e+00,1.316813259584325713e-01
8.294604426774505157e+00,-7.876752840209007900e+00,1.305895991095046005e-01
8.297815655743447039e+00,-7.867640162148137328e+00,1.294994943039136093e-01
8.301026884712387144e+00,-7.858552387958624763e+00,1.284110052818816516e-01
8.304238113681327249e+00,-7.849489420987394439e+00,1.273241259023255023e-01
8.307449342650269131e+00,-7.840451164940041018e+00,1.262388501468449942e-01
8.310660571619211012e+00,-7.831437523495612396e+00,1.251551720965065340e-01
8.313871800588151117e+00,-7.822448400088514830e+00,1.240730858886628929e-01
8.317083029557091223e+00,-7.813483697924203497e+00,1.229925856672973716e-01
8.320294258526033104e+00,-7.804543320221789315e+00,1.219136655423407323e-01
8.323505487494974986e+00,-7.795627170606104883e+00,1.208363195705537962e-01
8.326716716463915091e+00,-7.786735153524935171e+00,1.197605417637841729e-01
8.329927945432855196e+00,-7.777867174560223695e+00,1.186863261218414900e-01
8.333139174401797078e+00,-7.769023140535150418e+00,1.176136666795372793e-01
8.336350403370737183e+00,-7.760202959383475374e+00,1.165425575530585761e-01
8.339561632339679065e+00,-7.751406539821857677e+00,1.154729929710993364e-01
8.342772861308619170e+00,-7.742633790927104798e+00,1.144049672809900053e-01
8.345984090277561052e+00,-7.733884621750167554e+00,1.133384749279162385e-01
8.349195319246501157e+00,-7.725158941086016640e+00,1.122735104137246170e-01
8.352406548215443038e+00,-7.716456657470324387e+00,1.112100682481893532e-01
8.355617777184383144e+00,-7.707777679401797144e+00,1.101481429079042701e-01
8.358829006153323249e+00,-7.699121915719430831e+00,1.090877288155510383e-01
8.362040235122265130e+00,-7.690489276014957021e+00,1.080288203458657920e-01
8.365251464091207012e+00,-7.681879670950922723e+00,1.069714118562770239e-01
8.368462693060147117e+00,-7.673293012384111655e+00,1.059154977324755914e-01
8.371673922029087223e+00,-7.664729213255774276e+00,1.048610724345517831e-01
8.374885150998029104e+00,-7.656188187282692681e+00,1.038081305292034850e-01
8.378096379966970986e+00,-7.647669848545529447e+00,1.027566666979243398e-01
8.381307608935911091e+00,-7.639174111102613907e+00,1.017066757186281395e-01
8.384518837904851196e+00,-7.630700888748708444e+00,1.006581524264609923e-01
8.387730066873793078e+00,-7.622250094993000324e+00,9.961109166605629228e-02
8.390941295842734959e+00,-7.613821643261479366e+00,9.856548825011005044e-02
8.394152524811675065e+00,-7.605415447258764061e+00,9.752133693712372597e-02
8.397363753780615170e+00,-7.597031421375036508e+00,9.647863243514211151e-02
8.400574982749557051e+00,-7.588669481009735485e+00,9.543736943015110330e-02
8.403786211718498933e+00,-7.580329542710497748e+00,9.439754263010867452e-02
8.406997440687439038e+00,-7.572011524083556822e+00,9.335914681072501886e-02
8.410208669656379143e+00,-7.563715343503709221e+00,9.232217684860929974e-02
8.413419898625321025e+00,-7.555440919714218495e+00,9.128662773139195608e-02
8.416631127594262907e+00,-7.547188171441511884e+00,9.025249454167956487e-02
8.419842356563203012e+00,-7.538957017144054973e+00,8.921977241987562313e-02
8.423053585532143117e+00,-7.530747374972770913e+00,8.818845651749121495e-02
8.426264814501084999e+00,-7.522559162953871059e+00,8.715854195551767103e-02
8.429476043470025104e+00,-7.514392299335430181e+00,8.613002380078237097e-02
8.432687272438966986e+00,-7.506246702988031316e+00,8.510289706756474226e-02
8.435898501407907091e+00,-7.498122293733291421e+00,8.407715674381614768e-02
8.439109730376848972e+00,-7.490018992497118333e+00,8.305279783364813428e-02
8.442320959345789078e+00,-7.481936721239529575e+00,8.202981540268958205e-02
8.445532188314730959e+00,-7.473875402682975455e+00,8.100820461207038081e-02
8.448743417283671064e+00,-7.465834959924046110e+00,7.998796073037876819e-02
8.451954646252612946e+00,-7.457815316049529741e+00,7.896907911987749440e-02
8.455165875221553051e+00,-7.449816393876109721e+00,7.795155520130189752e-02
8.458377104190494933e+00,-7.441838115893951056e+00,7.693538440826652725e-02
8.461588333159435038e+00,-7.433880404430319722e+00,7.592056214549976201e-02
8.464799562128375143e+00,-7.425943181980803942e+00,7.490708376389897116e-02
8.468010791097317025e+00,-7.418026371603177793e+00,7.389494456008922907e-02
8.471222020066258906e+00,-7.410129897249969844e+00,7.288413980048367991e-02
8.474433249035199012e+00,-7.402253683935210660e+00,7.187466476219583900e-02
8.477644478004139117e+00,-7.394397657683104974e+00,7.086651477789722431e-02
8.480855706973080999e+00,-7.386561745274696555e+00,6.985968527052970056e-02
8.484066935942022880e+00,-7.378745873871627836e+00,6.885417176700536768e-02
8.487278164910962985e+00,-7.370949970634446125e+00,6.784996988661540218e-02
8.490489393879903091e+00,-7.363173962453947397e+00,6.684707530780743812e-02
8.493700622848844972e+00,-7.355417775878775544e+00,6.584548372372950320e-02
8.496911851817785077e+00,-7.347681337260318912e+00,6.484519080042772110e-02
8.500123080786726959e+00,-7.339964573068519016e+00,6.384619215069781140e-02
8.503334309755667064e+00,-7.332267410278450193e+00,6.284848333167487866e-02
8.506545538724608946e+00,-7.324589776706079469e+00,6.185205986678041917e-02
8.509756767693549051e+00,-7.316931601187719458e+00,6.085691728504277753e-02
8.512967996662490933e+00,-7.309292813546819367e+00,5.986305116539108323e-02
8.516179225631431038e+00,-7.301673344358716733e+00,5.887045717201131595e-02
8.519390454600372919e+00,-7.294073124586643253e+00,5.787913106969078125e-02
8.522601683569313025e+00,-7.286492085202871394e+00,5.688906871436708035e-02
8.525812912538254906e+00,-7.278930156912490901e+00,5.590026602187086330e-02
8.529024141507195012e+00,-7.271387270065609698e+00,5.491271892465089677e-02
8.532235370476136893e+00,-7.263863354783930859e+00,5.392642333000894489e-02
8.535446599445076998e+00,-7.256358341260977340e+00,5.294137509284314869e-02
8.538657828414018880e+00,-7.248872160140864551e+00,5.195757001133753661e-02
8.541869057382958985e+00,-7.241404742856475174e+00,5.097500384682079888e-02
8.545080286351900867e+00,-7.233956021820601379e+00,4.999367236146797649e-02
8.548291515320840972e+00,-7.226525930410396370e+00,4.901357136195208519e-02
8.551502744289782854e+00,-7.219114402749873705e+00,4.803469673533591888e-02
8.554713973258722959e+00,-7.211721373358570553e+00,4.705704446595940921e-02
8.557925202227664840e+00,-7.204346776776139549e+00,4.608061062805606650e-02
8.561136431196604946e+00,-7.196990547279581207e+00,4.510539135644129477e-02
8.564347660165545051e+00,-7.189652618780887572e+00,4.413138280445995376e-02
8.567558889134486932e+00,-7.182332924935780127e+00,4.315858110233893735e-02
8.570770118103427038e+00,-7.175031399428588585e+00,4.218698232892961753e-02
8.573981347072368919e+00,-7.167747976342759841e+00,4.121658250558779546e-02
8.577192576041309025e+00,-7.160482590500619082e+00,4.024737761400001140e-02
8.580403805010250906e+00,-7.153235177665532518e+00,3.927936363227039346e-02
8.583615033979191011e+00,-7.146005674543102870e+00,3.831253657788294409e-02
8.586826262948132893e+00,-7.138794018581178236e+00,3.734689254404706393e-02
8.590037491917074775e+00,-7.131600147631120379e+00,3.638242771804133663e-02
8.593248720886014880e+00,-7.124423999576320554e+00,3.541913837582952307e-02
8.596459949854954985e+00,-7.117265512043484676e+00,3.445702085466673809e-02
8.599671178823896867e+00,-7.110124622286369878e+00,3.349607151228552876e-02
8.602882407792836972e+00,-7.103001267277234021e+00,3.253628668542848934e-02
8.606093636761777077e+00,-7.095895383976146498e+00,3.157766266065681338e-02
8.609304865730718959e+00,-7.088806909693142977e+00,3.062019566648781915e-02
8.612516094699660840e+00,-7.081735782428952852e+00,2.966388188922030114e-02
8.615727323668602722e+00,-7.074681941087459514e+00,2.870871750739579717e-02
8.618938552637542827e+00,-7.067645325493201014e+00,2.775469873402193130e-02
8.622149781606482932e+00,-7.060625876208663776e+00,2.680182185329936517e-02
8.625361010575424814e+00,-7.053623534208370849e+00,2.585008324034647129e-02
8.628572239544364919e+00,-7.046638240511770235e+00,2.489947935776723464e-02
8.631783468513305024e+00,-7.039669935889332208e+00,2.395000673016619078e-02
8.634994697482246906e+00,-7.032718560732876156e+00,2.300166190461101420e-02
8.638205926451187011e+00,-7.025784055129980388e+00,2.205444140940702319e-02
8.641417155420128893e+00,-7.018866359117822640e+00,2.110834172405292794e-02
8.644628384389070774e+00,-7.011965413036377548e+00,2.016335926969079623e-02
8.647839613358010880e+00,-7.005081157869545549e+00,1.921949042295884036e-02
8.651050842326952761e+00,-6.998213535467147750e+00,1.827673154880039841e-02
8.654262071295892866e+00,-6.991362488578348966e+00,1.733507904188496748e-02
8.657473300264832972e+00,-6.984527960685994685e+00,1.639452936363181706e-02
8.660684529233774853e+00,-6.977709895693942066e+00,1.545507906323761657e-02
8.663895758202714958e+00,-6.970908237565018872e+00,1.451672477614629822e-02
8.667106987171656840e+00,-6.964122930022504931e+00,1.357946320047502715e-02
8.670318216140598722e+00,-6.957353916407953420e+00,1.264329105880165373e-02
8.673529445109538827e+00,-6.950601139738755485e+00,1.170820505727121832e-02
8.676740674078478932e+00,-6.943864542946498020e+00,1.077420185479044216e-02
8.679951903047420814e+00,-6.937144069220605225e+00,9.841278051878574532e-03
8.683163132016360919e+00,-6.930439662348976348e+00,8.909430202574519092e-03
8.686374360985302800e+00,-6.923751266948706906e+00,7.978654845576825527e-03
8.689585589954242906e+00,-6.917078828514576117e+00,7.048948544794464942e-03
8.692796818923184787e+00,-6.910422293270340965e+00,6.120307926560519460e-03
8.696008047892126669e+00,-6.903781607869361459e+00,5.192729701858400486e-03
8.699219276861066774e+00,-6.897156719038210149e+00,4.266210666619483019e-03
8.702430505830006879e+00,-6.890547573274600879e+00,3.340747680028293472e-03
8.705641734798948761e+00,-6.883954116693345782e+00,2.416337627665947167e-03
8.708852963767888866e+00,-6.877376295067858081e+00,1.492977381020896407e-03
8.712064192736828971e+00,-6.870814054052995168e+00,5.706637660222503051e-04
8.715275421705770853e+00,-6.864267339518963951e+00,-3.506064496224394291e-04
8.718486650674710958e+00,-6.857736097890630766e+00,-1.270836546403913449e-03
8.721697879643654616e+00,-6.851220276386278840e+00,-2.190029823536851147e-03
8.724909108612594721e+00,-6.844719823080368748e+00,-3.108189559330335004e-03
8.728120337581534827e+00,-6.838234686771384574e+00,-4.025318973860996137e-03
8.731331566550476708e+00,-6.831764816695717002e+00,-4.941421205644703184e-03
8.734542795519416813e+00,-6.825310162177635753e+00,-5.856499309591733579e-03
8.737754024488356919e+00,-6.818870672324130133e+00,-6.770556276849195969e-03
8.740965253457298800e+00,-6.812446295860040024e+00,-7.683595070295696876e-03
8.744176482426238906e+00,-6.806036981153861021e+00,-8.595618664555342361e-03
8.747387711395180787e+00,-6.799642676425545318e+00,-9.506630078039425905e-03
8.750598940364122669e+00,-6.793263330070199224e+00,-1.041663238703050345e-02
8.753810169333062774e+00,-6.786898890995789912e+00,-1.132562871748269556e-02
8.757021398302004656e+00,-6.780549308868807579e+00,-1.223362221718637954e-02
8.760232627270944761e+00,-6.774214534190842407e+00,-1.314061601708895431e-02
8.763443856239884866e+00,-6.767894518182220764e+00,-1.404661319392198383e-02
8.766655085208826748e+00,-6.761589212509276692e+00,-1.495161674585013777e-02
8.769866314177766853e+00,-6.755298568940556692e+00,-1.585562958875445447e-02
8.773077543146706958e+00,-6.749022539039399859e+00,-1.675865457427561100e-02
8.776288772115650616e+00,-6.742761073988590148e+00,-1.766069452394429529e-02
8.779500001084590721e+00,-6.736514124601143294e+00,-1.856175226870532269e-02
8.782711230053530826e+00,-6.730281641513116142e+00,-1.946183068147747802e-02
8.785922459022472708e+00,-6.724063575497185141e+00,-2.036093269260496816e-02
8.789133687991412813e+00,-6.717859877798351143e+00,-2.125906128345114721e-02
8.792344916960354695e+00,-6.711670500386168747e+00,-2.215621946019561903e-02
8.795556145929294800e+00,-6.705495396044645062e+00,-2.305241021612863817e-02
8.798767374898234905e+00,-6.699334518271735206e+00,-2.394763649428359106e-02
8.801978603867178563e+00,-6.693187821019894734e+00,-2.484190116211372479e-02
8.805189832836118669e+00,-6.687055258359188237e+00,-2.573520700613247600e-02
8.808401061805058774e+00,-6.680936784167965214e+00,-2.662755674816006182e-02
8.811612290774000655e+00,-6.674832351947543430e+00,-2.751895307805174093e-02
8.814823519742940761e+00,-6.668741914818264505e+00,-2.840939869266507697e-02
8.818034748711880866e+00,-6.662665425697172239e+00,-2.929889632885758141e-02
8.821245977680822747e+00,-6.656602837601120370e+00,-3.018744878025550124e-02
8.824457206649762853e+00,-6.650554103979564147e+00,-3.107505889258876594e-02
8.827668435618706511e+00,-6.644519178972786655e+00,-3.196172953915354248e-02
8.830879664587646616e+00,-6.638498017514423921e+00,-3.284746358413372785e-02
8.834090893556586721e+00,-6.632490575246477782e+00,-3.373226384532197752e-02
8.837302122525528603e+00,-6.626496808273395267e+00,-3.461613306792128697e-02
8.840513351494468708e+00,-6.620516672832450489e+00,-3.549907391761072256e-02
8.843724580463408813e+00,-6.614550124983312962e+00,-3.638108899502764948e-02
8.846935809432350695e+00,-6.608597120413603143e+00,-3.726218086708372318e-02
8.850147038401290800e+00,-6.602657614420626153e+00,-3.814235210530370068e-02
8.853358267370230905e+00,-6.596731562074293009e+00,-3.902160531919374870e-02
8.856569496339174563e+00,-6.590818918509318891e+00,-3.989994317423121301e-02
8.859780725308114668e+00,-6.584919639254880330e+00,-4.077736838890619331e-02
8.862991954277056550e+00,-6.579033680497820669e+00,-4.165388371182036226e-02
8.866203183245996655e+00,-6.573160999197381393e+00,-4.252949188607598602e-02
8.869414412214936760e+00,-6.567301553015273186e+00,-4.340419561215524275e-02
8.872625641183878642e+00,-6.561455300083267161e+00,-4.427799752091566426e-02
8.875836870152818747e+00,-6.555622198681295032e+00,-4.515090016516485477e-02
8.879048099121758852e+00,-6.549802206926448989e+00,-4.602290603239375666e-02
8.882259328090702510e+00,-6.543995282570127969e+00,-4.689401757467649701e-02
8.885470557059642616e+00,-6.538201382966031261e+00,-4.776423724633589718e-02
8.888681786028582721e+00,-6.532420465218441663e+00,-4.863356753759651846e-02
8.891893014997524602e+00,-6.526652486463516922e+00,-4.950201099371905750e-02
8.895104243966464708e+00,-6.520897404195049596e+00,-5.036957021368714676e-02
8.898315472935406589e+00,-6.515155176532310577e+00,-5.123624782892470531e-02
8.901526701904346695e+00,-6.509425762346054078e+00,-5.210204646877436563e-02
8.904737930873286800e+00,-6.503709121203200993e+00,-5.296696872358166303e-02
8.907949159842228681e+00,-6.498005213147914461e+00,-5.383101711697503566e-02
8.911160388811170563e+00,-6.492313998387462703e+00,-5.469419409599595577e-02
8.914371617780110668e+00,-6.486635436981204705e+00,-5.555650204215049903e-02
8.917582846749052550e+00,-6.480969488629778397e+00,-5.641794329988724516e-02
8.920794075717992655e+00,-6.475316112629880827e+00,-5.727852021356980711e-02
8.924005304686932760e+00,-6.469675268008093560e+00,-5.813823516136393255e-02
8.927216533655874642e+00,-6.464046913791258397e+00,-5.899709057547122826e-02
8.930427762624814747e+00,-6.458431009328075234e+00,-5.985508894242245331e-02
8.933638991593754852e+00,-6.452827514561054301e+00,-6.071223278340689283e-02
8.936850220562698510e+00,-6.447236390163521236e+00,-6.156852462086174343e-02
8.940061449531638615e+00,-6.441657597498772425e+00,-6.242396694181251426e-02
8.943272678500580497e+00,-6.436091098414655320e+00,-6.327856216948429813e-02
8.946483907469520602e+00,-6.430536854937569657e+00,-6.413231265202766485e-02
8.949695136438460707e+00,-6.424994828962039328e+00,-6.498522067189374529e-02
8.952906365407402589e+00,-6.419464982032403455e+00,-6.583728847286238195e-02
8.956117594376342694e+00,-6.413947275284659355e+00,-6.668851829625846439e-02
8.959328823345282800e+00,-6.408441669565922538e+00,-6.753891241500468989e-02
8.962540052314226457e+00,-6.402948125693423087e+00,-6.838847315487799061e-02
8.965751281283166563e+00,-6.397466604771400611e+00,-6.923720289637669278e-02
8.968962510252108444e+00,-6.391997068466334753e+00,-7.008510405666056042e-02
8.972173739221048550e+00,-6.386539479154322407e+00,-7.093217905729748418e-02
8.975384968189988655e+00,-6.381093799894376417e+00,-7.177843028794422819e-02
8.978596197158930536e+00,-6.375659994236418271e+00,-7.262386007736701399e-02
8.981807426127870642e+00,-6.370238025923963043e+00,-7.346847068085629595e-02
8.985018655096810747e+00,-6.364827858584783726e+00,-7.431226428795292827e-02
8.988229884065752628e+00,-6.359429455505987150e+00,-7.515524304803676559e-02
8.991441113034694510e+00,-6.354042779563523702e+00,-7.599740910573142549e-02
8.994652342003634615e+00,-6.348667793327557263e+00,-7.683876463505159848e-02
8.997863570972576497e+00,-6.343304459310052046e+00,-7.767931186160417778e-02
9.001074799941516602e+00,-6.337952740276545427e+00,-7.851905306596004830e-02
9.004286028910458484e+00,-6.332612599524047425e+00,-7.935799056718007005e-02
9.007497257879398589e+00,-6.327284001038117722e+00,-8.019612669173066533e-02
9.010708486848338694e+00,-6.321966909479847629e+00,-8.103346373755980492e-02
9.013919715817280576e+00,-6.316661290007091978e+00,-8.187000394459131858e-02
9.017130944786222457e+00,-6.311367107986026070e+00,-8.270574948089458311e-02
9.020342173755162563e+00,-6.306084328683398077e+00,-8.354070244881683927e-02
9.023553402724104444e+00,-6.300812917035523597e+00,-8.437486490912333992e-02
9.026764631693044549e+00,-6.295552837566010140e+00,-8.520823891557999241e-02
9.029975860661984655e+00,-6.290304054477338980e+00,-8.604082654912734163e-02
9.033187089630926536e+00,-6.285066531887027352e+00,-8.687262994096474344e-02
9.036398318599866641e+00,-6.279840234133954091e+00,-8.770365127737164701e-02
9.039609547568806747e+00,-6.274625126058511526e+00,-8.853389278479982527e-02
9.042820776537750405e+00,-6.269421173168757022e+00,-8.936335669995901232e-02
9.046032005506690510e+00,-6.264228341640698972e+00,-9.019204523432185205e-02
9.049243234475632391e+00,-6.259046598152710139e+00,-9.101996054416335025e-02
9.052454463444572497e+00,-6.253875909605958405e+00,-9.184710471552594291e-02
9.055665692413512602e+00,-6.248716242818700195e+00,-9.267347976878798077e-02
9.058876921382454483e+00,-6.243567564289564054e+00,-9.349908768137792092e-02
9.062088150351394589e+00,-6.238429840103894009e+00,-9.432393042149106455e-02
9.065299379320334694e+00,-6.233303036011728970e+00,-9.514800998225393658e-02
9.068510608289276576e+00,-6.228187117652445259e+00,-9.597132840564664980e-02
9.071721837258218457e+00,-6.223082050855280656e+00,-9.679388778873684873e-02
9.074933066227160339e+00,-6.217987801921267987e+00,-9.761569027032115931e-02
9.078144295196100444e+00,-6.212904337798156540e+00,-9.843673800222801917e-02
9.081355524165040549e+00,-6.207831626093650357e+00,-9.925703311428345221e-02
9.084566753133982431e+00,-6.202769634923046560e+00,-1.000765776839631083e-01
9.087777982102922536e+00,-6.197718332638966210e+00,-1.008953737201976342e-01
9.090989211071862641e+00,-6.192677687528043151e+00,-1.017134231664085925e-01
9.094200440040804523e+00,-6.187647667569273757e+00,-1.025307279217754497e-01
9.097411669009746404e+00,-6.182628240329275826e+00,-1.033472898740478846e-01
9.100622897978686510e+00,-6.177619373026890237e+00,-1.041631109336285249e-01
9.103834126947628391e+00,-6.172621032746182124e+00,-1.049781930582599637e-01
9.107045355916568496e+00,-6.167633186730711259e+00,-1.057925382606212938e-01
9.110256584885510378e+00,-6.162655802666600735e+00,-1.066061485965054123e-01
9.113467813854450483e+00,-6.157688848865602083e+00,-1.074190261373401400e-01
9.116679042823390589e+00,-6.152732294290882642e+00,-1.082311729356887631e-01
9.119890271792332470e+00,-6.147786108417664153e+00,-1.090425909945607341e-01
9.123101500761272575e+00,-6.142850260972477550e+00,-1.098532822501490924e-01
9.126312729730214457e+00,-6.137924721632709080e+00,-1.106632485733637095e-01
9.129523958699156339e+00,-6.133009459780409678e+00,-1.114724917896637163e-01
9.132735187668096444e+00,-6.128104444387211913e+00,-1.122810137109516992e-01
9.135946416637036549e+00,-6.123209644065692459e+00,-1.130888161695219191e-01
9.139157645605978431e+00,-6.118325027270827832e+00,-1.138959010434511809e-01
9.142368874574918536e+00,-6.113450562587775750e+00,-1.147022702655136756e-01
9.145580103543858641e+00,-6.108586219015647245e+00,-1.155079258128684366e-01
9.148791332512800523e+00,-6.103731966158273181e+00,-1.163128696808075069e-01
9.152002561481742404e+00,-6.098887774262173878e+00,-1.171171038488153099e-01
9.155213790450684286e+00,-6.094053614090169546e+00,-1.179206302496069586e-01
9.158425019419624391e+00,-6.089229456670195439e+00,-1.187234507508192483e-01
9.161636248388564496e+00,-6.084415272998149327e+00,-1.195255671550847082e-01
9.164847477357506378e+00,-6.079611033787632124e+00,-1.203269812184291770e-01
9.168058706326446483e+00,-6.074816709344702303e+00,-1.211276946812072930e-01
9.171269935295386588e+00,-6.070032269606312703e+00,-1.219277093018768104e-01
9.174481164264328470e+00,-6.065257684330037868e+00,-1.227270268830420313e-01
9.177692393233270352e+00,-6.060492923374980023e+00,-1.235256492816487472e-01
9.180903622202212233e+00,-6.055737956985831616e+00,-1.243235784001726907e-01
9.184114851171152338e+00,-6.050992755990795224e+00,-1.251208161616204073e-01
9.187326080140092444e+00,-6.046257291851564020e+00,-1.259173644762071054e-01
9.190537309109034325e+00,-6.041531536549815229e+00,-1.267132252101669243e-01
9.193748538077974430e+00,-6.036815462345936467e+00,-1.275084001664655020e-01
9.196959767046914536e+00,-6.032109041485639089e+00,-1.283028910834383418e-01
9.200170996015856417e+00,-6.027412245946215386e+00,-1.290966996517438070e-01
9.203382224984796522e+00,-6.022725047301621615e+00,-1.298898275443051142e-01
9.206593453953738404e+00,-6.018047416748201428e+00,-1.306822764498356826e-01
9.209804682922680286e+00,-6.013379325282500965e+00,-1.314740480994753269e-01
9.213015911891620391e+00,-6.008720743974985901e+00,-1.322651442782070141e-01
9.216227140860560496e+00,-6.004071644253697215e+00,-1.330555668175267547e-01
9.219438369829502378e+00,-5.999431998108789799e+00,-1.338453175717183585e-01
9.222649598798442483e+00,-5.994801778153999727e+00,-1.346343983851907844e-01
9.225860827767384365e+00,-5.990180957525935490e+00,-1.354228110611454816e-01
9.229072056736324470e+00,-5.985569509652879816e+00,-1.362105573413708581e-01
9.232283285705266351e+00,-5.980967407965630755e+00,-1.369976389034925912e-01
9.235494514674208233e+00,-5.976374625640893612e+00,-1.377840573764981813e-01
9.238705743643148338e+00,-5.971791135457281463e+00,-1.385698143696483808e-01
9.241916972612088443e+00,-5.967216909808592540e+00,-1.393549115057146903e-01
9.245128201581030325e+00,-5.962651920869856959e+00,-1.401393504481248942e-01
9.248339430549970430e+00,-5.958096140863532675e+00,-1.409231329135455235e-01
9.251550659518910535e+00,-5.953549542342261525e+00,-1.417062606660030033e-01
9.254761888487852417e+00,-5.949012098399430570e+00,-1.424887354944290307e-01
9.257973117456792522e+00,-5.944483782741704303e+00,-1.432705591807000856e-01
9.261184346425736180e+00,-5.939964569600761912e+00,-1.440517334682114847e-01
9.264395575394676285e+00,-5.935454433512335370e+00,-1.448322600408269434e-01
9.267606804363616391e+00,-5.930953349031605981e+00,-1.456121405187862095e-01
9.270818033332558272e+00,-5.926461290474181354e+00,-1.463913764728180522e-01
9.274029262301498377e+00,-5.921978231763540990e+00,-1.471699694520253177e-01
9.277240491270438483e+00,-5.917504146432289502e+00,-1.479479210167733705e-01
9.280451720239380364e+00,-5.913039007776528244e+00,-1.487252327663043383e-01
9.283662949208320470e+00,-5.908582789114347200e+00,-1.495019063524323233e-01
9.286874178177264127e+00,-5.904135464067406858e+00,-1.502779434750761978e-01
9.290085407146204233e+00,-5.899697006777090635e+00,-1.510533458610738844e-01
9.293296636115144338e+00,-5.895267391987624173e+00,-1.518281152329410133e-01
9.296507865084086220e+00,-5.890846594970280847e+00,-1.526022532773970986e-01
9.299719094053026325e+00,-5.886434591312507791e+00,-1.533757616235055798e-01
9.302930323021966430e+00,-5.882031356638163011e+00,-1.541486418372667588e-01
9.306141551990908312e+00,-5.877636866346493072e+00,-1.549208954343357370e-01
9.309352780959848417e+00,-5.873251095451221815e+00,-1.556925239068475963e-01
9.312564009928790298e+00,-5.868874018570009454e+00,-1.564635287559341947e-01
9.315775238897732180e+00,-5.864505610066981234e+00,-1.572339115197545489e-01
9.318986467866672285e+00,-5.860145844303328744e+00,-1.580036737882752340e-01
9.322197696835612390e+00,-5.855794695917190040e+00,-1.587728172002085825e-01
9.325408925804554272e+00,-5.851452140045031669e+00,-1.595413434231120753e-01
9.328620154773494377e+00,-5.847118152415068160e+00,-1.603092541229209078e-01
9.331831383742436259e+00,-5.842792709283858521e+00,-1.610765509324762756e-01
9.335042612711376364e+00,-5.838475787235819503e+00,-1.618432354289178199e-01
9.338253841680316469e+00,-5.834167362908826426e+00,-1.626093091269995572e-01
9.341465070649260127e+00,-5.829867412731625009e+00,-1.633747734904046900e-01
9.344676299618200233e+00,-5.825575912755257768e+00,-1.641396299574839623e-01
9.347887528587140338e+00,-5.821292838630895083e+00,-1.649038799733425487e-01
9.351098757556082219e+00,-5.817018165740584834e+00,-1.656675250182138293e-01
9.354309986525022325e+00,-5.812751869439654939e+00,-1.664305666232683556e-01
9.357521215493962430e+00,-5.808493925334381913e+00,-1.671930063689235357e-01
9.360732444462904311e+00,-5.804244309507943456e+00,-1.679548458662363242e-01
9.363943673431844417e+00,-5.800002998623826400e+00,-1.687160867272344544e-01
9.367154902400788075e+00,-5.795769969874405625e+00,-1.694767305335208862e-01
9.370366131369728180e+00,-5.791545200791057724e+00,-1.702367788129669213e-01
9.373577360338668285e+00,-5.787328668975337820e+00,-1.709962330318064994e-01
9.376788589307610167e+00,-5.783120351835481898e+00,-1.717550946045638405e-01
9.379999818276550272e+00,-5.778920226410559025e+00,-1.725133649186942897e-01
9.383211047245490377e+00,-5.774728269337064290e+00,-1.732710453661834848e-01
9.386422276214432259e+00,-5.770544456968061731e+00,-1.740281373722220581e-01
9.389633505183372364e+00,-5.766368765607035485e+00,-1.747846424119713638e-01
9.392844734152312469e+00,-5.762201171783062570e+00,-1.755405620102160613e-01
9.396055963121256127e+00,-5.758041652480770267e+00,-1.762958977240383918e-01
9.399267192090196232e+00,-5.753890185253144551e+00,-1.770506511139858519e-01
9.402478421059138114e+00,-5.749746748181977729e+00,-1.778048237127822506e-01
9.405689650028078219e+00,-5.745611319698409325e+00,-1.785584170014025418e-01
9.408900878997018324e+00,-5.741483878320019940e+00,-1.793114323999761284e-01
9.412112107965960206e+00,-5.737364402386746498e+00,-1.800638712763669713e-01
9.415323336934900311e+00,-5.733252869878199043e+00,-1.808157349697055716e-01
9.418534565903840416e+00,-5.729149258369438336e+00,-1.815670248214852622e-01
9.421745794872784074e+00,-5.725053545138515609e+00,-1.823177422044862939e-01
9.424957023841724180e+00,-5.720965707391828303e+00,-1.830678885404690981e-01
9.428168252810664285e+00,-5.716885722536430237e+00,-1.838174653011392101e-01
9.431379481779606166e+00,-5.712813568413739773e+00,-1.845664739921064890e-01
9.434590710748546272e+00,-5.708749223421535568e+00,-1.853149161249042498e-01
9.437801939717488153e+00,-5.704692666486076646e+00,-1.860627931858585826e-01
9.441013168686428259e+00,-5.700643876893355610e+00,-1.868101066115624986e-01
9.444224397655368364e+00,-5.696602834032318263e+00,-1.875568577786244084e-01
9.447435626624312022e+00,-5.692569517130660728e+00,-1.883030480108941473e-01
9.450646855593252127e+00,-5.688543905065744255e+00,-1.890486786018529819e-01
9.453858084562192232e+00,-5.684525976309625861e+00,-1.897937508451555400e-01
9.457069313531134114e+00,-5.680515709024989590e+00,-1.905382660637410797e-01
9.460280542500074219e+00,-5.676513081281681750e+00,-1.912822256284033851e-01
9.463491771469014324e+00,-5.672518071325538536e+00,-1.920256309600449351e-01
9.466703000437956206e+00,-5.668530657815306739e+00,-1.927684835149265363e-01
9.469914229406896311e+00,-5.664550819953275251e+00,-1.935107847575816553e-01
9.473125458375838193e+00,-5.660578537468891724e+00,-1.942525361299064501e-01
9.476336687344780074e+00,-5.656613790460665037e+00,-1.949937390261040071e-01
9.479547916313720179e+00,-5.652656559145956550e+00,-1.957343947813384999e-01
9.482759145282662061e+00,-5.648706823597134274e+00,-1.964745046776256443e-01
9.485970374251602166e+00,-5.644764563546579517e+00,-1.972140699650876960e-01
9.489181603220542272e+00,-5.640829758321474152e+00,-1.979530918918984972e-01
9.492392832189484153e+00,-5.636902386928332120e+00,-1.986915717335275000e-01
9.495604061158424258e+00,-5.632982428260477903e+00,-1.994295108121410531e-01
9.498815290127364364e+00,-5.629069861363258376e+00,-2.001669105000946081e-01
9.502026519096308022e+00,-5.625164665673617392e+00,-2.009037722064739295e-01
9.505237748065248127e+00,-5.621266821158994453e+00,-2.016400973509240302e-01
9.508448977034190008e+00,-5.617376308312268307e+00,-2.023758873329931929e-01
9.511660206003130114e+00,-5.613493108004269594e+00,-2.031111435066129400e-01
9.514871434972070219e+00,-5.609617201240427065e+00,-2.038458671676837142e-01
9.518082663941012100e+00,-5.605748568897729101e+00,-2.045800595586588222e-01
9.521293892909952206e+00,-5.601887191524336451e+00,-2.053137218886433024e-01
9.524505121878892311e+00,-5.598033049264406813e+00,-2.060468553627033961e-01
9.527716350847834192e+00,-5.594186121931329581e+00,-2.067794612111942543e-01
9.530927579816776074e+00,-5.590346389206153788e+00,-2.075115407099195619e-01
9.534138808785716179e+00,-5.586513830898578448e+00,-2.082430951848376066e-01
9.537350037754658061e+00,-5.582688427188834623e+00,-2.089741259998687262e-01
9.540561266723598166e+00,-5.578870158774318355e+00,-2.097046345316579408e-01
9.543772495692540048e+00,-5.575059006875434875e+00,-2.104346221392220662e-01
9.546983724661480153e+00,-5.571254953098745411e+00,-2.111640901380056612e-01
9.550194953630420258e+00,-5.567457979200508333e+00,-2.118930397864652870e-01
9.553406182599362140e+00,-5.563668066824849490e+00,-2.126214722893634279e-01
9.556617411568304021e+00,-5.559885197298243042e+00,-2.133493888167284358e-01
9.559828640537244127e+00,-5.556109351544858299e+00,-2.140767905325068610e-01
9.563039869506186008e+00,-5.552340510148593644e+00,-2.148036786239369000e-01
9.566251098475126113e+00,-5.548578653542311834e+00,-2.155300543224364096e-01
9.569462327444066219e+00,-5.544823762264577738e+00,-2.162559189094957479e-01
9.572673556413008100e+00,-5.541075817203399367e+00,-2.169812737057487118e-01
9.575884785381948205e+00,-5.537334799750367686e+00,-2.177061200466877400e-01
9.579096014350890087e+00,-5.533600691817291306e+00,-2.184304592526541688e-01
9.582307243319831969e+00,-5.529873475710052055e+00,-2.191542926025115690e-01
9.585518472288772074e+00,-5.526153133899414982e+00,-2.198776213192501772e-01
9.588729701257713955e+00,-5.522439648760678388e+00,-2.206004465720134422e-01
9.591940930226654061e+00,-5.518733002363696016e+00,-2.213227694938847689e-01
9.595152159195594166e+00,-5.515033176378763891e+00,-2.220445912098454877e-01
9.598363388164536047e+00,-5.511340152127701231e+00,-2.227659128661329258e-01
9.601574617133476153e+00,-5.507653910763631089e+00,-2.234867356518011883e-01
9.604785846102416258e+00,-5.503974433523057819e+00,-2.242070608057585290e-01
9.607997075071358140e+00,-5.500301701970830237e+00,-2.249268896070983625e-01
9.611208304040300021e+00,-5.496635698161389527e+00,-2.256462233517886329e-01
9.614419533009241903e+00,-5.492976404665816048e+00,-2.263650633230487041e-01
9.617630761978182008e+00,-5.489323804456255118e+00,-2.270834107647046185e-01
9.620841990947122113e+00,-5.485677880684177943e+00,-2.278012668658715156e-01
9.624053219916063995e+00,-5.482038616421990085e+00,-2.285186327617420299e-01
9.627264448885004100e+00,-5.478405994448869443e+00,-2.292355095502179863e-01
9.630475677853944205e+00,-5.474779997147822819e+00,-2.299518983191486676e-01
9.633686906822886087e+00,-5.471160606545897309e+00,-2.306678001756321816e-01
9.636898135791827968e+00,-5.467547804484658158e+00,-2.313832162682092075e-01
9.640109364760768074e+00,-5.463941572867231145e+00,-2.320981477950058991e-01
9.643320593729709955e+00,-5.460341893904385735e+00,-2.328125959953044610e-01
9.646531822698650060e+00,-5.456748750282423899e+00,-2.335265621272165359e-01
9.649743051667591942e+00,-5.453162125200410770e+00,-2.342400474384726816e-01
9.652954280636532047e+00,-5.449582002265159986e+00,-2.349530531394966315e-01
9.656165509605472153e+00,-5.446008365277094754e+00,-2.356655803871943178e-01
9.659376738574414034e+00,-5.442441197974005718e+00,-2.363776302845297106e-01
9.662587967543354139e+00,-5.438880483813167466e+00,-2.370892038959879489e-01
9.665799196512296021e+00,-5.435326205859688287e+00,-2.378003022740730332e-01
9.669010425481237903e+00,-5.431778346815981706e+00,-2.385109264885207636e-01
9.672221654450178008e+00,-5.428236889182855407e+00,-2.392210776490781010e-01
9.675432883419118113e+00,-5.424701815501206781e+00,-2.399307569147309527e-01
9.678644112388059995e+00,-5.421173108598893009e+00,-2.406399654865138682e-01
9.681855341357000100e+00,-5.417650751764881534e+00,-2.413487045861812674e-01
9.685066570325940205e+00,-5.414134728796562435e+00,-2.420569754274519148e-01
9.688277799294882087e+00,-5.410625023905279996e+00,-2.427647791888425666e-01
9.691489028263823968e+00,-5.407121621509958231e+00,-2.434721169966031495e-01
9.694700257232765850e+00,-5.403624505983543713e+00,-2.441789899230883409e-01
9.697911486201705955e+00,-5.400133661431572030e+00,-2.448853990010504689e-01
9.701122715170646060e+00,-5.396649071572223733e+00,-2.455913452493590221e-01
9.704333944139587942e+00,-5.393170719755166154e+00,-2.462968297020793895e-01
9.707545173108528047e+00,-5.389698589112894567e+00,-2.470018534317981462e-01
9.710756402077468152e+00,-5.386232662797065807e+00,-2.477064175599048013e-01
9.713967631046410034e+00,-5.382772924225419864e+00,-2.484105232506342575e-01
9.717178860015351916e+00,-5.379319357262048129e+00,-2.491141716907681325e-01
9.720390088984293797e+00,-5.375871946274413560e+00,-2.498173640613705337e-01
9.723601317953233902e+00,-5.372430676049577691e+00,-2.505201015104364104e-01
9.726812546922174008e+00,-5.368995531595819770e+00,-2.512223851350153803e-01
9.730023775891115889e+00,-5.365566497892101161e+00,-2.519242159783977586e-01
9.733235004860055994e+00,-5.362143559663708814e+00,-2.526255950432273467e-01
9.736446233828996100e+00,-5.358726701254283853e+00,-2.533265233164079810e-01
9.739657462797937981e+00,-5.355315906634128709e+00,-2.540270017979887607e-01
9.742868691766878086e+00,-5.351911159541810292e+00,-2.547270315249822725e-01
9.746079920735819968e+00,-5.348512443714534825e+00,-2.554266135826599449e-01
9.749291149704761850e+00,-5.345119743134861601e+00,-2.561257490998180009e-01
9.752502378673701955e+00,-5.341733042216350924e+00,-2.568244392295202516e-01
9.755713607642643836e+00,-5.338352325870147297e+00,-2.575226851213834323e-01
9.758924836611583942e+00,-5.334977579431610550e+00,-2.582204878940969062e-01
9.762136065580524047e+00,-5.331608788470326488e+00,-2.589178486167921789e-01
9.765347294549465929e+00,-5.328245938542865545e+00,-2.596147683050891719e-01
9.768558523518406034e+00,-5.324889014966133871e+00,-2.603112479330326745e-01
9.771769752487347915e+00,-5.321538002681833746e+00,-2.610072884571670304e-01
9.774980981456289797e+00,-5.318192886254594853e+00,-2.617028908451826119e-01
9.778192210425229902e+00,-5.314853650003918517e+00,-2.623980561001619805e-01
9.781403439394170007e+00,-5.311520278228496039e+00,-2.630927852728394134e-01
9.784614668363111889e+00,-5.308192755452189715e+00,-2.637870794580490785e-01
9.787825897332051994e+00,-5.304871066614779807e+00,-2.644809397765056080e-01
9.791037126300992099e+00,-5.301555197147576060e+00,-2.651743673476475993e-01
9.794248355269933981e+00,-5.298245132910314403e+00,-2.658673632620668914e-01
9.797459584238874086e+00,-5.294940860009323735e+00,-2.665599285621661485e-01
9.800670813207817744e+00,-5.291642364553941214e+00,-2.672520642370940780e-01
9.803882042176757849e+00,-5.288349632427550517e+00,-2.679437712335305810e-01
9.807093271145697955e+00,-5.285062649144844471e+00,-2.686350504789218330e-01
9.810304500114639836e+00,-5.281781399839900359e+00,-2.693259029098789004e-01
9.813515729083579942e+00,-5.278505869388549598e+00,-2.700163294968303540e-01
9.816726958052520047e+00,-5.275236042626362476e+00,-2.707063312572309810e-01
9.819938187021461928e+00,-5.271971904593936387e+00,-2.713959092531908479e-01
9.823149415990402034e+00,-5.268713440732419429e+00,-2.720850645743106977e-01
9.826360644959345692e+00,-5.265460636968195551e+00,-2.727737983111089837e-01
9.829571873928285797e+00,-5.262213479660119653e+00,-2.734621115273918046e-01
9.832783102897225902e+00,-5.258971955426154921e+00,-2.741500052402180976e-01
9.835994331866167784e+00,-5.255736050903681900e+00,-2.748374804137264649e-01
9.839205560835107889e+00,-5.252505752518761284e+00,-2.755245379687449869e-01
9.842416789804047994e+00,-5.249281046336359502e+00,-2.762111788051470618e-01
9.845628018772989876e+00,-5.246061918038380512e+00,-2.768974038299399920e-01
9.848839247741929981e+00,-5.242848353036163367e+00,-2.775832139822810851e-01
9.852050476710871862e+00,-5.239640336681844701e+00,-2.782686102475915857e-01
9.855261705679813744e+00,-5.236437854512269396e+00,-2.789535936563705687e-01
9.858472934648753849e+00,-5.233240892448901782e+00,-2.796381652681033114e-01
9.861684163617695731e+00,-5.230049436891087922e+00,-2.803223261453304804e-01
9.864895392586635836e+00,-5.226863474673693943e+00,-2.810060773260199540e-01
9.868106621555575941e+00,-5.223682992902353384e+00,-2.816894198029011864e-01
9.871317850524517823e+00,-5.220507978718194053e+00,-2.823723545162247772e-01
9.874529079493457928e+00,-5.217338419065735700e+00,-2.830548823622047738e-01
9.877740308462398033e+00,-5.214174300536659423e+00,-2.837370042144721771e-01
9.880951537431341691e+00,-5.211015609338121912e+00,-2.844187209518086457e-01
9.884162766400281797e+00,-5.207862331395441302e+00,-2.851000334834614125e-01
9.887373995369221902e+00,-5.204714452556585158e+00,-2.857809427641178068e-01
9.890585224338163783e+00,-5.201571958834369624e+00,-2.864614497938661186e-01
9.893796453307103889e+00,-5.198434836610208443e+00,-2.871415556031780003e-01
9.897007682276043994e+00,-5.195303072735676153e+00,-2.878212612276431215e-01
9.900218911244985875e+00,-5.192176654500171296e+00,-2.885005676803900077e-01
9.903430140213925981e+00,-5.189055569474922969e+00,-2.891794759308372043e-01
9.906641369182869639e+00,-5.185939805282244741e+00,-2.898579868964279993e-01
9.909852598151809744e+00,-5.182829349362638283e+00,-2.905361014499246441e-01
9.913063827120749849e+00,-5.179724188812295793e+00,-2.912138204399531971e-01
9.916275056089691731e+00,-5.176624310342119450e+00,-2.918911447183536456e-01
9.919486285058631836e+00,-5.173529700370673723e+00,-2.925680751657535605e-01
9.922697514027571941e+00,-5.170440345221817502e+00,-2.932446127073622399e-01
9.925908742996513823e+00,-5.167356231364742314e+00,-2.939207583140508451e-01
9.929119971965453928e+00,-5.164277345621472115e+00,-2.945965129884006162e-01
9.932331200934397586e+00,-5.161203675276279768e+00,-2.952718777401173722e-01
9.935542429903337691e+00,-5.158135208053339582e+00,-2.959468535585236815e-01
9.938753658872277796e+00,-5.155071931969388288e+00,-2.966214413907615755e-01
9.941964887841219678e+00,-5.152013835107757345e+00,-2.972956421325197995e-01
9.945176116810159783e+00,-5.148960905384731390e+00,-2.979694566341903883e-01
9.948387345779099888e+00,-5.145913130381208234e+00,-2.986428857204934117e-01
9.951598574748041770e+00,-5.142870497292378218e+00,-2.993159302174194236e-01
9.954809803716981875e+00,-5.139832993010965190e+00,-2.999885909780372062e-01
9.958021032685921980e+00,-5.136800604317670604e+00,-3.006608688990880518e-01
9.961232261654865638e+00,-5.133773318119059681e+00,-3.013327649231812844e-01
9.964443490623805744e+00,-5.130751121658230218e+00,-3.020042800259290505e-01
9.967654719592745849e+00,-5.127734002632232446e+00,-3.026754151920680314e-01
9.970865948561687730e+00,-5.124721949179518177e+00,-3.033461713880674648e-01
9.974077177530627836e+00,-5.121714949741632772e+00,-3.040165495398114981e-01
9.977288406499569717e+00,-5.118712992842334941e+00,-3.046865505223405046e-01
9.980499635468509823e+00,-5.115716066853668309e+00,-3.053561751648530276e-01
9.983710864437449928e+00,-5.112724159821978809e+00,-3.060254242693800086e-01
9.986922093406393586e+00,-5.109737259408479559e+00,-3.066942986372708235e-01
9.990133322375333691e+00,-5.106755352962602856e+00,-3.073627990951823263e-01
9.993344551344273796e+00,-5.103778427704986242e+00,-3.080309265124334672e-01
9.996555780313215678e+00,-5.100806470962623074e+00,-3.086986818043073177e-01
9.999767009282155783e+00,-5.097839470382313110e+00,-3.093660659202834284e-01
1.000297823825109589e+01,-5.094877414055635434e+00,-3.100330798209162686e-01
1.000618946722003777e+01,-5.091920290516221748e+00,-3.106997244506155553e-01
1.000940069618897788e+01,-5.088968088610541507e+00,-3.113660007148685849e-01
1.001261192515791976e+01,-5.086020797282544414e+00,-3.120319094690315320e-01
1.001582315412686164e+01,-5.083078405339986894e+00,-3.126974515221954132e-01
1.001903438309580174e+01,-5.080140901275335352e+00,-3.133626276548842626e-01
1.002224561206474363e+01,-5.077208273197577171e+00,-3.140274386450401245e-01
1.002545684103368373e+01,-5.074280508895751218e+00,-3.146918852941283928e-01
1.002866807000262384e+01,-5.071357596014309799e+00,-3.153559684451971434e-01
1.003187929897156572e+01,-5.068439522285168586e+00,-3.160196889872450288e-01
1.003509052794050582e+01,-5.065526275743431839e+00,-3.166830478445396002e-01
1.003830175690944593e+01,-5.062617844859380156e+00,-3.173460459542702949e-01
1.004151298587838959e+01,-5.059714218545368070e+00,-3.180086842395434266e-01
1.004472421484732969e+01,-5.056815386035495408e+00,-3.186709635861943446e-01
1.004793544381627157e+01,-5.053921336676054032e+00,-3.193328848306790646e-01
1.005114667278521168e+01,-5.051032059692312615e+00,-3.199944487628255119e-01
1.005435790175415178e+01,-5.048147544004804033e+00,-3.206556561425667473e-01
1.005756913072309366e+01,-5.045267778152537019e+00,-3.213165077253981594e-01
1.006078035969203377e+01,-5.042392750346951225e+00,-3.219770042885703454e-01
1.006399158866097387e+01,-5.039522448639683461e+00,-3.226371466498187957e-01
1.006720281762991753e+01,-5.036656861151108444e+00,-3.232969356727643517e-01
1.007041404659885764e+01,-5.033795976288200968e+00,-3.239563722573223781e-01
1.007362527556779774e+01,-5.030939782883271150e+00,-3.246154573181395664e-01
1.007683650453673962e+01,-5.028088270210220756e+00,-3.252741917578360065e-01
1.008004773350567973e+01,-5.025241427873269551e+00,-3.259325764434434225e-01
1.008325896247462161e+01,-5.022399245603329732e+00,-3.265906121934233353e-01
1.008647019144356172e+01,-5.019561713025664673e+00,-3.272482997793197956e-01
1.008968142041250182e+01,-5.016728819471783396e+00,-3.279056399415103962e-01
1.009289264938144370e+01,-5.013900553894377943e+00,-3.285626334141088511e-01
1.009610387835038559e+01,-5.011076904911791807e+00,-3.292192809512035634e-01
1.009931510731932569e+01,-5.008257860967912478e+00,-3.298755833462140852e-01
1.010252633628826757e+01,-5.005443410557114170e+00,-3.305315414383062089e-01
1.010573756525720768e+01,-5.002633542443705394e+00,-3.311871561038767786e-01
1.010894879422614778e+01,-4.999828245807231397e+00,-3.318424282357997912e-01
1.011216002319508966e+01,-4.997027510267762374e+00,-3.324973587169429701e-01
1.011537125216402977e+01,-4.994231325783823117e+00,-3.331519483962777639e-01
1.011858248113297165e+01,-4.991439682454695159e+00,-3.338061980750536839e-01
1.012179371010191353e+01,-4.988652570289332289e+00,-3.344601085073676816e-01
1.012500493907085364e+01,-4.985869979014149855e+00,-3.351136804149320025e-01
1.012821616803979552e+01,-4.983091897979965879e+00,-3.357669145113978959e-01
1.013142739700873562e+01,-4.980318316197002382e+00,-3.364198115286060609e-01
1.013463862597767573e+01,-4.977549222486828739e+00,-3.370723722365367436e-01
1.013784985494661761e+01,-4.974784605703431062e+00,-3.377245974507173121e-01
1.014106108391555772e+01,-4.972024454954107497e+00,-3.383764880247872586e-01
1.014427231288449782e+01,-4.969268759750773867e+00,-3.390280448305622585e-01
1.014748354185343970e+01,-4.966517510044462291e+00,-3.396792687318666570e-01
1.015069477082238159e+01,-4.963770696132300486e+00,-3.403301605603459290e-01
1.015390599979132347e+01,-4.961028308466064907e+00,-3.409807211008237249e-01
1.015711722876026357e+01,-4.958290337422575078e+00,-3.416309510908021596e-01
1.016032845772920368e+01,-4.955556773107768542e+00,-3.422808512342290221e-01
1.016353968669814556e+01,-4.952827605255806453e+00,-3.429304222252172463e-01
1.016675091566708566e+01,-4.950102823254617590e+00,-3.435796647742659915e-01
1.016996214463602577e+01,-4.947382416289810791e+00,-3.442285796287719579e-01
1.017317337360496765e+01,-4.944666373561546813e+00,-3.448771675814099602e-01
1.017638460257390953e+01,-4.941954684506421280e+00,-3.455254294637751245e-01
1.017959583154284964e+01,-4.939247338954685596e+00,-3.461733661272958784e-01
1.018280706051179152e+01,-4.936544327173661095e+00,-3.468209784174187682e-01
1.018601828948073162e+01,-4.933845639783863923e+00,-3.474682671491608477e-01
1.018922951844967351e+01,-4.931151267574108488e+00,-3.481152330916915671e-01
1.019244074741861361e+01,-4.928461201273727887e+00,-3.487618769667661378e-01
1.019565197638755372e+01,-4.925775431353343059e+00,-3.494081994614890996e-01
1.019886320535649560e+01,-4.923093947916325597e+00,-3.500542012513870316e-01
1.020207443432543748e+01,-4.920416740715131354e+00,-3.506998830265611877e-01
1.020528566329437758e+01,-4.917743799286862227e+00,-3.513452455127103469e-01
1.020849689226331947e+01,-4.915075113165735310e+00,-3.519902894804551319e-01
1.021170812123225957e+01,-4.912410672105535170e+00,-3.526350157400506835e-01
1.021491935020119968e+01,-4.909750466242333466e+00,-3.532794251231667904e-01
1.021813057917014156e+01,-4.907094486146625911e+00,-3.539235184574576754e-01
1.022134180813908166e+01,-4.904442722748513894e+00,-3.545672965419067180e-01
1.022455303710802355e+01,-4.901795167159538558e+00,-3.552107601306646045e-01
1.022776426607696365e+01,-4.899151810447095912e+00,-3.558539099304455777e-01
1.023097549504590553e+01,-4.896512643432162193e+00,-3.564967466122807571e-01
1.023418672401484741e+01,-4.893877656573553558e+00,-3.571392708339310995e-01
1.023739795298378752e+01,-4.891246839974951577e+00,-3.577814832659226840e-01
1.024060918195272762e+01,-4.888620183512343509e+00,-3.584233846130555623e-01
1.024382041092166951e+01,-4.885997677041649112e+00,-3.590649756246370727e-01
1.024703163989060961e+01,-4.883379310621489111e+00,-3.597062570902610501e-01
1.025024286885954972e+01,-4.880765074681128191e+00,-3.603472298224640880e-01
1.025345409782849160e+01,-4.878154960081088731e+00,-3.609878946317165993e-01
1.025666532679743348e+01,-4.875548958047421166e+00,-3.616282523015947881e-01
1.025987655576637536e+01,-4.872947060000438313e+00,-3.622683035719102551e-01
1.026308778473531547e+01,-4.870349257331639592e+00,-3.629080491350882287e-01
1.026629901370425557e+01,-4.867755541198710567e+00,-3.635474896469044204e-01
1.026951024267319745e+01,-4.865165902402842413e+00,-3.641866257482074820e-01
1.027272147164213756e+01,-4.862580331386724630e+00,-3.648254580908133482e-01
1.027593270061107766e+01,-4.859998818353584937e+00,-3.654639873594432986e-01
1.027914392958001955e+01,-4.857421353469885794e+00,-3.661022142828451731e-01
1.028235515854895965e+01,-4.854847927087986292e+00,-3.667401396306227412e-01
1.028556638751790153e+01,-4.852278529919022532e+00,-3.673777641967830854e-01
1.028877761648684341e+01,-4.849713153101689933e+00,-3.680150887751741928e-01
1.029198884545578352e+01,-4.847151788145645845e+00,-3.686521141345231456e-01
1.029520007442472540e+01,-4.844594426767147688e+00,-3.692888410008923206e-01
1.029841130339366551e+01,-4.842041060668774932e+00,-3.699252700530591964e-01
1.030162253236260561e+01,-4.839491681332049211e+00,-3.705614019322400199e-01
1.030483376133154749e+01,-4.836946279888047151e+00,-3.711972372631092143e-01
1.030804499030048760e+01,-4.834404847106399394e+00,-3.718327766795123113e-01
1.031125621926942948e+01,-4.831867373505948748e+00,-3.724680208468121312e-01
1.031446744823837136e+01,-4.829333849552315705e+00,-3.731029704738733077e-01
1.031767867720731147e+01,-4.826804265880205946e+00,-3.737376263109357666e-01
1.032088990617625157e+01,-4.824278613470907473e+00,-3.743719891340702155e-01
1.032410113514519345e+01,-4.821756883729195309e+00,-3.750060597210896907e-01
1.032731236411413356e+01,-4.819239068435803297e+00,-3.756398388264878263e-01
1.033052359308307544e+01,-4.816725159590317773e+00,-3.762733271632557330e-01
1.033373482205201555e+01,-4.814215149193858956e+00,-3.769065253972631591e-01
1.033694605102095743e+01,-4.811709029039782592e+00,-3.775394341559681899e-01
1.034015727998989931e+01,-4.809206790577756685e+00,-3.781720540486930848e-01
1.034336850895883941e+01,-4.806708424893879616e+00,-3.788043856921199382e-01
1.034657973792777952e+01,-4.804213922812873960e+00,-3.794364297329954061e-01
1.034979096689672140e+01,-4.801723275090092891e+00,-3.800681868609473990e-01
1.035300219586566151e+01,-4.799236472633138462e+00,-3.806996578073967297e-01
1.035621342483460161e+01,-4.796753506683520740e+00,-3.813308433309307022e-01
1.035942465380354349e+01,-4.794274368901433547e+00,-3.819617441937319668e-01
1.036263588277248360e+01,-4.791799051327178205e+00,-3.825923611364648314e-01
1.036584711174142726e+01,-4.789327546231349153e+00,-3.832226948594887883e-01
1.036905834071036736e+01,-4.786859845900975685e+00,-3.838527460162930449e-01
1.037226956967930747e+01,-4.784395942428439241e+00,-3.844825152211871488e-01
1.037548079864824935e+01,-4.781935827569546049e+00,-3.851120030688338636e-01
1.037869202761718945e+01,-4.779479492714989952e+00,-3.857412101594904219e-01
1.038190325658612956e+01,-4.777026928984066778e+00,-3.863701371220421565e-01
1.038511448555507144e+01,-4.774578127411159834e+00,-3.869987846276148891e-01
1.038832571452401154e+01,-4.772133079166379410e+00,-3.876271533895084831e-01
1.039153694349295343e+01,-4.769691775741153883e+00,-3.882552441494824258e-01
1.039474817246189531e+01,-4.767254209040727275e+00,-3.888830576547195328e-01
1.039795940143083541e+01,-4.764820371354453243e+00,-3.895105946326767876e-01
1.040117063039977729e+01,-4.762390255213403201e+00,-3.901378557717238293e-01
1.040438185936871740e+01,-4.759963853179987048e+00,-3.907648417136292962e-01
1.040759308833765751e+01,-4.757541157635492901e+00,-3.913915530602353754e-01
1.041080431730659939e+01,-4.755122160632140549e+00,-3.920179903922200171e-01
1.041401554627553949e+01,-4.752706853855933389e+00,-3.926441542940608542e-01
1.041722677524447960e+01,-4.750295228711829409e+00,-3.932700453773667060e-01
1.042043800421342326e+01,-4.747887276504280329e+00,-3.938956642952712306e-01
1.042364923318236336e+01,-4.745482988656649859e+00,-3.945210117433877728e-01
1.042686046215130347e+01,-4.743082356900503171e+00,-3.951460884470426316e-01
1.043007169112024535e+01,-4.740685373375534972e+00,-3.957708951387974849e-01
1.043328292008918545e+01,-4.738292030608884708e+00,-3.963954325333218787e-01
1.043649414905812733e+01,-4.735902321380348390e+00,-3.970197013074901471e-01
1.043970537802706744e+01,-4.733516238515893093e+00,-3.976437020919365573e-01
1.044291660699600754e+01,-4.731133774674209924e+00,-3.982674354767146707e-01
1.044612783596495120e+01,-4.728754922193089349e+00,-3.988909020292583096e-01
1.044933906493389131e+01,-4.726379673043865637e+00,-3.995141023190244556e-01
1.045255029390283141e+01,-4.724008018907895234e+00,-4.001370369410751637e-01
1.045576152287177329e+01,-4.721639951351108699e+00,-4.007597065312153428e-01
1.045897275184071340e+01,-4.719275462041721880e+00,-4.013821117679577388e-01
1.046218398080965351e+01,-4.716914542942798327e+00,-4.020042533606936752e-01
1.046539520977859539e+01,-4.714557186419457757e+00,-4.026261320278206046e-01
1.046860643874753549e+01,-4.712203385226996666e+00,-4.032477484716595617e-01
1.047181766771647915e+01,-4.709853132383815755e+00,-4.038691033580556478e-01
1.047502889668541926e+01,-4.707506420969102656e+00,-4.044901973070340606e-01
1.047824012565435936e+01,-4.705163243908621951e+00,-4.051110308974380514e-01
1.048145135462330124e+01,-4.702823593815843140e+00,-4.057316046840850898e-01
1.048466258359224135e+01,-4.700487462938037986e+00,-4.063519192220554910e-01
1.048787381256118145e+01,-4.698154843224177313e+00,-4.069719750904881028e-01
1.049108504153012333e+01,-4.695825726493177754e+00,-4.075917729084344021e-01
1.049429627049906344e+01,-4.693500104649703353e+00,-4.082113133378097447e-01
1.049750749946800354e+01,-4.691177969879785969e+00,-4.088305970725280569e-01
1.050071872843694720e+01,-4.688859314764894037e+00,-4.094496248172341812e-01
1.050392995740588731e+01,-4.686544132278917196e+00,-4.100683972623228590e-01
1.050714118637482919e+01,-4.684232415668871496e+00,-4.106869150630623744e-01
1.051035241534376929e+01,-4.681924158256931534e+00,-4.113051788293755617e-01
1.051356364431270940e+01,-4.679619353225893619e+00,-4.119231891294709014e-01
1.051677487328165128e+01,-4.677317993455158529e+00,-4.125409465061703473e-01
1.051998610225059139e+01,-4.675020071458753534e+00,-4.131584515008144831e-01
1.052319733121953149e+01,-4.672725579444593436e+00,-4.137757046772431169e-01
1.052640856018847515e+01,-4.670434509476304008e+00,-4.143927066383374935e-01
1.052961978915741525e+01,-4.668146853686812037e+00,-4.150094580299512614e-01
1.053283101812635536e+01,-4.665862604476749276e+00,-4.156259595310060617e-01
1.053604224709529724e+01,-4.663581754635305998e+00,-4.162422118328648057e-01
1.053925347606423735e+01,-4.661304297345959746e+00,-4.168582156144724493e-01
1.054246470503317745e+01,-4.659030226075134173e+00,-4.174739715210369351e-01
1.054567593400211933e+01,-4.656759534378905663e+00,-4.180894801529460580e-01
1.054888716297105944e+01,-4.654492215688305734e+00,-4.187047420683811527e-01
1.055209839194000132e+01,-4.652228263140551157e+00,-4.193197577987921032e-01
1.055530962090894320e+01,-4.649967669508921375e+00,-4.199345278723785602e-01
1.055852084987788331e+01,-4.647710427253304744e+00,-4.205490528382172521e-01
1.056173207884682519e+01,-4.645456528675270036e+00,-4.211633332834600063e-01
1.056494330781576529e+01,-4.643205966129047901e+00,-4.217773698382403236e-01
1.056815453678470540e+01,-4.640958732222218330e+00,-4.223911631667504607e-01
1.057136576575364728e+01,-4.638714819943156265e+00,-4.230047139473003259e-01
1.057457699472258739e+01,-4.636474222675371237e+00,-4.236180228476312815e-01
1.057778822369152749e+01,-4.634236934094325910e+00,-4.242310905032139479e-01
1.058099945266047115e+01,-4.632002947979199980e+00,-4.248439175053382311e-01
1.058421068162941125e+01,-4.629772257998530982e+00,-4.254565044027161513e-01
1.058742191059835314e+01,-4.627544857537130518e+00,-4.260688517160949318e-01
1.059063313956729324e+01,-4.625320739618280719e+00,-4.266809599612720327e-01
1.059384436853623335e+01,-4.623099896945589649e+00,-4.272928296733086717e-01
1.059705559750517523e+01,-4.620882322051250490e+00,-4.279044614243417421e-01
1.060026682647411533e+01,-4.618668007504126649e+00,-4.285158558294213660e-01
1.060347805544305544e+01,-4.616456946112339921e+00,-4.291270135385550355e-01
1.060668928441199910e+01,-4.614249131056870290e+00,-4.297379352174670042e-01
1.060990051338093920e+01,-4.612044555914335042e+00,-4.303486215231085987e-01
1.061311174234988108e+01,-4.609843214561824887e+00,-4.309590730816076909e-01
1.061632297131882119e+01,-4.607645100993814857e+00,-4.315692904755661363e-01
1.061953420028776129e+01,-4.605450209108455262e+00,-4.321792742446736169e-01
1.062274542925670318e+01,-4.603258532530331237e+00,-4.327890248994487044e-01
1.062595665822564328e+01,-4.601070064525188741e+00,-4.333985429437811621e-01
1.062916788719458339e+01,-4.598884798033186172e+00,-4.340078288991986999e-01
1.063237911616352527e+01,-4.596702725810247969e+00,-4.346168833232681994e-01
1.063559034513246715e+01,-4.594523840632999345e+00,-4.352257068163490894e-01
1.063880157410140725e+01,-4.592348135503049988e+00,-4.358343000146115975e-01
1.064201280307034914e+01,-4.590175603786504688e+00,-4.364426635715016878e-01
1.064522403203928924e+01,-4.588006239245060236e+00,-4.370507981334891823e-01
1.064843526100822935e+01,-4.585840035948952398e+00,-4.376587043176969338e-01
1.065164648997717123e+01,-4.583676988099185223e+00,-4.382663826984262712e-01
1.065485771894611133e+01,-4.581517089814676424e+00,-4.388738338067980083e-01
1.065806894791505322e+01,-4.579360334951245726e+00,-4.394810581436139896e-01
1.066128017688399510e+01,-4.577206717008911241e+00,-4.400880562013907982e-01
1.066449140585293520e+01,-4.575056229156714949e+00,-4.406948284886745282e-01
1.066770263482187708e+01,-4.572908864366988624e+00,-4.413013755489842427e-01
1.067091386379081719e+01,-4.570764615616989879e+00,-4.419076979684858353e-01
1.067412509275975729e+01,-4.568623476094618496e+00,-4.425137963699682375e-01
1.067733632172869918e+01,-4.566485439343735742e+00,-4.431196713950495969e-01
1.068054755069763928e+01,-4.564350499303536424e+00,-4.437253236801767531e-01
1.068375877966657939e+01,-4.562218650229723949e+00,-4.443307538339620333e-01
1.068697000863552127e+01,-4.560089886522265878e+00,-4.449359624229487498e-01
1.069018123760446315e+01,-4.557964202513733909e+00,-4.455409499702696619e-01
1.069339246657340503e+01,-4.555841592284672892e+00,-4.461457169675995260e-01
1.069660369554234514e+01,-4.553722049563642571e+00,-4.467502638966566186e-01
1.069981492451128524e+01,-4.551605567743379765e+00,-4.473545912535004665e-01
1.070302615348022712e+01,-4.549492140007757257e+00,-4.479586995680097661e-01
1.070623738244916723e+01,-4.547381759529664613e+00,-4.485625894124438129e-01
1.070944861141810733e+01,-4.545274419677728162e+00,-4.491662613964145234e-01
1.071265984038704921e+01,-4.543170114167089046e+00,-4.497697161498513396e-01
1.071587106935599110e+01,-4.541068837106936762e+00,-4.503729542993241131e-01
1.071908229832493298e+01,-4.538970582929966469e+00,-4.509759764451298780e-01
1.072229352729387308e+01,-4.536875346226060479e+00,-4.515787831463486390e-01
1.072550475626281319e+01,-4.534783121532244721e+00,-4.521813749185369380e-01
1.072871598523175507e+01,-4.532693903144907388e+00,-4.527837522447730190e-01
1.073192721420069518e+01,-4.530607685013016805e+00,-4.533859155965777044e-01
1.073513844316963528e+01,-4.528524460745780189e+00,-4.539878654581614437e-01
1.073834967213857716e+01,-4.526444223732251082e+00,-4.545896023463784075e-01
1.074156090110751904e+01,-4.524366967335248013e+00,-4.551911268201415672e-01
1.074477213007645915e+01,-4.522292685098755705e+00,-4.557924394763639975e-01
1.074798335904540103e+01,-4.520221370903741764e+00,-4.563935409336951077e-01
1.075119458801434114e+01,-4.518153019023584349e+00,-4.569944318091760938e-01
1.075440581698328124e+01,-4.516087624061787764e+00,-4.575951126951264825e-01
1.075761704595222312e+01,-4.514025180791562342e+00,-4.581955841435114141e-01
1.076082827492116323e+01,-4.511965683947621208e+00,-4.587958466626929632e-01
1.076403950389010511e+01,-4.509909128035507919e+00,-4.593959007275642548e-01
1.076725073285904521e+01,-4.507855507218131663e+00,-4.599957467998910254e-01
1.077046196182798710e+01,-4.505804815315073597e+00,-4.605953853524735742e-01
1.077367319079692898e+01,-4.503757045914769996e+00,-4.611948168895532718e-01
1.077688441976586908e+01,-4.501712192564283121e+00,-4.617940419570678023e-01
1.078009564873480919e+01,-4.499670248977129638e+00,-4.623930611395561385e-01
1.078330687770375107e+01,-4.497631209193993840e+00,-4.629918750446850306e-01
1.078651810667269118e+01,-4.495595067645934861e+00,-4.635904842802608394e-01
1.078972933564163128e+01,-4.493561819100340138e+00,-4.641888894309371683e-01
1.079294056461057316e+01,-4.491531458506618613e+00,-4.647870910419257817e-01
1.079615179357951504e+01,-4.489503980790092719e+00,-4.653850896148069016e-01
1.079936302254845693e+01,-4.487479380658666805e+00,-4.659828856167477773e-01
1.080257425151739703e+01,-4.485457652482829793e+00,-4.665804795002365668e-01
1.080578548048633714e+01,-4.483438790286689013e+00,-4.671778717271315440e-01
1.080899670945527902e+01,-4.481422787852523903e+00,-4.677750627894901592e-01
1.081220793842421912e+01,-4.479409638906250102e+00,-4.683720532206537834e-01
1.081541916739315923e+01,-4.477399337325326023e+00,-4.689688435931200217e-01
1.081863039636210111e+01,-4.475391877304223165e+00,-4.695654345038747235e-01
1.082184162533104299e+01,-4.473387253425253007e+00,-4.701618265517968354e-01
1.082505285429998310e+01,-4.471385460612930629e+00,-4.707580203142242570e-01
1.082826408326892498e+01,-4.469386493985999742e+00,-4.713540163300228847e-01
1.083147531223786508e+01,-4.467390348653704990e+00,-4.719498150944634318e-01
1.083468654120680696e+01,-4.465397019520175981e+00,-4.725454170675107424e-01
1.083789777017574707e+01,-4.463406501158128314e+00,-4.731408226929064154e-01
1.084110899914468717e+01,-4.461418787791499696e+00,-4.737360324220637464e-01
1.084432022811362906e+01,-4.459433873392334213e+00,-4.743310467352845339e-01
1.084753145708256916e+01,-4.457451751861407629e+00,-4.749258661536394643e-01
1.085074268605151104e+01,-4.455472417235994520e+00,-4.755204912378120374e-01
1.085395391502045292e+01,-4.453495863859451731e+00,-4.761149225742597468e-01
1.085716514398939303e+01,-4.451522086459654304e+00,-4.767091607530610231e-01
1.086037637295833314e+01,-4.449551080111582735e+00,-4.773032063443818362e-01
1.086358760192727502e+01,-4.447582840095989809e+00,-4.778970598809605397e-01
1.086679883089621512e+01,-4.445617361698414705e+00,-4.784907218520776939e-01
1.087001005986515700e+01,-4.443654640011685863e+00,-4.790841927109137366e-01
1.087322128883409711e+01,-4.441694669803738726e+00,-4.796774728929686926e-01
1.087643251780303899e+01,-4.439737445492117907e+00,-4.802705628397615500e-01
1.087964374677198087e+01,-4.437782961233231127e+00,-4.808634630203830196e-01
1.088285497574092098e+01,-4.435831211098041571e+00,-4.814561739441416410e-01
1.088606620470986108e+01,-4.433882189279270136e+00,-4.820486961603404619e-01
1.088927743367880296e+01,-4.431935890264953493e+00,-4.826410302452770473e-01
1.089248866264774307e+01,-4.429992308924040501e+00,-4.832331767805326250e-01
1.089569989161668317e+01,-4.428051440477164036e+00,-4.838251363293788465e-01
1.089891112058562506e+01,-4.426113280361867020e+00,-4.844169094186947522e-01
1.090212234955456516e+01,-4.424177824034503104e+00,-4.850084965320592412e-01
1.090533357852350882e+01,-4.422245066771049338e+00,-4.855998981161856465e-01
1.090854480749244892e+01,-4.420315003529161402e+00,-4.861911145986696492e-01
1.091175603646138903e+01,-4.418387628914749676e+00,-4.867821464114797103e-01
1.091496726543033091e+01,-4.416462937263436750e+00,-4.873729940128298521e-01
1.091817849439927102e+01,-4.414540922811332813e+00,-4.879636579005717789e-01
1.092138972336821112e+01,-4.412621579901413682e+00,-4.885541386129162444e-01
1.092460095233715300e+01,-4.410704903160990398e+00,-4.891444367162680606e-01
1.092781218130609311e+01,-4.408790887594317809e+00,-4.897345527839934709e-01
1.093102341027503499e+01,-4.406879528561693959e+00,-4.903244873727790054e-01
1.093423463924397687e+01,-4.404970821651333246e+00,-4.909142410040073234e-01
1.093744586821291698e+01,-4.403064762484501848e+00,-4.915038141559718299e-01
1.094065709718185886e+01,-4.401161346514810724e+00,-4.920932072693768866e-01
1.094386832615079896e+01,-4.399260568884745481e+00,-4.926824207643819564e-01
1.094707955511973907e+01,-4.397362424384247070e+00,-4.932714550638576667e-01
1.095029078408868095e+01,-4.395466907524319566e+00,-4.938603106155365907e-01
1.095350201305762106e+01,-4.393574012702509357e+00,-4.944489879061383375e-01
1.095671324202656294e+01,-4.391683734408303508e+00,-4.950374874630308342e-01
1.095992447099550482e+01,-4.389796067403947788e+00,-4.956258098429236481e-01
1.096313569996444492e+01,-4.387911006824202431e+00,-4.962139556111399563e-01
1.096634692893338503e+01,-4.386028548163521279e+00,-4.968019253179773997e-01
1.096955815790232691e+01,-4.384148687154936219e+00,-4.973897194795651178e-01
1.097276938687126702e+01,-4.382271419578605887e+00,-4.979773385692229937e-01
1.097598061584020890e+01,-4.380396741060009980e+00,-4.985647830220179544e-01
1.097919184480914900e+01,-4.378524646921121644e+00,-4.991520532510980157e-01
1.098240307377808911e+01,-4.376655132131203274e+00,-4.997391496706538039e-01
1.098561430274703277e+01,-4.374788191372423363e+00,-5.003260727183334033e-01
1.098882553171597287e+01,-4.372923819199901807e+00,-5.009128228700605590e-01
1.099203676068491298e+01,-4.371062010245664098e+00,-5.014994006426323203e-01
1.099524798965385486e+01,-4.369202759402747382e+00,-5.020858065832792816e-01
1.099845921862279496e+01,-4.367346061931628221e+00,-5.026720412494751766e-01
1.100167044759173507e+01,-4.365491913455644024e+00,-5.032581051853290965e-01
1.100488167656067695e+01,-4.363640309846939402e+00,-5.038439989019657395e-01
1.100809290552961706e+01,-4.361791247038667940e+00,-5.044297228680419964e-01
1.101130413449856071e+01,-4.359944720822438669e+00,-5.050152775133729399e-01
1.101451536346750082e+01,-4.358100726694456917e+00,-5.056006632445193549e-01
1.101772659243644092e+01,-4.356259259798588523e+00,-5.061858804674448375e-01
1.102093782140538281e+01,-4.354420314984065676e+00,-5.067709296101444716e-01
1.102414905037432291e+01,-4.352583886959870085e+00,-5.073558111381358815e-01
1.102736027934326302e+01,-4.350749970497071573e+00,-5.079405255579745315e-01
1.103057150831220490e+01,-4.348918560615836704e+00,-5.085250734076897094e-01
1.103378273728114500e+01,-4.347089652698438833e+00,-5.091094552371489002e-01
1.103699396625008511e+01,-4.345263242492832134e+00,-5.096936715845096222e-01
1.104020519521902877e+01,-4.343439326005706036e+00,-5.102777229561473726e-01
1.104341642418796887e+01,-4.341617899318613638e+00,-5.108616098163446528e-01
1.104662765315691075e+01,-4.339798958384847083e+00,-5.114453325899785963e-01
1.104983888212585086e+01,-4.337982498870712078e+00,-5.120288916773523269e-01
1.105305011109479096e+01,-4.336168516090888936e+00,-5.126122874765144388e-01
1.105626134006373285e+01,-4.334357005058190992e+00,-5.131955204060717479e-01
1.105947256903267295e+01,-4.332547960631937478e+00,-5.137785909213425928e-01
1.106268379800161306e+01,-4.330741377718450913e+00,-5.143614995187928418e-01
1.106589502697055671e+01,-4.328937251460684088e+00,-5.149442467273603885e-01
1.106910625593949682e+01,-4.327135577357664076e+00,-5.155268330894197115e-01
1.107231748490843692e+01,-4.325336351276247271e+00,-5.161092591373286353e-01
1.107552871387737881e+01,-4.323539569351508405e+00,-5.166915253729442714e-01
1.107873994284631891e+01,-4.321745227807183731e+00,-5.172736322565035794e-01
1.108195117181526079e+01,-4.319953322752358993e+00,-5.178555802083665283e-01
1.108516240078420090e+01,-4.318163850018199135e+00,-5.184373696230646367e-01
1.108837362975314100e+01,-4.316376805085902824e+00,-5.190190008912372033e-01
1.109158485872208466e+01,-4.314592183128325154e+00,-5.196004744225894978e-01
1.109479608769102477e+01,-4.312809979152288697e+00,-5.201817906626594601e-01
1.109800731665996487e+01,-4.311030188196716573e+00,-5.207629500981536541e-01
1.110121854562890675e+01,-4.309252805524645069e+00,-5.213439532491729311e-01
1.110442977459784686e+01,-4.307477826748698391e+00,-5.219248006507863913e-01
1.110764100356678696e+01,-4.305705247850892370e+00,-5.225054928297255818e-01
1.111085223253572885e+01,-4.303935065090466416e+00,-5.230860302835140807e-01
1.111406346150466895e+01,-4.302167274828789800e+00,-5.236664134685756755e-01
1.111727469047360906e+01,-4.300401873326173074e+00,-5.242466428010427171e-01
1.112048591944255271e+01,-4.298638856574400258e+00,-5.248267186700076303e-01
1.112369714841149282e+01,-4.296878220217391409e+00,-5.254066414590542466e-01
1.112690837738043470e+01,-4.295119959584815739e+00,-5.259864115693199116e-01
1.113011960634937481e+01,-4.293364069828092155e+00,-5.265660294368472716e-01
1.113333083531831491e+01,-4.291610546116030100e+00,-5.271454955387997465e-01
1.113654206428725679e+01,-4.289859383828742878e+00,-5.277248103865902484e-01
1.113975329325619690e+01,-4.288110578689013686e+00,-5.283039745080820859e-01
1.114296452222513700e+01,-4.286364126789945495e+00,-5.288829884244650170e-01
1.114617575119408066e+01,-4.284620024510247482e+00,-5.294618526290345573e-01
1.114938698016302077e+01,-4.282878268343758066e+00,-5.300405675745574197e-01
1.115259820913196265e+01,-4.281138854696680873e+00,-5.306191336731578279e-01
1.115580943810090275e+01,-4.279401779716169862e+00,-5.311975513087753287e-01
1.115902066706984286e+01,-4.277667039203909560e+00,-5.317758208582733515e-01
1.116223189603878474e+01,-4.275934628641823387e+00,-5.323539427145794756e-01
1.116544312500772484e+01,-4.274204543321754812e+00,-5.329319173046018765e-01
1.116865435397666495e+01,-4.272476778538454312e+00,-5.335097450963129928e-01
1.117186558294560683e+01,-4.270751329785339223e+00,-5.340874265927672004e-01
1.117507681191454871e+01,-4.269028192891565432e+00,-5.346649623149531960e-01
1.117828804088348882e+01,-4.267307364057542074e+00,-5.352423527788473523e-01
1.118149926985243070e+01,-4.265588839777764818e+00,-5.358195984738701734e-01
1.118471049882137081e+01,-4.263872616675109306e+00,-5.363966998494976712e-01
1.118792172779031269e+01,-4.262158691298651547e+00,-5.369736573142259717e-01
1.119113295675925279e+01,-4.260447059948416104e+00,-5.375504712472030100e-01
1.119434418572819290e+01,-4.258737718581810050e+00,-5.381271420188837862e-01
1.119755541469713478e+01,-4.257030662831288836e+00,-5.387036700142256995e-01
1.120076664366607666e+01,-4.255325888127366341e+00,-5.392800556511511134e-01
1.120397787263501677e+01,-4.253623389888611328e+00,-5.398562993884973293e-01
1.120718910160395865e+01,-4.251923163718872800e+00,-5.404324017209602982e-01
1.121040033057289875e+01,-4.250225205549903684e+00,-5.410083631626297906e-01
1.121361155954183886e+01,-4.248529511684740356e+00,-5.415841842242798965e-01
1.121682278851078074e+01,-4.246836078728267516e+00,-5.421598653915364885e-01
1.122003401747972084e+01,-4.245144903426672833e+00,-5.427354071107742817e-01
1.122324524644866095e+01,-4.243455982466325160e+00,-5.433108097871550690e-01
1.122645647541760461e+01,-4.241769312295017968e+00,-5.438860737954173130e-01
1.122966770438654471e+01,-4.240084889021607850e+00,-5.444611995000382398e-01
1.123287893335548659e+01,-4.238402708425602405e+00,-5.450361872784311723e-01
1.123609016232442670e+01,-4.236722766073417468e+00,-5.456110375399160217e-01
1.123930139129336681e+01,-4.235045057505029575e+00,-5.461857507345089235e-01
1.124251262026230869e+01,-4.233369578432281344e+00,-5.467603273487849913e-01
1.124572384923124879e+01,-4.231696324886793370e+00,-5.473347678901153701e-01
1.124893507820018890e+01,-4.230025293270995412e+00,-5.479090728642294073e-01
1.125214630716913078e+01,-4.228356480296414865e+00,-5.484832427531320942e-01
1.125535753613807266e+01,-4.226689882828523537e+00,-5.490572780003146747e-01
1.125856876510701454e+01,-4.225025497686917930e+00,-5.496311790078798332e-01
1.126177999407595465e+01,-4.223363321463427411e+00,-5.502049461464840752e-01
1.126499122304489475e+01,-4.221703350415128675e+00,-5.507785797749776835e-01
1.126820245201383663e+01,-4.220045580465899171e+00,-5.513520802635732965e-01
1.127141368098277674e+01,-4.218390007315921508e+00,-5.519254480132860241e-01
1.127462490995171684e+01,-4.216736626624594031e+00,-5.524986834655435386e-01
1.127783613892065873e+01,-4.215085434209766113e+00,-5.530717870989604323e-01
1.128104736788960061e+01,-4.213436426200530605e+00,-5.536447594142955841e-01
1.128425859685854071e+01,-4.211789599095771663e+00,-5.542176009123094271e-01
1.128746982582748259e+01,-4.210144949710220352e+00,-5.547903120714718916e-01
1.129068105479642270e+01,-4.208502475024758382e+00,-5.553628933325079897e-01
1.129389228376536281e+01,-4.206862171988172250e+00,-5.559353450946276087e-01
1.129710351273430469e+01,-4.205224037332315312e+00,-5.565076677246197923e-01
1.130031474170324479e+01,-4.203588067458746025e+00,-5.570798615759509076e-01
1.130352597067218667e+01,-4.201954258432357037e+00,-5.576519270118842631e-01
1.130673719964112678e+01,-4.200322606083818577e+00,-5.582238644253604276e-01
1.130994842861006866e+01,-4.198693106188891022e+00,-5.587956742494215590e-01
1.131315965757901054e+01,-4.197065754668135362e+00,-5.593673569548988089e-01
1.131637088654795065e+01,-4.195440547744502702e+00,-5.599389130361051015e-01
1.131958211551689075e+01,-4.193817482009433384e+00,-5.605103429890179179e-01
1.132279334448583263e+01,-4.192196554376666384e+00,-5.610816472887998341e-01
1.132600457345477274e+01,-4.190577761938300227e+00,-5.616528263736996207e-01
1.132921580242371284e+01,-4.188961101768381212e+00,-5.622238806403867528e-01
1.133242703139265473e+01,-4.187346570735449802e+00,-5.627948104521749428e-01
1.133563826036159661e+01,-4.185734165382905658e+00,-5.633656161575498755e-01
1.133884948933053849e+01,-4.184123881914651122e+00,-5.639362981131936792e-01
1.134206071829947859e+01,-4.182515716290463814e+00,-5.645068567042806906e-01
1.134527194726841870e+01,-4.180909664401181836e+00,-5.650772923556861560e-01
1.134848317623736058e+01,-4.179305722268640721e+00,-5.656476055305924566e-01
1.135169440520630069e+01,-4.177703886207799755e+00,-5.662177967169387260e-01
1.135490563417524079e+01,-4.176104152900038002e+00,-5.667878664059644578e-01
1.135811686314418267e+01,-4.174506519354928891e+00,-5.673578150695831601e-01
1.136132809211312455e+01,-4.172910982772140898e+00,-5.679276431436703909e-01
1.136453932108206644e+01,-4.171317540347190267e+00,-5.684973510225216353e-01
1.136775055005100654e+01,-4.169726189081622181e+00,-5.690669390661973193e-01
1.137096177901994665e+01,-4.168136925657411673e+00,-5.696364076184621261e-01
1.137417300798888853e+01,-4.166549746414686339e+00,-5.702057570296785727e-01
1.137738423695782863e+01,-4.164964647439957979e+00,-5.707749876774859121e-01
1.138059546592676874e+01,-4.163381624736899767e+00,-5.713440999787718910e-01
1.138380669489571062e+01,-4.161800674426322288e+00,-5.719130943891953534e-01
1.138701792386465073e+01,-4.160221792912451200e+00,-5.724819713904035767e-01
1.139022915283359261e+01,-4.158644976963420170e+00,-5.730507314689713416e-01
1.139344038180253449e+01,-4.157070223680827681e+00,-5.736193750936555702e-01
1.139665161077147459e+01,-4.155497530367781245e+00,-5.741879026981083767e-01
1.139986283974041470e+01,-4.153926894336986031e+00,-5.747563146744664175e-01
1.140307406870935658e+01,-4.152358312718983591e+00,-5.753246113798217154e-01
1.140628529767829669e+01,-4.150791782330718327e+00,-5.758927931535458011e-01
1.140949652664723857e+01,-4.149227299645523281e+00,-5.764608603400296349e-01
1.141270775561617867e+01,-4.147664860874099801e+00,-5.770288133097080108e-01
1.141591898458512055e+01,-4.146104462130837831e+00,-5.775966524717767170e-01
1.141913021355406244e+01,-4.144546099633499736e+00,-5.781643782746150872e-01
1.142234144252300254e+01,-4.142989769873471673e+00,-5.787319911937903738e-01
1.142555267149194265e+01,-4.141435469703301564e+00,-5.792994917113984954e-01
1.142876390046088453e+01,-4.139883196314101177e+00,-5.798668802932351873e-01
1.143197512942982463e+01,-4.138332947109765847e+00,-5.804341573709436153e-01
1.143518635839876474e+01,-4.136784719517702769e+00,-5.810013233347437467e-01
1.143839758736770662e+01,-4.135238510795248068e+00,-5.815683785390175498e-01
1.144160881633664673e+01,-4.133694317892516956e+00,-5.821353233189948684e-01
1.144482004530559038e+01,-4.132152137414683679e+00,-5.827021580133059375e-01
1.144803127427453049e+01,-4.130611965695527132e+00,-5.832688829853286405e-01
1.145124250324347059e+01,-4.129073798958954988e+00,-5.838354986366323107e-01
1.145445373221241248e+01,-4.127537633518068461e+00,-5.844020054083133298e-01
1.145766496118135258e+01,-4.126003465949125371e+00,-5.849684037698021921e-01
1.146087619015029269e+01,-4.124471293185962395e+00,-5.855346941986570020e-01
1.146408741911923457e+01,-4.122941112505246863e+00,-5.861008771576862175e-01
1.146729864808817467e+01,-4.121412921407134000e+00,-5.866669530765735718e-01
1.147050987705711833e+01,-4.119886717428957290e+00,-5.872329223437687817e-01
1.147372110602605844e+01,-4.118362497950192491e+00,-5.877987853111859007e-01
1.147693233499499854e+01,-4.116840260049976052e+00,-5.883645423102314975e-01
1.148014356396394042e+01,-4.115320000461856864e+00,-5.889301936741351273e-01
1.148335479293288053e+01,-4.113801715639800349e+00,-5.894957397595800286e-01
1.148656602190182063e+01,-4.112285401914988370e+00,-5.900611809608453662e-01
1.148977725087076251e+01,-4.110771055693909659e+00,-5.906265177120365584e-01
1.149298847983970262e+01,-4.109258673635821424e+00,-5.911917504766923681e-01
1.149619970880864450e+01,-4.107748252753859575e+00,-5.917568797280475801e-01
1.149941093777758638e+01,-4.106239790408102053e+00,-5.923219059261274344e-01
1.150262216674652649e+01,-4.104733284192731979e+00,-5.928868294988691723e-01
1.150583339571546659e+01,-4.103228731752800229e+00,-5.934516508331828533e-01
1.150904462468440848e+01,-4.101726130587969976e+00,-5.940163702787558675e-01
1.151225585365334858e+01,-4.100225477904769988e+00,-5.945809881634075422e-01
1.151546708262229046e+01,-4.098726770563766664e+00,-5.951455048151720328e-01
1.151867831159123057e+01,-4.097230005138114528e+00,-5.957099205841901446e-01
1.152188954056017067e+01,-4.095735178065096349e+00,-5.962742358575374713e-01
1.152510076952911433e+01,-4.094242285843127327e+00,-5.968384510623504502e-01
1.152831199849805444e+01,-4.092751325212439895e+00,-5.974025666562634562e-01
1.153152322746699454e+01,-4.091262293262763805e+00,-5.979665831081669713e-01
1.153473445643593642e+01,-4.089775187434258719e+00,-5.985305008753171174e-01
1.153794568540487653e+01,-4.088290005411340466e+00,-5.990943203839790288e-01
1.154115691437381663e+01,-4.086806744942911074e+00,-5.996580420196762073e-01
1.154436814334275851e+01,-4.085325403645120090e+00,-6.002216661300974199e-01
1.154757937231169862e+01,-4.083845978848708924e+00,-6.007851930397501983e-01
1.155079060128064228e+01,-4.082368467538702639e+00,-6.013486230717646208e-01
1.155400183024958238e+01,-4.080892866405330999e+00,-6.019119565700082886e-01
1.155721305921852249e+01,-4.079419171990288362e+00,-6.024751939145754909e-01
1.156042428818746437e+01,-4.077947380882250172e+00,-6.030383355257987743e-01
1.156363551715640448e+01,-4.076477489900555362e+00,-6.036013818555269195e-01
1.156684674612534458e+01,-4.075009496209215598e+00,-6.041643333684008077e-01
1.157005797509428646e+01,-4.073543397325737558e+00,-6.047271905190141350e-01
1.157326920406322657e+01,-4.072079191021780176e+00,-6.052899537321073664e-01
1.157648043303217023e+01,-4.070616875146966684e+00,-6.058526233920172865e-01
1.157969166200111033e+01,-4.069156447431119261e+00,-6.064151998446860592e-01
1.158290289097005044e+01,-4.067697905326800090e+00,-6.069776834115936381e-01
1.158611411993899232e+01,-4.066241245941650817e+00,-6.075400744112479101e-01
1.158932534890793242e+01,-4.064786466081705463e+00,-6.081023731814897415e-01
1.159253657787687253e+01,-4.063333562392010379e+00,-6.086645800956171914e-01
1.159574780684581441e+01,-4.061882531550457642e+00,-6.092266955672748230e-01
1.159895903581475451e+01,-4.060433370454104463e+00,-6.097887200425793353e-01
1.160217026478369462e+01,-4.058986076339365923e+00,-6.103506539819475440e-01
1.160538149375263828e+01,-4.057540646798572403e+00,-6.109124978373350334e-01
1.160859272272157838e+01,-4.056097079687607909e+00,-6.114742520320212149e-01
1.161180395169051849e+01,-4.054655372953619441e+00,-6.120359169492809448e-01
1.161501518065946037e+01,-4.053215524436878603e+00,-6.125974929334973007e-01
1.161822640962840048e+01,-4.051777531708935953e+00,-6.131589803033611341e-01
1.162143763859734236e+01,-4.050341391997711149e+00,-6.137203793730182655e-01
1.162464886756628246e+01,-4.048907102223163967e+00,-6.142816904745330708e-01
1.162786009653522257e+01,-4.047474659132236141e+00,-6.148429139746192096e-01
1.163107132550416623e+01,-4.046044059490726319e+00,-6.154040502803939106e-01
1.163428255447310633e+01,-4.044615300271916070e+00,-6.159650998323508153e-01
1.163749378344204644e+01,-4.043188378782798686e+00,-6.165260630867587244e-01
1.164070501241098832e+01,-4.041763292688344222e+00,-6.170869404930086066e-01
1.164391624137992842e+01,-4.040340039926109128e+00,-6.176477324730125229e-01
1.164712747034886853e+01,-4.038918618538021477e+00,-6.182084394091179602e-01
1.165033869931781041e+01,-4.037499026472154640e+00,-6.187690616443255465e-01
1.165354992828675051e+01,-4.036081261416605059e+00,-6.193295994947455307e-01
1.165676115725569240e+01,-4.034665320717540027e+00,-6.198900532703818245e-01
1.165997238622463428e+01,-4.033251201407175301e+00,-6.204504232977248179e-01
1.166318361519357438e+01,-4.031838900332871845e+00,-6.210107099370708594e-01
1.166639484416251626e+01,-4.030428414346846289e+00,-6.215709135891306358e-01
1.166960607313145637e+01,-4.029019740496978308e+00,-6.221310346888618836e-01
1.167281730210039647e+01,-4.027612876158870314e+00,-6.226910736884533337e-01
1.167602853106933836e+01,-4.026207819067742832e+00,-6.232510310348046145e-01
1.167923976003827846e+01,-4.024804567240165554e+00,-6.238109071485632429e-01
1.168245098900721857e+01,-4.023403118810098711e+00,-6.243707024112910009e-01
1.168566221797616222e+01,-4.022003471830809751e+00,-6.249304171647923623e-01
1.168887344694510233e+01,-4.020605624104598874e+00,-6.254900517228076939e-01
1.169208467591404421e+01,-4.019209573093885268e+00,-6.260496063914109399e-01
1.169529590488298432e+01,-4.017815315941441590e+00,-6.266090814917109064e-01
1.169850713385192442e+01,-4.016422849593511479e+00,-6.271684773777439492e-01
1.170171836282086630e+01,-4.015032170987099747e+00,-6.277277944439357826e-01
1.170492959178980641e+01,-4.013643277242752383e+00,-6.282870331198034952e-01
1.170814082075874651e+01,-4.012256165802384089e+00,-6.288461938535525597e-01
1.171135204972769017e+01,-4.010870834468923896e+00,-6.294052770897209381e-01
1.171456327869663028e+01,-4.009487281335224473e+00,-6.299642832478664634e-01
1.171777450766557038e+01,-4.008105504624776216e+00,-6.305232127089999139e-01
1.172098573663451226e+01,-4.006725502493893032e+00,-6.310820658140026129e-01
1.172419696560345237e+01,-4.005347272857611607e+00,-6.316408428745331483e-01
1.172740819457239425e+01,-4.003970813293741493e+00,-6.321995441929962878e-01
1.173061942354133436e+01,-4.002596121055320921e+00,-6.327581700853226465e-01
1.173383065251027446e+01,-4.001223193187299465e+00,-6.333167208993989439e-01
1.173704188147921634e+01,-3.999852026711143260e+00,-6.338751970233871269e-01
1.174025311044815822e+01,-3.998482618819200418e+00,-6.344335988813135652e-01
1.174346433941709833e+01,-3.997114967018072562e+00,-6.349919269173166514e-01
1.174667556838604021e+01,-3.995749069175880130e+00,-6.355501815734929671e-01
1.174988679735498032e+01,-3.994384923458648373e+00,-6.361083632682882349e-01
1.175309802632392042e+01,-3.993022528175794061e+00,-6.366664723822166305e-01
1.175630925529286230e+01,-3.991661881583166149e+00,-6.372245092553806556e-01
1.175952048426180241e+01,-3.990302981705296403e+00,-6.377824741975712808e-01
1.176273171323074429e+01,-3.988945826232752623e+00,-6.383403675077811146e-01
1.176594294219968617e+01,-3.987590412526682560e+00,-6.388981894970170439e-01
1.176915417116862628e+01,-3.986236737729147883e+00,-6.394559405072478553e-01
1.177236540013756816e+01,-3.984884798944607898e+00,-6.400136209205535831e-01
1.177557662910650826e+01,-3.983534593435696713e+00,-6.405712311556090999e-01
1.177878785807544837e+01,-3.982186118771864347e+00,-6.411287716525987390e-01
1.178199908704439025e+01,-3.980839372884213301e+00,-6.416862428512984939e-01
1.178521031601333036e+01,-3.979494354009480261e+00,-6.422436451691992954e-01
1.178842154498227046e+01,-3.978151060540580541e+00,-6.428009789865306578e-01
1.179163277395121234e+01,-3.976809490830659044e+00,-6.433582446428794954e-01
1.179484400292015422e+01,-3.975469643012098153e+00,-6.439154424464652582e-01
1.179805523188909611e+01,-3.974131514887242922e+00,-6.444725726931674892e-01
1.180126646085803621e+01,-3.972795103925062410e+00,-6.450296356893233662e-01
1.180447768982697632e+01,-3.971460407364809875e+00,-6.455866317711626001e-01
1.180768891879591820e+01,-3.970127422394161165e+00,-6.461435613147700208e-01
1.181090014776485830e+01,-3.968796146345948017e+00,-6.467004247334643408e-01
1.181411137673379841e+01,-3.967466576851780502e+00,-6.472572224634062232e-01
1.181732260570274029e+01,-3.966138711904334091e+00,-6.478139549419565935e-01
1.182053383467168217e+01,-3.964812549808811148e+00,-6.483706225855676575e-01
1.182374506364062228e+01,-3.963488089038799789e+00,-6.489272257741505179e-01
1.182695629260956416e+01,-3.962165328041631351e+00,-6.494837648468114732e-01
1.183016752157850426e+01,-3.960844265054425328e+00,-6.500402401103060335e-01
1.183337875054744615e+01,-3.959524897988406344e+00,-6.505966518575528879e-01
1.183658997951638625e+01,-3.958207224417778392e+00,-6.511530003904056896e-01
1.183980120848532636e+01,-3.956891241676783633e+00,-6.517092860395420351e-01
1.184301243745426824e+01,-3.955576947034233015e+00,-6.522655091752266321e-01
1.184622366642321012e+01,-3.954264337891140624e+00,-6.528216702055846810e-01
1.184943489539215022e+01,-3.952953411939128525e+00,-6.533777695629132687e-01
1.185264612436109211e+01,-3.951644167230166538e+00,-6.539338076823318913e-01
1.185585735333003221e+01,-3.950336602135661845e+00,-6.544897849794648614e-01
1.185906858229897232e+01,-3.949030715207739739e+00,-6.550457018341556692e-01
1.186227981126791420e+01,-3.947726504986211360e+00,-6.556015585853165462e-01
1.186549104023685430e+01,-3.946423969811787558e+00,-6.561573555385343814e-01
1.186870226920579441e+01,-3.945123107704065379e+00,-6.567130929840425679e-01
1.187191349817473629e+01,-3.943823916342560132e+00,-6.572687712194280607e-01
1.187512472714367817e+01,-3.942526393156764453e+00,-6.578243905699490135e-01
1.187833595611262005e+01,-3.941230535496900611e+00,-6.583799514000889808e-01
1.188154718508156016e+01,-3.939936340831912798e+00,-6.589354541127372400e-01
1.188475841405050026e+01,-3.938643806912505152e+00,-6.594908991362333772e-01
1.188796964301944215e+01,-3.937352931848170368e+00,-6.600462869033574265e-01
1.189118087198838225e+01,-3.936063714073976261e+00,-6.606016178288444118e-01
1.189439210095732236e+01,-3.934776152217592582e+00,-6.611568922924775382e-01
1.189760332992626424e+01,-3.933490244908155464e+00,-6.617121106330667857e-01
1.190081455889520612e+01,-3.932205990587049449e+00,-6.622672731551971781e-01
1.190402578786414800e+01,-3.930923387379779310e+00,-6.628223801466314180e-01
1.190723701683308811e+01,-3.929642433069249652e+00,-6.633774319009143605e-01
1.191044824580202821e+01,-3.928363125178785609e+00,-6.639324287380864442e-01
1.191365947477097009e+01,-3.927085461138791977e+00,-6.644873710170103864e-01
1.191687070373991020e+01,-3.925809438484881397e+00,-6.650422591354492319e-01
1.192008193270885030e+01,-3.924535055025268893e+00,-6.655970935178654457e-01
1.192329316167779218e+01,-3.923262308924994279e+00,-6.661518745947803133e-01
1.192650439064673229e+01,-3.921991198680436330e+00,-6.667066027801489270e-01
1.192971561961567417e+01,-3.920721722992250857e+00,-6.672612784538624053e-01
1.193292684858461605e+01,-3.919453880576531102e+00,-6.678159019548611797e-01
1.193613807755355616e+01,-3.918187669973374199e+00,-6.683704735870141800e-01
1.193934930652249804e+01,-3.916923089412946535e+00,-6.689249936359267235e-01
1.194256053549143815e+01,-3.915660136781001111e+00,-6.694794623913978837e-01
1.194577176446037825e+01,-3.914398809694783488e+00,-6.700338801684939671e-01
1.194898299342932013e+01,-3.913139105665320194e+00,-6.705882473206155048e-01
1.195219422239826024e+01,-3.911881022295364829e+00,-6.711425642404694747e-01
1.195540545136720212e+01,-3.910624557450789851e+00,-6.716968313486308961e-01
1.195861668033614400e+01,-3.909369709351709243e+00,-6.722510490732906963e-01
1.196182790930508411e+01,-3.908116476554706509e+00,-6.728052178275365502e-01
1.196503913827402421e+01,-3.906864857831723548e+00,-6.733593379912915511e-01
1.196825036724296609e+01,-3.905614851983606250e+00,-6.739134099035846148e-01
1.197146159621190620e+01,-3.904366457646699651e+00,-6.744674338675706871e-01
1.197467282518084630e+01,-3.903119673153290670e+00,-6.750214101667392219e-01
1.197788405414978818e+01,-3.901874496489483146e+00,-6.755753390872162312e-01
1.198109528311873007e+01,-3.900630925363952617e+00,-6.761292209391823738e-01
1.198430651208767195e+01,-3.899388957365800934e+00,-6.766830560706760256e-01
1.198751774105661205e+01,-3.898148590162259897e+00,-6.772368448694645604e-01
1.199072897002555216e+01,-3.896909821674019891e+00,-6.777905877523832112e-01
1.199394019899449404e+01,-3.895672650173355400e+00,-6.783442851454934974e-01
1.199715142796343414e+01,-3.894437074274210708e+00,-6.788979374612786888e-01
1.200036265693237425e+01,-3.893203092817337563e+00,-6.794515450800272527e-01
1.200357388590131613e+01,-3.891970704686511517e+00,-6.800051083412398389e-01
1.200678511487025624e+01,-3.890739908613426223e+00,-6.805586275477671920e-01
1.200999634383919989e+01,-3.889510703032496686e+00,-6.811121029813603789e-01
1.201320757280814000e+01,-3.888283086031073310e+00,-6.816655349247833229e-01
1.201641880177708011e+01,-3.887057055410627182e+00,-6.822189236835279891e-01
1.201963003074602199e+01,-3.885832608839855595e+00,-6.827722696003440950e-01
1.202284125971496209e+01,-3.884609744051503721e+00,-6.833255730580072296e-01
1.202605248868390220e+01,-3.883388459021364980e+00,-6.838788344694741728e-01
1.202926371765284408e+01,-3.882168752073125173e+00,-6.844320542584998446e-01
1.203247494662178418e+01,-3.880950621876322337e+00,-6.849852328368020160e-01
1.203568617559072607e+01,-3.879734067337927250e+00,-6.855383705849315001e-01
1.203889740455966795e+01,-3.878519087421642197e+00,-6.860914678428585711e-01
1.204210863352860805e+01,-3.877305680951475431e+00,-6.866445249132097084e-01
1.204531986249754993e+01,-3.876093846461301062e+00,-6.871975420761631259e-01
1.204853109146649004e+01,-3.874883582137544025e+00,-6.877505196113172792e-01
1.205174232043543014e+01,-3.873674885872934848e+00,-6.883034578196796094e-01
1.205495354940437203e+01,-3.872467755414565005e+00,-6.888563570388751556e-01
1.205816477837331213e+01,-3.871262188559678741e+00,-6.894092176468111788e-01
1.206137600734225224e+01,-3.870058183337992119e+00,-6.899620400526432773e-01
1.206458723631119589e+01,-3.868855738123079924e+00,-6.905148246778719523e-01
1.206779846528013600e+01,-3.867654851638121727e+00,-6.910675719335100942e-01
1.207100969424907611e+01,-3.866455522854044702e+00,-6.916202822004711148e-01
1.207422092321801799e+01,-3.865257750812080673e+00,-6.921729558193394638e-01
1.207743215218695809e+01,-3.864061534426299627e+00,-6.927255930927269656e-01
1.208064338115589820e+01,-3.862866872328170942e+00,-6.932781942994874491e-01
1.208385461012484008e+01,-3.861673762801827614e+00,-6.938307597163199114e-01
1.208706583909378018e+01,-3.860482203830386982e+00,-6.943832896399964039e-01
1.209027706806272384e+01,-3.859292193238800017e+00,-6.949357844032382214e-01
1.209348829703166395e+01,-3.858103728888517825e+00,-6.954882443792559377e-01
1.209669952600060405e+01,-3.856916808862752788e+00,-6.960406699735288694e-01
1.209991075496954593e+01,-3.855731431584396685e+00,-6.965930616054101243e-01
1.210312198393848604e+01,-3.854547595829480588e+00,-6.971454196853008600e-01
1.210633321290742614e+01,-3.853365300631950596e+00,-6.976977445945801160e-01
1.210954444187636803e+01,-3.852184545109627933e+00,-6.982500366745695297e-01
1.211275567084530813e+01,-3.851005328265893368e+00,-6.988022962279981654e-01
1.211596689981425179e+01,-3.849827648829315052e+00,-6.993545235325152598e-01
1.211917812878319189e+01,-3.848651505181435173e+00,-6.999067188620130553e-01
1.212238935775213200e+01,-3.847476895395553598e+00,-7.004588825090727333e-01
1.212560058672107388e+01,-3.846303817374169931e+00,-7.010110148014944143e-01
1.212881181569001399e+01,-3.845132269042068174e+00,-7.015631161077248157e-01
1.213202304465895409e+01,-3.843962248534557702e+00,-7.021151868294911447e-01
1.213523427362789597e+01,-3.842793754321665478e+00,-7.026672273839190686e-01
1.213844550259683608e+01,-3.841626785229488306e+00,-7.032192381807865766e-01
1.214165673156577618e+01,-3.840461340351855490e+00,-7.037712196020057265e-01
1.214486796053471984e+01,-3.839297418880069923e+00,-7.043231719897963261e-01
1.214807918950365995e+01,-3.838135019904077794e+00,-7.048750956472511486e-01
1.215129041847260005e+01,-3.836974142247422392e+00,-7.054269908511177078e-01
1.215450164744154193e+01,-3.835814784387804544e+00,-7.059788578727963504e-01
1.215771287641048204e+01,-3.834656944488124442e+00,-7.065306970009632703e-01
1.216092410537942392e+01,-3.833500620528281111e+00,-7.070825085587230108e-01
1.216413533434836403e+01,-3.832345810496509575e+00,-7.076342929099173062e-01
1.216734656331730413e+01,-3.831192512580052334e+00,-7.081860504525977484e-01
1.217055779228624779e+01,-3.830040725295561721e+00,-7.087377816017167431e-01
1.217376902125518789e+01,-3.828890447518209950e+00,-7.092894867664636394e-01
1.217698025022412800e+01,-3.827741678400298220e+00,-7.098411663293429097e-01
1.218019147919306988e+01,-3.826594417205040344e+00,-7.103928206335791140e-01
1.218340270816200999e+01,-3.825448663107431813e+00,-7.109444499827752839e-01
1.218661393713095009e+01,-3.824304415024843529e+00,-7.114960546529567331e-01
1.218982516609989197e+01,-3.823161671530351136e+00,-7.120476349132139893e-01
1.219303639506883208e+01,-3.822020430876039043e+00,-7.125991910484709146e-01
1.219624762403777396e+01,-3.820880691119027617e+00,-7.131507233772456100e-01
1.219945885300671584e+01,-3.819742450310665394e+00,-7.137022322588223444e-01
1.220267008197565595e+01,-3.818605706689532475e+00,-7.142537180875895286e-01
1.220588131094459783e+01,-3.817470458817786128e+00,-7.148051812763139834e-01
1.220909253991353793e+01,-3.816336705618010416e+00,-7.153566222336035230e-01
1.221230376888247804e+01,-3.815204446298954721e+00,-7.159080413426091027e-01
1.221551499785141992e+01,-3.814073680193581506e+00,-7.164594389476699465e-01
1.221872622682036003e+01,-3.812944406559941157e+00,-7.170108153530785344e-01
1.222193745578930013e+01,-3.811816624407633469e+00,-7.175621708343586924e-01
1.222514868475824379e+01,-3.810690332404070180e+00,-7.181135056585227217e-01
1.222835991372718389e+01,-3.809565528890033193e+00,-7.186648201069618658e-01
1.223157114269612578e+01,-3.808442211999694571e+00,-7.192161144937704309e-01
1.223478237166506588e+01,-3.807320379847475067e+00,-7.197673891737859098e-01
1.223799360063400599e+01,-3.806200030723053906e+00,-7.203186445377871561e-01
1.224120482960294787e+01,-3.805081163233458685e+00,-7.208698809963751675e-01
1.224441605857188797e+01,-3.803963776347628389e+00,-7.214210989575899902e-01
1.224762728754082808e+01,-3.802847869329319508e+00,-7.219722988052643675e-01
1.225083851650977174e+01,-3.801733441579529416e+00,-7.225234808849323453e-01
1.225404974547871184e+01,-3.800620492437752240e+00,-7.230746455016945351e-01
1.225726097444765195e+01,-3.799509021004401355e+00,-7.236257929307245984e-01
1.226047220341659383e+01,-3.798399026040093052e+00,-7.241769234371236985e-01
1.226368343238553393e+01,-3.797290505973483832e+00,-7.247280372988930131e-01
1.226689466135447582e+01,-3.796183459015119332e+00,-7.252791348258297299e-01
1.227010589032341592e+01,-3.795077883341748226e+00,-7.258302163684066111e-01
1.227331711929235603e+01,-3.793973777293149219e+00,-7.263812823138563468e-01
1.227652834826129791e+01,-3.792871139519919055e+00,-7.269323330706797259e-01
1.227973957723023979e+01,-3.791769969035673427e+00,-7.274833690464359570e-01
1.228295080619917989e+01,-3.790670265157354724e+00,-7.280343906257773501e-01
1.228616203516812178e+01,-3.789572027352350325e+00,-7.285853981556229542e-01
1.228937326413706188e+01,-3.788475255040212986e+00,-7.291363919421175455e-01
1.229258449310600199e+01,-3.787379947411373404e+00,-7.296873722603424151e-01
1.229579572207494387e+01,-3.786286103319473906e+00,-7.302383393737255091e-01
1.229900695104388397e+01,-3.785193721281318702e+00,-7.307892935570744486e-01
1.230221818001282585e+01,-3.784102799584339927e+00,-7.313402351160054327e-01
1.230542940898176774e+01,-3.783013336467982768e+00,-7.318911643966734548e-01
1.230864063795070784e+01,-3.781925330322112977e+00,-7.324420817827499430e-01
1.231185186691964972e+01,-3.780838779840176134e+00,-7.329929876805902911e-01
1.231506309588858983e+01,-3.779753684079152354e+00,-7.335438824972452254e-01
1.231827432485752993e+01,-3.778670042407351382e+00,-7.340947666182030540e-01
1.232148555382647181e+01,-3.777587854356430075e+00,-7.346456403918568689e-01
1.232469678279541192e+01,-3.776507119424123982e+00,-7.351965041255572597e-01
1.232790801176435203e+01,-3.775427836889365008e+00,-7.357473580945069758e-01
1.233111924073329568e+01,-3.774350005697910238e+00,-7.362982025606898961e-01
1.233433046970223579e+01,-3.773273624454378083e+00,-7.368490377959351356e-01
1.233754169867117767e+01,-3.772198691523130254e+00,-7.373998641018407740e-01
1.234075292764011778e+01,-3.771125205206500297e+00,-7.379506818203428464e-01
1.234396415660905788e+01,-3.770053163944380614e+00,-7.385014913315848251e-01
1.234717538557799976e+01,-3.768982566472605544e+00,-7.390522930397758206e-01
1.235038661454693987e+01,-3.767913411890480901e+00,-7.396030873514465309e-01
1.235359784351587997e+01,-3.766845699616148568e+00,-7.401538746529410240e-01
1.235680907248482185e+01,-3.765779429243798937e+00,-7.407046552941920492e-01
1.236002030145376374e+01,-3.764714600347486062e+00,-7.412554295838804652e-01
1.236323153042270384e+01,-3.763651212293068316e+00,-7.418061977974969023e-01
1.236644275939164572e+01,-3.762589264117206955e+00,-7.423569601957829001e-01
1.236965398836058583e+01,-3.761528754511509920e+00,-7.429077170477740300e-01
1.237286521732952771e+01,-3.760469681916722262e+00,-7.434584686512168972e-01
1.237607644629846781e+01,-3.759412044697547639e+00,-7.440092153439564759e-01
1.237928767526740792e+01,-3.758355841343248294e+00,-7.445599575027154193e-01
1.238249890423634980e+01,-3.757301070631123174e+00,-7.451106955296495915e-01
1.238571013320529168e+01,-3.756247731701599868e+00,-7.456614298308875677e-01
1.238892136217423179e+01,-3.755195824021331230e+00,-7.462121607937842738e-01
1.239213259114317367e+01,-3.754145347245841258e+00,-7.467628887700203943e-01
1.239534382011211378e+01,-3.753096301024740455e+00,-7.473136140698524166e-01
1.239855504908105388e+01,-3.752048684810618706e+00,-7.478643369693189769e-01
1.240176627804999576e+01,-3.751002497731549923e+00,-7.484150577281468708e-01
1.240497750701893587e+01,-3.749957738567103682e+00,-7.489657766127478800e-01
1.240818873598787775e+01,-3.748914405835592323e+00,-7.495164939170877449e-01
1.241139996495681785e+01,-3.747872497965043959e+00,-7.500672099748937338e-01
1.241461119392575974e+01,-3.746832013494460600e+00,-7.506179251593591006e-01
1.241782242289470162e+01,-3.745792951242024493e+00,-7.511686398704420231e-01
1.242103365186364172e+01,-3.744755310387753333e+00,-7.517193545137355049e-01
1.242424488083258183e+01,-3.743719090444437292e+00,-7.522700694775352748e-01
1.242745610980152371e+01,-3.742684291126060714e+00,-7.528207851153007057e-01
1.243066733877046381e+01,-3.741650912154893760e+00,-7.533715017390096857e-01
1.243387856773940392e+01,-3.740618953067814001e+00,-7.539222196254941055e-01
1.243708979670834580e+01,-3.739588413082519658e+00,-7.544729390337766572e-01
1.244030102567728768e+01,-3.738559291065695067e+00,-7.550236602279692955e-01
1.244351225464622956e+01,-3.737531585613122154e+00,-7.555743834985531038e-01
1.244672348361516967e+01,-3.736505295216631772e+00,-7.561251091753719011e-01
1.244993471258410977e+01,-3.735480418465497277e+00,-7.566758376282428644e-01
1.245314594155305166e+01,-3.734456954219222968e+00,-7.572265692550105287e-01
1.245635717052199176e+01,-3.733434901697409547e+00,-7.577773044607768460e-01
1.245956839949093187e+01,-3.732414260458488009e+00,-7.583280436348147635e-01
1.246277962845987375e+01,-3.731395030274044622e+00,-7.588787871324210732e-01
1.246599085742881563e+01,-3.730377210937949162e+00,-7.594295352673963162e-01
1.246920208639775574e+01,-3.729360802070390335e+00,-7.599802883175088564e-01
1.247241331536669762e+01,-3.728345802978038748e+00,-7.605310465412471466e-01
1.247562454433563772e+01,-3.727332212614396845e+00,-7.610818102005937336e-01
1.247883577330457960e+01,-3.726320029652753441e+00,-7.616325795826943690e-01
1.248204700227351971e+01,-3.725309252648866476e+00,-7.621833550136074553e-01
1.248525823124245981e+01,-3.724299880242416538e+00,-7.627341368598329341e-01
1.248846946021140170e+01,-3.723291911334021265e+00,-7.632849255171241243e-01
1.249168068918034180e+01,-3.722285345182218652e+00,-7.638357213900975884e-01
1.249489191814928368e+01,-3.721280181390093755e+00,-7.643865248690262515e-01
1.249810314711822556e+01,-3.720276419785466082e+00,-7.649373363111040547e-01
1.250131437608716567e+01,-3.719274060232449663e+00,-7.654881560320550005e-01
1.250452560505610577e+01,-3.718273102433238719e+00,-7.660389843107299201e-01
1.250773683402504766e+01,-3.717273545782482369e+00,-7.665898214052516701e-01
1.251094806299398776e+01,-3.716275389319784850e+00,-7.671406675756526905e-01
1.251415929196292964e+01,-3.715278631795476905e+00,-7.676915231058993871e-01
1.251737052093186975e+01,-3.714283271828882960e+00,-7.682423883184062996e-01
1.252058174990081163e+01,-3.713289308109631204e+00,-7.687932635764688216e-01
1.252379297886975351e+01,-3.712296739578813121e+00,-7.693441492738593013e-01
1.252700420783869362e+01,-3.711305565533102868e+00,-7.698950458148319242e-01
1.253021543680763372e+01,-3.710315785619278106e+00,-7.704459535908141365e-01
1.253342666577657560e+01,-3.709327399720648621e+00,-7.709968729610877647e-01
1.253663789474551571e+01,-3.708340407771096192e+00,-7.715478042435269801e-01
1.253984912371445581e+01,-3.707354809554900932e+00,-7.720987477182947867e-01
1.254306035268339770e+01,-3.706370604555269566e+00,-7.726497036433572774e-01
1.254627158165233780e+01,-3.705387791898951289e+00,-7.732006722769404483e-01
1.254948281062128146e+01,-3.704406370414476957e+00,-7.737516538998994164e-01
1.255269403959022156e+01,-3.703426338785666960e+00,-7.743026488309822097e-01
1.255590526855916167e+01,-3.702447695752467460e+00,-7.748536574301939650e-01
1.255911649752810355e+01,-3.701470440295953956e+00,-7.754046800892046010e-01
1.256232772649704366e+01,-3.700494571749583628e+00,-7.759557172118044521e-01
1.256553895546598376e+01,-3.699520089801745293e+00,-7.765067691905380709e-01
1.256875018443492564e+01,-3.698546994388745013e+00,-7.770578363868361205e-01
1.257196141340386575e+01,-3.697575285511764065e+00,-7.776089191208845897e-01
1.257517264237280763e+01,-3.696604963035190039e+00,-7.781600176744173369e-01
1.257838387134174951e+01,-3.695636026529523388e+00,-7.787111323055520007e-01
1.258159510031068962e+01,-3.694668475208242597e+00,-7.792622632710273223e-01
1.258480632927963150e+01,-3.693702307978385502e+00,-7.798134108488666838e-01
1.258801755824857160e+01,-3.692737523589040727e+00,-7.803645753543639874e-01
1.259122878721751171e+01,-3.691774120831257555e+00,-7.809157571443637869e-01
1.259444001618645359e+01,-3.690812098726663493e+00,-7.814669566085038488e-01
1.259765124515539370e+01,-3.689851456645548033e+00,-7.820181741501492922e-01
1.260086247412433558e+01,-3.688892194317445750e+00,-7.825694101629991906e-01
1.260407370309327746e+01,-3.687934311730824533e+00,-7.831206650107113143e-01
1.260728493206221756e+01,-3.686977808953238345e+00,-7.836719390159199161e-01
1.261049616103115767e+01,-3.686022685928432185e+00,-7.842232324621131179e-01
1.261370739000009955e+01,-3.685068942313953322e+00,-7.847745456077770410e-01
1.261691861896903966e+01,-3.684116577410273763e+00,-7.853258787083750025e-01
1.262012984793798154e+01,-3.683165590203700379e+00,-7.858772320392718447e-01
1.262334107690692164e+01,-3.682215979509567028e+00,-7.864286059124141470e-01
1.262655230587586175e+01,-3.681267744170972467e+00,-7.869800006815241833e-01
1.262976353484480541e+01,-3.680320883250618014e+00,-7.875314167341839200e-01
1.263297476381374551e+01,-3.679375396155567302e+00,-7.880828544732759733e-01
1.263618599278268562e+01,-3.678431282655832746e+00,-7.886343142936100836e-01
1.263939722175162750e+01,-3.677488542790828152e+00,-7.891857965610588055e-01
1.264260845072056760e+01,-3.676547176692990693e+00,-7.897373016007558366e-01
1.264581967968950771e+01,-3.675607184383967940e+00,-7.902888296980594696e-01
1.264903090865844959e+01,-3.674668565607118076e+00,-7.908403811119890658e-01
1.265224213762738970e+01,-3.673731319749111712e+00,-7.913919560969218114e-01
1.265545336659633335e+01,-3.672795445875070453e+00,-7.919435549257541895e-01
1.265866459556527346e+01,-3.671860942866426392e+00,-7.924951779072507696e-01
1.266187582453421356e+01,-3.670927809618239834e+00,-7.930468253921466593e-01
1.266508705350315545e+01,-3.669996045234072746e+00,-7.935984977660777151e-01
1.266829828247209555e+01,-3.669065649157344566e+00,-7.941501954315504097e-01
1.267150951144103566e+01,-3.668136621197892744e+00,-7.947019187846040555e-01
1.267472074040997754e+01,-3.667208961445329152e+00,-7.952536681934824214e-01
1.267793196937891764e+01,-3.666282670096403962e+00,-7.958054439860118290e-01
1.268114319834785775e+01,-3.665357747250342690e+00,-7.963572464496430081e-01
1.268435442731680141e+01,-3.664434192736536922e+00,-7.969090758441579325e-01
1.268756565628574151e+01,-3.663512006028470047e+00,-7.974609324230564900e-01
1.269077688525468339e+01,-3.662591186271096255e+00,-7.980128164569203486e-01
1.269398811422362350e+01,-3.661671732412990377e+00,-7.985647282514253265e-01
1.269719934319256360e+01,-3.660753643401997603e+00,-7.991166681543500072e-01
1.270041057216150548e+01,-3.659836918382933568e+00,-7.996686365493752557e-01
1.270362180113044559e+01,-3.658921556835370126e+00,-8.002206338386120832e-01
1.270683303009938570e+01,-3.658007558608242782e+00,-8.007726604193382558e-01
1.271004425906832935e+01,-3.657094923840343625e+00,-8.013247166622308182e-01
1.271325548803726946e+01,-3.656183652791637151e+00,-8.018768028979380569e-01
1.271646671700620956e+01,-3.655273745638179417e+00,-8.024289194161876582e-01
1.271967794597515145e+01,-3.654365202295095205e+00,-8.029810664777391471e-01
1.272288917494409155e+01,-3.653458022323009757e+00,-8.035332443354237242e-01
1.272610040391303166e+01,-3.652552204947456804e+00,-8.040854532576747760e-01
1.272931163288197354e+01,-3.651647749185146452e+00,-8.046376935471835079e-01
1.273252286185091364e+01,-3.650744654037575643e+00,-8.051899655488029550e-01
1.273573409081985730e+01,-3.649842918691242222e+00,-8.057422696442376742e-01
1.273894531978879741e+01,-3.648942542661677724e+00,-8.062946062351593612e-01
1.274215654875773751e+01,-3.648043525836091483e+00,-8.068469757200577019e-01
1.274536777772667939e+01,-3.647145868401124424e+00,-8.073993784720726596e-01
1.274857900669561950e+01,-3.646249570678406382e+00,-8.079518148247722964e-01
1.275179023566455960e+01,-3.645354632919440618e+00,-8.085042850703391126e-01
1.275500146463350148e+01,-3.644461055124110782e+00,-8.090567894707442198e-01
1.275821269360244159e+01,-3.643568836939782507e+00,-8.096093282784067036e-01
1.276142392257138169e+01,-3.642677977672772016e+00,-8.101619017598656880e-01
1.276463515154032535e+01,-3.641788476408548192e+00,-8.107145102150346005e-01
1.276784638050926546e+01,-3.640900332203054646e+00,-8.112671539860034642e-01
1.277105760947820734e+01,-3.640013544285222835e+00,-8.118198334526078863e-01
1.277426883844714744e+01,-3.639128112207021370e+00,-8.123725490161611829e-01
1.277748006741608755e+01,-3.638244035894069306e+00,-8.129253010764374565e-01
1.278069129638502943e+01,-3.637361315580785348e+00,-8.134780900091268530e-01
1.278390252535396954e+01,-3.636479951650319009e+00,-8.140309161508390012e-01
1.278711375432290964e+01,-3.635599944429591002e+00,-8.145837797963592086e-01
1.279032498329185330e+01,-3.634721294003500525e+00,-8.151366812090308223e-01
1.279353621226079341e+01,-3.633844000106772221e+00,-8.156896206410134686e-01
1.279674744122973529e+01,-3.632968062127363673e+00,-8.162425983570623655e-01
1.279995867019867539e+01,-3.632093479220392496e+00,-8.167956146543826623e-01
1.280316989916761550e+01,-3.631220250496975055e+00,-8.173486698723122501e-01
1.280638112813655738e+01,-3.630348375228727775e+00,-8.179017643888014666e-01
1.280959235710549748e+01,-3.629477853003805876e+00,-8.184548986047824881e-01
1.281280358607443759e+01,-3.628608683785490729e+00,-8.190080729213207178e-01
1.281601481504337947e+01,-3.627740867854844176e+00,-8.195612877167210986e-01
1.281922604401232135e+01,-3.626874405655440725e+00,-8.201145433307659438e-01
1.282243727298126146e+01,-3.626009297588730806e+00,-8.206678400610367685e-01
1.282564850195020334e+01,-3.625145543824270788e+00,-8.212211781724821913e-01
1.282885973091914344e+01,-3.624283144184372585e+00,-8.217745579172365256e-01
1.283207095988808355e+01,-3.623422098139354119e+00,-8.223279795584828022e-01
1.283528218885702543e+01,-3.622562404915022238e+00,-8.228814433908671067e-01
1.283849341782596554e+01,-3.621704063678699015e+00,-8.234349497510703442e-01
1.284170464679490742e+01,-3.620847073745474987e+00,-8.239884990151997712e-01
1.284491587576384930e+01,-3.619991434740041036e+00,-8.245420915838237441e-01
1.284812710473278941e+01,-3.619137146663184978e+00,-8.250957278593267219e-01
1.285133833370173129e+01,-3.618284209842216992e+00,-8.256494082226899511e-01
1.285454956267067139e+01,-3.617432624780564154e+00,-8.262031330169821164e-01
1.285776079163961150e+01,-3.616582391953869102e+00,-8.267569025427390361e-01
1.286097202060855338e+01,-3.615733511616391560e+00,-8.273107170667000076e-01
1.286418324957749348e+01,-3.614885983678502335e+00,-8.278645768411545536e-01
1.286739447854643359e+01,-3.614039807693722572e+00,-8.284184821278570698e-01
1.287060570751537725e+01,-3.613194982959514689e+00,-8.289724332189887246e-01
1.287381693648431735e+01,-3.612351508700206271e+00,-8.295264304486097418e-01
1.287702816545325923e+01,-3.611509384274746992e+00,-8.300804741909847406e-01
1.288023939442219934e+01,-3.610668609344122260e+00,-8.306345648463161480e-01
1.288345062339113944e+01,-3.609829183945929554e+00,-8.311887028183383430e-01
1.288666185236008133e+01,-3.608991108452654917e+00,-8.317428884908083520e-01
1.288987308132902143e+01,-3.608154383426569467e+00,-8.322971222102576450e-01
1.289308431029796154e+01,-3.607319009416907640e+00,-8.328514042804302520e-01
1.289629553926690342e+01,-3.606484986762679146e+00,-8.334057349701463613e-01
1.289950676823584530e+01,-3.605652315463192537e+00,-8.339601145321468012e-01
1.290271799720478718e+01,-3.604820995156829966e+00,-8.345145432270000274e-01
1.290592922617372729e+01,-3.603991025214788202e+00,-8.350690213445840504e-01
1.290914045514266739e+01,-3.603162404920539075e+00,-8.356235492163984757e-01
1.291235168411160927e+01,-3.602335133678655765e+00,-8.361781272148377520e-01
1.291556291308054938e+01,-3.601509211187572834e+00,-8.367327557396494475e-01
1.291877414204948948e+01,-3.600684637522008735e+00,-8.372874351958146111e-01
1.292198537101843137e+01,-3.599861413099176399e+00,-8.378421659697901092e-01
1.292519659998737325e+01,-3.599039538539267724e+00,-8.383969484115636472e-01
1.292840782895631335e+01,-3.598219014463976073e+00,-8.389517828281514156e-01
1.293161905792525523e+01,-3.597399841296158751e+00,-8.395066694905973792e-01
1.293483028689419534e+01,-3.596582019123564677e+00,-8.400616086522780801e-01
1.293804151586313544e+01,-3.595765547669416140e+00,-8.406166005727794266e-01
1.294125274483207733e+01,-3.594950426379094566e+00,-8.411716455398609016e-01
1.294446397380101743e+01,-3.594136654595903480e+00,-8.417267438826098180e-01
1.294767520276995931e+01,-3.593324231770740784e+00,-8.422818959716582565e-01
1.295088643173889942e+01,-3.592513157639976029e+00,-8.428371022063826379e-01
1.295409766070784130e+01,-3.591703432315660471e+00,-8.433923629930896171e-01
1.295730888967678318e+01,-3.590895056259735707e+00,-8.439476787210358211e-01
1.296052011864572329e+01,-3.590088030150234921e+00,-8.445030497437947536e-01
1.296373134761466339e+01,-3.589282354681379683e+00,-8.450584763718280712e-01
1.296694257658360527e+01,-3.588478030360291005e+00,-8.456139588785958061e-01
1.297015380555254538e+01,-3.587675057363982845e+00,-8.461694975182990630e-01
1.297336503452148548e+01,-3.586873435501728657e+00,-8.467250925497017411e-01
1.297657626349042737e+01,-3.586073164294488969e+00,-8.472807442585544857e-01
1.297978749245936925e+01,-3.585274243146741924e+00,-8.478364529715886055e-01
1.298299872142831113e+01,-3.584476671556732441e+00,-8.483922190576838052e-01
1.298620995039725123e+01,-3.583680449299308624e+00,-8.489480429158355879e-01
1.298942117936619134e+01,-3.582885576523922477e+00,-8.495039249536808779e-01
1.299263240833513322e+01,-3.582092053736938286e+00,-8.500598655633215817e-01
1.299584363730407333e+01,-3.581299881673846386e+00,-8.506158651020248040e-01
1.299905486627301343e+01,-3.580509061101229573e+00,-8.511719238838564294e-01
1.300226609524195531e+01,-3.579719592610693280e+00,-8.517280421848880678e-01
1.300547732421089719e+01,-3.578931476469345174e+00,-8.522842202603457817e-01
1.300868855317983730e+01,-3.578144712573789299e+00,-8.528404583683354412e-01
1.301189978214877918e+01,-3.577359300522150676e+00,-8.533967567927032150e-01
1.301511101111771929e+01,-3.576575239781580873e+00,-8.539531158578596015e-01
1.301832224008666117e+01,-3.575792529898845551e+00,-8.545095359309107241e-01
1.302153346905560127e+01,-3.575011170687847795e+00,-8.550660174104196543e-01
1.302474469802454138e+01,-3.574231162335350653e+00,-8.556225607053118409e-01
1.302795592699348326e+01,-3.573452505391589984e+00,-8.561791662105435741e-01
1.303116715596242337e+01,-3.572675200648655292e+00,-8.567358342871517207e-01
1.303437838493136525e+01,-3.571899248944756522e+00,-8.572925652529632679e-01
1.303758961390030713e+01,-3.571124650955721958e+00,-8.578493593868767864e-01
1.304080084286924723e+01,-3.570351407039060287e+00,-8.584062169453849922e-01
1.304401207183818734e+01,-3.569579517179690242e+00,-8.589631381861664305e-01
1.304722330080712922e+01,-3.568808981054316209e+00,-8.595201233913473127e-01
1.305043452977606933e+01,-3.568039798194442280e+00,-8.600771728831366758e-01
1.305364575874501121e+01,-3.567271968196855880e+00,-8.606342870269222400e-01
1.305685698771395131e+01,-3.566505490915689691e+00,-8.611914662208461912e-01
1.306006821668289319e+01,-3.565740366575703924e+00,-8.617487108751247238e-01
1.306327944565183508e+01,-3.564976595771220502e+00,-8.623060213875847202e-01
1.306649067462077518e+01,-3.564214179350946310e+00,-8.628633981230970917e-01
1.306970190358971529e+01,-3.563453118224758853e+00,-8.634208414033616164e-01
1.307291313255865717e+01,-3.562693413152968169e+00,-8.639783515102520406e-01
1.307612436152759727e+01,-3.561935064584190069e+00,-8.645359287016870509e-01
1.307933559049653738e+01,-3.561178072592736221e+00,-8.650935732350607532e-01
1.308254681946547926e+01,-3.560422436935224866e+00,-8.656512853908785443e-01
1.308575804843441936e+01,-3.559668157208768946e+00,-8.662090654891970720e-01
1.308896927740336302e+01,-3.558915233061172856e+00,-8.667669138936905382e-01
1.309218050637230313e+01,-3.558163664387304248e+00,-8.673248310020742480e-01
1.309539173534124323e+01,-3.557413451449910724e+00,-8.678828172258629126e-01
1.309860296431018511e+01,-3.556664594887055220e+00,-8.684408729658180670e-01
1.310181419327912522e+01,-3.555917095603655653e+00,-8.689989985907783376e-01
1.310502542224806533e+01,-3.555170954581150511e+00,-8.695571944265161335e-01
1.310823665121700721e+01,-3.554426172664805428e+00,-8.701154607581240708e-01
1.311144788018594731e+01,-3.553682750395580570e+00,-8.706737978451972726e-01
1.311465910915488919e+01,-3.552940687939101227e+00,-8.712322059450481326e-01
1.311787033812383108e+01,-3.552199985134255833e+00,-8.717906853366895747e-01
1.312108156709277118e+01,-3.551460641646173144e+00,-8.723492363380538350e-01
1.312429279606171306e+01,-3.550722657175739094e+00,-8.729078593110441986e-01
1.312750402503065317e+01,-3.549986031659846386e+00,-8.734665546528292968e-01
1.313071525399959327e+01,-3.549250765399699858e+00,-8.740253227760953481e-01
1.313392648296853515e+01,-3.548516859076737529e+00,-8.745841640844496112e-01
1.313713771193747526e+01,-3.547784313651209054e+00,-8.751430789506862151e-01
1.314034894090641714e+01,-3.547053130175044089e+00,-8.757020677047365753e-01
1.314356016987535902e+01,-3.546323309577743554e+00,-8.762611306350905904e-01
1.314677139884429913e+01,-3.545594852492419236e+00,-8.768202680032539664e-01
1.314998262781323923e+01,-3.544867759176599797e+00,-8.773794800667166216e-01
1.315319385678218111e+01,-3.544142029552706852e+00,-8.779387671032310436e-01
1.315640508575112122e+01,-3.543417663355643565e+00,-8.784981294287819154e-01
1.315961631472006310e+01,-3.542694660341193291e+00,-8.790575674036105180e-01
1.316282754368900321e+01,-3.541973020489981749e+00,-8.796170814243878811e-01
1.316603877265794331e+01,-3.541252744142960207e+00,-8.801766719049863852e-01
1.316925000162688697e+01,-3.540533832025807737e+00,-8.807363392518708922e-01
1.317246123059582708e+01,-3.539816285154619990e+00,-8.812960838418283371e-01
1.317567245956476718e+01,-3.539100104652261436e+00,-8.818559060090277457e-01
1.317888368853370906e+01,-3.538385291533020727e+00,-8.824158060454699859e-01
1.318209491750264917e+01,-3.537671846523060104e+00,-8.829757842147087921e-01
1.318530614647158927e+01,-3.536959769973072376e+00,-8.835358407745390608e-01
1.318851737544053115e+01,-3.536249061890536005e+00,-8.840959760015454361e-01
1.319172860440947126e+01,-3.535539722081701530e+00,-8.846561902098136754e-01
1.319493983337841492e+01,-3.534831750358685021e+00,-8.852164837579218348e-01
1.319815106234735502e+01,-3.534125146746846191e+00,-8.857768570420159193e-01
1.320136229131629513e+01,-3.533419911627376564e+00,-8.863373104771266053e-01
1.320457352028523701e+01,-3.532716045770313951e+00,-8.868978444725836852e-01
1.320778474925417711e+01,-3.532013550247468103e+00,-8.874584594092298495e-01
1.321099597822311722e+01,-3.531312426252610326e+00,-8.880191556255941920e-01
1.321420720719205910e+01,-3.530612674885136748e+00,-8.885799334173639652e-01
1.321741843616099921e+01,-3.529914296965139808e+00,-8.891407930503314461e-01
1.322062966512994109e+01,-3.529217292937878891e+00,-8.897017347827725908e-01
1.322384089409888297e+01,-3.528521662897754485e+00,-8.902627588902348732e-01
1.322705212306782308e+01,-3.527827406724321158e+00,-8.908238656849637449e-01
1.323026335203676496e+01,-3.527134524287753869e+00,-8.913850555238730378e-01
1.323347458100570506e+01,-3.526443015659410207e+00,-8.919463288025388792e-01
1.323668580997464517e+01,-3.525752881261407623e+00,-8.925076859371043891e-01
1.323989703894358705e+01,-3.525064121908215498e+00,-8.930691273397474150e-01
1.324310826791252715e+01,-3.524376738727195590e+00,-8.936306533954160303e-01
1.324631949688146726e+01,-3.523690732982855511e+00,-8.941922644471258508e-01
1.324953072585041092e+01,-3.523006105859934678e+00,-8.947539607944378082e-01
1.325274195481935102e+01,-3.522322858273289725e+00,-8.953157427056066542e-01
1.325595318378829113e+01,-3.521640990764339119e+00,-8.958776104396014572e-01
1.325916441275723301e+01,-3.520960503516552986e+00,-8.964395642710950574e-01
1.326237564172617311e+01,-3.520281396485203107e+00,-8.970016045105779767e-01
1.326558687069511500e+01,-3.519603669600888551e+00,-8.975637315133012661e-01
1.326879809966405510e+01,-3.518927322982880579e+00,-8.981259456742064495e-01
1.327200932863299521e+01,-3.518252357095443816e+00,-8.986882474104478380e-01
1.327522055760193886e+01,-3.517578772798053421e+00,-8.992506371369647367e-01
1.327843178657087897e+01,-3.516906571273601401e+00,-8.998131152427703006e-01
1.328164301553981907e+01,-3.516235753857064328e+00,-9.003756820753949786e-01
1.328485424450876096e+01,-3.515566321818324624e+00,-9.009383379383769652e-01
1.328806547347770106e+01,-3.514898276167246038e+00,-9.015010831025945803e-01
1.329127670244664117e+01,-3.514231617542119324e+00,-9.020639178278928583e-01
1.329448793141558305e+01,-3.513566346216731695e+00,-9.026268423882415348e-01
1.329769916038452315e+01,-3.512902462223768119e+00,-9.031898570925155356e-01
1.330091038935346326e+01,-3.512239965555997045e+00,-9.037529622943832885e-01
1.330412161832240692e+01,-3.511578856382248759e+00,-9.043161583881921262e-01
1.330733284729134702e+01,-3.510919135210306852e+00,-9.048794457921218726e-01
1.331054407626028890e+01,-3.510260802945635028e+00,-9.054428249238866133e-01
1.331375530522922901e+01,-3.509603860827403832e+00,-9.060062961766019995e-01
1.331696653419816911e+01,-3.508948310261761350e+00,-9.065698599023915838e-01
1.332017776316711100e+01,-3.508294152604600313e+00,-9.071335164088799585e-01
1.332338899213605110e+01,-3.507641388961926676e+00,-9.076972659696919132e-01
1.332660022110499121e+01,-3.506990020070478664e+00,-9.082611088456696846e-01
1.332981145007393486e+01,-3.506340046296175572e+00,-9.088250453101652804e-01
1.333302267904287497e+01,-3.505691467750992718e+00,-9.093890756704763323e-01
1.333623390801181685e+01,-3.505044284491630968e+00,-9.099532002786875351e-01
1.333944513698075696e+01,-3.504398496737892721e+00,-9.105174195285199445e-01
1.334265636594969706e+01,-3.503754105042026890e+00,-9.110817338391440368e-01
1.334586759491863894e+01,-3.503111110356140312e+00,-9.116461436310429045e-01
1.334907882388757905e+01,-3.502469513976171456e+00,-9.122106493014756623e-01
1.335229005285651915e+01,-3.501829317380033668e+00,-9.127752512072433433e-01
1.335550128182546281e+01,-3.501190522010555917e+00,-9.133399496601743994e-01
1.335871251079440292e+01,-3.500553129071318992e+00,-9.139047449367622145e-01
1.336192373976334302e+01,-3.499917139399313815e+00,-9.144696372989294941e-01
1.336513496873228490e+01,-3.499282553454650557e+00,-9.150346270194392728e-01
1.336834619770122501e+01,-3.498649371430471167e+00,-9.155997144039653701e-01
1.337155742667016689e+01,-3.498017593448831342e+00,-9.161648998029088276e-01
1.337476865563910700e+01,-3.497387219781090018e+00,-9.167301836092398570e-01
1.337797988460804710e+01,-3.496758251023816655e+00,-9.172955662430307688e-01
1.338119111357698898e+01,-3.496130688174863721e+00,-9.178610481275192301e-01
1.338440234254593086e+01,-3.495504532585794522e+00,-9.184266296642095151e-01
1.338761357151487097e+01,-3.494879785805381722e+00,-9.189923112148111750e-01
1.339082480048381285e+01,-3.494256449363291495e+00,-9.195580930956946952e-01
1.339403602945275296e+01,-3.493634524561671117e+00,-9.201239755866152947e-01
1.339724725842169306e+01,-3.493014012340153407e+00,-9.206899589509663917e-01
1.340045848739063494e+01,-3.492394913256537059e+00,-9.212560434612354632e-01
1.340366971635957505e+01,-3.491777227589474286e+00,-9.218222294216590340e-01
1.340688094532851515e+01,-3.491160955530896448e+00,-9.223885171809858008e-01
1.341009217429745881e+01,-3.490546097407968062e+00,-9.229549071313196684e-01
1.341330340326639892e+01,-3.489932653864913803e+00,-9.235213996934040770e-01
1.341651463223534080e+01,-3.489320625947585075e+00,-9.240879952929462737e-01
1.341972586120428090e+01,-3.488710015064234060e+00,-9.246546943354073678e-01
1.342293709017322101e+01,-3.488100822834631742e+00,-9.252214971871738358e-01
1.342614831914216289e+01,-3.487493050874754807e+00,-9.257884041690128685e-01
1.342935954811110300e+01,-3.486886700584650001e+00,-9.263554155638878962e-01
1.343257077708004310e+01,-3.486281773005951656e+00,-9.269225316366938028e-01
1.343578200604898498e+01,-3.485678268793892087e+00,-9.274897526597261077e-01
1.343899323501792686e+01,-3.485076188312710599e+00,-9.280570789359033901e-01
1.344220446398686875e+01,-3.484475531824651195e+00,-9.286245108124487890e-01
1.344541569295580885e+01,-3.483876299713247082e+00,-9.291920486807302426e-01
1.344862692192474896e+01,-3.483278492671078475e+00,-9.297596929622959916e-01
1.345183815089369084e+01,-3.482682111792786195e+00,-9.303274440854701899e-01
1.345504937986263094e+01,-3.482087158544300731e+00,-9.308953024598477510e-01
1.345826060883157105e+01,-3.481493634617627730e+00,-9.314632684566847010e-01
1.346147183780051293e+01,-3.480901541716846737e+00,-9.320313424013478842e-01
1.346468306676945481e+01,-3.480310881342165263e+00,-9.325995245801990130e-01
1.346789429573839492e+01,-3.479721654640015149e+00,-9.331678152597745468e-01
1.347110552470733680e+01,-3.479133862366151853e+00,-9.337362147122515443e-01
1.347431675367627690e+01,-3.478547504973499294e+00,-9.343047232392152068e-01
1.347752798264521701e+01,-3.477962582797312407e+00,-9.348733411862711895e-01
1.348073921161415889e+01,-3.477379096279639370e+00,-9.354420689439078007e-01
1.348395044058309900e+01,-3.476797046162731775e+00,-9.360109069343227617e-01
1.348716166955204088e+01,-3.476216433590641586e+00,-9.365798555883368959e-01
1.349037289852098276e+01,-3.475637260087077962e+00,-9.371489153196244093e-01
1.349358412748992286e+01,-3.475059527416357597e+00,-9.377180865043477365e-01
1.349679535645886475e+01,-3.474483237370931565e+00,-9.382873694725866187e-01
1.350000658542780485e+01,-3.473908391552138042e+00,-9.388567645142665841e-01
1.350321781439674496e+01,-3.473334991212903233e+00,-9.394262718977380855e-01
1.350642904336568684e+01,-3.472763037211860748e+00,-9.399958918951890618e-01
1.350964027233462694e+01,-3.472192530093395568e+00,-9.405656248069274028e-01
1.351285150130356705e+01,-3.471623470268577094e+00,-9.411354709769049753e-01
1.351606273027250893e+01,-3.471055858240361669e+00,-9.417054307946141067e-01
1.351927395924145081e+01,-3.470489694802375347e+00,-9.422755046827393510e-01
1.352248518821039269e+01,-3.469924981148955645e+00,-9.428456930744308906e-01
1.352569641717933280e+01,-3.469361718861782684e+00,-9.434159963873187671e-01
1.352890764614827290e+01,-3.468799909777173340e+00,-9.439864150024249723e-01
1.353211887511721478e+01,-3.468239555775616711e+00,-9.445569492545826673e-01
1.353533010408615489e+01,-3.467680658559439966e+00,-9.451275994374039868e-01
1.353854133305509500e+01,-3.467123219488494446e+00,-9.456983658212281263e-01
1.354175256202403688e+01,-3.466567239525364830e+00,-9.462692486784503032e-01
1.354496379099297876e+01,-3.466012719307476786e+00,-9.468402483082770660e-01
1.354817501996192064e+01,-3.465459659323715247e+00,-9.474113650531539310e-01
1.355138624893086075e+01,-3.464908060140032831e+00,-9.479825993016793850e-01
1.355459747789980085e+01,-3.464357922603551021e+00,-9.485539514770962022e-01
1.355780870686874273e+01,-3.463809247960890403e+00,-9.491254220149425436e-01
1.356101993583768284e+01,-3.463262037853635622e+00,-9.496970113368641275e-01
1.356423116480662294e+01,-3.462716294192154098e+00,-9.502687198288092274e-01
1.356744239377556482e+01,-3.462172018947225816e+00,-9.508405478304375880e-01
1.357065362274450493e+01,-3.461629213924787507e+00,-9.514124956390956900e-01
1.357386485171344681e+01,-3.461087880594483579e+00,-9.519845635271186879e-01
1.357707608068238869e+01,-3.460548020025778548e+00,-9.525567517670420203e-01
1.358028730965132880e+01,-3.460009632951921432e+00,-9.531290606568356694e-01
1.358349853862026890e+01,-3.459472719941743435e+00,-9.537014905372298568e-01
1.358670976758921078e+01,-3.458937281625551030e+00,-9.542740417956925292e-01
1.358992099655815089e+01,-3.458403318904328394e+00,-9.548467148558057449e-01
1.359313222552709277e+01,-3.457870833076524431e+00,-9.554195101553412117e-01
1.359634345449603288e+01,-3.457339825842717929e+00,-9.559924281199186913e-01
1.359955468346497476e+01,-3.456810299186332536e+00,-9.565654691404928966e-01
1.360276591243391664e+01,-3.456282255167999917e+00,-9.571386335617492191e-01
1.360597714140285674e+01,-3.455755695697724228e+00,-9.577119216850437100e-01
1.360918837037179685e+01,-3.455230622356498138e+00,-9.582853337849999154e-01
1.361239959934073873e+01,-3.454707036323307001e+00,-9.588588701345520660e-01
1.361561082830967884e+01,-3.454184938430555629e+00,-9.594325310305932275e-01
1.361882205727861894e+01,-3.453664329330660809e+00,-9.600063168121871771e-01
1.362203328624756082e+01,-3.453145209721676601e+00,-9.605802278656092597e-01
1.362524451521650271e+01,-3.452627580561192566e+00,-9.611542646146361557e-01
1.362845574418544459e+01,-3.452111443201417718e+00,-9.617284274991005910e-01
1.363166697315438469e+01,-3.451596799402995686e+00,-9.623027169484459353e-01
1.363487820212332480e+01,-3.451083651223014748e+00,-9.628771333585476322e-01
1.363808943109226668e+01,-3.450572000812353490e+00,-9.634516770791061724e-01
1.364130066006120678e+01,-3.450061850185734968e+00,-9.640263484155559004e-01
1.364451188903014689e+01,-3.449553201036685390e+00,-9.646011476449152244e-01
1.364772311799908877e+01,-3.449046054655472204e+00,-9.651760750406217504e-01
1.365093434696802888e+01,-3.448540411975931086e+00,-9.657511308985643472e-01
1.365414557593697253e+01,-3.448036273736535762e+00,-9.663263155561458984e-01
1.365735680490591264e+01,-3.447533640705398028e+00,-9.669016293983934140e-01
1.366056803387485274e+01,-3.447032513898640183e+00,-9.674770728491791649e-01
1.366377926284379463e+01,-3.446532894723542739e+00,-9.680526463502922008e-01
1.366699049181273473e+01,-3.446034785001619305e+00,-9.686283503349163437e-01
1.367020172078167484e+01,-3.445538186864109509e+00,-9.692041852038316696e-01
1.367341294975061672e+01,-3.445043102552655334e+00,-9.697801513118073924e-01
1.367662417871955682e+01,-3.444549534187542061e+00,-9.703562489684640635e-01
1.367983540768849871e+01,-3.444057483576263845e+00,-9.709324784533597263e-01
1.368304663665744059e+01,-3.443566952122430358e+00,-9.715088400405711422e-01
1.368625786562638069e+01,-3.443077940863823017e+00,-9.720853340250731334e-01
1.368946909459532080e+01,-3.442590450627752929e+00,-9.726619607426399972e-01
1.369268032356426268e+01,-3.442104482255083919e+00,-9.732387205770125505e-01
1.369589155253320278e+01,-3.441620036822776729e+00,-9.738156139520736110e-01
1.369910278150214467e+01,-3.441137115795049439e+00,-9.743926413114665230e-01
1.370231401047108477e+01,-3.440655721055678740e+00,-9.749698030920344038e-01
1.370552523944002488e+01,-3.440175854811204470e+00,-9.755470996994153321e-01
1.370873646840896853e+01,-3.439697519395179093e+00,-9.761245314934476891e-01
1.371194769737790864e+01,-3.439220717034869867e+00,-9.767020987879764249e-01
1.371515892634684874e+01,-3.438745449653503705e+00,-9.772798018651407403e-01
1.371837015531579063e+01,-3.438271718770185004e+00,-9.778576409996767582e-01
1.372158138428473073e+01,-3.437799525528983491e+00,-9.784356164856164995e-01
1.372479261325367084e+01,-3.437328870848222362e+00,-9.790137286570181896e-01
1.372800384222261272e+01,-3.436859755643298264e+00,-9.795919778962082214e-01
1.373121507119155282e+01,-3.436392181053169015e+00,-9.801703646269418480e-01
1.373442630016049648e+01,-3.435926148599463659e+00,-9.807488892946079062e-01
1.373763752912943659e+01,-3.435461660228293912e+00,-9.813275523396719491e-01
1.374084875809837669e+01,-3.434998718221430103e+00,-9.819063541726893440e-01
1.374405998706731857e+01,-3.434537325004640707e+00,-9.824852951587221828e-01
1.374727121603625868e+01,-3.434077482913214574e+00,-9.830643756160604152e-01
1.375048244500519878e+01,-3.433619193988132423e+00,-9.836435958296674276e-01
1.375369367397414067e+01,-3.433162459866971883e+00,-9.842229560751420969e-01
1.375690490294308077e+01,-3.432707281803786259e+00,-9.848024566456928808e-01
1.376011613191202443e+01,-3.432253660811904972e+00,-9.853820978736653746e-01
1.376332736088096453e+01,-3.431801597885004718e+00,-9.859618801398589705e-01
1.376653858984990464e+01,-3.431351094227127696e+00,-9.865418038677005175e-01
1.376974981881884652e+01,-3.430902151419492174e+00,-9.871218695040810953e-01
1.377296104778778663e+01,-3.430454771471773689e+00,-9.877020774928665370e-01
1.377617227675672673e+01,-3.430008956741517512e+00,-9.882824282493695156e-01
1.377938350572566861e+01,-3.429564709746916851e+00,-9.888629221438069994e-01
1.378259473469460872e+01,-3.429122032931603670e+00,-9.894435594989368088e-01
1.378580596366354882e+01,-3.428680928455158483e+00,-9.900243406026376647e-01
1.378901719263249248e+01,-3.428241398075154933e+00,-9.906052657314875498e-01
1.379222842160143259e+01,-3.427803443157803720e+00,-9.911863351779677256e-01
1.379543965057037269e+01,-3.427367064814069941e+00,-9.917675492727511255e-01
1.379865087953931457e+01,-3.426932264118663252e+00,-9.923489083950801648e-01
1.380186210850825468e+01,-3.426499042343198465e+00,-9.929304129679568103e-01
1.380507333747719656e+01,-3.426067401130507228e+00,-9.935120634396436001e-01
1.380828456644613667e+01,-3.425637342555259757e+00,-9.940938602572673144e-01
1.381149579541507677e+01,-3.425208869051699523e+00,-9.946758038407933489e-01
1.381470702438402043e+01,-3.424781983231127924e+00,-9.952578945655436993e-01
1.381791825335296053e+01,-3.424356687646226582e+00,-9.958401327587564911e-01
1.382112948232190064e+01,-3.423932984576110616e+00,-9.964225187112815130e-01
1.382434071129084252e+01,-3.423510875899660189e+00,-9.970050527007570107e-01
1.382755194025978263e+01,-3.423090363097001099e+00,-9.975877350190186510e-01
1.383076316922872273e+01,-3.422671447378714760e+00,-9.981705659951275456e-01
1.383397439819766461e+01,-3.422254129902627007e+00,-9.987535460068007742e-01
1.383718562716660472e+01,-3.421838412009969854e+00,-9.993366754766326299e-01
1.384039685613554660e+01,-3.421424295407110350e+00,-9.999199548542672122e-01
1.384360808510448848e+01,-3.421011782235576781e+00,-1.000503384590125222e+00
1.384681931407342859e+01,-3.420600875008296349e+00,-1.001086965108876292e+00
1.385003054304237047e+01,-3.420191576431955482e+00,-1.001670696791019610e+00
1.385324177201131057e+01,-3.419783889171018387e+00,-1.002254579968341774e+00
1.385645300098025068e+01,-3.419377815627373085e+00,-1.002838614934697725e+00
1.385966422994919256e+01,-3.418973357804824253e+00,-1.003422801968755662e+00
1.386287545891813267e+01,-3.418570517301007250e+00,-1.004007141361578315e+00
1.386608668788707277e+01,-3.418169295429413612e+00,-1.004591633440400367e+00
1.386929791685601643e+01,-3.417769693433526434e+00,-1.005176278581129345e+00
1.387250914582495653e+01,-3.417371712725765676e+00,-1.005761077205635567e+00
1.387572037479389842e+01,-3.416975355076546705e+00,-1.006346029764670247e+00
1.387893160376283852e+01,-3.416580622693955682e+00,-1.006931136711741059e+00
1.388214283273177863e+01,-3.416187518168884552e+00,-1.007516398476146158e+00
1.388535406170072051e+01,-3.415796044302790158e+00,-1.008101815443610993e+00
1.388856529066966061e+01,-3.415406203871908630e+00,-1.008687387950624625e+00
1.389177651963860072e+01,-3.415017999401838367e+00,-1.009273116294267192e+00
1.389498774860754438e+01,-3.414631433023269214e+00,-1.009859000754451452e+00
1.389819897757648448e+01,-3.414246506454220231e+00,-1.010445041621634843e+00
1.390141020654542459e+01,-3.413863221114483260e+00,-1.011031239221295230e+00
1.390462143551436647e+01,-3.413481578336559963e+00,-1.011617593927499392e+00
1.390783266448330657e+01,-3.413101579607022984e+00,-1.012204106161283423e+00
1.391104389345224845e+01,-3.412723226762611084e+00,-1.012790776374345336e+00
1.391425512242118856e+01,-3.412346522079449773e+00,-1.013377605023144001e+00
1.391746635139012866e+01,-3.411971468227349646e+00,-1.013964592541516829e+00
1.392067758035907055e+01,-3.411598068103334214e+00,-1.014551739320414203e+00
1.392388880932801243e+01,-3.411226324596470239e+00,-1.015139045701112241e+00
1.392710003829695253e+01,-3.410856240357743374e+00,-1.015726511984045288e+00
1.393031126726589441e+01,-3.410487817647261721e+00,-1.016314138450515880e+00
1.393352249623483452e+01,-3.410121058306696540e+00,-1.016901925390474748e+00
1.393673372520377463e+01,-3.409755963865884087e+00,-1.017489873127660482e+00
1.393994495417271651e+01,-3.409392535750217501e+00,-1.018077982034214068e+00
1.394315618314165661e+01,-3.409030775523908652e+00,-1.018666252530161076e+00
1.394636741211059849e+01,-3.408670685092826780e+00,-1.019254685067909838e+00
1.394957864107954038e+01,-3.408312266803175117e+00,-1.019843280106611960e+00
1.395278987004848048e+01,-3.407955523404976983e+00,-1.020432038084419180e+00
1.395600109901742236e+01,-3.407600457891563739e+00,-1.021020959397338057e+00
1.395921232798636247e+01,-3.407247073265438964e+00,-1.021610044391332739e+00
1.396242355695530257e+01,-3.406895372303750946e+00,-1.022199293370161577e+00
1.396563478592424445e+01,-3.406545357397072316e+00,-1.022788706616522214e+00
1.396884601489318456e+01,-3.406197030512210677e+00,-1.023378284419869999e+00
1.397205724386212466e+01,-3.405850393290754230e+00,-1.023968027102203804e+00
1.397526847283106655e+01,-3.405505447252763496e+00,-1.024557935033711509e+00
1.397847970180000843e+01,-3.405162194041724266e+00,-1.025148008633361307e+00
1.398169093076895031e+01,-3.404820635634008941e+00,-1.025738248354230331e+00
1.398490215973789041e+01,-3.404480774447036673e+00,-1.026328654658149597e+00
1.398811338870683052e+01,-3.404142613312061805e+00,-1.026919227987622030e+00
1.399132461767577240e+01,-3.403806155320059368e+00,-1.027509968743804070e+00
1.399453584664471251e+01,-3.403471403588727018e+00,-1.028100877277483560e+00
1.399774707561365261e+01,-3.403138361023805292e+00,-1.028691953895893629e+00
1.400095830458259449e+01,-3.402807030149543444e+00,-1.029283198883245598e+00
1.400416953355153638e+01,-3.402477413061546496e+00,-1.029874612528557609e+00
1.400738076252047648e+01,-3.402149511517094105e+00,-1.030466195152051068e+00
1.401059199148941836e+01,-3.401823327134684938e+00,-1.031057947121835738e+00
1.401380322045835847e+01,-3.401498861640332549e+00,-1.031649868855622820e+00
1.401701444942730035e+01,-3.401176117083397621e+00,-1.032241960806923320e+00
1.402022567839624045e+01,-3.400855095954281815e+00,-1.032834223440030508e+00
1.402343690736518056e+01,-3.400535801166717054e+00,-1.033426657201625520e+00
1.402664813633412244e+01,-3.400218235910241749e+00,-1.034019262497915204e+00
1.402985936530306432e+01,-3.399902403418880503e+00,-1.034612039684483564e+00
1.403307059427200443e+01,-3.399588306728495546e+00,-1.035204989072049386e+00
1.403628182324094631e+01,-3.399275948499028033e+00,-1.035798110946362094e+00
1.403949305220988641e+01,-3.398965330957422371e+00,-1.036391405595993520e+00
1.404270428117882652e+01,-3.398656455979390145e+00,-1.036984873339324542e+00
1.404591551014776840e+01,-3.398349325284402145e+00,-1.037578514542257579e+00
1.404912673911670851e+01,-3.398043940683110886e+00,-1.038172329621078749e+00
1.405233796808564861e+01,-3.397740304299380121e+00,-1.038766319029555518e+00
1.405554919705459049e+01,-3.397438418697418250e+00,-1.039360483234298860e+00
1.405876042602353237e+01,-3.397138286873900626e+00,-1.039954822686103730e+00
1.406197165499247426e+01,-3.396839912117379345e+00,-1.040549337796251805e+00
1.406518288396141436e+01,-3.396543297779022197e+00,-1.041144028925230725e+00
1.406839411293035447e+01,-3.396248447026386508e+00,-1.041738896387413904e+00
1.407160534189929635e+01,-3.395955362657586463e+00,-1.042333940470259401e+00
1.407481657086823645e+01,-3.395664047034197885e+00,-1.042929161462024412e+00
1.407802779983717656e+01,-3.395374502154144825e+00,-1.043524559679298136e+00
1.408123902880611844e+01,-3.395086729841899853e+00,-1.044120135485729239e+00
1.408445025777506032e+01,-3.394800731996439058e+00,-1.044715889296037092e+00
1.408766148674400220e+01,-3.394516510819248101e+00,-1.045311821564047783e+00
1.409087271571294231e+01,-3.394234068950773064e+00,-1.045907932758472825e+00
1.409408394468188241e+01,-3.393953409472397098e+00,-1.046504223334022488e+00
1.409729517365082430e+01,-3.393674535773102185e+00,-1.047100693706910501e+00
1.410050640261976440e+01,-3.393397451322508029e+00,-1.047697344242444650e+00
1.410371763158870451e+01,-3.393122159421384509e+00,-1.048294175258612349e+00
1.410692886055764639e+01,-3.392848663007878685e+00,-1.048891187044565410e+00
1.411014008952658827e+01,-3.392576964580386267e+00,-1.049488379888217970e+00
1.411335131849552837e+01,-3.392307066261453841e+00,-1.050085754104309599e+00
1.411656254746447026e+01,-3.392038969982829499e+00,-1.050683310054136399e+00
1.411977377643341036e+01,-3.391772677733818853e+00,-1.051281048150733533e+00
1.412298500540235224e+01,-3.391508191795103322e+00,-1.051878968847870688e+00
1.412619623437129235e+01,-3.391245514884583923e+00,-1.052477072616284870e+00
1.412940746334023245e+01,-3.390984650169459158e+00,-1.053075359914589448e+00
1.413261869230917434e+01,-3.390725601140431866e+00,-1.053673831163987495e+00
1.413582992127811444e+01,-3.390468371387452606e+00,-1.054272486734714409e+00
1.413904115024705632e+01,-3.390212964347140812e+00,-1.054871326948495502e+00
1.414225237921599820e+01,-3.389959383101101675e+00,-1.055470352096261166e+00
1.414546360818493831e+01,-3.389707630288536500e+00,-1.056069562465588030e+00
1.414867483715387841e+01,-3.389457708160766192e+00,-1.056668958369266109e+00
1.415188606612282030e+01,-3.389209618760633536e+00,-1.057268540166030446e+00
1.415509729509176040e+01,-3.388963364170805015e+00,-1.057868308266945556e+00
1.415830852406070051e+01,-3.388718946753155770e+00,-1.058468263125416531e+00
1.416151975302964239e+01,-3.388476369304039171e+00,-1.059068405213932751e+00
1.416473098199858427e+01,-3.388235635076700447e+00,-1.059668734994839268e+00
1.416794221096752615e+01,-3.387996747663603703e+00,-1.060269252894270320e+00
1.417115343993646626e+01,-3.387759710775366084e+00,-1.060869959287462638e+00
1.417436466890540636e+01,-3.387524527985598777e+00,-1.061470854500035088e+00
1.417757589787434824e+01,-3.387291202521611755e+00,-1.062071938824887152e+00
1.418078712684328835e+01,-3.387059737166735474e+00,-1.062673212549410273e+00
1.418399835581222845e+01,-3.386830134305105933e+00,-1.063274675984507089e+00
1.418720958478117034e+01,-3.386602396094979817e+00,-1.063876329486293182e+00
1.419042081375011044e+01,-3.386376524716439462e+00,-1.064478173463690780e+00
1.419363204271905410e+01,-3.386152522615837324e+00,-1.065080208369485026e+00
1.419684327168799420e+01,-3.385930392670317257e+00,-1.065682434677640122e+00
1.420005450065693431e+01,-3.385710138220595411e+00,-1.066284852853980780e+00
1.420326572962587619e+01,-3.385491762961667206e+00,-1.066887463329412533e+00
1.420647695859481630e+01,-3.385275270725459862e+00,-1.067490266484103723e+00
1.420968818756375640e+01,-3.385060665223511123e+00,-1.068093262647601849e+00
1.421289941653269828e+01,-3.384847949830428249e+00,-1.068696452114863416e+00
1.421611064550163839e+01,-3.384637127476057383e+00,-1.069299835173201485e+00
1.421932187447058027e+01,-3.384428200680460019e+00,-1.069903412131696152e+00
1.422253310343952215e+01,-3.384221171720833699e+00,-1.070507183343847313e+00
1.422574433240846226e+01,-3.384016042878238650e+00,-1.071111149216355862e+00
1.422895556137740414e+01,-3.383812816686800229e+00,-1.071715310201244664e+00
1.423216679034634424e+01,-3.383611496107192806e+00,-1.072319666773780655e+00
1.423537801931528435e+01,-3.383412084569870970e+00,-1.072924219403099899e+00
1.423858924828422623e+01,-3.383214585874240399e+00,-1.073528968524746219e+00
1.424180047725316633e+01,-3.383019003975325845e+00,-1.074133914523742073e+00
1.424501170622210822e+01,-3.382825342724582462e+00,-1.074739057733518299e+00
1.424822293519105010e+01,-3.382633605646242714e+00,-1.075344398451072436e+00
1.425143416415999020e+01,-3.382443795819424892e+00,-1.075949936963605857e+00
1.425464539312893031e+01,-3.382255915903109145e+00,-1.076555673578305061e+00
1.425785662209787219e+01,-3.382069968296412377e+00,-1.077161608645931912e+00
1.426106785106681230e+01,-3.381885955384070996e+00,-1.077767742570796328e+00
1.426427908003575240e+01,-3.381703879790169509e+00,-1.078374075803971044e+00
1.426749030900469428e+01,-3.381523744560579914e+00,-1.078980608821855425e+00
1.427070153797363439e+01,-3.381345553216696498e+00,-1.079587342096777425e+00
1.427391276694257805e+01,-3.381169309663474287e+00,-1.080194276068872972e+00
1.427712399591151815e+01,-3.380995017980330530e+00,-1.080801411128044842e+00
1.428033522488045826e+01,-3.380822682160518067e+00,-1.081408747611692034e+00
1.428354645384940014e+01,-3.380652305880507580e+00,-1.082016285818944601e+00
1.428675768281834024e+01,-3.380483892371930477e+00,-1.082624026036955955e+00
1.428996891178728035e+01,-3.380317444436408802e+00,-1.083231968571021886e+00
1.429318014075622223e+01,-3.380152964598806431e+00,-1.083840113769083180e+00
1.429639136972516233e+01,-3.379990455351074452e+00,-1.084448462032907790e+00
1.429960259869410599e+01,-3.379829919410256345e+00,-1.085057013812428695e+00
1.430281382766304610e+01,-3.379671359909784289e+00,-1.085665769584977847e+00
1.430602505663198620e+01,-3.379514780463885426e+00,-1.086274729825927654e+00
1.430923628560092808e+01,-3.379360185084690826e+00,-1.086883894979916443e+00
1.431244751456986819e+01,-3.379207577977904720e+00,-1.087493265441706436e+00
1.431565874353880830e+01,-3.379056963280901993e+00,-1.088102841552688771e+00
1.431886997250775018e+01,-3.378908344825394039e+00,-1.088712623614154662e+00
1.432208120147669028e+01,-3.378761725999133159e+00,-1.089322611913194017e+00
1.432529243044563039e+01,-3.378617109750352565e+00,-1.089932806753119987e+00
1.432850365941457405e+01,-3.378474498733487152e+00,-1.090543208478868653e+00
1.433171488838351415e+01,-3.378333895551056010e+00,-1.091153817489406430e+00
1.433492611735245426e+01,-3.378195303015562700e+00,-1.091764634233219233e+00
1.433813734632139614e+01,-3.378058724349592534e+00,-1.092375659188295378e+00
1.434134857529033624e+01,-3.377924163260995982e+00,-1.092986892832829460e+00
1.434455980425927812e+01,-3.377791623869550452e+00,-1.093598335615854511e+00
1.434777103322821823e+01,-3.377661110507776066e+00,-1.094209987936999307e+00
1.435098226219715833e+01,-3.377532627458323500e+00,-1.094821850141745490e+00
1.435419349116610199e+01,-3.377406178710182783e+00,-1.095433922533695759e+00
1.435740472013504210e+01,-3.377281767810294433e+00,-1.096046205400021289e+00
1.436061594910398220e+01,-3.377159397857266043e+00,-1.096658699042135643e+00
1.436382717807292408e+01,-3.377039071639402312e+00,-1.097271403801963530e+00
1.436703840704186419e+01,-3.376920791873945671e+00,-1.097884320075562359e+00
1.437024963601080429e+01,-3.376804561472646071e+00,-1.098497448309801117e+00
1.437346086497974618e+01,-3.376690383750326596e+00,-1.099110788983108877e+00
1.437667209394868628e+01,-3.376578262510949280e+00,-1.099724342576310798e+00
1.437988332291762994e+01,-3.376468201983971351e+00,-1.100338109542688514e+00
1.438309455188657004e+01,-3.376360206630752980e+00,-1.100952090286661633e+00
1.438630578085551015e+01,-3.376254280881501479e+00,-1.101566285157780323e+00
1.438951700982445203e+01,-3.376150428885352106e+00,-1.102180694461958099e+00
1.439272823879339214e+01,-3.376048654351824219e+00,-1.102795318486429421e+00
1.439593946776233224e+01,-3.375948960533738941e+00,-1.103410157530632318e+00
1.439915069673127412e+01,-3.375851350357103708e+00,-1.104025211933326478e+00
1.440236192570021423e+01,-3.375755826657440117e+00,-1.104640482087441367e+00
1.440557315466915433e+01,-3.375662392448580462e+00,-1.105255968437961700e+00
1.440878438363809799e+01,-3.375571051139715451e+00,-1.105871671463503736e+00
1.441199561260703810e+01,-3.375481806632372628e+00,-1.106487591647321134e+00
1.441520684157597998e+01,-3.375394663266880535e+00,-1.107103729446833107e+00
1.441841807054492008e+01,-3.375309625634713040e+00,-1.107720085271223454e+00
1.442162929951386019e+01,-3.375226698315576535e+00,-1.108336659474167929e+00
1.442484052848280207e+01,-3.375145885621428921e+00,-1.108953452363971026e+00
1.442805175745174218e+01,-3.375067191427954860e+00,-1.109570464227983111e+00
1.443126298642068228e+01,-3.374990619146360338e+00,-1.110187695363642035e+00
1.443447421538962594e+01,-3.374916171844662749e+00,-1.110805146106418118e+00
1.443768544435856604e+01,-3.374843852480569062e+00,-1.111422816845881956e+00
1.444089667332750615e+01,-3.374773664173202903e+00,-1.112040708024849112e+00
1.444410790229644803e+01,-3.374705610428245794e+00,-1.112658820121829928e+00
1.444731913126538814e+01,-3.374639695246072879e+00,-1.113277153622271420e+00
1.445053036023433002e+01,-3.374575923078575901e+00,-1.113895708987601818e+00
1.445374158920327012e+01,-3.374514298648097821e+00,-1.114514486631781098e+00
1.445695281817221023e+01,-3.374454826685141740e+00,-1.115133486912728067e+00
1.446016404714115211e+01,-3.374397511666904048e+00,-1.115752710141336479e+00
1.446337527611009399e+01,-3.374342357638866474e+00,-1.116372156605272004e+00
1.446658650507903410e+01,-3.374289368175394266e+00,-1.116991826600109539e+00
1.446979773404797598e+01,-3.374238546492061008e+00,-1.117611720458046021e+00
1.447300896301691608e+01,-3.374189895674519324e+00,-1.118231838565174829e+00
1.447622019198585619e+01,-3.374143418952482154e+00,-1.118852181361882581e+00
1.447943142095479807e+01,-3.374099119932660873e+00,-1.119472749326223315e+00
1.448264264992373818e+01,-3.374057002717717246e+00,-1.120093542945451937e+00
1.448585387889268006e+01,-3.374017071873560258e+00,-1.120714562684644200e+00
1.448906510786162194e+01,-3.373979332255157448e+00,-1.121335808962237612e+00
1.449227633683056204e+01,-3.373943788745225714e+00,-1.121957282140187973e+00
1.449548756579950393e+01,-3.373910445987693851e+00,-1.122578982531848624e+00
1.449869879476844403e+01,-3.373879308199698279e+00,-1.123200910425130594e+00
1.450191002373738414e+01,-3.373850379121068777e+00,-1.123823066113696090e+00
1.450512125270632602e+01,-3.373823662117585442e+00,-1.124445449926410268e+00
1.450833248167526612e+01,-3.373799160405692721e+00,-1.125068062245803358e+00
1.451154371064420623e+01,-3.373776877328474200e+00,-1.125690903509728003e+00
1.451475493961314989e+01,-3.373756816596242825e+00,-1.126313974195669365e+00
1.451796616858208999e+01,-3.373738982416299326e+00,-1.126937274792596311e+00
1.452117739755103187e+01,-3.373723379470879191e+00,-1.127560805769177499e+00
1.452438862651997198e+01,-3.373710012750020582e+00,-1.128184567548320194e+00
1.452759985548891208e+01,-3.373698887291491921e+00,-1.128808560496041169e+00
1.453081108445785397e+01,-3.373690007909375232e+00,-1.129432784928187772e+00
1.453402231342679407e+01,-3.373683378996386928e+00,-1.130057241132921941e+00
1.453723354239573418e+01,-3.373679004462148079e+00,-1.130681929401943453e+00
1.454044477136467606e+01,-3.373676887827045778e+00,-1.131306850060666669e+00
1.454365600033361794e+01,-3.373677032442443657e+00,-1.131932003487873706e+00
1.454686722930255804e+01,-3.373679441768401954e+00,-1.132557390118661855e+00
1.455007845827149993e+01,-3.373684119621898958e+00,-1.133183010429732018e+00
1.455328968724044003e+01,-3.373691070317459850e+00,-1.133808864911593384e+00
1.455650091620938191e+01,-3.373700298656125085e+00,-1.134434954036399601e+00
1.455971214517832202e+01,-3.373711809765675085e+00,-1.135061278231487503e+00
1.456292337414726212e+01,-3.373725608842277346e+00,-1.135687837866942163e+00
1.456613460311620400e+01,-3.373741700874252736e+00,-1.136314633261102713e+00
1.456934583208514589e+01,-3.373760090434755998e+00,-1.136941664702324939e+00
1.457255706105408599e+01,-3.373780781608423762e+00,-1.137568932480186090e+00
1.457576829002302787e+01,-3.373803778075395776e+00,-1.138196436916365517e+00
1.457897951899196798e+01,-3.373829083326411293e+00,-1.138824178385505537e+00
1.458219074796090808e+01,-3.373856700941925801e+00,-1.139452157319493120e+00
1.458540197692984997e+01,-3.373886634847601762e+00,-1.140080374193787716e+00
1.458861320589879007e+01,-3.373918889466112070e+00,-1.140708829500063581e+00
1.459182443486773195e+01,-3.373953469717351883e+00,-1.141337523713719770e+00
1.459503566383667206e+01,-3.373990380866826566e+00,-1.141966457266445634e+00
1.459824689280561394e+01,-3.374029628269586301e+00,-1.142595630532471374e+00
1.460145812177455582e+01,-3.374071217089735342e+00,-1.143225043832817978e+00
1.460466935074349593e+01,-3.374115152083762670e+00,-1.143854697456262004e+00
1.460788057971243603e+01,-3.374161437515543316e+00,-1.144484591690452691e+00
1.461109180868137791e+01,-3.374210077230146432e+00,-1.145114726853435183e+00
1.461430303765031802e+01,-3.374261074863347698e+00,-1.145745103315686464e+00
1.461751426661925812e+01,-3.374314434121484130e+00,-1.146375721505732859e+00
1.462072549558820000e+01,-3.374370159043898809e+00,-1.147006581897558330e+00
1.462393672455714189e+01,-3.374428254165551699e+00,-1.147637684983723760e+00
1.462714795352608377e+01,-3.374488724528704964e+00,-1.148269031242611149e+00
1.463035918249502387e+01,-3.374551575539609161e+00,-1.148900621110053422e+00
1.463357041146396398e+01,-3.374616812715152570e+00,-1.149532454964279360e+00
1.463678164043290586e+01,-3.374684441398496659e+00,-1.150164533128891442e+00
1.463999286940184597e+01,-3.374754466533252284e+00,-1.150796855893008175e+00
1.464320409837078607e+01,-3.374826892566797021e+00,-1.151429423542239538e+00
1.464641532733972795e+01,-3.374901723513676899e+00,-1.152062236390829497e+00
1.464962655630866983e+01,-3.374978963159174228e+00,-1.152695294804849224e+00
1.465283778527760994e+01,-3.375058615339607826e+00,-1.153328599209166860e+00
1.465604901424655182e+01,-3.375140684211398678e+00,-1.153962150075962700e+00
1.465926024321549193e+01,-3.375225174424548946e+00,-1.154595947898374941e+00
1.466247147218443381e+01,-3.375312091145831417e+00,-1.155229993157514734e+00
1.466568270115337391e+01,-3.375401439924256231e+00,-1.155864286293183385e+00
1.466889393012231402e+01,-3.375493226440664962e+00,-1.156498827687508335e+00
1.467210515909125590e+01,-3.375587456219934612e+00,-1.157133617666637138e+00
1.467531638806019600e+01,-3.375684134395966485e+00,-1.157768656519997164e+00
1.467852761702913789e+01,-3.375783265603447880e+00,-1.158403944531116725e+00
1.468173884599807977e+01,-3.375884854030462012e+00,-1.159039482010338684e+00
1.468495007496701987e+01,-3.375988903615852355e+00,-1.159675269319177859e+00
1.468816130393595998e+01,-3.376095418329612574e+00,-1.160311306878653470e+00
1.469137253290490186e+01,-3.376204402448550024e+00,-1.160947595158956513e+00
1.469458376187384196e+01,-3.376315860740558783e+00,-1.161584134653652844e+00
1.469779499084278385e+01,-3.376429798499789747e+00,-1.162220925846498165e+00
1.470100621981172395e+01,-3.376546221421088401e+00,-1.162857969181252393e+00
1.470421744878066583e+01,-3.376665135353110969e+00,-1.163495265043980265e+00
1.470742867774960771e+01,-3.376786546007145340e+00,-1.164132813763405716e+00
1.471063990671854782e+01,-3.376910458713096030e+00,-1.164770615629249217e+00
1.471385113568748793e+01,-3.377036878299169320e+00,-1.165408670922815304e+00
1.471706236465642981e+01,-3.377165809133313434e+00,-1.166046979950270623e+00
1.472027359362536991e+01,-3.377297255313634672e+00,-1.166685543068157971e+00
1.472348482259431002e+01,-3.377431220948444057e+00,-1.167324360693142493e+00
1.472669605156325190e+01,-3.377567710438064807e+00,-1.167963433292896758e+00
1.472990728053219200e+01,-3.377706728670133440e+00,-1.168602761360948872e+00
1.473311850950113566e+01,-3.377848281066959668e+00,-1.169242345383368686e+00
1.473632973847007577e+01,-3.377992373469775433e+00,-1.169882185807715080e+00
1.473954096743901587e+01,-3.378139011896022392e+00,-1.170522283024002963e+00
1.474275219640795775e+01,-3.378288202245478988e+00,-1.171162637363670989e+00
1.474596342537689786e+01,-3.378439950047622986e+00,-1.171803249116915691e+00
1.474917465434583796e+01,-3.378594260329232934e+00,-1.172444118562970816e+00
1.475238588331477985e+01,-3.378751137644293578e+00,-1.173085246003859439e+00
1.475559711228371995e+01,-3.378910586256874016e+00,-1.173726631791033537e+00
1.475880834125266183e+01,-3.379072610420060130e+00,-1.174368276336525296e+00
1.476201957022160371e+01,-3.379237214663352695e+00,-1.175010180105088731e+00
1.476523079919054382e+01,-3.379404403998608863e+00,-1.175652343589760562e+00
1.476844202815948570e+01,-3.379574183979606516e+00,-1.176294767278487585e+00
1.477165325712842581e+01,-3.379746560596385230e+00,-1.176937451622273034e+00
1.477486448609736591e+01,-3.379921540037160721e+00,-1.177580397014838409e+00
1.477807571506630779e+01,-3.380099128392485497e+00,-1.178223603790212293e+00
1.478128694403524790e+01,-3.380279331394203002e+00,-1.178867072239021319e+00
1.478449817300418978e+01,-3.380462154271397068e+00,-1.179510802638409350e+00
1.478770940197313166e+01,-3.380647601768571597e+00,-1.180154795286218361e+00
1.479092063094207177e+01,-3.380835678320801119e+00,-1.180799050528704708e+00
1.479413185991101187e+01,-3.381026388331092924e+00,-1.181443568773082875e+00
1.479734308887995375e+01,-3.381219736463091152e+00,-1.182088350480935635e+00
1.480055431784889386e+01,-3.381415727857354447e+00,-1.182733396144517890e+00
1.480376554681783574e+01,-3.381614368203066157e+00,-1.183378706253362278e+00
1.480697677578677585e+01,-3.381815663642642633e+00,-1.184024281261656153e+00
1.481018800475571595e+01,-3.382019620538585070e+00,-1.184670121566616441e+00
1.481339923372465961e+01,-3.382226245175780743e+00,-1.185316227504686237e+00
1.481661046269359971e+01,-3.382435543492434693e+00,-1.185962599366773063e+00
1.481982169166253982e+01,-3.382647520924182416e+00,-1.186609237427770580e+00
1.482303292063148170e+01,-3.382862182410536711e+00,-1.187256141981144708e+00
1.482624414960042181e+01,-3.383079532562010883e+00,-1.187903313367723923e+00
1.482945537856936191e+01,-3.383299575935727166e+00,-1.188550751989650323e+00
1.483266660753830379e+01,-3.383522317333255813e+00,-1.189198458305078088e+00
1.483587783650724390e+01,-3.383747762027260908e+00,-1.189846432805259369e+00
1.483908906547618756e+01,-3.383975915845723215e+00,-1.190494675981154771e+00
1.484230029444512766e+01,-3.384206785087011671e+00,-1.191143188290042954e+00
1.484551152341406777e+01,-3.384440376292161989e+00,-1.191791970132594525e+00
1.484872275238300965e+01,-3.384676695945505465e+00,-1.192441021847632898e+00
1.485193398135194975e+01,-3.384915750197576401e+00,-1.193090343726253444e+00
1.485514521032088986e+01,-3.385157544697156240e+00,-1.193739936040909999e+00
1.485835643928983174e+01,-3.385402084585495519e+00,-1.194389799080366688e+00
1.486156766825877185e+01,-3.385649374654756016e+00,-1.195039933179562253e+00
1.486477889722771373e+01,-3.385899419621357431e+00,-1.195690338735004854e+00
1.486799012619665561e+01,-3.386152224428589097e+00,-1.196341016200833218e+00
1.487120135516559571e+01,-3.386407794483646150e+00,-1.196991966066754287e+00
1.487441258413453760e+01,-3.386666135754644813e+00,-1.197643188824736082e+00
1.487762381310347770e+01,-3.386927254696851630e+00,-1.198294684934896770e+00
1.488083504207241781e+01,-3.387191158030974591e+00,-1.198946454801278927e+00
1.488404627104135969e+01,-3.387457852442929962e+00,-1.199598498765142240e+00
1.488725750001029979e+01,-3.387727344299030996e+00,-1.200250817117898272e+00
1.489046872897923990e+01,-3.387999639466122481e+00,-1.200903410129677606e+00
1.489367995794818356e+01,-3.388274743293251401e+00,-1.201556278084581653e+00
1.489689118691712366e+01,-3.388552660760995039e+00,-1.202209421311572823e+00
1.490010241588606377e+01,-3.388833396751842031e+00,-1.202862840201301964e+00
1.490331364485500565e+01,-3.389116956357108190e+00,-1.203516535203563942e+00
1.490652487382394575e+01,-3.389403345124082367e+00,-1.204170506806136798e+00
1.490973610279288586e+01,-3.389692569165792868e+00,-1.204824755501617828e+00
1.491294733176182774e+01,-3.389984635098628463e+00,-1.205479281752631637e+00
1.491615856073076785e+01,-3.390279549827168726e+00,-1.206134085966329206e+00
1.491936978969971150e+01,-3.390577320243377102e+00,-1.206789168486190889e+00
1.492258101866865161e+01,-3.390877952934438611e+00,-1.207444529603751038e+00
1.492579224763759171e+01,-3.391181453990932848e+00,-1.208100169586582728e+00
1.492900347660653360e+01,-3.391487828975705554e+00,-1.208756088713808685e+00
1.493221470557547370e+01,-3.391797083063629703e+00,-1.209412287308003098e+00
1.493542593454441381e+01,-3.392109221308561295e+00,-1.210068765753462561e+00
1.493863716351335569e+01,-3.392424248954181820e+00,-1.210725524495094962e+00
1.494184839248229579e+01,-3.392742171691049080e+00,-1.211382564018231855e+00
1.494505962145123590e+01,-3.393062995779351887e+00,-1.212039884815664381e+00
1.494827085042017956e+01,-3.393386727998446428e+00,-1.212697487352223824e+00
1.495148207938911966e+01,-3.393713375438718316e+00,-1.213355372038009472e+00
1.495469330835806154e+01,-3.394042945200894223e+00,-1.214013539218692372e+00
1.495790453732700165e+01,-3.394375444096878525e+00,-1.214671989185954981e+00
1.496111576629594175e+01,-3.394710878446080216e+00,-1.215330722204835068e+00
1.496432699526488364e+01,-3.395049254031323738e+00,-1.215989738549429822e+00
1.496753822423382374e+01,-3.395390576228501267e+00,-1.216649038535756455e+00
1.497074945320276385e+01,-3.395734850269556127e+00,-1.217308622541467100e+00
1.497396068217170750e+01,-3.396082081556679899e+00,-1.217968491006194087e+00
1.497717191114064761e+01,-3.396432275929086586e+00,-1.218628644412387718e+00
1.498038314010958949e+01,-3.396785439798652995e+00,-1.219289083252614425e+00
1.498359436907852960e+01,-3.397141580111659565e+00,-1.219949807993558011e+00
1.498680559804746970e+01,-3.397500704148189055e+00,-1.220610819048003393e+00
1.499001682701641158e+01,-3.397862819222037700e+00,-1.221272116763621796e+00
1.499322805598535169e+01,-3.398227932374859872e+00,-1.221933701432091013e+00
1.499643928495429179e+01,-3.398596050160819892e+00,-1.222595573315741868e+00
1.499965051392323545e+01,-3.398967178589243687e+00,-1.223257732683389776e+00
1.500286174289217556e+01,-3.399341323243796342e+00,-1.223920179844137479e+00
1.500607297186111566e+01,-3.399718489540939359e+00,-1.224582915168518582e+00
1.500928420083005754e+01,-3.400098683046983261e+00,-1.225245939090336078e+00
1.501249542979899765e+01,-3.400481909754320409e+00,-1.225909252088586809e+00
1.501570665876793775e+01,-3.400868176230046558e+00,-1.226572854655086253e+00
1.501891788773687963e+01,-3.401257489590172156e+00,-1.227236747257939964e+00
1.502212911670581974e+01,-3.401649857307178504e+00,-1.227900930312317396e+00
1.502534034567476162e+01,-3.402045286910951205e+00,-1.228565404167699660e+00
1.502855157464370350e+01,-3.402443785676867005e+00,-1.229230169115649085e+00
1.503176280361264361e+01,-3.402845360398784713e+00,-1.229895225415690518e+00
1.503497403258158549e+01,-3.403250017318457221e+00,-1.230560573331218377e+00
1.503818526155052560e+01,-3.403657762233759598e+00,-1.231226213164177796e+00
1.504139649051946570e+01,-3.404068600752155227e+00,-1.231892145277639905e+00
1.504460771948840758e+01,-3.404482538610167364e+00,-1.232558370099155143e+00
1.504781894845734769e+01,-3.404899581958653609e+00,-1.233224888103790384e+00
1.505103017742628779e+01,-3.405319737524465040e+00,-1.233891699782151186e+00
1.505424140639523145e+01,-3.405743012597328256e+00,-1.234558805603373166e+00
1.505745263536417156e+01,-3.406169414845922283e+00,-1.235226205984701897e+00
1.506066386433311344e+01,-3.406598952020456927e+00,-1.235893901277211437e+00
1.506387509330205354e+01,-3.407031631634895863e+00,-1.236561891772179456e+00
1.506708632227099365e+01,-3.407467460728592190e+00,-1.237230177726151181e+00
1.507029755123993553e+01,-3.407906445782244997e+00,-1.237898759396869108e+00
1.507350878020887563e+01,-3.408348592814900435e+00,-1.238567637078803241e+00
1.507672000917781574e+01,-3.408793907631922693e+00,-1.239236811127136129e+00
1.507993123814675762e+01,-3.409242396146395571e+00,-1.239906281962647627e+00
1.508314246711569950e+01,-3.409694064673312042e+00,-1.240576050055926416e+00
1.508635369608464138e+01,-3.410148920104010273e+00,-1.241246115895820790e+00
1.508956492505358149e+01,-3.410606969906143426e+00,-1.241916479952007935e+00
1.509277615402252160e+01,-3.411068221948524659e+00,-1.242587142643399201e+00
1.509598738299146348e+01,-3.411532684205821120e+00,-1.243258104322328528e+00
1.509919861196040358e+01,-3.412000364435207711e+00,-1.243929365279496713e+00
1.510240984092934369e+01,-3.412471269926768525e+00,-1.244600925768186261e+00
1.510562106989828557e+01,-3.412945407405846954e+00,-1.245272786040163782e+00
1.510883229886722745e+01,-3.413422783118496007e+00,-1.245944946382036678e+00
1.511204352783616756e+01,-3.413903403073597520e+00,-1.246617407140653722e+00
1.511525475680510944e+01,-3.414387273365923736e+00,-1.247290168729546123e+00
1.511846598577404954e+01,-3.414874400478987049e+00,-1.247963231614359181e+00
1.512167721474298965e+01,-3.415364791472630390e+00,-1.248636596281790467e+00
1.512488844371193153e+01,-3.415858453996258426e+00,-1.249310263201753868e+00
1.512809967268087163e+01,-3.416355396123111898e+00,-1.249984232794623562e+00
1.513131090164981352e+01,-3.416855626057438311e+00,-1.250658505413851707e+00
1.513452213061875540e+01,-3.417359151806004913e+00,-1.251333081349438769e+00
1.513773335958769550e+01,-3.417865980917075497e+00,-1.252007960851210022e+00
1.514094458855663738e+01,-3.418376120368939119e+00,-1.252683144164638440e+00
1.514415581752557749e+01,-3.418889576643182160e+00,-1.253358631567990100e+00
1.514736704649451760e+01,-3.419406355960206145e+00,-1.254034423399133180e+00
1.515057827546345948e+01,-3.419926464603353367e+00,-1.254710520063595958e+00
1.515378950443239958e+01,-3.420449909230125929e+00,-1.255386922021274776e+00
1.515700073340133969e+01,-3.420976697072823036e+00,-1.256063629755951316e+00
1.516021196237028157e+01,-3.421506835965435478e+00,-1.256740643737122909e+00
1.516342319133922345e+01,-3.422040334187998134e+00,-1.257417964386133180e+00
1.516663442030816533e+01,-3.422577200176868395e+00,-1.258095592057217438e+00
1.516984564927710544e+01,-3.423117442191696114e+00,-1.258773527039461548e+00
1.517305687824604554e+01,-3.423661068043397204e+00,-1.259451769579088110e+00
1.517626810721498742e+01,-3.424208084968794807e+00,-1.260130319915122143e+00
1.517947933618392753e+01,-3.424758499691524349e+00,-1.260809178317268131e+00
1.518269056515286763e+01,-3.425312318650472587e+00,-1.261488345114113230e+00
1.518590179412180952e+01,-3.425869548324524061e+00,-1.262167820702780441e+00
1.518911302309075140e+01,-3.426430195551821267e+00,-1.262847605536965734e+00
1.519232425205969150e+01,-3.426994267743339151e+00,-1.263527700097056172e+00
1.519553548102863338e+01,-3.427561772923616523e+00,-1.264208104851678449e+00
1.519874670999757349e+01,-3.428132719585396337e+00,-1.264888820222717314e+00
1.520195793896651537e+01,-3.428707116403447941e+00,-1.265569846564791767e+00
1.520516916793545548e+01,-3.429284971897077039e+00,-1.266251184165659405e+00
1.520838039690439558e+01,-3.429866294147151606e+00,-1.266932833267466307e+00
1.521159162587333746e+01,-3.430451090656509994e+00,-1.267614794102221110e+00
1.521480285484227757e+01,-3.431039368398014933e+00,-1.268297066930391237e+00
1.521801408381121945e+01,-3.431631134035430186e+00,-1.268979652070503228e+00
1.522122531278016133e+01,-3.432226394248338863e+00,-1.269662549910466787e+00
1.522443654174910144e+01,-3.432825156059273297e+00,-1.270345760896995024e+00
1.522764777071804154e+01,-3.433427427060579795e+00,-1.271029285506418249e+00
1.523085899968698342e+01,-3.434033215469470157e+00,-1.271713124205996914e+00
1.523407022865592353e+01,-3.434642529993762849e+00,-1.272397277417852024e+00
1.523728145762486541e+01,-3.435255379550015586e+00,-1.273081745496837947e+00
1.524049268659380552e+01,-3.435871772922196588e+00,-1.273766528729322500e+00
1.524370391556274740e+01,-3.436491718467872047e+00,-1.274451627353306638e+00
1.524691514453168928e+01,-3.437115223964255950e+00,-1.275137041593602083e+00
1.525012637350062938e+01,-3.437742296642701145e+00,-1.275822771701079272e+00
1.525333760246956949e+01,-3.438372943401169834e+00,-1.276508817983645239e+00
1.525654883143851137e+01,-3.439007171128474205e+00,-1.277195180819248987e+00
1.525976006040745148e+01,-3.439644987038766200e+00,-1.277881860646767009e+00
1.526297128937639158e+01,-3.440286398911247545e+00,-1.278568857937601999e+00
1.526618251834533346e+01,-3.440931415159909523e+00,-1.279256173156852805e+00
1.526939374731427534e+01,-3.441580044710871977e+00,-1.279943806726226319e+00
1.527260497628321723e+01,-3.442232296725598051e+00,-1.280631759000331105e+00
1.527581620525215733e+01,-3.442888180256465258e+00,-1.281320030263813026e+00
1.527902743422109744e+01,-3.443547703942694937e+00,-1.282008620750281214e+00
1.528223866319003932e+01,-3.444210875842168562e+00,-1.282697530677119113e+00
1.528544989215897942e+01,-3.444877703452178253e+00,-1.283386760285291528e+00
1.528866112112791953e+01,-3.445548193913068769e+00,-1.284076309871661881e+00
1.529187235009686141e+01,-3.446222354331189397e+00,-1.284766179803659591e+00
1.529508357906580152e+01,-3.446900192120081030e+00,-1.285456370511649737e+00
1.529829480803474340e+01,-3.447581715252900469e+00,-1.286146882461363328e+00
1.530150603700368528e+01,-3.448266932346557123e+00,-1.286837716114981101e+00
1.530471726597262538e+01,-3.448955852551000678e+00,-1.287528871893074189e+00
1.530792849494156727e+01,-3.449648485277756471e+00,-1.288220350149340332e+00
1.531113972391050737e+01,-3.450344839852804046e+00,-1.288912151166097697e+00
1.531435095287944748e+01,-3.451044925202430669e+00,-1.289604275171983838e+00
1.531756218184838936e+01,-3.451748749670890515e+00,-1.290296722376371719e+00
1.532077341081732946e+01,-3.452456321027262298e+00,-1.290989493009717659e+00
1.532398463978627134e+01,-3.453167646659955459e+00,-1.291682587357199985e+00
1.532719586875521323e+01,-3.453882733898142376e+00,-1.292376005775072612e+00
1.533040709772415333e+01,-3.454601590359567709e+00,-1.293069748684555709e+00
1.533361832669309344e+01,-3.455324224215700291e+00,-1.293763816545134837e+00
1.533682955566203532e+01,-3.456050644290735718e+00,-1.294458209815591232e+00
1.534004078463097542e+01,-3.456780859963152430e+00,-1.295152928914977908e+00
1.534325201359991730e+01,-3.457514880900177001e+00,-1.295847974195768915e+00
1.534646324256885741e+01,-3.458252716708169583e+00,-1.296543345937648750e+00
1.534967447153779752e+01,-3.458994376608485410e+00,-1.297239044363931670e+00
1.535288570050674117e+01,-3.459739869240582966e+00,-1.297935069675497655e+00
1.535609692947568128e+01,-3.460489202654470020e+00,-1.298631422091653276e+00
1.535930815844462138e+01,-3.461242384495324398e+00,-1.299328101885086406e+00
1.536251938741356327e+01,-3.461999422322747488e+00,-1.300025109399950862e+00
1.536573061638250337e+01,-3.462760323964830356e+00,-1.300722445047348463e+00
1.536894184535144348e+01,-3.463525097796027907e+00,-1.301420109279592729e+00
1.537215307432038536e+01,-3.464293752851411945e+00,-1.302118102551260925e+00
1.537536430328932546e+01,-3.465066298741216855e+00,-1.302816425279249124e+00
1.537857553225826912e+01,-3.465842745391941371e+00,-1.303515077814339618e+00
1.538178676122720923e+01,-3.466623102695010061e+00,-1.304214060433237732e+00
1.538499799019614933e+01,-3.467407380172994991e+00,-1.304913373353626671e+00
1.538820921916509121e+01,-3.468195586768171967e+00,-1.305613016767545931e+00
1.539142044813403132e+01,-3.468987730820111803e+00,-1.306312990882675829e+00
1.539463167710297142e+01,-3.469783820239786820e+00,-1.307013295958582511e+00
1.539784290607191330e+01,-3.470583862825916022e+00,-1.307713932326524331e+00
1.540105413504085341e+01,-3.471387866624704444e+00,-1.308414900386584145e+00
1.540426536400979529e+01,-3.472195840220145158e+00,-1.309116200582960632e+00
1.540747659297873717e+01,-3.473007792863610277e+00,-1.309817833365123363e+00
1.541068782194767728e+01,-3.473823734401808583e+00,-1.310519799146995679e+00
1.541389905091661916e+01,-3.474643675025110401e+00,-1.311222098276962233e+00
1.541711027988555927e+01,-3.475467624915018039e+00,-1.311924731028137892e+00
1.542032150885449937e+01,-3.476295593901053138e+00,-1.312627697612000377e+00
1.542353273782344125e+01,-3.477127591234853821e+00,-1.313330998211153178e+00
1.542674396679238136e+01,-3.477963625552593641e+00,-1.314034633020987775e+00
1.542995519576132146e+01,-3.478803705038067129e+00,-1.314738602287180091e+00
1.543316642473026512e+01,-3.479647837735611482e+00,-1.315442906327255246e+00
1.543637765369920523e+01,-3.480496031915123911e+00,-1.316147545529402052e+00
1.543958888266814533e+01,-3.481348296374753293e+00,-1.316852520328865239e+00
1.544280011163708721e+01,-3.482204640586065825e+00,-1.317557831169269722e+00
1.544601134060602732e+01,-3.483065074635956382e+00,-1.318263478460968807e+00
1.544922256957496920e+01,-3.483929608982918591e+00,-1.318969462549494986e+00
1.545243379854390930e+01,-3.484798254103923298e+00,-1.319675783704016947e+00
1.545564502751284941e+01,-3.485671020142289578e+00,-1.320382442129475864e+00
1.545885625648179307e+01,-3.486547916667314784e+00,-1.321089437998651306e+00
1.546206748545073317e+01,-3.487428952621167699e+00,-1.321796771494122114e+00
1.546527871441967328e+01,-3.488314136470225257e+00,-1.322504442846985873e+00
1.546848994338861516e+01,-3.489203476513896618e+00,-1.323212452360170488e+00
1.547170117235755527e+01,-3.490096981254305231e+00,-1.323920800408987741e+00
1.547491240132649537e+01,-3.490994659711034842e+00,-1.324629487418695906e+00
1.547812363029543725e+01,-3.491896521582021240e+00,-1.325338513826059827e+00
1.548133485926437736e+01,-3.492802577199762837e+00,-1.326047880036938853e+00
1.548454608823331746e+01,-3.493712837296125251e+00,-1.326757586393179533e+00
1.548775731720226112e+01,-3.494627312649118522e+00,-1.327467633159252314e+00
1.549096854617120123e+01,-3.495546013722196754e+00,-1.328178020532843950e+00
1.549417977514014311e+01,-3.496468950409343801e+00,-1.328888748676151588e+00
1.549739100410908321e+01,-3.497396131966060029e+00,-1.329599817758095881e+00
1.550060223307802332e+01,-3.498327567148512784e+00,-1.330311227994239731e+00
1.550381346204696520e+01,-3.499263264517551431e+00,-1.331022979671870887e+00
1.550702469101590530e+01,-3.500203232812663767e+00,-1.331735073152349846e+00
1.551023591998484541e+01,-3.501147481278716445e+00,-1.332447508849927909e+00
1.551344714895378907e+01,-3.502096019842823260e+00,-1.333160287193631000e+00
1.551665837792272917e+01,-3.503048859085559741e+00,-1.333873408584119735e+00
1.551986960689167105e+01,-3.504006010015153105e+00,-1.334586873359059789e+00
1.552308083586061116e+01,-3.504967483715000665e+00,-1.335300681777877863e+00
1.552629206482955126e+01,-3.505933290974884819e+00,-1.336014834030730736e+00
1.552950329379849315e+01,-3.506903442021648942e+00,-1.336729330268916716e+00
1.553271452276743325e+01,-3.507877946433990868e+00,-1.337444170647244857e+00
1.553592575173637336e+01,-3.508856813268582897e+00,-1.338159355365078795e+00
1.553913698070531701e+01,-3.509840051358449564e+00,-1.338874884693177281e+00
1.554234820967425712e+01,-3.510827669690310682e+00,-1.339590758977863949e+00
1.554555943864319723e+01,-3.511819677742688661e+00,-1.340306978621177869e+00
1.554877066761213911e+01,-3.512816085678607259e+00,-1.341023544043171700e+00
1.555198189658107921e+01,-3.513816904332045965e+00,-1.341740455638142038e+00
1.555519312555002109e+01,-3.514822144992010955e+00,-1.342457713738527847e+00
1.555840435451896120e+01,-3.515831819051485674e+00,-1.343175318597807477e+00
1.556161558348790130e+01,-3.516845937631194907e+00,-1.343893270397817252e+00
1.556482681245684319e+01,-3.517864511296254104e+00,-1.344611569278239438e+00
1.556803804142578507e+01,-3.518887549954798910e+00,-1.345330215379056504e+00
1.557124927039472517e+01,-3.519915062970962349e+00,-1.346049208882678982e+00
1.557446049936366705e+01,-3.520947059457162354e+00,-1.346768550042506840e+00
1.557767172833260716e+01,-3.521983548654490370e+00,-1.347488239188937342e+00
1.558088295730154726e+01,-3.523024540281946670e+00,-1.348208276710871623e+00
1.558409418627048915e+01,-3.524070044744898045e+00,-1.348928663018458041e+00
1.558730541523942925e+01,-3.525120073136947418e+00,-1.349649398498728781e+00
1.559051664420836936e+01,-3.526174637034190873e+00,-1.350370483478023464e+00
1.559372787317731301e+01,-3.527233748145884640e+00,-1.351091918203017439e+00
1.559693910214625312e+01,-3.528297417930814195e+00,-1.351813702846352605e+00
1.560015033111519500e+01,-3.529365657299793568e+00,-1.352535837535155272e+00
1.560336156008413511e+01,-3.530438476497802291e+00,-1.353258322393554147e+00
1.560657278905307521e+01,-3.531515885203284189e+00,-1.353981157585889994e+00
1.560978401802201709e+01,-3.532597892813921447e+00,-1.354704343347040041e+00
1.561299524699095720e+01,-3.533684508829789017e+00,-1.355427879990328766e+00
1.561620647595989730e+01,-3.534775743213909305e+00,-1.356151767890467319e+00
1.561941770492884096e+01,-3.535871606616868057e+00,-1.356876007446812915e+00
1.562262893389778107e+01,-3.536972110394942526e+00,-1.357600599038441658e+00
1.562584016286672295e+01,-3.538077266415357691e+00,-1.358325542985087786e+00
1.562905139183566305e+01,-3.539187086709451258e+00,-1.359050839526231069e+00
1.563226262080460316e+01,-3.540301583082061665e+00,-1.359776488824936624e+00
1.563547384977354504e+01,-3.541420766799780573e+00,-1.360502490995284086e+00
1.563868507874248515e+01,-3.542544648456003031e+00,-1.361228846144850513e+00
1.564189630771142525e+01,-3.543673238055591312e+00,-1.361955554418937231e+00
1.564510753668036713e+01,-3.544806545293109235e+00,-1.362682616032658389e+00
1.564831876564930901e+01,-3.545944579937763574e+00,-1.363410031280807289e+00
1.565152999461824912e+01,-3.547087352204562727e+00,-1.364137800522329247e+00
1.565474122358719100e+01,-3.548234872995126743e+00,-1.364865924144224696e+00
1.565795245255613111e+01,-3.549387153932307193e+00,-1.365594402516152384e+00
1.566116368152507121e+01,-3.550544207177296130e+00,-1.366323235949959747e+00
1.566437491049401309e+01,-3.551706045086002295e+00,-1.367052424676849842e+00
1.566758613946295320e+01,-3.552872679812306256e+00,-1.367781968849396623e+00
1.567079736843189508e+01,-3.554044122982567444e+00,-1.368511868567827916e+00
1.567400859740083696e+01,-3.555220385543642170e+00,-1.369242123922395526e+00
1.567721982636977707e+01,-3.556401477832729530e+00,-1.369972735038558431e+00
1.568043105533871895e+01,-3.557587409847632109e+00,-1.370703702110813049e+00
1.568364228430765905e+01,-3.558778191633073629e+00,-1.371435025414515785e+00
1.568685351327659916e+01,-3.559973833662228859e+00,-1.372166705291924638e+00
1.569006474224554104e+01,-3.561174347093752246e+00,-1.372898742116782200e+00
1.569327597121448115e+01,-3.562379743823187894e+00,-1.373631136248488094e+00
1.569648720018342125e+01,-3.563590036312285214e+00,-1.374363887990210920e+00
1.569969842915236313e+01,-3.564805237249121461e+00,-1.375096997564109413e+00
1.570290965812130501e+01,-3.566025359145315488e+00,-1.375830465111456569e+00
1.570612088709024690e+01,-3.567250413996610803e+00,-1.376564290717706696e+00
1.570933211605918700e+01,-3.568480413113462646e+00,-1.377298474454694110e+00
1.571254334502812711e+01,-3.569715367175253284e+00,-1.378033016426754243e+00
1.571575457399706899e+01,-3.570955286491775738e+00,-1.378767916806317162e+00
1.571896580296600909e+01,-3.572200181390334350e+00,-1.379503175847760055e+00
1.572217703193494920e+01,-3.573450062607514965e+00,-1.380238793875123937e+00
1.572538826090389108e+01,-3.574704941562505400e+00,-1.380974771247475363e+00
1.572859948987283296e+01,-3.575964830426083818e+00,-1.381711108312722258e+00
1.573181071884177484e+01,-3.577229741963082965e+00,-1.382447805364351412e+00
1.573502194781071495e+01,-3.578499689197167211e+00,-1.383184862614659227e+00
1.573823317677965505e+01,-3.579774685002749202e+00,-1.383922280192914966e+00
1.574144440574859694e+01,-3.581054741751876325e+00,-1.384660058169101315e+00
1.574465563471753704e+01,-3.582339871127078190e+00,-1.385398196595826859e+00
1.574786686368647715e+01,-3.583630084159359352e+00,-1.386136695555320264e+00
1.575107809265541903e+01,-3.584925391479881540e+00,-1.386875555196753096e+00
1.575428932162436091e+01,-3.586225803707049131e+00,-1.387614775752164631e+00
1.575750055059330101e+01,-3.587531331847745975e+00,-1.388354357525926952e+00
1.576071177956224290e+01,-3.588841987587065407e+00,-1.389094300860994169e+00
1.576392300853118300e+01,-3.590157783375047984e+00,-1.389834606092462455e+00
1.576713423750012311e+01,-3.591478732283067465e+00,-1.390575273502980380e+00
1.577034546646906499e+01,-3.592804847674170077e+00,-1.391316303294005685e+00
1.577355669543800509e+01,-3.594136142790383293e+00,-1.392057695581957022e+00
1.577676792440694697e+01,-3.595472630386426616e+00,-1.392799450420540319e+00
1.577997915337588708e+01,-3.596814322524783947e+00,-1.393541567842285778e+00
1.578319038234482896e+01,-3.598161230596917282e+00,-1.394284047906330537e+00
1.578640161131377084e+01,-3.599513365564583900e+00,-1.395026890737430803e+00
1.578961284028271095e+01,-3.600870738345985700e+00,-1.395770096543972993e+00
1.579282406925165105e+01,-3.602233360226037462e+00,-1.396513665609239840e+00
1.579603529822059294e+01,-3.603601243162033896e+00,-1.397257598258629496e+00
1.579924652718953304e+01,-3.604974399888527081e+00,-1.398001894813036161e+00
1.580245775615847315e+01,-3.606352843788032114e+00,-1.398746555542994985e+00
1.580566898512741503e+01,-3.607736588567578728e+00,-1.399491580637972854e+00
1.580888021409635691e+01,-3.609125647842095219e+00,-1.400236970200484876e+00
1.581209144306529879e+01,-3.610520034755214880e+00,-1.400982724266939261e+00
1.581530267203423890e+01,-3.611919761756615443e+00,-1.401728842848734224e+00
1.581851390100317900e+01,-3.613324840606135346e+00,-1.402475325980756526e+00
1.582172512997212088e+01,-3.614735282604083721e+00,-1.403222173762075808e+00
1.582493635894106099e+01,-3.616151098975899814e+00,-1.403969386376034523e+00
1.582814758791000109e+01,-3.617572301291009929e+00,-1.404716964083380315e+00
1.583135881687894297e+01,-3.618998901784374223e+00,-1.405464907190517643e+00
1.583457004584788308e+01,-3.620430913479599333e+00,-1.406213216002774047e+00
1.583778127481682674e+01,-3.621868350074601395e+00,-1.406961890777315594e+00
1.584099250378576684e+01,-3.623311225624847864e+00,-1.407710931690475897e+00
1.584420373275470695e+01,-3.624759554123324623e+00,-1.408460338829801817e+00
1.584741496172364883e+01,-3.626213349108732942e+00,-1.409210112213359789e+00
1.585062619069258893e+01,-3.627672623424910814e+00,-1.409960251830325584e+00
1.585383741966152904e+01,-3.629137389207547137e+00,-1.410710757690158079e+00
1.585704864863047092e+01,-3.630607658102896984e+00,-1.411461629864956491e+00
1.586025987759941103e+01,-3.632083441650576283e+00,-1.412212868511669939e+00
1.586347110656835291e+01,-3.633564751710618435e+00,-1.412964473867138082e+00
1.586668233553729479e+01,-3.635051600801056715e+00,-1.413716446217439415e+00
1.586989356450623490e+01,-3.636544002239692208e+00,-1.414468785851088928e+00
1.587310479347517500e+01,-3.638041970045162277e+00,-1.415221493010741183e+00
1.587631602244411688e+01,-3.639545518627613330e+00,-1.415974567858524713e+00
1.587952725141305699e+01,-3.641054662365497130e+00,-1.416728010465947429e+00
1.588273848038199887e+01,-3.642569415201132976e+00,-1.417481820831586470e+00
1.588594970935093897e+01,-3.644089790381830785e+00,-1.418235998921091090e+00
1.588916093831988086e+01,-3.645615800428397169e+00,-1.418990544717005475e+00
1.589237216728882274e+01,-3.647147457341431753e+00,-1.419745458262789528e+00
1.589558339625776284e+01,-3.648684772981447111e+00,-1.420500739687224012e+00
1.589879462522670295e+01,-3.650227759503918978e+00,-1.421256389201456249e+00
1.590200585419564483e+01,-3.651776429713010863e+00,-1.422012407069564555e+00
1.590521708316458493e+01,-3.653330797222686943e+00,-1.422768793561781431e+00
1.590842831213352504e+01,-3.654890876374200737e+00,-1.423525548905009153e+00
1.591163954110246692e+01,-3.656456681935229991e+00,-1.424282673246150877e+00
1.591485077007140703e+01,-3.658028228674383708e+00,-1.425040166639782724e+00
1.591806199904035068e+01,-3.659605530944435081e+00,-1.425798029064103245e+00
1.592127322800929079e+01,-3.661188602404864767e+00,-1.426556260460230652e+00
1.592448445697823090e+01,-3.662777455971460316e+00,-1.427314860782568751e+00
1.592769568594717278e+01,-3.664372104009043785e+00,-1.428073830044470860e+00
1.593090691491611288e+01,-3.665972558707855544e+00,-1.428833168344853854e+00
1.593411814388505299e+01,-3.667578832525801857e+00,-1.429592875867360391e+00
1.593732937285399487e+01,-3.669190938557998383e+00,-1.430352952852255166e+00
1.594054060182293497e+01,-3.670808890717585093e+00,-1.431113399549791332e+00
1.594375183079187863e+01,-3.672432703670494902e+00,-1.431874216169647829e+00
1.594696305976081874e+01,-3.674062392544066302e+00,-1.432635402842259431e+00
1.595017428872975884e+01,-3.675697972500357569e+00,-1.433396959604229970e+00
1.595338551769870072e+01,-3.677339458307680164e+00,-1.434158886412445710e+00
1.595659674666764083e+01,-3.678986864044899274e+00,-1.434921183182544357e+00
1.595980797563658093e+01,-3.680640203031569246e+00,-1.435683849839716419e+00
1.596301920460552282e+01,-3.682299488006519628e+00,-1.436446886365935205e+00
1.596623043357446292e+01,-3.683964731499489442e+00,-1.437210292828773550e+00
1.596944166254340303e+01,-3.685635946279720798e+00,-1.437974069382707665e+00
1.597265289151234668e+01,-3.687313145740859888e+00,-1.438738216242431367e+00
1.597586412048128679e+01,-3.688996344101413971e+00,-1.439502733636463416e+00
1.597907534945022689e+01,-3.690685556357135688e+00,-1.440267621755560556e+00
1.598228657841916878e+01,-3.692380797999731179e+00,-1.441032880712098896e+00
1.598549780738810888e+01,-3.694082084589537907e+00,-1.441798510523211174e+00
1.598870903635705076e+01,-3.695789431315852802e+00,-1.442564511123014981e+00
1.599192026532599087e+01,-3.697502852682962970e+00,-1.443330882400190252e+00
1.599513149429493097e+01,-3.699222362420590215e+00,-1.444097624249168099e+00
1.599834272326387463e+01,-3.700947973647719103e+00,-1.444864736618900025e+00
1.600155395223281474e+01,-3.702679699238969224e+00,-1.445632219543902641e+00
1.600476518120175484e+01,-3.704417552279113846e+00,-1.446400073147768195e+00
1.600797641017069495e+01,-3.706161546463424994e+00,-1.447168297617977162e+00
1.601118763913963861e+01,-3.707911696318130890e+00,-1.447936893159814664e+00
1.601439886810857871e+01,-3.709668017171133148e+00,-1.448705859943806296e+00
1.601761009707751882e+01,-3.711430524881797588e+00,-1.449475198063136849e+00
1.602082132604645892e+01,-3.713199235413624955e+00,-1.450244907514443460e+00
1.602403255501540258e+01,-3.714974164383846311e+00,-1.451014988208056522e+00
1.602724378398434268e+01,-3.716755326730889042e+00,-1.451785440004575767e+00
1.603045501295328279e+01,-3.718542736604683263e+00,-1.452556262766341977e+00
1.603366624192222289e+01,-3.720336407514647892e+00,-1.453327456407710772e+00
1.603687747089116655e+01,-3.722136352689757732e+00,-1.454099020928335539e+00
1.604008869986010666e+01,-3.723942585538219774e+00,-1.454870956418962136e+00
1.604329992882904676e+01,-3.725755120062852477e+00,-1.455643263037847301e+00
1.604651115779798687e+01,-3.727573971101650230e+00,-1.456415940965102740e+00
1.604972238676692697e+01,-3.729399154317563969e+00,-1.457188990349242985e+00
1.605293361573587063e+01,-3.731230685940154057e+00,-1.457962411262676339e+00
1.605614484470481074e+01,-3.733068582339356567e+00,-1.458736203680127241e+00
1.605935607367375084e+01,-3.734912859564762933e+00,-1.459510367486833493e+00
1.606256730264269095e+01,-3.736763532995002191e+00,-1.460284902513998784e+00
1.606577853161163461e+01,-3.738620617207384367e+00,-1.461059808590478459e+00
1.606898976058057471e+01,-3.740484126109588470e+00,-1.461835085594483274e+00
1.607220098954951482e+01,-3.742354073292524674e+00,-1.462610733489098758e+00
1.607541221851845492e+01,-3.744230472494595396e+00,-1.463386752330405827e+00
1.607862344748739858e+01,-3.746113338031598072e+00,-1.464163142245578975e+00
1.608183467645633868e+01,-3.748002685057614691e+00,-1.464939903387746600e+00
1.608504590542527879e+01,-3.749898529574296369e+00,-1.465717035881710872e+00
1.608825713439421889e+01,-3.751800888185039540e+00,-1.466494539777533301e+00
1.609146836336316255e+01,-3.753709777670465986e+00,-1.467272415026567689e+00
1.609467959233210266e+01,-3.755625214518029331e+00,-1.468050661487526609e+00
1.609789082130104276e+01,-3.757547214553061288e+00,-1.468829278960758433e+00
1.610110205026998287e+01,-3.759475792787594806e+00,-1.469608267240040123e+00
1.610431327923892297e+01,-3.761410963534868479e+00,-1.470387626165709172e+00
1.610752450820786663e+01,-3.763352740754437153e+00,-1.471167355662410969e+00
1.611073573717680674e+01,-3.765301138520211310e+00,-1.471947455749620826e+00
1.611394696614574684e+01,-3.767256171464907766e+00,-1.472727926521512742e+00
1.611715819511469050e+01,-3.769217855061425482e+00,-1.473508768102422373e+00
1.612036942408363061e+01,-3.771186205652346857e+00,-1.474289980591810822e+00
1.612358065305257071e+01,-3.773161240217562273e+00,-1.475071564015946191e+00
1.612679188202151082e+01,-3.775142975952345381e+00,-1.475853518301509570e+00
1.613000311099045092e+01,-3.777131429787612849e+00,-1.476635843279436200e+00
1.613321433995939458e+01,-3.779126618002955240e+00,-1.477418538717897301e+00
1.613642556892833468e+01,-3.781128556053973799e+00,-1.478201604374126843e+00
1.613963679789727479e+01,-3.783137258668887615e+00,-1.478985040048889310e+00
1.614284802686621489e+01,-3.785152740184807296e+00,-1.479768845626488361e+00
1.614605925583515855e+01,-3.787175015018880320e+00,-1.480553021087723353e+00
1.614927048480409866e+01,-3.789204098126782050e+00,-1.481337566491630175e+00
1.615248171377303876e+01,-3.791240005304657323e+00,-1.482122481931653413e+00
1.615569294274197887e+01,-3.793282753239252791e+00,-1.482907767479919592e+00
1.615890417171092253e+01,-3.795332359289880664e+00,-1.483693423137067313e+00
1.616211540067986263e+01,-3.797388841069693655e+00,-1.484479448803386559e+00
1.616532662964880274e+01,-3.799452215957258794e+00,-1.485265844280397207e+00
1.616853785861774284e+01,-3.801522500691474793e+00,-1.486052609302439764e+00
1.617174908758668650e+01,-3.803599711177223952e+00,-1.486839743588468377e+00
1.617496031655562660e+01,-3.805683862563393749e+00,-1.487627246897832434e+00
1.617817154552456671e+01,-3.807774969569674539e+00,-1.488415119072560078e+00
1.618138277449350682e+01,-3.809873046960297494e+00,-1.489203360052818281e+00
1.618459400346244692e+01,-3.811978110016535304e+00,-1.489991969860619214e+00
1.618780523243139058e+01,-3.814090174859652294e+00,-1.490780948556782004e+00
1.619101646140033068e+01,-3.816209258522624825e+00,-1.491570296184572042e+00
1.619422769036927079e+01,-3.818335378747323983e+00,-1.492360012717654172e+00
1.619743891933821445e+01,-3.820468553569980941e+00,-1.493150098028700024e+00
1.620065014830715455e+01,-3.822608800824456310e+00,-1.493940551888553792e+00
1.620386137727609466e+01,-3.824756137718877902e+00,-1.494731373996309953e+00
1.620707260624503476e+01,-3.826910580618732016e+00,-1.495522564030938417e+00
1.621028383521397487e+01,-3.829072145105067548e+00,-1.496314121708320899e+00
1.621349506418291853e+01,-3.831240846290298041e+00,-1.497106046825828152e+00
1.621670629315185863e+01,-3.833416699293434426e+00,-1.497898339280385516e+00
1.621991752212079874e+01,-3.835599719725828027e+00,-1.498690999054298256e+00
1.622312875108974239e+01,-3.837789924035324152e+00,-1.499484026173176110e+00
1.622633998005868250e+01,-3.839987329600234034e+00,-1.500277420649086313e+00
1.622955120902762260e+01,-3.842191954543071830e+00,-1.501071182426712225e+00
1.623276243799656271e+01,-3.844403817321672356e+00,-1.501865311349434240e+00
1.623597366696550282e+01,-3.846622936225295053e+00,-1.502659807156015548e+00
1.623918489593444292e+01,-3.848849328933816594e+00,-1.503454669509026953e+00
1.624239612490338658e+01,-3.851083012278266882e+00,-1.504249898046165379e+00
1.624560735387232668e+01,-3.853324002278712967e+00,-1.505045492438436217e+00
1.624881858284126679e+01,-3.855572314448277638e+00,-1.505841452436941230e+00
1.625202981181021045e+01,-3.857827964268714105e+00,-1.506637777893553576e+00
1.625524104077915055e+01,-3.860090967688832198e+00,-1.507434468748909406e+00
1.625845226974809066e+01,-3.862361341489349176e+00,-1.508231524991380468e+00
1.626166349871703076e+01,-3.864639103399369890e+00,-1.509028946599809906e+00
1.626487472768597087e+01,-3.866924271927098644e+00,-1.509826733487941164e+00
1.626808595665491453e+01,-3.869216865957127549e+00,-1.510624885467962697e+00
1.627129718562385463e+01,-3.871516904240008383e+00,-1.511423402244671754e+00
1.627450841459279474e+01,-3.873824404933951637e+00,-1.512222283442183679e+00
1.627771964356173839e+01,-3.876139385342645127e+00,-1.513021528654877379e+00
1.628093087253067850e+01,-3.878461861932124499e+00,-1.513821137506675241e+00
1.628414210149961860e+01,-3.880791850622209438e+00,-1.514621109700063251e+00
1.628735333046855871e+01,-3.883129367261895393e+00,-1.515421445039435433e+00
1.629056455943749881e+01,-3.885474428140069492e+00,-1.516222143421347424e+00
1.629377578840644247e+01,-3.887827050371383208e+00,-1.517023204794643254e+00
1.629698701737538258e+01,-3.890187252035890886e+00,-1.517824629102863643e+00
1.630019824634432268e+01,-3.892555052027755647e+00,-1.518626416226955822e+00
1.630340947531326634e+01,-3.894930469659748873e+00,-1.519428565946255638e+00
1.630662070428220645e+01,-3.897313524146901909e+00,-1.520231077930042085e+00
1.630983193325114655e+01,-3.899704234131022407e+00,-1.521033951762401637e+00
1.631304316222008666e+01,-3.902102617395331041e+00,-1.521837186992688995e+00
1.631625439118902676e+01,-3.904508690859560094e+00,-1.522640783195825520e+00
1.631946562015796687e+01,-3.906922470857653984e+00,-1.523444740023542243e+00
1.632267684912691053e+01,-3.909343973612057876e+00,-1.524249057230439464e+00
1.632588807809585063e+01,-3.911773215756177535e+00,-1.525053734666612648e+00
1.632909930706479429e+01,-3.914210214741278726e+00,-1.525858772239055527e+00
1.633231053603373439e+01,-3.916654988999792142e+00,-1.526664169853835462e+00
1.633552176500267450e+01,-3.919107557813028997e+00,-1.527469927357146151e+00
1.633873299397161460e+01,-3.921567940923963214e+00,-1.528276044493709351e+00
1.634194422294055471e+01,-3.924036158015828502e+00,-1.529082520895637121e+00
1.634515545190949481e+01,-3.926512228219686484e+00,-1.529889356105334164e+00
1.634836668087843847e+01,-3.928996169805798022e+00,-1.530696549625348180e+00
1.635157790984737858e+01,-3.931488000155987983e+00,-1.531504100979608651e+00
1.635478913881631868e+01,-3.933987736026733906e+00,-1.532312009766841232e+00
1.635800036778526234e+01,-3.936495394021192418e+00,-1.533120275689401568e+00
1.636121159675420245e+01,-3.939010991122735117e+00,-1.533928898548356567e+00
1.636442282572314255e+01,-3.941534545122662436e+00,-1.534737878206279493e+00
1.636763405469208266e+01,-3.944066074807668354e+00,-1.535547214529314974e+00
1.637084528366102276e+01,-3.946605599847288204e+00,-1.536356907326631660e+00
1.637405651262996642e+01,-3.949153140415994301e+00,-1.537166956306249332e+00
1.637726774159890653e+01,-3.951708716667459598e+00,-1.537977361061155790e+00
1.638047897056784663e+01,-3.954272348225750022e+00,-1.538788121090152616e+00
1.638369019953679029e+01,-3.956844053853068921e+00,-1.539599235846995651e+00
1.638690142850573039e+01,-3.959423851399040295e+00,-1.540410704802485320e+00
1.639011265747467050e+01,-3.962011758048072707e+00,-1.541222527500056838e+00
1.639332388644361060e+01,-3.964607790788495123e+00,-1.542034703587403133e+00
1.639653511541255071e+01,-3.967211966956527114e+00,-1.542847232814109626e+00
1.639974634438149437e+01,-3.969824304684960836e+00,-1.543660114995954347e+00
1.640295757335043447e+01,-3.972444823115216295e+00,-1.544473349956942965e+00
1.640616880231937458e+01,-3.975073542305538776e+00,-1.545286937467214017e+00
1.640938003128831824e+01,-3.977710482863325847e+00,-1.546100877196272538e+00
1.641259126025725834e+01,-3.980355665415972410e+00,-1.546915168696276766e+00
1.641580248922619845e+01,-3.983009110085911519e+00,-1.547729811420712309e+00
1.641901371819513855e+01,-3.985670836134621808e+00,-1.548544804772693295e+00
1.642222494716407866e+01,-3.988340861887845534e+00,-1.549360148167822304e+00
1.642543617613301876e+01,-3.991019204966388401e+00,-1.550175841091912421e+00
1.642864740510196242e+01,-3.993705882751144465e+00,-1.550991883135441674e+00
1.643185863407090253e+01,-3.996400912936957095e+00,-1.551808273993831921e+00
1.643506986303984618e+01,-3.999104314001860949e+00,-1.552625013433362788e+00
1.643828109200878629e+01,-4.001816105444265581e+00,-1.553442101233284633e+00
1.644149232097772639e+01,-4.004536307712539767e+00,-1.554259537122241408e+00
1.644470354994666650e+01,-4.007264941848554862e+00,-1.555077320728907919e+00
1.644791477891560660e+01,-4.010002028955744535e+00,-1.555895451562400167e+00
1.645112600788454671e+01,-4.012747589658292924e+00,-1.556713929028683108e+00
1.645433723685349037e+01,-4.015501643721156810e+00,-1.557532752477945204e+00
1.645754846582243047e+01,-4.018264209950540788e+00,-1.558351921268172235e+00
1.646075969479137058e+01,-4.021035306407308774e+00,-1.559171434825007418e+00
1.646397092376031424e+01,-4.023814950867120821e+00,-1.559991292679102859e+00
1.646718215272925434e+01,-4.026603161383861540e+00,-1.560811494469149574e+00
1.647039338169819445e+01,-4.029399956779916359e+00,-1.561632039909528702e+00
1.647360461066713455e+01,-4.032205356909177141e+00,-1.562452928732597446e+00
1.647681583963607466e+01,-4.035019382609455363e+00,-1.563274160623642661e+00
1.648002706860501831e+01,-4.037842055358456861e+00,-1.564095735168873125e+00
1.648323829757395842e+01,-4.040673396740000811e+00,-1.564917651832813172e+00
1.648644952654289852e+01,-4.043513427887587497e+00,-1.565739909972263755e+00
1.648966075551184218e+01,-4.046362169079817939e+00,-1.566562508882585636e+00
1.649287198448078229e+01,-4.049219639614939581e+00,-1.567385447861847858e+00
1.649608321344972239e+01,-4.052085858005040286e+00,-1.568208726272796838e+00
1.649929444241866250e+01,-4.054960842429675694e+00,-1.569032343583158795e+00
1.650250567138760260e+01,-4.057844611307684701e+00,-1.569856299371573893e+00
1.650571690035654626e+01,-4.060737183807952455e+00,-1.570680593297176575e+00
1.650892812932548637e+01,-4.063638580138749568e+00,-1.571505225042252762e+00
1.651213935829442647e+01,-4.066548821524110124e+00,-1.572330194245863622e+00
1.651535058726337013e+01,-4.069467929873770373e+00,-1.573155500449252120e+00
1.651856181623231024e+01,-4.072395927249090164e+00,-1.573981143070180000e+00
1.652177304520125034e+01,-4.075332835292216238e+00,-1.574807121414334876e+00
1.652498427417019045e+01,-4.078278674797237713e+00,-1.575633434720354220e+00
1.652819550313913055e+01,-4.081233465558524287e+00,-1.576460082224413028e+00
1.653140673210807066e+01,-4.084197226544867831e+00,-1.577287063224187547e+00
1.653461796107701431e+01,-4.087169976345483846e+00,-1.578114377122088241e+00
1.653782919004595442e+01,-4.090151733749173069e+00,-1.578942023434131370e+00
1.654104041901489808e+01,-4.093142518275005415e+00,-1.579770001761550580e+00
1.654425164798383818e+01,-4.096142350488010564e+00,-1.580598311733919958e+00
1.654746287695277829e+01,-4.099151251999956003e+00,-1.581426952941542119e+00
1.655067410592171839e+01,-4.102169245154096977e+00,-1.582255924878298803e+00
1.655388533489065850e+01,-4.105196352491663703e+00,-1.583085226912898769e+00
1.655709656385959860e+01,-4.108232596166957684e+00,-1.583914858297655215e+00
1.656030779282854226e+01,-4.111277997494392267e+00,-1.584744818212158846e+00
1.656351902179748237e+01,-4.114332576770134864e+00,-1.585575105828215925e+00
1.656673025076642247e+01,-4.117396353425289313e+00,-1.586405720375776429e+00
1.656994147973536613e+01,-4.120469346463499605e+00,-1.587236661189120657e+00
1.657315270870430624e+01,-4.123551575046819018e+00,-1.588067927718747052e+00
1.657636393767324634e+01,-4.126643059046187112e+00,-1.588899519505114988e+00
1.657957516664218645e+01,-4.129743819383921988e+00,-1.589731436122337804e+00
1.658278639561112655e+01,-4.132853878059745689e+00,-1.590563677109391394e+00
1.658599762458007021e+01,-4.135973257851324192e+00,-1.591396241910383536e+00
1.658920885354901031e+01,-4.139101981782095763e+00,-1.592229129842654300e+00
1.659242008251795042e+01,-4.142240072522723970e+00,-1.593062340102800567e+00
1.659563131148689408e+01,-4.145387551913603197e+00,-1.593895871808858278e+00
1.659884254045583418e+01,-4.148544440758917595e+00,-1.594729724065519161e+00
1.660205376942477429e+01,-4.151710758957632308e+00,-1.595563896031990891e+00
1.660526499839371439e+01,-4.154886525931481778e+00,-1.596398386971200400e+00
1.660847622736265450e+01,-4.158071761216671547e+00,-1.597233196264829402e+00
1.661168745633159460e+01,-4.161266485034107454e+00,-1.598068323389359779e+00
1.661489868530053826e+01,-4.164470718659240234e+00,-1.598903767860490932e+00
1.661810991426947837e+01,-4.167684484474706075e+00,-1.599739529163272111e+00
1.662132114323842202e+01,-4.170907805688244707e+00,-1.600575606689819130e+00
1.662453237220736213e+01,-4.174140705803417895e+00,-1.601411999704182687e+00
1.662774360117630223e+01,-4.177383208008283333e+00,-1.602248707345459433e+00
1.663095483014524234e+01,-4.180635334673822534e+00,-1.603085728668317556e+00
1.663416605911418245e+01,-4.183897107119639358e+00,-1.603923062708298319e+00
1.663737728808312255e+01,-4.187168545721674739e+00,-1.604760708551498993e+00
1.664058851705206621e+01,-4.190449670329038590e+00,-1.605598665386751112e+00
1.664379974602100631e+01,-4.193740500860209330e+00,-1.606436932523865435e+00
1.664701097498994997e+01,-4.197041057892065830e+00,-1.607275509372081634e+00
1.665022220395889008e+01,-4.200351363056831211e+00,-1.608114395385360718e+00
1.665343343292783018e+01,-4.203671439121657194e+00,-1.608953589991558797e+00
1.665664466189677029e+01,-4.207001309724773819e+00,-1.609793092527664449e+00
1.665985589086571039e+01,-4.210340998849853911e+00,-1.610632902201444949e+00
1.666306711983465050e+01,-4.213690530202751638e+00,-1.611473018091611475e+00
1.666627834880359416e+01,-4.217049926685888295e+00,-1.612313439186596753e+00
1.666948957777253426e+01,-4.220419210135574417e+00,-1.613154164449890793e+00
1.667270080674147437e+01,-4.223798401405824521e+00,-1.613995192891503061e+00
1.667591203571041802e+01,-4.227187520773415308e+00,-1.614836523623148778e+00
1.667912326467935813e+01,-4.230586588538217896e+00,-1.615678155879760158e+00
1.668233449364829823e+01,-4.233995625631132853e+00,-1.616520089000440974e+00
1.668554572261723834e+01,-4.237414654038717643e+00,-1.617362322374702899e+00
1.668875695158617845e+01,-4.240843696910625127e+00,-1.618204855370714235e+00
1.669196818055512210e+01,-4.244282778315053406e+00,-1.619047687268027280e+00
1.669517940952406221e+01,-4.247731922717599140e+00,-1.619890817215895007e+00
1.669839063849300231e+01,-4.251191154346199319e+00,-1.620734244230345622e+00
1.670160186746194597e+01,-4.254660496641062828e+00,-1.621577967231074613e+00
1.670481309643088608e+01,-4.258139971962559223e+00,-1.622421985106699216e+00
1.670802432539982618e+01,-4.261629601649606691e+00,-1.623266296787992724e+00
1.671123555436876629e+01,-4.265129406411645618e+00,-1.624110901306129673e+00
1.671444678333770639e+01,-4.268639406932136282e+00,-1.624955797817613012e+00
1.671765801230664650e+01,-4.272159624495222907e+00,-1.625800985587908087e+00
1.672086924127559016e+01,-4.275690081438749068e+00,-1.626646463938795417e+00
1.672408047024453026e+01,-4.279230801290902164e+00,-1.627492232175799858e+00
1.672729169921347392e+01,-4.282781808546588742e+00,-1.628338289518409976e+00
1.673050292818241402e+01,-4.286343128152248383e+00,-1.629184635054970798e+00
1.673371415715135413e+01,-4.289914784859866437e+00,-1.630031267736508083e+00
1.673692538612029423e+01,-4.293496802652444266e+00,-1.630878186411529374e+00
1.674013661508923434e+01,-4.297089204421432385e+00,-1.631725389891028222e+00
1.674334784405817445e+01,-4.300692011998154207e+00,-1.632572877023398483e+00
1.674655907302711810e+01,-4.304305246530882201e+00,-1.633420646755759931e+00
1.674977030199605821e+01,-4.307928929090086179e+00,-1.634268698162408606e+00
1.675298153096500187e+01,-4.311563081312987933e+00,-1.635117030431338936e+00
1.675619275993394197e+01,-4.315207725885209733e+00,-1.635965642812913234e+00
1.675940398890288208e+01,-4.318862886707775850e+00,-1.636814534546634947e+00
1.676261521787182218e+01,-4.322528588695985441e+00,-1.637663704788944852e+00
1.676582644684076229e+01,-4.326204857271992665e+00,-1.638513152564672115e+00
1.676903767580970239e+01,-4.329891717709346111e+00,-1.639362876757464393e+00
1.677224890477864605e+01,-4.333589194534547495e+00,-1.640212876142325138e+00
1.677546013374758616e+01,-4.337297311173705872e+00,-1.641063149450181280e+00
1.677867136271652626e+01,-4.341016089956144519e+00,-1.641913695444324972e+00
1.678188259168546992e+01,-4.344745552474885031e+00,-1.642764512984767000e+00
1.678509382065441002e+01,-4.348485720192327264e+00,-1.643615601060264941e+00
1.678830504962335013e+01,-4.352236615101680250e+00,-1.644466958777826227e+00
1.679151627859229023e+01,-4.355998260236984443e+00,-1.645318585312860904e+00
1.679472750756123034e+01,-4.359770679870878851e+00,-1.646170479835439071e+00
1.679793873653017400e+01,-4.363553899337080821e+00,-1.647022641435737622e+00
1.680114996549911410e+01,-4.367347944531970505e+00,-1.647875069072056053e+00
1.680436119446805421e+01,-4.371152841250476762e+00,-1.648727761557770455e+00
1.680757242343699787e+01,-4.374968614564208380e+00,-1.649580717591488277e+00
1.681078365240593797e+01,-4.378795288437176580e+00,-1.650433935821042697e+00
1.681399488137487808e+01,-4.382632885700519232e+00,-1.651287414921380980e+00
1.681720611034381818e+01,-4.386481428395429205e+00,-1.652141153661923267e+00
1.682041733931275829e+01,-4.390340938378026081e+00,-1.652995150942214719e+00
1.682362856828169839e+01,-4.394211437997202374e+00,-1.653849405784549642e+00
1.682683979725064205e+01,-4.398092950632872089e+00,-1.654703917285720971e+00
1.683005102621958216e+01,-4.401985500925261974e+00,-1.655558684542892456e+00
1.683326225518852581e+01,-4.405889114622107527e+00,-1.656413706576753020e+00
1.683647348415746592e+01,-4.409803818090290761e+00,-1.657268982276064895e+00
1.683968471312640602e+01,-4.413729637644102866e+00,-1.658124510381074668e+00
1.684289594209534613e+01,-4.417666598900198416e+00,-1.658980289511139405e+00
1.684610717106428623e+01,-4.421614726362053993e+00,-1.659836318228036678e+00
1.684931840003322634e+01,-4.425574043364929544e+00,-1.660692595115217829e+00
1.685252962900217000e+01,-4.429544572400248903e+00,-1.661549118848170137e+00
1.685574085797111010e+01,-4.433526335718799061e+00,-1.662405888233753126e+00
1.685895208694005021e+01,-4.437519356024453465e+00,-1.663262902206047222e+00
1.686216331590899387e+01,-4.441523657041078543e+00,-1.664120159779832742e+00
1.686537454487793397e+01,-4.445539263774193728e+00,-1.664977659976153213e+00
1.686858577384687408e+01,-4.449566202383854474e+00,-1.665835401743176680e+00
1.687179700281581418e+01,-4.453604499707635611e+00,-1.666693383897219105e+00
1.687500823178475429e+01,-4.457654182581688218e+00,-1.667551605102467249e+00
1.687821946075369794e+01,-4.461715277172475957e+00,-1.668410063895908513e+00
1.688143068972263805e+01,-4.465787808528902225e+00,-1.669268758749836934e+00
1.688464191869157816e+01,-4.469871800496092007e+00,-1.670127688152388323e+00
1.688785314766052181e+01,-4.473967276019475747e+00,-1.670986850680945990e+00
1.689106437662946192e+01,-4.478074257744908415e+00,-1.671846245045306878e+00
1.689427560559840202e+01,-4.482192768727840892e+00,-1.672705870086947266e+00
1.689748683456734213e+01,-4.486322833029015911e+00,-1.673565724734454863e+00
1.690069806353628223e+01,-4.490464476009756289e+00,-1.674425807928941135e+00
1.690390929250522589e+01,-4.494617724232544909e+00,-1.675286118542716807e+00
1.690712052147416600e+01,-4.498782604997103363e+00,-1.676146655316738787e+00
1.691033175044310610e+01,-4.502959145655916373e+00,-1.677007416836514775e+00
1.691354297941204976e+01,-4.507147372923413720e+00,-1.677868401554156730e+00
1.691675420838098987e+01,-4.511347312395651343e+00,-1.678729607849838157e+00
1.691996543734992997e+01,-4.515558988431892296e+00,-1.679591034113480319e+00
1.692317666631887008e+01,-4.519782424436885826e+00,-1.680452678821111823e+00
1.692638789528781018e+01,-4.524017643456447857e+00,-1.681314540581875905e+00
1.692959912425675029e+01,-4.528264668900860102e+00,-1.682176618140827751e+00
1.693281035322569394e+01,-4.532523525169121825e+00,-1.683038910336448479e+00
1.693602158219463405e+01,-4.536794237978074129e+00,-1.683901416026035713e+00
1.693923281116357415e+01,-4.541076834291533970e+00,-1.684764134002264324e+00
1.694244404013251781e+01,-4.545371341870432680e+00,-1.685627062927050224e+00
1.694565526910145792e+01,-4.549677788583495364e+00,-1.686490201303564751e+00
1.694886649807039802e+01,-4.553996201693951029e+00,-1.687353547495290540e+00
1.695207772703933813e+01,-4.558326607346139703e+00,-1.688217099786346376e+00
1.695528895600827823e+01,-4.562669030413785798e+00,-1.689080856464271418e+00
1.695850018497722189e+01,-4.567023494759205882e+00,-1.689944815899385500e+00
1.696171141394616200e+01,-4.571390023823437510e+00,-1.690808976595779445e+00
1.696492264291510210e+01,-4.575768641363585409e+00,-1.691673337197816318e+00
1.696813387188404576e+01,-4.580159372106443527e+00,-1.692537896449925805e+00
1.697134510085298587e+01,-4.584562242112910191e+00,-1.693402653122111134e+00
1.697455632982192597e+01,-4.588977278737788268e+00,-1.694267605924407949e+00
1.697776755879086608e+01,-4.593404510195975732e+00,-1.695132753437094797e+00
1.698097878775980618e+01,-4.597843964869733568e+00,-1.695998094078587481e+00
1.698419001672874984e+01,-4.602295670573363751e+00,-1.696863626121257296e+00
1.698740124569768994e+01,-4.606759654005931459e+00,-1.697729347750349449e+00
1.699061247466663005e+01,-4.611235940564567315e+00,-1.698595257147684778e+00
1.699382370363557015e+01,-4.615724554578232386e+00,-1.699461352573950590e+00
1.699703493260451381e+01,-4.620225519890098553e+00,-1.700327632423741742e+00
1.700024616157345392e+01,-4.624738860607338964e+00,-1.701194095235957660e+00
1.700345739054239402e+01,-4.629264601783250832e+00,-1.702060739656112487e+00
1.700666861951133413e+01,-4.633802769817668477e+00,-1.702927564362199941e+00
1.700987984848027779e+01,-4.638353392448693491e+00,-1.703794567977226615e+00
1.701309107744921789e+01,-4.642916498336849607e+00,-1.704661748995808246e+00
1.701630230641815800e+01,-4.647492116370619541e+00,-1.705529105747915386e+00
1.701951353538709810e+01,-4.652080274910166402e+00,-1.706396636411285694e+00
1.702272476435604176e+01,-4.656681001206537829e+00,-1.707264339068774062e+00
1.702593599332498187e+01,-4.661294321179244804e+00,-1.708132211792802391e+00
1.702914722229392197e+01,-4.665920259623430155e+00,-1.709000252730521696e+00
1.703235845126286208e+01,-4.670558840783166410e+00,-1.709868460162892845e+00
1.703556968023180218e+01,-4.675210089112592726e+00,-1.710736832519098582e+00
1.703878090920074584e+01,-4.679874029986381245e+00,-1.711605368341508226e+00
1.704199213816968594e+01,-4.684550690136545015e+00,-1.712474066212044344e+00
1.704520336713862605e+01,-4.689240097677235042e+00,-1.713342924662866640e+00
1.704841459610756971e+01,-4.693942281708230801e+00,-1.714211942099365782e+00
1.705162582507650981e+01,-4.698657271619850029e+00,-1.715081116759664015e+00
1.705483705404544992e+01,-4.703385096316364589e+00,-1.715950446723459422e+00
1.705804828301439002e+01,-4.708125783601259329e+00,-1.716819929967648095e+00
1.706125951198333013e+01,-4.712879359918108690e+00,-1.717689564451424733e+00
1.706447074095227379e+01,-4.717645850529692986e+00,-1.718559348204233839e+00
1.706768196992121389e+01,-4.722425280080861043e+00,-1.719429279389007803e+00
1.707089319889015400e+01,-4.727217673370114781e+00,-1.720299356320684536e+00
1.707410442785909410e+01,-4.732023056088307200e+00,-1.721169577434032538e+00
1.707731565682803776e+01,-4.736841455292669423e+00,-1.722039941210656400e+00
1.708052688579697787e+01,-4.741672899466130353e+00,-1.722910446087929870e+00
1.708373811476591797e+01,-4.746517418141700695e+00,-1.723781090378342817e+00
1.708694934373485808e+01,-4.751375041208067529e+00,-1.724651872224628679e+00
1.709016057270380173e+01,-4.756245798113118539e+00,-1.725522789604880369e+00
1.709337180167274184e+01,-4.761129717214848789e+00,-1.726393840386228451e+00
1.709658303064168194e+01,-4.766026825484262375e+00,-1.727265022410437112e+00
1.709979425961062205e+01,-4.770937148654416760e+00,-1.728136333584646911e+00
1.710300548857956571e+01,-4.775860711771274580e+00,-1.729007771948794847e+00
1.710621671754850581e+01,-4.780797539974300570e+00,-1.729879335698451648e+00
1.710942794651744592e+01,-4.785747659263327236e+00,-1.730751023155712165e+00
1.711263917548638602e+01,-4.790711097010478703e+00,-1.731622832697062409e+00
1.711585040445532968e+01,-4.795687882055622353e+00,-1.732494762660675924e+00
1.711906163342426979e+01,-4.800678044353596796e+00,-1.733366811262155194e+00
1.712227286239320989e+01,-4.805681614282263148e+00,-1.734238976545180000e+00
1.712548409136215000e+01,-4.810698621827150134e+00,-1.735111256382702472e+00
1.712869532033109010e+01,-4.815729095898105605e+00,-1.735983648528482748e+00
1.713190654930003376e+01,-4.820773063993063268e+00,-1.736856150702996704e+00
1.713511777826897386e+01,-4.825830552315875543e+00,-1.737728760686862106e+00
1.713832900723791397e+01,-4.830901586312938534e+00,-1.738601476392489076e+00
1.714154023620685408e+01,-4.835986191461982386e+00,-1.739474295891342059e+00
1.714475146517579773e+01,-4.841084394066344387e+00,-1.740347217388077627e+00
1.714796269414473784e+01,-4.846196221805331383e+00,-1.741220239149443794e+00
1.715117392311367794e+01,-4.851321703866987356e+00,-1.742093359410065379e+00
1.715438515208261805e+01,-4.856460870619810244e+00,-1.742966576284586733e+00
1.715759638105156171e+01,-4.861613752924623277e+00,-1.743839887713769077e+00
1.716080761002050181e+01,-4.866780381301015979e+00,-1.744713291461588822e+00
1.716401883898944192e+01,-4.871960785209626721e+00,-1.745586785164446653e+00
1.716723006795838202e+01,-4.877154992675843737e+00,-1.746460366417254884e+00
1.717044129692732568e+01,-4.882363030374651913e+00,-1.747334032869486853e+00
1.717365252589626579e+01,-4.887584924151705756e+00,-1.748207782301095969e+00
1.717686375486520589e+01,-4.892820699819059094e+00,-1.749081612654366458e+00
1.718007498383414955e+01,-4.898070383976557807e+00,-1.749955522011469977e+00
1.718328621280308965e+01,-4.903334004601543228e+00,-1.750829508524592848e+00
1.718649744177202976e+01,-4.908611591220321202e+00,-1.751703570320305658e+00
1.718970867074096986e+01,-4.913903174606166324e+00,-1.752577705408098208e+00
1.719291989970990997e+01,-4.919208786096310959e+00,-1.753451911621802806e+00
1.719613112867885363e+01,-4.924528456741165350e+00,-1.754326186612416238e+00
1.719934235764779373e+01,-4.929862216551589071e+00,-1.755200527894758888e+00
1.720255358661673384e+01,-4.935210094081423193e+00,-1.756074932933570532e+00
1.720576481558567394e+01,-4.940572116477223830e+00,-1.756949399242138776e+00
1.720897604455461405e+01,-4.945948309982068025e+00,-1.757823924462561971e+00
1.721218727352355415e+01,-4.951338700736555687e+00,-1.758698506402338158e+00
1.721539850249249781e+01,-4.956743315627305968e+00,-1.759573143015624730e+00
1.721860973146143792e+01,-4.962162182916479480e+00,-1.760447832334792295e+00
1.722182096043037802e+01,-4.967595332453856649e+00,-1.761322572373533735e+00
1.722503218939932168e+01,-4.973042795403126881e+00,-1.762197361031836884e+00
1.722824341836826179e+01,-4.978504603566172193e+00,-1.763072196032617889e+00
1.723145464733720544e+01,-4.983980788515972371e+00,-1.763947074910054313e+00
1.723466587630614555e+01,-4.989471380809207268e+00,-1.764821995053476478e+00
1.723787710527508565e+01,-4.994976409526354466e+00,-1.765696953793256307e+00
1.724108833424402576e+01,-5.000495902284917804e+00,-1.766571948501908240e+00
1.724429956321296586e+01,-5.006029885723521033e+00,-1.767446976678707093e+00
1.724751079218190597e+01,-5.011578386307143695e+00,-1.768322035991175989e+00
1.725072202115084963e+01,-5.017141431201949331e+00,-1.769197124260235121e+00
1.725393325011978973e+01,-5.022719048945209153e+00,-1.770072239393399638e+00
1.725714447908872984e+01,-5.028311269699460517e+00,-1.770947379286773371e+00
1.726035570805766994e+01,-5.033918125009087419e+00,-1.771822541726461475e+00
1.726356693702661005e+01,-5.039539647133636890e+00,-1.772697724320310586e+00
1.726677816599555371e+01,-5.045175868165417299e+00,-1.773572924481549684e+00
1.726998939496449381e+01,-5.050826819207230756e+00,-1.774448139469638752e+00
1.727320062393343392e+01,-5.056492529868807040e+00,-1.775323366475759723e+00
1.727641185290237402e+01,-5.062173028241076622e+00,-1.776198602726280162e+00
1.727962308187131768e+01,-5.067868341358643391e+00,-1.777073845571764288e+00
1.728283431084025779e+01,-5.073578496006935445e+00,-1.777949092533546604e+00
1.728604553980920144e+01,-5.079303519622539120e+00,-1.778824341293014255e+00
1.728925676877814155e+01,-5.085043441004081899e+00,-1.779699589626754674e+00
1.729246799774708165e+01,-5.090798290609887644e+00,-1.780574835307643600e+00
1.729567922671602176e+01,-5.096568100347180774e+00,-1.781450076002803362e+00
1.729889045568496186e+01,-5.102352902916742039e+00,-1.782325309200407437e+00
1.730210168465390552e+01,-5.108152730917028705e+00,-1.783200532188449650e+00
1.730531291362284563e+01,-5.113967615987728088e+00,-1.784075742092321892e+00
1.730852414259178573e+01,-5.119797588262104959e+00,-1.784950935959658258e+00
1.731173537156072584e+01,-5.125642676301040979e+00,-1.785826110866004068e+00
1.731494660052966594e+01,-5.131502907531718449e+00,-1.786701264008167200e+00
1.731815782949860605e+01,-5.137378309055370629e+00,-1.787576392755940713e+00
1.732136905846754971e+01,-5.143268908571990927e+00,-1.788451494645693973e+00
1.732458028743648981e+01,-5.149174735132113767e+00,-1.789326567317649719e+00
1.732779151640542992e+01,-5.155095819478980879e+00,-1.790201608416210011e+00
1.733100274537437357e+01,-5.161032193871776030e+00,-1.791076615484528123e+00
1.733421397434331368e+01,-5.166983891443197585e+00,-1.791951585886312204e+00
1.733742520331225734e+01,-5.172950945290972768e+00,-1.792826516779581159e+00
1.734063643228119744e+01,-5.178933387587353110e+00,-1.793701405150785799e+00
1.734384766125013755e+01,-5.184931248986374364e+00,-1.794576247898849175e+00
1.734705889021907765e+01,-5.190944558516084939e+00,-1.795451041942940140e+00
1.735027011918801776e+01,-5.196973343991865057e+00,-1.796325784320234931e+00
1.735348134815695786e+01,-5.203017632823160099e+00,-1.797200472242907576e+00
1.735669257712590152e+01,-5.209077452962268318e+00,-1.798075103096268501e+00
1.735990380609484163e+01,-5.215152833697674239e+00,-1.798949674378365060e+00
1.736311503506378173e+01,-5.221243806042342506e+00,-1.799824183599713745e+00
1.736632626403272184e+01,-5.227350402593138767e+00,-1.800698628174476124e+00
1.736953749300166194e+01,-5.233472656903099818e+00,-1.801573005337174349e+00
1.737274872197060560e+01,-5.239610602561636021e+00,-1.802447312111206790e+00
1.737595995093954571e+01,-5.245764272269880735e+00,-1.803321545339239940e+00
1.737917117990848581e+01,-5.251933697201608631e+00,-1.804195701766217352e+00
1.738238240887742592e+01,-5.258118906851522389e+00,-1.805069778149127169e+00
1.738559363784636957e+01,-5.264319929420567590e+00,-1.805943771359172390e+00
1.738880486681530968e+01,-5.270536792619875399e+00,-1.806817678444226916e+00
1.739201609578425334e+01,-5.276769524642328513e+00,-1.807691496631768091e+00
1.739522732475319344e+01,-5.283018154997970228e+00,-1.808565223271100031e+00
1.739843855372213355e+01,-5.289282714949827380e+00,-1.809438855732725671e+00
1.740164978269107365e+01,-5.295563237411792912e+00,-1.810312391296247991e+00
1.740486101166001376e+01,-5.301859756338329177e+00,-1.811185827061949416e+00
1.740807224062895742e+01,-5.308172305794944812e+00,-1.812059159913902207e+00
1.741128346959789752e+01,-5.314500919000458623e+00,-1.812932386546377339e+00
1.741449469856683763e+01,-5.320845627641198838e+00,-1.813805503545570241e+00
1.741770592753577773e+01,-5.327206461673796412e+00,-1.814678507501180871e+00
1.742091715650471784e+01,-5.333583449680890709e+00,-1.815551395112925848e+00
1.742412838547365794e+01,-5.339976619670151692e+00,-1.816424163258519409e+00
1.742733961444260160e+01,-5.346386000067962385e+00,-1.817296809001550217e+00
1.743055084341154171e+01,-5.352811620596456876e+00,-1.818169329536519330e+00
1.743376207238048181e+01,-5.359253512757907956e+00,-1.819041722087987534e+00
1.743697330134942192e+01,-5.365711709772540416e+00,-1.819913983795257373e+00
1.744018453031836557e+01,-5.372186245986733333e+00,-1.820786111618758474e+00
1.744339575928730923e+01,-5.378677155935037923e+00,-1.821658102297579962e+00
1.744660698825624934e+01,-5.385184473348783030e+00,-1.822529952371730655e+00
1.744981821722518944e+01,-5.391708230422445070e+00,-1.823401658262419289e+00
1.745302944619412955e+01,-5.398248457569232883e+00,-1.824273216385383423e+00
1.745624067516306965e+01,-5.404805183744922914e+00,-1.825144623261842236e+00
1.745945190413200976e+01,-5.411378437240802697e+00,-1.826015875592187587e+00
1.746266313310095342e+01,-5.417968246698992019e+00,-1.826886970269094412e+00
1.746587436206989352e+01,-5.424574642032288452e+00,-1.827757904325646887e+00
1.746908559103883363e+01,-5.431197654959135868e+00,-1.828628674834412715e+00
1.747229682000777373e+01,-5.437837318984264812e+00,-1.829499278788969230e+00
1.747550804897671384e+01,-5.444493668828023658e+00,-1.830369713004918131e+00
1.747871927794565750e+01,-5.451166739481331014e+00,-1.831239974071598997e+00
1.748193050691459760e+01,-5.457856565181138819e+00,-1.832110058369833760e+00
1.748514173588353771e+01,-5.464563178627503071e+00,-1.832979962150463438e+00
1.748835296485247781e+01,-5.471286610689478636e+00,-1.833849681649246000e+00
1.749156419382141792e+01,-5.478026890694197348e+00,-1.834719213202215649e+00
1.749477542279036157e+01,-5.484784047211078928e+00,-1.835588553325261607e+00
1.749798665175930523e+01,-5.491558109087341322e+00,-1.836457698732755439e+00
1.750119788072824534e+01,-5.498349106410664433e+00,-1.837326646289070053e+00
1.750440910969718544e+01,-5.505157071096407506e+00,-1.838195392907895576e+00
1.750762033866612555e+01,-5.511982036913314786e+00,-1.839063935430703234e+00
1.751083156763506565e+01,-5.518824038936807064e+00,-1.839932270522380175e+00
1.751404279660400931e+01,-5.525683112598937186e+00,-1.840800394616913582e+00
1.751725402557294942e+01,-5.532559292631427539e+00,-1.841668303930341866e+00
1.752046525454188952e+01,-5.539452612232840245e+00,-1.842535994537251698e+00
1.752367648351082963e+01,-5.546363102722853711e+00,-1.843403462487047673e+00
1.752688771247976973e+01,-5.553290793793955515e+00,-1.844270703923681420e+00
1.753009894144870984e+01,-5.560235714284733177e+00,-1.845137715171225157e+00
1.753331017041765350e+01,-5.567197893234060224e+00,-1.846004492758267279e+00
1.753652139938659360e+01,-5.574177360886523047e+00,-1.846871033373134630e+00
1.753973262835553371e+01,-5.581174149333389067e+00,-1.847737333763693979e+00
1.754294385732447381e+01,-5.588188292585742900e+00,-1.848603390612882924e+00
1.754615508629341392e+01,-5.595219826054406376e+00,-1.849469200428942584e+00
1.754936631526236113e+01,-5.602268785597014578e+00,-1.850334759484853819e+00
1.755257754423130123e+01,-5.609335206429381770e+00,-1.851200063826211162e+00
1.755578877320024134e+01,-5.616419122242406914e+00,-1.852065109345365279e+00
1.755900000216918144e+01,-5.623520564802523936e+00,-1.852929891898846826e+00
1.756221123113812155e+01,-5.630639564163601563e+00,-1.853794407431375468e+00
1.756542246010706165e+01,-5.637776149426465544e+00,-1.854658652067534774e+00
1.756863368907600531e+01,-5.644930349810105774e+00,-1.855522622142172784e+00
1.757184491804494542e+01,-5.652102195699557186e+00,-1.856386314159629958e+00
1.757505614701388552e+01,-5.659291719341399407e+00,-1.857249724694297832e+00
1.757826737598282563e+01,-5.666498954966615820e+00,-1.858112850263404114e+00
1.758147860495176573e+01,-5.673723938299536584e+00,-1.858975687211832817e+00
1.758468983392070939e+01,-5.680966705604167721e+00,-1.859838231645204232e+00
1.758790106288964949e+01,-5.688227292565098736e+00,-1.860700479432410015e+00
1.759111229185858960e+01,-5.695505733353668276e+00,-1.861562426277151738e+00
1.759432352082752971e+01,-5.702802060173500109e+00,-1.862424067836307984e+00
1.759753474979646981e+01,-5.710116303430334384e+00,-1.863285399848164658e+00
1.760074597876541347e+01,-5.717448492475839750e+00,-1.864146418230264279e+00
1.760395720773435713e+01,-5.724798656694566112e+00,-1.865007119115984935e+00
1.760716843670329723e+01,-5.732166826594181863e+00,-1.865867498818035708e+00
1.761037966567223734e+01,-5.739553034556752920e+00,-1.866727553729955025e+00
1.761359089464117744e+01,-5.746957315013057510e+00,-1.867587280196250532e+00
1.761680212361011755e+01,-5.754379703982930749e+00,-1.868446674391751827e+00
1.762001335257906121e+01,-5.761820238122195015e+00,-1.869305732248133900e+00
1.762322458154800131e+01,-5.769278953573524049e+00,-1.870164449450857136e+00
1.762643581051694142e+01,-5.776755884980851796e+00,-1.871022821507839273e+00
1.762964703948588152e+01,-5.784251064977684820e+00,-1.871880843868622746e+00
1.763285826845482163e+01,-5.791764524312324802e+00,-1.872738512056817628e+00
1.763606949742376173e+01,-5.799296292573710154e+00,-1.873595821774314718e+00
1.763928072639270539e+01,-5.806846399292810545e+00,-1.874452768944346426e+00
1.764249195536164549e+01,-5.814414875075638811e+00,-1.875309349679572746e+00
1.764570318433058560e+01,-5.822001752412170106e+00,-1.876165560184834380e+00
1.764891441329952571e+01,-5.829607065905388019e+00,-1.877021396624730665e+00
1.765212564226846581e+01,-5.837230851845917279e+00,-1.877876854997470701e+00
1.765533687123741302e+01,-5.844873147262252822e+00,-1.878731931054560489e+00
1.765854810020635313e+01,-5.852533988742663951e+00,-1.879586620291781474e+00
1.766175932917529323e+01,-5.860213411396989258e+00,-1.880440918014617102e+00
1.766497055814423334e+01,-5.867911448285515696e+00,-1.881294819457900225e+00
1.766818178711317344e+01,-5.875628130496137302e+00,-1.882148319922382074e+00
1.767139301608211355e+01,-5.883363487848844997e+00,-1.883001414885368430e+00
1.767460424505105721e+01,-5.891117550009167481e+00,-1.883854100050554647e+00
1.767781547401999731e+01,-5.898890347662963940e+00,-1.884706371321073881e+00
1.768102670298893742e+01,-5.906681913383833304e+00,-1.885558224703845376e+00
1.768423793195787752e+01,-5.914492281919039307e+00,-1.886409656174884875e+00
1.768744916092681763e+01,-5.922321489801507965e+00,-1.887260661547703444e+00
1.769066038989576128e+01,-5.930169574406084720e+00,-1.888111236386075698e+00
1.769387161886470139e+01,-5.938036572744140429e+00,-1.888961375988813751e+00
1.769708284783364149e+01,-5.945922520373275511e+00,-1.889811075451642841e+00
1.770029407680258160e+01,-5.953827450765611928e+00,-1.890660329787094307e+00
1.770350530577152171e+01,-5.961751395334928816e+00,-1.891509134065044728e+00
1.770671653474046181e+01,-5.969694384117644859e+00,-1.892357483529811146e+00
1.770992776370940902e+01,-5.977656446896711273e+00,-1.893205373656912993e+00
1.771313899267834913e+01,-5.985637614417830932e+00,-1.894052800131300840e+00
1.771635022164728923e+01,-5.993637919316011420e+00,-1.894899758753525232e+00
1.771956145061622934e+01,-6.001657396460275073e+00,-1.895746245302886379e+00
1.772277267958516944e+01,-6.009696082605110234e+00,-1.896592255400339377e+00
1.772598390855411310e+01,-6.017754015454270800e+00,-1.897437784414197637e+00
1.772919513752305321e+01,-6.025831232428721762e+00,-1.898282827438405151e+00
1.773240636649199331e+01,-6.033927769523195650e+00,-1.899127379350639355e+00
1.773561759546093342e+01,-6.042043660611888356e+00,-1.899971434932246295e+00
1.773882882442987352e+01,-6.050178937422892922e+00,-1.900814989012764578e+00
1.774204005339881363e+01,-6.058333630193210695e+00,-1.901658036593636192e+00
1.774525128236775728e+01,-6.066507768801817413e+00,-1.902500572912185772e+00
1.774846251133669739e+01,-6.074701384027458850e+00,-1.903342593425396023e+00
1.775167374030563749e+01,-6.082914508536360287e+00,-1.904184093718145787e+00
1.775488496927457760e+01,-6.091147177288696923e+00,-1.905025069364367551e+00
1.775809619824351770e+01,-6.099399427232423676e+00,-1.905865515784389563e+00
1.776130742721245781e+01,-6.107671296377584547e+00,-1.906705428143281367e+00
1.776451865618140502e+01,-6.115962822538102195e+00,-1.907544801322303085e+00
1.776772988515034513e+01,-6.124274042134569385e+00,-1.908383629972772333e+00
1.777094111411928523e+01,-6.132604989434598863e+00,-1.909221908635834630e+00
1.777415234308822534e+01,-6.140955696471039893e+00,-1.910059631890840048e+00
1.777736357205716544e+01,-6.149326193667535634e+00,-1.910896794485828831e+00
1.778057480102610910e+01,-6.157716510978432645e+00,-1.911733391409055294e+00
1.778378602999504920e+01,-6.166126679187474480e+00,-1.912569417878730027e+00
1.778699725896398931e+01,-6.174556730958445705e+00,-1.913404869253778395e+00
1.779020848793292942e+01,-6.183006701306036135e+00,-1.914239740893210584e+00
1.779341971690186952e+01,-6.191476627336395921e+00,-1.915074028007966334e+00
1.779663094587081318e+01,-6.199966547334900824e+00,-1.915907725551726060e+00
1.779984217483975328e+01,-6.208476499484232747e+00,-1.916740828185155010e+00
1.780305340380869339e+01,-6.217006520613562515e+00,-1.917573330325132108e+00
1.780626463277763349e+01,-6.225556645371669084e+00,-1.918405226263960817e+00
1.780947586174657360e+01,-6.234126906086043363e+00,-1.919236510321395750e+00
1.781268709071551370e+01,-6.242717333355642495e+00,-1.920067176981909318e+00
1.781589831968445736e+01,-6.251327957194565244e+00,-1.920897220973977859e+00
1.781910954865340102e+01,-6.259958808370650551e+00,-1.921726637266106597e+00
1.782232077762234113e+01,-6.268609919519080087e+00,-1.922555420980470275e+00
1.782553200659128123e+01,-6.277281325680041491e+00,-1.923383567250740889e+00
1.782874323556022134e+01,-6.285973064088510753e+00,-1.924211071068531842e+00
1.783195446452916499e+01,-6.294685173278303125e+00,-1.925037927166555196e+00
1.783516569349810510e+01,-6.303417691777996268e+00,-1.925864129975384254e+00
1.783837692246704520e+01,-6.312170656806420865e+00,-1.926689673667743241e+00
1.784158815143598531e+01,-6.320944103377199141e+00,-1.927514552276866189e+00
1.784479938040492542e+01,-6.329738064095943528e+00,-1.928338759852061157e+00
1.784801060937386552e+01,-6.338552569717088581e+00,-1.929162290602824958e+00
1.785122183834280918e+01,-6.347387650289622485e+00,-1.929985138986125337e+00
1.785443306731174928e+01,-6.356243336534527444e+00,-1.930807299709081049e+00
1.785764429628068939e+01,-6.365119661022630382e+00,-1.931628767645787947e+00
1.786085552524962949e+01,-6.374016658781424205e+00,-1.932449537693879282e+00
1.786406675421856960e+01,-6.382934367137379716e+00,-1.933269604615593273e+00
1.786727798318750970e+01,-6.391872824839301082e+00,-1.934088962913100618e+00
1.787048921215645692e+01,-6.400832070733793344e+00,-1.934907606777513944e+00
1.787370044112539702e+01,-6.409812142407246505e+00,-1.935725530127829330e+00
1.787691167009433713e+01,-6.418813075220191067e+00,-1.936542726728122998e+00
1.788012289906327723e+01,-6.427834902039741394e+00,-1.937359190346503723e+00
1.788333412803221734e+01,-6.436877653757717255e+00,-1.938174914906088286e+00
1.788654535700116099e+01,-6.445941360435702094e+00,-1.938989894580475104e+00
1.788975658597010110e+01,-6.455026052720750585e+00,-1.939804123803420932e+00
1.789296781493904120e+01,-6.464131763087918259e+00,-1.940617597189157717e+00
1.789617904390798131e+01,-6.473258526518696598e+00,-1.941430309387894404e+00
1.789939027287692141e+01,-6.482406380398437307e+00,-1.942242254921519695e+00
1.790260150184586507e+01,-6.491575363661329590e+00,-1.943053428050990794e+00
1.790581273081480518e+01,-6.500765515446999210e+00,-1.943863822717218026e+00
1.790902395978374528e+01,-6.509976873688250620e+00,-1.944673432574394401e+00
1.791223518875268539e+01,-6.519209474073235810e+00,-1.945482251105755234e+00
1.791544641772162549e+01,-6.528463349710198926e+00,-1.946290271785819481e+00
1.791865764669056560e+01,-6.537738531603775272e+00,-1.947097488238358043e+00
1.792186887565950926e+01,-6.547035049797360173e+00,-1.947903894340397013e+00
1.792508010462845291e+01,-6.556352934826744416e+00,-1.948709484239254497e+00
1.792829133359739302e+01,-6.565692219029277688e+00,-1.949514252276739690e+00
1.793150256256633313e+01,-6.575052937296687716e+00,-1.950318192843798704e+00
1.793471379153527323e+01,-6.584435127031889046e+00,-1.951121300210853171e+00
1.793792502050421689e+01,-6.593838827318773355e+00,-1.951923568386983110e+00
1.794113624947315699e+01,-6.603264077561547651e+00,-1.952724991052295023e+00
1.794434747844209710e+01,-6.612710916018014196e+00,-1.953525561585131021e+00
1.794755870741103720e+01,-6.622179378686993800e+00,-1.954325273176013233e+00
1.795076993637997731e+01,-6.631669498901330506e+00,-1.955124118992987992e+00
1.795398116534891741e+01,-6.641181307757952013e+00,-1.955922092346673358e+00
1.795719239431786107e+01,-6.650714835254600388e+00,-1.956719186803087318e+00
1.796040362328680118e+01,-6.660270111779546198e+00,-1.957515396208533209e+00
1.796361485225574128e+01,-6.669847169488198446e+00,-1.958310714618169968e+00
1.796682608122468139e+01,-6.679446043133535404e+00,-1.959105136150173676e+00
1.797003731019362149e+01,-6.689066770085889679e+00,-1.959898654810862118e+00
1.797324853916256160e+01,-6.698709389532046643e+00,-1.960691264345558071e+00
1.797645976813150526e+01,-6.708373941099914362e+00,-1.961482958162122037e+00
1.797967099710044891e+01,-6.718060463338568766e+00,-1.962273729351601936e+00
1.798288222606938902e+01,-6.727768992529852277e+00,-1.963063570799940871e+00
1.798609345503832913e+01,-6.737499562206812342e+00,-1.963852475356158811e+00
1.798930468400726923e+01,-6.747252203534519488e+00,-1.964640436004392532e+00
1.799251591297621289e+01,-6.757026946437799886e+00,-1.965427445985723720e+00
1.799572714194515299e+01,-6.766823821125695915e+00,-1.966213498831188566e+00
1.799893837091409310e+01,-6.776642859535781938e+00,-1.966998588295032713e+00
1.800214959988303320e+01,-6.786484096243628805e+00,-1.967782708208647202e+00
1.800536082885197331e+01,-6.796347568548478435e+00,-1.968565852300532271e+00
1.800857205782091697e+01,-6.806233315703604347e+00,-1.969348014038704520e+00
1.801178328678985707e+01,-6.816141377528008860e+00,-1.970129186545128031e+00
1.801499451575879718e+01,-6.826071792832344443e+00,-1.970909362609463145e+00
1.801820574472773728e+01,-6.836024598152413034e+00,-1.971688534798307080e+00
1.802141697369667739e+01,-6.845999827190314413e+00,-1.972466695626136302e+00
1.802462820266561749e+01,-6.855997511142083667e+00,-1.973243837734522055e+00
1.802783943163456115e+01,-6.866017679814745200e+00,-1.974019954023302992e+00
1.803105066060350126e+01,-6.876060363185233726e+00,-1.974795037692199662e+00
1.803426188957244491e+01,-6.886125592914535076e+00,-1.975569082179198688e+00
1.803747311854138502e+01,-6.896213403340065717e+00,-1.976342081014488938e+00
1.804068434751032513e+01,-6.906323831631910437e+00,-1.977114027635289206e+00
1.804389557647926878e+01,-6.916456917058710907e+00,-1.977884915219496387e+00
1.804710680544820889e+01,-6.926612699588527988e+00,-1.978654736590517160e+00
1.805031803441714899e+01,-6.936791218260584202e+00,-1.979423484223539864e+00
1.805352926338608910e+01,-6.946992509838175067e+00,-1.980191150351816143e+00
1.805674049235502920e+01,-6.957216608167549055e+00,-1.980957727140107094e+00
1.805995172132396931e+01,-6.967463544447715762e+00,-1.981723206871085496e+00
1.806316295029291297e+01,-6.977733348332542107e+00,-1.982487582086216893e+00
1.806637417926185307e+01,-6.988026049522137129e+00,-1.983250845636472803e+00
1.806958540823079318e+01,-6.998341679347253930e+00,-1.984012990626418560e+00
1.807279663719973328e+01,-7.008680271847952170e+00,-1.984774010268604671e+00
1.807600786616867339e+01,-7.019041864004869957e+00,-1.985533897693414929e+00
1.807921909513761349e+01,-7.029426495045207446e+00,-1.986292645773849230e+00
1.808243032410655715e+01,-7.039834205036323844e+00,-1.987050247020381022e+00
1.808564155307550081e+01,-7.050265033204556886e+00,-1.987806693579199369e+00
1.808885278204444091e+01,-7.060719016505839996e+00,-1.988561977335038033e+00
1.809206401101338102e+01,-7.071196188898883683e+00,-1.989316090086739708e+00
1.809527523998232112e+01,-7.081696581552807679e+00,-1.990069023740805410e+00
1.809848646895126478e+01,-7.092220223929691869e+00,-1.990820770462129463e+00
1.810169769792020489e+01,-7.102767145406115645e+00,-1.991571322734268179e+00
1.810490892688914499e+01,-7.113337376927395539e+00,-1.992320673309719403e+00
1.810812015585808510e+01,-7.123930952174530873e+00,-1.993068815065165422e+00
1.811133138482702520e+01,-7.134547907873749040e+00,-1.993815740806604841e+00
1.811454261379596886e+01,-7.145188283146856278e+00,-1.994561443085250740e+00
1.811775384276490897e+01,-7.155852118100293424e+00,-1.995305914082122101e+00
1.812096507173384907e+01,-7.166539452092263396e+00,-1.996049145597921459e+00
1.812417630070278918e+01,-7.177250322220349865e+00,-1.996791129151989086e+00
1.812738752967172928e+01,-7.187984762506266279e+00,-1.997531856159751040e+00
1.813059875864066939e+01,-7.198742804038112730e+00,-1.998271318133390206e+00
1.813380998760961305e+01,-7.209524476030669149e+00,-1.999009506842643002e+00
1.813702121657855315e+01,-7.220329807475673434e+00,-1.999746414384941051e+00
1.814023244554749681e+01,-7.231158828866798061e+00,-2.000482033142281679e+00
1.814344367451643691e+01,-7.242011573457361351e+00,-2.001216355637615685e+00
1.814665490348537702e+01,-7.252888077651997278e+00,-2.001949374335282084e+00
1.814986613245432068e+01,-7.263788380404742284e+00,-2.002681081447852396e+00
1.815307736142326078e+01,-7.274712521805605903e+00,-2.003411468810050167e+00
1.815628859039220089e+01,-7.285660541295993831e+00,-2.004140527859774590e+00
1.815949981936114099e+01,-7.296632476070903373e+00,-2.004868249732765229e+00
1.816271104833008110e+01,-7.307628360171386284e+00,-2.005594625441716516e+00
1.816592227729902120e+01,-7.318648224556572046e+00,-2.006319646084112396e+00
1.816913350626796486e+01,-7.329692098138172796e+00,-2.007043303013392510e+00
1.817234473523690497e+01,-7.340760009457901525e+00,-2.007765587919541073e+00
1.817555596420584507e+01,-7.351851988483979028e+00,-2.008486492793006395e+00
1.817876719317478518e+01,-7.362968067962842866e+00,-2.009206009782666502e+00
1.818197842214372528e+01,-7.374108283897657934e+00,-2.009924130991719515e+00
1.818518965111266539e+01,-7.385272674998295983e+00,-2.010640848275261128e+00
1.818840088008160905e+01,-7.396461281269034238e+00,-2.011356153103158739e+00
1.819161210905054915e+01,-7.407674142172361087e+00,-2.012070036531654615e+00
1.819482333801949281e+01,-7.418911294943917767e+00,-2.012782489293227339e+00
1.819803456698843291e+01,-7.430172773588487267e+00,-2.013493501977116740e+00
1.820124579595737302e+01,-7.441458608876944325e+00,-2.014203065244281721e+00
1.820445702492631668e+01,-7.452768829350844726e+00,-2.014911170009304531e+00
1.820766825389525678e+01,-7.464103463024715168e+00,-2.015617807531878913e+00
1.821087948286419689e+01,-7.475462539255034677e+00,-2.016322969388419040e+00
1.821409071183313699e+01,-7.486846090189034797e+00,-2.017026647332019973e+00
1.821730194080207710e+01,-7.498254151334959872e+00,-2.017728833083981765e+00
1.822051316977102076e+01,-7.509686761069054306e+00,-2.018429518122020649e+00
1.822372439873996086e+01,-7.521143959227838849e+00,-2.019128693531641705e+00
1.822693562770890097e+01,-7.532625785221755521e+00,-2.019826349967738910e+00
1.823014685667784107e+01,-7.544132276260966385e+00,-2.020522477739094214e+00
1.823335808564678118e+01,-7.555663466250889471e+00,-2.021217066989929201e+00
1.823656931461572128e+01,-7.567219385709014645e+00,-2.021910107921928823e+00
1.823978054358466494e+01,-7.578800062734892151e+00,-2.022601590987112896e+00
1.824299177255360505e+01,-7.590405524734946674e+00,-2.023291506990729793e+00
1.824620300152254515e+01,-7.602035800363553975e+00,-2.023979847071114779e+00
1.824941423049148881e+01,-7.613690921071824214e+00,-2.024666602562127160e+00
1.825262545946042891e+01,-7.625370921774235811e+00,-2.025351764780528807e+00
1.825583668842937257e+01,-7.637075840417475447e+00,-2.026035324804738025e+00
1.825904791739831268e+01,-7.648805716580674208e+00,-2.026717273314301515e+00
1.826225914636725278e+01,-7.660560589540397203e+00,-2.027397600540936207e+00
1.826547037533619289e+01,-7.672340496405495536e+00,-2.028076296347161911e+00
1.826868160430513299e+01,-7.684145470908508635e+00,-2.028753350408447620e+00
1.827189283327407310e+01,-7.695975543237080885e+00,-2.029428752442281159e+00
1.827510406224301676e+01,-7.707830740965140315e+00,-2.030102492412246828e+00
1.827831529121195686e+01,-7.719711090796992359e+00,-2.030774560642818916e+00
1.828152652018089697e+01,-7.731616620581192478e+00,-2.031444947808059176e+00
1.828473774914983707e+01,-7.743547360961786197e+00,-2.032113644796988972e+00
1.828794897811877718e+01,-7.755503346145732557e+00,-2.032780642497090895e+00
1.829116020708771728e+01,-7.767484613538711891e+00,-2.033445931563458764e+00
1.829437143605666094e+01,-7.779491202356965118e+00,-2.034109502246027823e+00
1.829758266502560105e+01,-7.791523151644669021e+00,-2.034771344329508125e+00
1.830079389399454115e+01,-7.803580498316364356e+00,-2.035431447205543254e+00
1.830400512296348481e+01,-7.815663275839992430e+00,-2.036089800055190135e+00
1.830721635193242491e+01,-7.827771513977943130e+00,-2.036746392084931578e+00
1.831042758090136857e+01,-7.839905239674735071e+00,-2.037401212742306456e+00
1.831363880987030868e+01,-7.852064478818259197e+00,-2.038054251843123499e+00
1.831685003883924878e+01,-7.864249258326553083e+00,-2.038705499569624990e+00
1.832006126780818889e+01,-7.876459607905525573e+00,-2.039354946339334340e+00
1.832327249677712899e+01,-7.888695560922230676e+00,-2.040002582584883761e+00
1.832648372574606910e+01,-7.900957154113790182e+00,-2.040648398513424500e+00
1.832969495471501276e+01,-7.913244426215268135e+00,-2.041292383921128106e+00
1.833290618368395286e+01,-7.925557415930988725e+00,-2.041934528121282177e+00
1.833611741265289297e+01,-7.937896159883083058e+00,-2.042574820009343650e+00
1.833932864162183307e+01,-7.950260691181259887e+00,-2.043213248245136171e+00
1.834253987059077318e+01,-7.962651039067702108e+00,-2.043849801495716267e+00
1.834575109955971683e+01,-7.975067229754787768e+00,-2.044484468662688403e+00
1.834896232852865694e+01,-7.987509288199289514e+00,-2.045117239022420375e+00
1.835217355749759705e+01,-7.999977240260966127e+00,-2.045748102234350441e+00
1.835538478646654070e+01,-8.012471114568279873e+00,-2.046377048213946281e+00
1.835859601543548081e+01,-8.024990943502638530e+00,-2.047004066909250852e+00
1.836180724440442447e+01,-8.037536762985123318e+00,-2.047629148050700287e+00
1.836501847337336457e+01,-8.050108611125578406e+00,-2.048252280952559623e+00
1.836822970234230468e+01,-8.062706526150650532e+00,-2.048873454428780327e+00
1.837144093131124478e+01,-8.075330544257946386e+00,-2.049492656850257166e+00
1.837465216028018489e+01,-8.087980698070285968e+00,-2.050109876326449587e+00
1.837786338924912499e+01,-8.100657016179704684e+00,-2.050725100954809310e+00
1.838107461821806865e+01,-8.113359523931281458e+00,-2.051338319059973436e+00
1.838428584718700876e+01,-8.126088245207279570e+00,-2.051949519347312734e+00
1.838749707615594886e+01,-8.138843204657211672e+00,-2.052558690921908902e+00
1.839070830512488897e+01,-8.151624429673834271e+00,-2.053165823166037462e+00
1.839391953409382907e+01,-8.164431951491666339e+00,-2.053770905512661837e+00
1.839713076306276918e+01,-8.177265805056730841e+00,-2.054373927185537685e+00
1.840034199203171283e+01,-8.190126027699356825e+00,-2.054974876987293086e+00
1.840355322100065294e+01,-8.203012657020105181e+00,-2.055573743202412818e+00
1.840676444996959304e+01,-8.215925728647913928e+00,-2.056170513646359499e+00
1.840997567893853670e+01,-8.228865274574561184e+00,-2.056765175846155369e+00
1.841318690790747681e+01,-8.241831322592872766e+00,-2.057357717296448563e+00
1.841639813687642047e+01,-8.254823897022337320e+00,-2.057948125710886256e+00
1.841960936584536057e+01,-8.267843020501370432e+00,-2.058536389189560722e+00
1.842282059481430068e+01,-8.280888716289281248e+00,-2.059122496249249590e+00
1.842603182378324078e+01,-8.293961010356360575e+00,-2.059706435705908500e+00
1.842924305275218089e+01,-8.307059932602887997e+00,-2.060288196445303033e+00
1.843245428172112099e+01,-8.320185516816710702e+00,-2.060867767153168995e+00
1.843566551069006465e+01,-8.333337799374570309e+00,-2.061445136089391728e+00
1.843887673965900476e+01,-8.346516817086435225e+00,-2.062020290977429227e+00
1.844208796862794486e+01,-8.359722604855214456e+00,-2.062593219044517756e+00
1.844529919759688497e+01,-8.372955193885978531e+00,-2.063163907200824543e+00
1.844851042656582507e+01,-8.386214611011752140e+00,-2.063732342302038170e+00
1.845172165553476873e+01,-8.399500879354262040e+00,-2.064298511413274362e+00
1.845493288450370883e+01,-8.412814020120560343e+00,-2.064862401991078400e+00
1.845814411347264894e+01,-8.426154054976763064e+00,-2.065424001925749486e+00
1.846135534244158904e+01,-8.439521008255413292e+00,-2.065983299429499098e+00
1.846456657141053270e+01,-8.452914908300451557e+00,-2.066540282804634643e+00
1.846777780037947636e+01,-8.466335787519732037e+00,-2.067094940163771266e+00
1.847098902934841647e+01,-8.479783681119791083e+00,-2.067647259189641762e+00
1.847420025831735657e+01,-8.493258624911385724e+00,-2.068197227010367012e+00
1.847741148728629668e+01,-8.506760652869608919e+00,-2.068744830229999110e+00
1.848062271625523678e+01,-8.520289795213955131e+00,-2.069290055105760029e+00
1.848383394522417689e+01,-8.533846077615738324e+00,-2.069832887817029565e+00
1.848704517419312054e+01,-8.547429521789014828e+00,-2.070373314741975168e+00
1.849025640316206065e+01,-8.561040147287879876e+00,-2.070911322654712006e+00
1.849346763213100076e+01,-8.574677973952319121e+00,-2.071446898780332280e+00
1.849667886109994086e+01,-8.588343024236348100e+00,-2.071980030689344776e+00
1.849989009006888097e+01,-8.602035324684546680e+00,-2.072510706063610542e+00
1.850310131903782107e+01,-8.615754906085870246e+00,-2.073038912406423684e+00
1.850631254800676473e+01,-8.629501802246632991e+00,-2.073564636787458948e+00
1.850952377697570483e+01,-8.643276047758455150e+00,-2.074087865702997746e+00
1.851273500594464494e+01,-8.657077675456141819e+00,-2.074608585096086255e+00
1.851594623491358504e+01,-8.670906714362606849e+00,-2.075126780531270754e+00
1.851915746388252870e+01,-8.684763188770258324e+00,-2.075642437469862323e+00
1.852236869285147236e+01,-8.698647118754164964e+00,-2.076155541559679296e+00
1.852557992182041247e+01,-8.712558521965611646e+00,-2.076666078848116825e+00
1.852879115078935257e+01,-8.726497416148768949e+00,-2.077174035850817280e+00
1.853200237975829268e+01,-8.740463821592992844e+00,-2.077679399453275622e+00
1.853521360872723278e+01,-8.754457762747950511e+00,-2.078182156675085324e+00
1.853842483769617289e+01,-8.768479268486576217e+00,-2.078682294369958772e+00
1.854163606666511654e+01,-8.782528370923186500e+00,-2.079179798955389291e+00
1.854484729563405665e+01,-8.796605103148362304e+00,-2.079674656257128440e+00
1.854805852460299675e+01,-8.810709496584786748e+00,-2.080166851518055360e+00
1.855126975357193686e+01,-8.824841578793293451e+00,-2.080656369569726216e+00
1.855448098254087697e+01,-8.839001372421755320e+00,-2.081143195113491551e+00
1.855769221150982062e+01,-8.853188895634438893e+00,-2.081627313023476589e+00
1.856090344047876073e+01,-8.867404163896239311e+00,-2.082108708575965750e+00
1.856411466944770083e+01,-8.881647192558443038e+00,-2.082587367532435341e+00
1.856732589841664094e+01,-8.895917999437138235e+00,-2.083063276048949142e+00
1.857053712738558104e+01,-8.910216606571051301e+00,-2.083536420439147996e+00
1.857374835635452825e+01,-8.924543040599651533e+00,-2.084006786864243121e+00
1.857695958532346836e+01,-8.938897331631622478e+00,-2.084474361047060853e+00
1.858017081429240847e+01,-8.953279510948600972e+00,-2.084939128100108618e+00
1.858338204326134857e+01,-8.967689608258131884e+00,-2.085401072522499177e+00
1.858659327223028868e+01,-8.982127649356403509e+00,-2.085860178367745288e+00
1.858980450119922878e+01,-8.996593654938456197e+00,-2.086316429530655547e+00
1.859301573016817244e+01,-9.011087640937383014e+00,-2.086769810063728414e+00
1.859622695913711254e+01,-9.025609620295206525e+00,-2.087220304423480943e+00
1.859943818810605265e+01,-9.040159605617382965e+00,-2.087667897568620035e+00
1.860264941707499275e+01,-9.054737611879865256e+00,-2.088112574877935668e+00
1.860586064604393286e+01,-9.069343658335865754e+00,-2.088554321912408973e+00
1.860907187501287297e+01,-9.083977769015936232e+00,-2.088993124095201548e+00
1.861228310398181662e+01,-9.098639971652058733e+00,-2.089428966409563326e+00
1.861549433295075673e+01,-9.113330295353275545e+00,-2.089861833209814890e+00
1.861870556191969683e+01,-9.128048767754371795e+00,-2.090291708205541443e+00
1.862191679088863694e+01,-9.142795412530475119e+00,-2.090718574625078485e+00
1.862512801985758060e+01,-9.157570248062055995e+00,-2.091142415507946772e+00
1.862833924882652425e+01,-9.172373287677276110e+00,-2.091563214034947826e+00
1.863155047779546436e+01,-9.187204541405751712e+00,-2.091980953792123454e+00
1.863476170676440447e+01,-9.202064018700660597e+00,-2.092395618884794750e+00
1.863797293573334457e+01,-9.216951731278530957e+00,-2.092807193864722581e+00
1.864118416470228468e+01,-9.231867695181199096e+00,-2.093215663491687639e+00
1.864439539367122478e+01,-9.246811931404891993e+00,-2.093621012403339421e+00
1.864760662264016844e+01,-9.261784464886318347e+00,-2.094023224796528471e+00
1.865081785160910854e+01,-9.276785322152278468e+00,-2.094422284220288866e+00
1.865402908057804865e+01,-9.291814528362325021e+00,-2.094818173546427076e+00
1.865724030954698875e+01,-9.306872104669787760e+00,-2.095210875128024064e+00
1.866045153851592886e+01,-9.321958066733449400e+00,-2.095600371097222414e+00
1.866366276748487252e+01,-9.337072424855234587e+00,-2.095986643709279118e+00
1.866687399645381262e+01,-9.352215185711283851e+00,-2.096369675624846440e+00
1.867008522542275273e+01,-9.367386355140542520e+00,-2.096749450040858331e+00
1.867329645439169283e+01,-9.382585941119824469e+00,-2.097125950627730440e+00
1.867650768336063294e+01,-9.397813955987569301e+00,-2.097499161290983238e+00
1.867971891232958015e+01,-9.413070417209405960e+00,-2.097869065831063917e+00
1.868293014129852025e+01,-9.428355346432638839e+00,-2.098235647607589627e+00
1.868614137026746036e+01,-9.443668767113495122e+00,-2.098598889313626703e+00
1.868935259923640047e+01,-9.459010701452610803e+00,-2.098958772931844852e+00
1.869256382820534057e+01,-9.474381167597750064e+00,-2.099315279887446373e+00
1.869577505717428068e+01,-9.489780177995603694e+00,-2.099668391351043883e+00
1.869898628614322433e+01,-9.505207739417965485e+00,-2.100018088597019439e+00
1.870219751511216444e+01,-9.520663854665802006e+00,-2.100364353304717380e+00
1.870540874408110454e+01,-9.536148525424474443e+00,-2.100707167707091205e+00
1.870861997305004465e+01,-9.551661755377857332e+00,-2.101046514538633669e+00
1.871183120201898475e+01,-9.567203552601396765e+00,-2.101382376797444440e+00
1.871504243098792486e+01,-9.582773930472034962e+00,-2.101714737394772214e+00
1.871825365995686852e+01,-9.598372906797338899e+00,-2.102043578801535251e+00
1.872146488892580862e+01,-9.614000501422360401e+00,-2.102368882802926109e+00
1.872467611789474873e+01,-9.629656733055490747e+00,-2.102690630439068897e+00
1.872788734686368883e+01,-9.645341616305620036e+00,-2.103008802151643319e+00
1.873109857583262894e+01,-9.661055159863840558e+00,-2.103323378091657592e+00
1.873430980480157615e+01,-9.676797366408823819e+00,-2.103634338492484268e+00
1.873752103377051625e+01,-9.692568234277311845e+00,-2.103941663990941624e+00
1.874073226273945636e+01,-9.708367760384074785e+00,-2.104245335794806326e+00
1.874394349170839646e+01,-9.724195943479543303e+00,-2.104545335642640236e+00
1.874715472067733657e+01,-9.740052786719280320e+00,-2.104841645566966957e+00
1.875036594964627668e+01,-9.755938298729308400e+00,-2.105134247533716696e+00
1.875357717861522033e+01,-9.771852492818180025e+00,-2.105423123070520930e+00
1.875678840758416044e+01,-9.787795384569266233e+00,-2.105708253000676322e+00
1.875999963655310054e+01,-9.803766988556819939e+00,-2.105989617367237887e+00
1.876321086552204065e+01,-9.819767315212919456e+00,-2.106267195572394169e+00
1.876642209449098075e+01,-9.835796368831081438e+00,-2.106540966689669947e+00
1.876963332345992441e+01,-9.851854147341811085e+00,-2.106810909851722702e+00
1.877284455242886452e+01,-9.867940643942755941e+00,-2.107077004591928038e+00
1.877605578139780462e+01,-9.884055850080560646e+00,-2.107339231031702287e+00
1.877926701036674473e+01,-9.900199758854098420e+00,-2.107597569853144837e+00
1.878247823933568483e+01,-9.916372367766964402e+00,-2.107852002063917762e+00
1.878568946830462494e+01,-9.932573679955297052e+00,-2.108102508626687577e+00
1.878890069727357215e+01,-9.948803703490755268e+00,-2.108349070068780584e+00
1.879211192624251225e+01,-9.965062448961310437e+00,-2.108591666194702618e+00
1.879532315521145236e+01,-9.981349926076925172e+00,-2.108830275992685799e+00
1.879853438418039246e+01,-9.997666140360747633e+00,-2.109064877766094526e+00
1.880174561314933257e+01,-1.001401109096624964e+01,-2.109295449449776871e+00
1.880495684211827623e+01,-1.003038477031483033e+01,-2.109521969012875253e+00
1.880816807108721633e+01,-1.004678716567907770e+01,-2.109744414821748126e+00
1.881137930005615644e+01,-1.006321826222581528e+01,-2.109962765848070188e+00
1.881459052902509654e+01,-1.007967804656794542e+01,-2.110177001655279216e+00
1.881780175799403665e+01,-1.009616650970769314e+01,-2.110387102165770745e+00
1.882101298696297675e+01,-1.011268364843682477e+01,-2.110593047280413082e+00
1.882422421593192041e+01,-1.012922946473777053e+01,-2.110794816468966051e+00
1.882743544490086052e+01,-1.014580396335794177e+01,-2.110992388460159574e+00
1.883064667386980062e+01,-1.016240714830387049e+01,-2.111185741129617988e+00
1.883385790283874073e+01,-1.017903901935077116e+01,-2.111374851622406457e+00
1.883706913180768083e+01,-1.019569956966412505e+01,-2.111559696673113606e+00
1.884028036077662449e+01,-1.021238878528938621e+01,-2.111740253023906444e+00
1.884349158974556815e+01,-1.022910664668174618e+01,-2.111916497809515292e+00
1.884670281871450825e+01,-1.024585313180698343e+01,-2.112088408787194727e+00
1.884991404768344836e+01,-1.026262821984534490e+01,-2.112255964338039860e+00
1.885312527665238846e+01,-1.027943189433224447e+01,-2.112419143237211028e+00
1.885633650562132857e+01,-1.029626414473942830e+01,-2.112577924263573603e+00
1.885954773459027223e+01,-1.031312496598340545e+01,-2.112732285770524410e+00
1.886275896355921233e+01,-1.033001435599661377e+01,-2.112882205352698328e+00
1.886597019252815244e+01,-1.034693231211022457e+01,-2.113027659714304285e+00
1.886918142149709254e+01,-1.036387882737660249e+01,-2.113168624781950555e+00
1.887239265046603265e+01,-1.038085388798666742e+01,-2.113305076028117124e+00
1.887560387943497631e+01,-1.039785747260311410e+01,-2.113436988904726643e+00
1.887881510840391641e+01,-1.041488955383033321e+01,-2.113564339250937341e+00
1.888202633737285652e+01,-1.043195010137158008e+01,-2.113687103546046053e+00
1.888523756634179662e+01,-1.044903908588840302e+01,-2.113805258926616748e+00
1.888844879531073673e+01,-1.046615648234666018e+01,-2.113918782960316101e+00
1.889166002427967683e+01,-1.048330227178863971e+01,-2.114027653245758476e+00
1.889487125324862404e+01,-1.050047644095578647e+01,-2.114131846963006822e+00
1.889808248221756415e+01,-1.051767897986176337e+01,-2.114231340515984048e+00
1.890129371118650425e+01,-1.053490987806179646e+01,-2.114326109379986551e+00
1.890450494015544436e+01,-1.055216912078095604e+01,-2.114416128203918444e+00
1.890771616912438446e+01,-1.056945668611778189e+01,-2.114501371136759733e+00
1.891092739809332812e+01,-1.058677254420998359e+01,-2.114581812277033901e+00
1.891413862706226823e+01,-1.060411665863712471e+01,-2.114657426104195270e+00
1.891734985603120833e+01,-1.062148898963156540e+01,-2.114728187755783750e+00
1.892056108500014844e+01,-1.063888949809663487e+01,-2.114794073061472712e+00
1.892377231396908854e+01,-1.065631814916615028e+01,-2.114855058321338355e+00
1.892698354293802865e+01,-1.067377491417730973e+01,-2.114911119896031977e+00
1.893019477190697231e+01,-1.069125977041738906e+01,-2.114962233736586761e+00
1.893340600087591241e+01,-1.070877269870372928e+01,-2.115008375001444563e+00
1.893661722984485252e+01,-1.072631367953937698e+01,-2.115049517882116703e+00
1.893982845881379262e+01,-1.074388268904239929e+01,-2.115085635693848332e+00
1.894303968778273273e+01,-1.076147969592637921e+01,-2.115116701204747152e+00
1.894625091675167639e+01,-1.077910466048971472e+01,-2.115142687101208008e+00
1.894946214572062004e+01,-1.079675753594402465e+01,-2.115163566443804655e+00
1.895267337468956015e+01,-1.081443827167746896e+01,-2.115179312969536873e+00
1.895588460365850025e+01,-1.083214681743438135e+01,-2.115189901143965212e+00
1.895909583262744036e+01,-1.084988312709618796e+01,-2.115195305944293835e+00
1.896230706159638046e+01,-1.086764716086354099e+01,-2.115195502440008646e+00
1.896551829056532412e+01,-1.088543888513456892e+01,-2.115190465301213685e+00
1.896872951953426423e+01,-1.090325827009442605e+01,-2.115180168389379833e+00
1.897194074850320433e+01,-1.092110528575483386e+01,-2.115164584559981353e+00
1.897515197747214444e+01,-1.093897989767599555e+01,-2.115143685740937141e+00
1.897836320644108454e+01,-1.095688206371374207e+01,-2.115117443264176167e+00
1.898157443541002820e+01,-1.097481173282224987e+01,-2.115085828347652797e+00
1.898478566437896831e+01,-1.099276884630221574e+01,-2.115048812576731940e+00
1.898799689334790841e+01,-1.101075334111554049e+01,-2.115006368233121936e+00
1.899120812231684852e+01,-1.102876515423332293e+01,-2.114958468366042954e+00
1.899441935128578862e+01,-1.104680422664900163e+01,-2.114905086581040816e+00
1.899763058025472873e+01,-1.106487050578238041e+01,-2.114846196610765450e+00
1.900084180922367239e+01,-1.108296394549951813e+01,-2.114781771801124588e+00
1.900405303819261604e+01,-1.110108450371688882e+01,-2.114711784674252026e+00
1.900726426716155615e+01,-1.111923213832248436e+01,-2.114636206706713928e+00
1.901047549613049625e+01,-1.113740680268112371e+01,-2.114555008394456426e+00
1.901368672509943636e+01,-1.115560844213573155e+01,-2.114468159586386786e+00
1.901689795406838002e+01,-1.117383699260913410e+01,-2.114375629983250793e+00
1.902010918303732012e+01,-1.119209238176195775e+01,-2.114277389645817795e+00
1.902332041200626023e+01,-1.121037453235549819e+01,-2.114173409351778776e+00
1.902653164097520033e+01,-1.122868336677065315e+01,-2.114063660687699464e+00
1.902974286994414044e+01,-1.124701881126295788e+01,-2.113948115844493270e+00
1.903295409891308054e+01,-1.126538079860126729e+01,-2.113826747178768617e+00
1.903616532788202420e+01,-1.128376926824074644e+01,-2.113699526676297680e+00
1.903937655685096431e+01,-1.130218416394946246e+01,-2.113566425486207212e+00
1.904258778581990441e+01,-1.132062542961167928e+01,-2.113427413673335309e+00
1.904579901478884452e+01,-1.133909300451263213e+01,-2.113282460268628871e+00
1.904901024375778462e+01,-1.135758681958273009e+01,-2.113131533604080570e+00
1.905222147272672828e+01,-1.137610679578987316e+01,-2.112974601828622845e+00
1.905543270169566838e+01,-1.139465284519760502e+01,-2.112811633443676840e+00
1.905864393066461204e+01,-1.141322487437312461e+01,-2.112642597689309731e+00
1.906185515963355215e+01,-1.143182278908078509e+01,-2.112467464657818095e+00
1.906506638860249225e+01,-1.145044649878524368e+01,-2.112286205096683300e+00
1.906827761757143236e+01,-1.146909591953434315e+01,-2.112098789960424661e+00
1.907148884654037602e+01,-1.148777097429276139e+01,-2.111905189850823206e+00
1.907470007550931612e+01,-1.150647159059360902e+01,-2.111705374521254619e+00
1.907791130447825623e+01,-1.152519769622097456e+01,-2.111499312602088896e+00
1.908112253344719633e+01,-1.154394921426494136e+01,-2.111286971635860432e+00
1.908433376241613644e+01,-1.156272605909829387e+01,-2.111068318413380052e+00
1.908754499138508010e+01,-1.158152813454650243e+01,-2.110843319507407223e+00
1.909075622035402020e+01,-1.160035533484157710e+01,-2.110611941836850747e+00
1.909396744932296031e+01,-1.161920754807371381e+01,-2.110374153083647286e+00
1.909717867829190041e+01,-1.163808466106702255e+01,-2.110129921829539956e+00
1.910038990726084052e+01,-1.165698656414333279e+01,-2.109879217367134796e+00
1.910360113622978062e+01,-1.167591315426344600e+01,-2.109622009242303697e+00
1.910681236519872428e+01,-1.169486433553282900e+01,-2.109358266670129378e+00
1.911002359416766794e+01,-1.171384001688447363e+01,-2.109087958007977992e+00
1.911323482313660804e+01,-1.173284010763877205e+01,-2.108811050452351399e+00
1.911644605210554815e+01,-1.175186451231985885e+01,-2.108527510057427445e+00
1.911965728107448825e+01,-1.177091312635060838e+01,-2.108237302071935826e+00
1.912286851004343191e+01,-1.178998583398748323e+01,-2.107940391490865650e+00
1.912607973901237202e+01,-1.180908250915790347e+01,-2.107636743649490274e+00
1.912929096798131212e+01,-1.182820301895394977e+01,-2.107326324672562201e+00
1.913250219695025223e+01,-1.184734722869221457e+01,-2.107009101635711534e+00
1.913571342591919233e+01,-1.186651500694903838e+01,-2.106685042385704421e+00
1.913892465488813244e+01,-1.188570622897205808e+01,-2.106354115073572508e+00
1.914213588385707610e+01,-1.190492077737003740e+01,-2.106016287545863008e+00
1.914534711282601620e+01,-1.192415853983200336e+01,-2.105671526785109826e+00
1.914855834179495631e+01,-1.194341940456515871e+01,-2.105319798576909651e+00
1.915176957076389641e+01,-1.196270325486485042e+01,-2.104961067510748407e+00
1.915498079973283652e+01,-1.198200996451699751e+01,-2.104595297317171099e+00
1.915819202870178017e+01,-1.200133939548627460e+01,-2.104222451437880892e+00
1.916140325767072028e+01,-1.202069139862896208e+01,-2.103842493650554868e+00
1.916461448663966394e+01,-1.204006581722563496e+01,-2.103455388551748406e+00
1.916782571560860404e+01,-1.205946249223084088e+01,-2.103061101744132078e+00
1.917103694457754415e+01,-1.207888126758765068e+01,-2.102659599666654611e+00
1.917424817354648425e+01,-1.209832199392072383e+01,-2.102250849118513898e+00
1.917745940251542791e+01,-1.211778452941882911e+01,-2.101834816624876812e+00
1.918067063148436802e+01,-1.213726873759362768e+01,-2.101411467843816716e+00
1.918388186045330812e+01,-1.215677448259165239e+01,-2.100980767202323740e+00
1.918709308942224823e+01,-1.217630162350905110e+01,-2.100542677878762365e+00
1.919030431839118833e+01,-1.219585000949021669e+01,-2.100097162140374785e+00
1.919351554736013199e+01,-1.221541947715780907e+01,-2.099644181932574405e+00
1.919672677632907209e+01,-1.223500985119725470e+01,-2.099183699535993597e+00
1.919993800529801220e+01,-1.225462094792989021e+01,-2.098715678084661196e+00
1.920314923426695231e+01,-1.227425258076113579e+01,-2.098240081780396338e+00
1.920636046323589241e+01,-1.229390456579058721e+01,-2.097756875733416404e+00
1.920957169220483252e+01,-1.231357672579995999e+01,-2.097266025476697937e+00
1.921278292117377617e+01,-1.233326889133887150e+01,-2.096767496304893452e+00
1.921599415014271628e+01,-1.235298089852779491e+01,-2.096261252645952755e+00
1.921920537911165994e+01,-1.237271258423694853e+01,-2.095747257664275942e+00
1.922241660808060004e+01,-1.239246378013323735e+01,-2.095225473223724322e+00
1.922562783704954015e+01,-1.241223430745757028e+01,-2.094695860225206374e+00
1.922883906601848381e+01,-1.243202397418107097e+01,-2.094158379215999677e+00
1.923205029498742391e+01,-1.245183257545054545e+01,-2.093612991080855412e+00
1.923526152395636402e+01,-1.247165989720109280e+01,-2.093059657597361678e+00
1.923847275292530412e+01,-1.249150572181137342e+01,-2.092498341679450036e+00
1.924168398189424423e+01,-1.251136983402166436e+01,-2.091929007229540893e+00
1.924489521086318433e+01,-1.253125202523594162e+01,-2.091351618643190857e+00
1.924810643983212799e+01,-1.255115209482287852e+01,-2.090766140120495997e+00
1.925131766880106809e+01,-1.257106984796966920e+01,-2.090172535000484721e+00
1.925452889777000820e+01,-1.259100509072624163e+01,-2.089570765330028834e+00
1.925774012673894831e+01,-1.261095762377259533e+01,-2.088960791805856143e+00
1.926095135570788841e+01,-1.263092723685990393e+01,-2.088342574112011629e+00
1.926416258467682852e+01,-1.265091370567835938e+01,-2.087716071549959640e+00
1.926737381364577217e+01,-1.267091679215342026e+01,-2.087081243765146699e+00
1.927058504261471228e+01,-1.269093624809704224e+01,-2.086438051341717781e+00
1.927379627158365594e+01,-1.271097182107745382e+01,-2.085786456076718309e+00
1.927700750055259604e+01,-1.273102326066100787e+01,-2.085126420844826800e+00
1.928021872952153615e+01,-1.275109032304300882e+01,-2.084457909093459183e+00
1.928342995849047981e+01,-1.277117277258021488e+01,-2.083780884125393307e+00
1.928664118745941991e+01,-1.279127037970046743e+01,-2.083095308394562473e+00
1.928985241642836002e+01,-1.281138291581030764e+01,-2.082401143038583147e+00
1.929306364539730012e+01,-1.283151014677216395e+01,-2.081698347798687010e+00
1.929627487436624023e+01,-1.285165182699318898e+01,-2.080986881356525764e+00
1.929948610333518388e+01,-1.287180769598825947e+01,-2.080266701985643341e+00
1.930269733230412399e+01,-1.289197747851734377e+01,-2.079537768315104618e+00
1.930590856127306409e+01,-1.291216088827238906e+01,-2.078800039965462254e+00
1.930911979024200420e+01,-1.293235763396780413e+01,-2.078053477855513087e+00
1.931233101921094431e+01,-1.295256742591914367e+01,-2.077298044080829964e+00
1.931554224817988441e+01,-1.297278998101976732e+01,-2.076533701399485121e+00
1.931875347714882807e+01,-1.299302502451701002e+01,-2.075760412485171624e+00
1.932196470611776817e+01,-1.301327228798655256e+01,-2.074978139182966252e+00
1.932517593508670828e+01,-1.303353150410082328e+01,-2.074186842003958642e+00
1.932838716405565194e+01,-1.305380239980864587e+01,-2.073386480021979672e+00
1.933159839302459204e+01,-1.307408469005844687e+01,-2.072577011209350228e+00
1.933480962199353570e+01,-1.309437807404493981e+01,-2.071758393110395780e+00
1.933802085096247581e+01,-1.311468223517920251e+01,-2.070930583643375567e+00
1.934123207993141591e+01,-1.313499684481114649e+01,-2.070093541779357782e+00
1.934444330890035602e+01,-1.315532156854919243e+01,-2.069247227882937690e+00
1.934765453786929612e+01,-1.317565607318762133e+01,-2.068391603605186368e+00
1.935086576683823623e+01,-1.319600003204216954e+01,-2.067526631359762668e+00
1.935407699580717988e+01,-1.321635312698066400e+01,-2.066652273545560359e+00
1.935728822477611999e+01,-1.323671504646200958e+01,-2.065768491760817671e+00
1.936049945374506009e+01,-1.325708548016137200e+01,-2.064875246258653263e+00
1.936371068271400020e+01,-1.327746411183739816e+01,-2.063972495819820896e+00
1.936692191168294030e+01,-1.329785061267500268e+01,-2.063060198087740993e+00
1.937013314065188041e+01,-1.331824463720307783e+01,-2.062138310265408503e+00
1.937334436962082407e+01,-1.333864582309183966e+01,-2.061206789957787500e+00
1.937655559858976417e+01,-1.335905379491588008e+01,-2.060265595895812485e+00
1.937976682755870783e+01,-1.337946817071699535e+01,-2.059314688312855246e+00
1.938297805652764794e+01,-1.339988856930041905e+01,-2.058354028852923623e+00
1.938618928549658804e+01,-1.342031461595143149e+01,-2.057383580036686865e+00
1.938940051446553170e+01,-1.344074594473424966e+01,-2.056403304452083081e+00
1.939261174343447180e+01,-1.346118219660514725e+01,-2.055413163924682429e+00
1.939582297240341191e+01,-1.348162301388709849e+01,-2.054413118931773585e+00
1.939903420137235202e+01,-1.350206803281306733e+01,-2.053403128449654336e+00
1.940224543034129212e+01,-1.352251687646879041e+01,-2.052383150287570679e+00
1.940545665931023578e+01,-1.354296915036396420e+01,-2.051353141808738734e+00
1.940866788827917588e+01,-1.356342444204499564e+01,-2.050313060814968669e+00
1.941187911724811599e+01,-1.358388232489597414e+01,-2.049262866317983267e+00
1.941509034621705609e+01,-1.360434236495230564e+01,-2.048202518953678108e+00
1.941830157518599620e+01,-1.362480412858074352e+01,-2.047131980906830684e+00
1.942151280415493630e+01,-1.364526718859242038e+01,-2.046051215367369114e+00
1.942472403312387996e+01,-1.366573112682591962e+01,-2.044960185688196930e+00
1.942793526209282007e+01,-1.368619553234033148e+01,-2.043858854510431478e+00
1.943114649106176017e+01,-1.370665999574041827e+01,-2.042747183134871136e+00
1.943435772003070383e+01,-1.372712410138674954e+01,-2.041625131342795996e+00
1.943756894899964394e+01,-1.374758741992908639e+01,-2.040492657728770531e+00
1.944078017796858759e+01,-1.376804950352095780e+01,-2.039349720446615333e+00
1.944399140693752770e+01,-1.378850988524493104e+01,-2.038196278137686779e+00
1.944720263590646780e+01,-1.380896808295619493e+01,-2.037032290750980135e+00
1.945041386487540791e+01,-1.382942360635750312e+01,-2.035857719996418513e+00
1.945362509384434802e+01,-1.384987596507805563e+01,-2.034672529286256193e+00
1.945683632281328812e+01,-1.387032467519779111e+01,-2.033476683180954758e+00
1.946004755178223178e+01,-1.389076926212210950e+01,-2.032270146512856535e+00
1.946325878075117188e+01,-1.391120925885459947e+01,-2.031052883464744774e+00
1.946647000972011199e+01,-1.393164420016407945e+01,-2.029824856897333607e+00
1.946968123868905209e+01,-1.395207361444784411e+01,-2.028586028143265274e+00
1.947289246765799220e+01,-1.397249701583988113e+01,-2.027336357339491357e+00
1.947610369662693230e+01,-1.399291389906037253e+01,-2.026075804199963137e+00
1.947931492559587596e+01,-1.401332373865159653e+01,-2.024804328989837199e+00
1.948252615456481607e+01,-1.403372599287598632e+01,-2.023521893396721616e+00
1.948573738353375617e+01,-1.405412011107067727e+01,-2.022228461024223378e+00
1.948894861250269983e+01,-1.407450554214986838e+01,-2.020923997350444701e+00
1.949215984147163994e+01,-1.409488174156127727e+01,-2.019608469162266662e+00
1.949537107044058359e+01,-1.411524817446628077e+01,-2.018281843642806272e+00
1.949858229940952370e+01,-1.413560431409522877e+01,-2.016944087400713848e+00
1.950179352837846380e+01,-1.415594963574640808e+01,-2.015595165751509654e+00
1.950500475734740391e+01,-1.417628360828338074e+01,-2.014235042483592419e+00
1.950821598631634401e+01,-1.419660568579919691e+01,-2.012863680190544180e+00
1.951142721528528767e+01,-1.421691530208142140e+01,-2.011481041071969234e+00
1.951463844425422778e+01,-1.423721186965481422e+01,-2.010087087956168084e+00
1.951784967322316788e+01,-1.425749478373553103e+01,-2.008681785225179706e+00
1.952106090219210799e+01,-1.427776342988324387e+01,-2.007265099350738602e+00
1.952427213116104809e+01,-1.429801719294917461e+01,-2.005836998870824672e+00
1.952748336012998820e+01,-1.431825546448759567e+01,-2.004397453812138075e+00
1.953069458909893186e+01,-1.433847764626065491e+01,-2.002946434739734105e+00
1.953390581806787196e+01,-1.435868314868427298e+01,-2.001483911735141952e+00
1.953711704703681207e+01,-1.437887138465685055e+01,-2.000009853629452383e+00
1.954032827600575217e+01,-1.439904176068166741e+01,-1.998524227740141601e+00
1.954353950497469583e+01,-1.441919366807307412e+01,-1.997027000202868052e+00
1.954675073394363949e+01,-1.443932647702716388e+01,-1.995518136801507358e+00
1.954996196291257959e+01,-1.445943953546482241e+01,-1.993997604040633753e+00
1.955317319188151970e+01,-1.447953217304912954e+01,-1.992465370126051738e+00
1.955638442085045980e+01,-1.449960370914586250e+01,-1.990921405544390232e+00
1.955959564981939991e+01,-1.451965346223337150e+01,-1.989365683058009981e+00
1.956280687878834001e+01,-1.453968075778624680e+01,-1.987798177114996401e+00
1.956601810775728367e+01,-1.455968493211218373e+01,-1.986218862859722822e+00
1.956922933672622378e+01,-1.457966533089084393e+01,-1.984627715058161712e+00
1.957244056569516388e+01,-1.459962130282596249e+01,-1.983024707281608956e+00
1.957565179466410399e+01,-1.461955219038248366e+01,-1.981409811614067262e+00
1.957886302363304409e+01,-1.463945732052276227e+01,-1.979782998984345177e+00
1.958207425260198420e+01,-1.465933599838006884e+01,-1.978144240026760370e+00
1.958528548157092786e+01,-1.467918750590724741e+01,-1.976493506205572404e+00
1.958849671053986796e+01,-1.469901110597079708e+01,-1.974830770852523898e+00
1.959170793950880807e+01,-1.471880605064372105e+01,-1.973156009790839827e+00
1.959491916847774817e+01,-1.473857159110074377e+01,-1.971469201348012401e+00
1.959813039744669183e+01,-1.475830698599267876e+01,-1.969770325751564188e+00
1.960134162641563549e+01,-1.477801150562798327e+01,-1.968059364097998420e+00
1.960455285538457559e+01,-1.479768443060212491e+01,-1.966336297222647689e+00
1.960776408435351570e+01,-1.481732504526161343e+01,-1.964601104832247591e+00
1.961097531332245580e+01,-1.483693262803837598e+01,-1.962853765181827415e+00
1.961418654229139591e+01,-1.485650644169885481e+01,-1.961094255407757947e+00
1.961739777126033957e+01,-1.487604572660923097e+01,-1.959322552420731167e+00
1.962060900022927967e+01,-1.489554969918815353e+01,-1.957538634084424300e+00
1.962382022919821978e+01,-1.491501755609027491e+01,-1.955742480312171683e+00
1.962703145816715988e+01,-1.493444848284933357e+01,-1.953934073736532051e+00
1.963024268713609999e+01,-1.495384166428329209e+01,-1.952113399740120325e+00
1.963345391610504009e+01,-1.497319629337945202e+01,-1.950280445835810506e+00
1.963666514507398375e+01,-1.499251157583449334e+01,-1.948435200592326000e+00
1.963987637404292386e+01,-1.501178672877729170e+01,-1.946577652446334517e+00
1.964308760301186396e+01,-1.503102097403921356e+01,-1.944707788781940394e+00
1.964629883198080407e+01,-1.505021352807391466e+01,-1.942825595576566755e+00
1.964951006094974773e+01,-1.506936359170878603e+01,-1.940931057735050258e+00
1.965272128991869138e+01,-1.508847034299662937e+01,-1.939024160016259879e+00
1.965593251888763149e+01,-1.510753293547729470e+01,-1.937104888267403124e+00
1.965914374785657159e+01,-1.512655050246173261e+01,-1.935173230581133108e+00
1.966235497682551170e+01,-1.514552216604763757e+01,-1.933229178011280691e+00
1.966556620579445180e+01,-1.516444704805312860e+01,-1.931272724620766601e+00
1.966877743476339191e+01,-1.518332427943209773e+01,-1.929303866844912063e+00
1.967198866373233557e+01,-1.520215300517946844e+01,-1.927322602371168925e+00
1.967519989270127567e+01,-1.522093238314839780e+01,-1.925328928891308244e+00
1.967841112167021578e+01,-1.523966157711835478e+01,-1.923322843126160420e+00
1.968162235063915588e+01,-1.525833974628956469e+01,-1.921304340439863978e+00
1.968483357960809599e+01,-1.527696603452728397e+01,-1.919273415175279940e+00
1.968804480857703609e+01,-1.529553956279763760e+01,-1.917230061615214698e+00
1.969125603754597975e+01,-1.531405942724386016e+01,-1.915174275273511029e+00
1.969446726651491986e+01,-1.533252470358561581e+01,-1.913106054112998944e+00
1.969767849548385996e+01,-1.535093445652150557e+01,-1.911025399307130890e+00
1.970088972445280007e+01,-1.536928775120952118e+01,-1.908932315303800920e+00
1.970410095342174372e+01,-1.538758366321918558e+01,-1.906826809169489989e+00
1.970731218239068738e+01,-1.540582128380385285e+01,-1.904708889420998030e+00
1.971052341135962749e+01,-1.542399971880089637e+01,-1.902578564716064902e+00
1.971373464032856759e+01,-1.544211808148655329e+01,-1.900435842822854715e+00
1.971694586929750770e+01,-1.546017548163039024e+01,-1.898280730202752897e+00
1.972015709826644780e+01,-1.547817101422979569e+01,-1.896113232348980437e+00
1.972336832723539146e+01,-1.549610375153473640e+01,-1.893933354784039791e+00
1.972657955620433157e+01,-1.551397274095716483e+01,-1.891741104409263352e+00
1.972979078517327167e+01,-1.553177700961365204e+01,-1.889536490783833012e+00
1.973300201414221178e+01,-1.554951557414513452e+01,-1.887319526931188873e+00
1.973621324311115188e+01,-1.556718745276771543e+01,-1.885090229415755880e+00
1.973942447208009199e+01,-1.558479167577675639e+01,-1.882848617664139468e+00
1.974263570104903565e+01,-1.560232729118100536e+01,-1.880594712744716235e+00
1.974584693001797575e+01,-1.561979336367386395e+01,-1.878328535993126769e+00
1.974905815898691586e+01,-1.563718896724495266e+01,-1.876050107924407184e+00
1.975226938795585596e+01,-1.565451317376967744e+01,-1.873759447784163923e+00
1.975548061692479607e+01,-1.567176504121154323e+01,-1.871456573891584041e+00
1.975869184589374328e+01,-1.568894360522695486e+01,-1.869141504675698728e+00
1.976190307486268338e+01,-1.570604787691532778e+01,-1.866814260085533750e+00
1.976511430383162349e+01,-1.572307684752458634e+01,-1.864474862932387289e+00
1.976832553280056359e+01,-1.574002949871552559e+01,-1.862123339740836103e+00
1.977153676176950370e+01,-1.575690481521318631e+01,-1.859759720837200758e+00
1.977474799073844380e+01,-1.577370179588189814e+01,-1.857384039645055385e+00
1.977795921970738746e+01,-1.579041945973568417e+01,-1.854996331408962140e+00
1.978117044867632757e+01,-1.580705684497383245e+01,-1.852596631751258105e+00
1.978438167764526767e+01,-1.582361300133971937e+01,-1.850184975524016062e+00
1.978759290661420778e+01,-1.584008697822719292e+01,-1.847761396326803363e+00
1.979080413558314788e+01,-1.585647781233291198e+01,-1.845325926853499832e+00
1.979401536455208799e+01,-1.587278451883353370e+01,-1.842878599967526787e+00
1.979722659352103165e+01,-1.588900608897061062e+01,-1.840419450173149229e+00
1.980043782248997175e+01,-1.590514149492472384e+01,-1.837948515020963347e+00
1.980364905145891186e+01,-1.592118970053245519e+01,-1.835465836003119300e+00
1.980686028042785196e+01,-1.593714967454377884e+01,-1.832971458652300045e+00
1.981007150939679207e+01,-1.595302040227322138e+01,-1.830465431809674248e+00
1.981328273836573928e+01,-1.596880089197996710e+01,-1.827947806290924238e+00
1.981649396733467938e+01,-1.598449017396205640e+01,-1.825418633373240951e+00
1.981970519630361949e+01,-1.600008729265240959e+01,-1.822877963586138961e+00
1.982291642527255959e+01,-1.601559129423513284e+01,-1.820325846195990804e+00
1.982612765424149970e+01,-1.603100121374910714e+01,-1.817762329556807943e+00
1.982933888321044336e+01,-1.604631606584268866e+01,-1.815187462224630011e+00
1.983255011217938346e+01,-1.606153484221177052e+01,-1.812601294489403436e+00
1.983576134114832357e+01,-1.607665651665336171e+01,-1.810003879841836749e+00
1.983897257011726367e+01,-1.609168005624862019e+01,-1.807395275910132826e+00
1.984218379908620378e+01,-1.610660443522858287e+01,-1.804775544565744516e+00
1.984539502805514388e+01,-1.612142864719042734e+01,-1.802144751159973524e+00
1.984860625702408754e+01,-1.613615171182605224e+01,-1.799502963129486321e+00
1.985181748599302765e+01,-1.615077267404758032e+01,-1.796850248411274498e+00
1.985502871496196775e+01,-1.616529059579105976e+01,-1.794186674172072893e+00
1.985823994393090786e+01,-1.617970454311921102e+01,-1.791512306260582665e+00
1.986145117289984796e+01,-1.619401357276550968e+01,-1.788827209563826459e+00
1.986466240186879517e+01,-1.620821672246777467e+01,-1.786131449162521312e+00
1.986787363083773528e+01,-1.622231300826921796e+01,-1.783425091924073058e+00
1.987108485980667538e+01,-1.623630142977109969e+01,-1.780708208030631789e+00
1.987429608877561549e+01,-1.625018098179833004e+01,-1.777980871955225695e+00
1.987750731774455559e+01,-1.626395066887937091e+01,-1.775243162571175759e+00
1.988071854671349570e+01,-1.627760951802567391e+01,-1.772495162354088549e+00
1.988392977568243936e+01,-1.629115658579671688e+01,-1.769736955923095989e+00
1.988714100465137946e+01,-1.630459095743048792e+01,-1.766968628381613948e+00
1.989035223362031957e+01,-1.631791173832929331e+01,-1.764190263984080742e+00
1.989356346258925967e+01,-1.633111804062840378e+01,-1.761401945555544080e+00
1.989677469155819978e+01,-1.634420896916148536e+01,-1.758603754854335621e+00
1.989998592052713988e+01,-1.635718361136892440e+01,-1.755795773768464629e+00
1.990319714949608354e+01,-1.637004103445812930e+01,-1.752978085970402944e+00
1.990640837846502365e+01,-1.638278029086036724e+01,-1.750150778505081384e+00
1.990961960743396375e+01,-1.639540043037441208e+01,-1.747313942803811582e+00
1.991283083640290386e+01,-1.640790051525602777e+01,-1.744467674795607603e+00
1.991604206537184396e+01,-1.642027963354541598e+01,-1.741612074071922311e+00
1.991925329434079117e+01,-1.643253690644606024e+01,-1.738747242362865819e+00
1.992246452330973128e+01,-1.644467148743899898e+01,-1.735873281802778223e+00
1.992567575227867138e+01,-1.645668255343115050e+01,-1.732990293534634185e+00
1.992888698124761149e+01,-1.646856929077678799e+01,-1.730098377098080231e+00
1.993209821021655159e+01,-1.648033088066333107e+01,-1.727197630798776196e+00
1.993530943918549170e+01,-1.649196648859322778e+01,-1.724288152946267694e+00
1.993852066815443536e+01,-1.650347526141583288e+01,-1.721370043568930308e+00
1.994173189712337546e+01,-1.651485633298368327e+01,-1.718443406059859013e+00
1.994494312609231557e+01,-1.652610883676928921e+01,-1.715508348225603275e+00
1.994815435506125567e+01,-1.653723192154644295e+01,-1.712564982396023838e+00
1.995136558403019578e+01,-1.654822476522942765e+01,-1.709613424549792482e+00
1.995457681299913943e+01,-1.655908658253058263e+01,-1.706653792723895391e+00
1.995778804196807954e+01,-1.656981662402017363e+01,-1.703686205205050097e+00
1.996099927093701965e+01,-1.658041416690615577e+01,-1.700710779073456580e+00
1.996421049990595975e+01,-1.659087850048970125e+01,-1.697727629561603724e+00
1.996742172887489986e+01,-1.660120891096662277e+01,-1.694736870433046994e+00
1.997063295784383996e+01,-1.661140467049136049e+01,-1.691738615262951884e+00
1.997384418681278717e+01,-1.662146503408646581e+01,-1.688732979213283913e+00
1.997705541578172728e+01,-1.663138924551008202e+01,-1.685720080734945725e+00
1.998026664475066738e+01,-1.664117655034427656e+01,-1.682700042648824335e+00
1.998347787371960749e+01,-1.665082621224661352e+01,-1.679672992250951236e+00
1.998668910268854759e+01,-1.666033752728063178e+01,-1.676639060396324155e+00
1.998990033165749125e+01,-1.666970983180966215e+01,-1.673598379840534278e+00
1.999311156062643136e+01,-1.667894250146474988e+01,-1.670551083357034727e+00
1.999632278959537146e+01,-1.668803494152178857e+01,-1.667497302221938371e+00
1.999953401856431157e+01,-1.669698657176700607e+01,-1.664437165546169828e+00
2.000274524753325167e+01,-1.670579681070128331e+01,-1.661370800665822767e+00
2.000595647650219178e+01,-1.671446506418237732e+01,-1.658298334467317225e+00
2.000916770547113543e+01,-1.672299072221480642e+01,-1.655219895223609905e+00
2.001237893444007554e+01,-1.673137316502637972e+01,-1.652135614352385540e+00
2.001559016340901564e+01,-1.673961177661762534e+01,-1.649045627527942148e+00
2.001880139237795575e+01,-1.674770596157148717e+01,-1.645950074780878847e+00
2.002201262134689586e+01,-1.675565515984512288e+01,-1.642849099539437363e+00
2.002522385031583951e+01,-1.676345885487557652e+01,-1.639742846903767814e+00
2.002843507928478317e+01,-1.677111657242567944e+01,-1.636631461690011058e+00
2.003164630825372328e+01,-1.677862787054114335e+01,-1.633515086858638110e+00
2.003485753722266338e+01,-1.678599232381230166e+01,-1.630393862821326589e+00
2.003806876619160349e+01,-1.679320950697743697e+01,-1.627267927845199358e+00
2.004127999516054359e+01,-1.680027898314166634e+01,-1.624137419422892137e+00
2.004449122412948725e+01,-1.680720030044027169e+01,-1.621002476169669970e+00
2.004770245309842736e+01,-1.681397299831574088e+01,-1.617863239636564421e+00
2.005091368206736746e+01,-1.682059662150577850e+01,-1.614719855452732888e+00
2.005412491103630757e+01,-1.682707073738027859e+01,-1.611572473419141671e+00
2.005733614000524767e+01,-1.683339495116189610e+01,-1.608421246508644709e+00
2.006054736897419133e+01,-1.683956891421001245e+01,-1.605266329074897635e+00
2.006375859794313143e+01,-1.684559232272387419e+01,-1.602107874826967038e+00
2.006696982691207154e+01,-1.685146490726260993e+01,-1.598946035204186211e+00
2.007018105588101164e+01,-1.685718641640467297e+01,-1.595780958661723314e+00
2.007339228484995175e+01,-1.686275659975461849e+01,-1.592612791090134428e+00
2.007660351381889186e+01,-1.686817519574340096e+01,-1.589441677231726358e+00
2.007981474278783551e+01,-1.687344192816677335e+01,-1.586267762637911360e+00
2.008302597175677917e+01,-1.687855651264766976e+01,-1.583091195537070561e+00
2.008623720072571928e+01,-1.688351867104337956e+01,-1.579912128006678129e+00
2.008944842969465938e+01,-1.688832814927674519e+01,-1.576730716062118898e+00
2.009265965866359949e+01,-1.689298473295536240e+01,-1.573547118617687479e+00
2.009587088763254314e+01,-1.689748825580627667e+01,-1.570361495634063242e+00
2.009908211660148325e+01,-1.690183859822668211e+01,-1.567174006028016375e+00
2.010229334557042336e+01,-1.690603567637002769e+01,-1.563984805998254624e+00
2.010550457453936346e+01,-1.691007942521887486e+01,-1.560794048292850844e+00
2.010871580350830357e+01,-1.691396978101577275e+01,-1.557601882645694102e+00
2.011192703247724367e+01,-1.691770666866186801e+01,-1.554408457238565244e+00
2.011513826144618733e+01,-1.692128999813558821e+01,-1.551213920717176231e+00
2.011834949041512743e+01,-1.692471967112498987e+01,-1.548018424111463620e+00
2.012156071938406754e+01,-1.692799559582060809e+01,-1.544822122036238587e+00
2.012477194835300764e+01,-1.693111770519983850e+01,-1.541625172775575203e+00
2.012798317732194775e+01,-1.693408597299512053e+01,-1.538427737207850310e+00
2.013119440629089141e+01,-1.693690042224662662e+01,-1.535229976896930193e+00
2.013440563525983507e+01,-1.693956112367792599e+01,-1.532032051943534645e+00
2.013761686422877517e+01,-1.694206818435347017e+01,-1.528834119268849712e+00
2.014082809319771528e+01,-1.694442173018560283e+01,-1.525636331869542728e+00
2.014403932216665538e+01,-1.694662188782298884e+01,-1.522438839274937727e+00
2.014725055113559549e+01,-1.694866877168385599e+01,-1.519241789056053449e+00
2.015046178010453914e+01,-1.695056248027929868e+01,-1.516045328900128997e+00
2.015367300907347925e+01,-1.695230310302510901e+01,-1.512849608581313676e+00
2.015688423804241935e+01,-1.695389073541395319e+01,-1.509654781188659367e+00
2.016009546701135946e+01,-1.695532549772996944e+01,-1.506461003205913585e+00
2.016330669598029957e+01,-1.695660755134155906e+01,-1.503268433401794058e+00
2.016651792494924322e+01,-1.695773710734806627e+01,-1.500077230868018585e+00
2.016972915391818333e+01,-1.695871442477018576e+01,-1.496887552816448475e+00
2.017294038288712343e+01,-1.695953979877839046e+01,-1.493699552824985677e+00
2.017615161185606354e+01,-1.696021354264738434e+01,-1.490513380083686501e+00
2.017936284082500364e+01,-1.696073596912179227e+01,-1.487329179874904428e+00
2.018257406979394375e+01,-1.696110737709562599e+01,-1.484147095130913696e+00
2.018578529876288741e+01,-1.696132804784585701e+01,-1.480967268566621753e+00
2.018899652773183107e+01,-1.696139825202081042e+01,-1.477789844701765665e+00
2.019220775670077117e+01,-1.696131826517372332e+01,-1.474614971117462980e+00
2.019541898566971128e+01,-1.696108838689330867e+01,-1.471442798534494889e+00
2.019863021463865138e+01,-1.696070895740906082e+01,-1.468273479673305015e+00
2.020184144360759504e+01,-1.696018036634001902e+01,-1.465107167244524611e+00
2.020505267257653514e+01,-1.695950305071704634e+01,-1.461944011697301482e+00
2.020826390154547525e+01,-1.695867748282586973e+01,-1.458784159431613769e+00
2.021147513051441535e+01,-1.695770415165323897e+01,-1.455627752037579326e+00
2.021468635948335546e+01,-1.695658354377233934e+01,-1.452474926798675847e+00
2.021789758845229557e+01,-1.695531612970368229e+01,-1.449325818294910473e+00
2.022110881742123922e+01,-1.695390236006954865e+01,-1.446180560591545206e+00
2.022432004639017933e+01,-1.695234267274761564e+01,-1.443039289309551387e+00
2.022753127535911943e+01,-1.695063750874318842e+01,-1.439902142909774030e+00
2.023074250432805954e+01,-1.694878733169997531e+01,-1.436769262770942079e+00
2.023395373329699964e+01,-1.694679264479372804e+01,-1.433640792023304966e+00
2.023716496226594330e+01,-1.694465399956758134e+01,-1.430516873497238883e+00
2.024037619123488341e+01,-1.694237199379954717e+01,-1.427397647428479743e+00
2.024358742020382707e+01,-1.693994725898359732e+01,-1.424283249642418925e+00
2.024679864917276717e+01,-1.693738044131210074e+01,-1.421173810790131053e+00
2.025000987814170728e+01,-1.693467218212241221e+01,-1.418069456875940659e+00
2.025322110711064738e+01,-1.693182310397700263e+01,-1.414970310906194184e+00
2.025643233607959104e+01,-1.692883380675708693e+01,-1.411876495132021514e+00
2.025964356504853114e+01,-1.692570487499075327e+01,-1.408788133167223622e+00
2.026285479401747125e+01,-1.692243689405576035e+01,-1.405705351300211792e+00
2.026606602298641135e+01,-1.691903047006492145e+01,-1.402628278573323506e+00
2.026927725195535146e+01,-1.691548624704886805e+01,-1.399557045593657678e+00
2.027248848092429512e+01,-1.691180491589263113e+01,-1.396491782443339824e+00
2.027569970989323522e+01,-1.690798721207933752e+01,-1.393432616345921637e+00
2.027891093886217533e+01,-1.690403390285673169e+01,-1.390379669824634457e+00
2.028212216783111543e+01,-1.689994576780146929e+01,-1.387333059935118129e+00
2.028533339680005554e+01,-1.689572357887183074e+01,-1.384292898815246975e+00
2.028854462576899564e+01,-1.689136808622850339e+01,-1.381259295376213725e+00
2.029175585473793930e+01,-1.688688001427552265e+01,-1.378232357595438717e+00
2.029496708370687941e+01,-1.688226006914753796e+01,-1.375212194679655830e+00
2.029817831267582307e+01,-1.687750895521821448e+01,-1.372198918403637391e+00
2.030138954164476317e+01,-1.687262739533619538e+01,-1.369192643193397174e+00
2.030460077061370328e+01,-1.686761614828602873e+01,-1.366193484917803458e+00
2.030781199958264693e+01,-1.686247601783184891e+01,-1.363201558766094834e+00
2.031102322855158704e+01,-1.685720785036793501e+01,-1.360216976879656814e+00
2.031423445752052714e+01,-1.685181252181471834e+01,-1.357239846487472423e+00
2.031744568648946725e+01,-1.684629091781656740e+01,-1.354270269136823357e+00
2.032065691545840735e+01,-1.684064391344767486e+01,-1.351308341263520507e+00
2.032386814442734746e+01,-1.683487235880352628e+01,-1.348354155922536712e+00
2.032707937339629112e+01,-1.682897707500571016e+01,-1.345407805128147061e+00
2.033029060236523122e+01,-1.682295886184072131e+01,-1.342469382059216176e+00
2.033350183133417133e+01,-1.681681851456876586e+01,-1.339538982425353630e+00
2.033671306030311143e+01,-1.681055684449816923e+01,-1.336616704554537183e+00
2.033992428927205154e+01,-1.680417469672917008e+01,-1.333702648168937799e+00
2.034313551824099520e+01,-1.679767295932801119e+01,-1.330796912232709461e+00
2.034634674720993530e+01,-1.679105256092444520e+01,-1.327899592551725849e+00
2.034955797617887541e+01,-1.678431445738378613e+01,-1.325010779886582224e+00
2.035276920514781906e+01,-1.677745961168823996e+01,-1.322130559178763320e+00
2.035598043411675917e+01,-1.677048897333012789e+01,-1.319259010138175814e+00
2.035919166308569928e+01,-1.676340346369361356e+01,-1.316396209007765661e+00
2.036240289205464293e+01,-1.675620397201134182e+01,-1.313542230946787237e+00
2.036561412102358304e+01,-1.674889136314094529e+01,-1.310697152275737132e+00
2.036882534999252314e+01,-1.674146649463935788e+01,-1.307861051869087632e+00
2.037203657896146325e+01,-1.673393023766141496e+01,-1.305034011250050474e+00
2.037524780793040335e+01,-1.672628349497733069e+01,-1.302216113354278226e+00
2.037845903689934701e+01,-1.671852721030172262e+01,-1.299407440352002840e+00
2.038167026586828712e+01,-1.671066236587162734e+01,-1.296608071218704916e+00
2.038488149483722722e+01,-1.670268996895061520e+01,-1.293818079826364986e+00
2.038809272380616733e+01,-1.669461103144104897e+01,-1.291037534163614220e+00
2.039130395277510743e+01,-1.668642654900453692e+01,-1.288266496935954963e+00
2.039451518174404754e+01,-1.667813748625043146e+01,-1.285505027359992170e+00
2.039772641071299120e+01,-1.666974477264478693e+01,-1.282753183584441015e+00
2.040093763968193130e+01,-1.666124931039991708e+01,-1.280011024972321332e+00
2.040414886865087496e+01,-1.665265199179247446e+01,-1.277278613519049699e+00
2.040736009761981506e+01,-1.664395372036650755e+01,-1.274556013956227307e+00
2.041057132658875517e+01,-1.663515542922548462e+01,-1.271843292505888456e+00
2.041378255555769883e+01,-1.662625809052957848e+01,-1.269140514680336285e+00
2.041699378452663893e+01,-1.661726271309504099e+01,-1.266447742825441036e+00
2.042020501349557904e+01,-1.660817032877070432e+01,-1.263765034190154735e+00
2.042341624246451914e+01,-1.659898197182679525e+01,-1.261092440137863147e+00
2.042662747143345925e+01,-1.658969865782757935e+01,-1.258430006755349106e+00
2.042983870040239935e+01,-1.658032136863828754e+01,-1.255777776671317403e+00
2.043304992937134301e+01,-1.657085104827654121e+01,-1.253135791511520214e+00
2.043626115834028312e+01,-1.656128861089309012e+01,-1.250504094215165729e+00
2.043947238730922322e+01,-1.655163495831142129e+01,-1.247882730478756308e+00
2.044268361627816333e+01,-1.654189100152419556e+01,-1.245271748870109274e+00
2.044589484524710343e+01,-1.653205767926481684e+01,-1.242671199575996477e+00
2.044910607421604709e+01,-1.652213596769710335e+01,-1.240081132181169332e+00
2.045231730318498720e+01,-1.651212687807518265e+01,-1.237501593185160287e+00
2.045552853215392730e+01,-1.650203144303251079e+01,-1.234932624047264227e+00
2.045873976112287096e+01,-1.649185069577830376e+01,-1.232374260385070919e+00
2.046195099009181106e+01,-1.648158564873708087e+01,-1.229826532586239196e+00
2.046516221906075117e+01,-1.647123727835722917e+01,-1.227289467645576115e+00
2.046837344802969483e+01,-1.646080652087462681e+01,-1.224763091650275415e+00
2.047158467699863493e+01,-1.645029428034117913e+01,-1.222247432128833911e+00
2.047479590596757504e+01,-1.643970144634749531e+01,-1.219742519522253987e+00
2.047800713493651514e+01,-1.642902891578690827e+01,-1.217248387312243274e+00
2.048121836390545525e+01,-1.641827761170770117e+01,-1.214765070766621102e+00
2.048442959287439891e+01,-1.640744849322828358e+01,-1.212292604702412957e+00
2.048764082184333901e+01,-1.639654255329964627e+01,-1.209831020977578886e+00
2.049085205081227912e+01,-1.638556080496572065e+01,-1.207380346511093938e+00
2.049406327978121922e+01,-1.637450426041420926e+01,-1.204940602464491750e+00
2.049727450875015933e+01,-1.636337390941037739e+01,-1.202511804850388888e+00
2.050048573771909943e+01,-1.635217070391315275e+01,-1.200093966381797106e+00
2.050369696668804309e+01,-1.634089555372862179e+01,-1.197687098981286447e+00
2.050690819565698320e+01,-1.632954933455039637e+01,-1.195291216159600545e+00
2.051011942462592330e+01,-1.631813290582691067e+01,-1.192906334512753519e+00
2.051333065359486696e+01,-1.630664713276198796e+01,-1.190532473866004359e+00
2.051654188256380706e+01,-1.629509290544081068e+01,-1.188169656020318987e+00
2.051975311153275072e+01,-1.628347114897487558e+01,-1.185817902501557164e+00
2.052296434050169083e+01,-1.627178282139632159e+01,-1.183477232028624648e+00
2.052617556947063093e+01,-1.626002889991869793e+01,-1.181147658507725628e+00
2.052938679843957104e+01,-1.624821035986758488e+01,-1.178829190193820597e+00
2.053259802740851114e+01,-1.623632815291951204e+01,-1.176521830292073689e+00
2.053580925637745125e+01,-1.622438319151808628e+01,-1.174225578814302340e+00
2.053902048534639491e+01,-1.621237634439021846e+01,-1.171940435109409595e+00
2.054223171431533501e+01,-1.620030844456945118e+01,-1.169666400269797624e+00
2.054544294328427512e+01,-1.618818030737670810e+01,-1.167403478655628213e+00
2.054865417225321522e+01,-1.617599275264486280e+01,-1.165151678056791873e+00
2.055186540122215533e+01,-1.616374662411649155e+01,-1.162911008442694349e+00
2.055507663019109899e+01,-1.615144279984134101e+01,-1.160681479700145680e+00
2.055828785916003909e+01,-1.613908219023185353e+01,-1.158463099077425840e+00
2.056149908812897920e+01,-1.612666572435321299e+01,-1.156255869150922377e+00
2.056471031709791930e+01,-1.611419432875241853e+01,-1.154059786962373213e+00
2.056792154606686296e+01,-1.610166890549975349e+01,-1.151874844608234083e+00
2.057113277503580306e+01,-1.608909031638592779e+01,-1.149701031099658044e+00
2.057434400400474672e+01,-1.607645937826530513e+01,-1.147538334911016644e+00
2.057755523297368683e+01,-1.606377687102460783e+01,-1.145386746414597923e+00
2.058076646194262693e+01,-1.605104355564773755e+01,-1.143246259433855272e+00
2.058397769091156704e+01,-1.603826019664991875e+01,-1.141116871426857804e+00
2.058718891988050714e+01,-1.602542758176230464e+01,-1.138998582243572866e+00
2.059040014884945080e+01,-1.601254653260961902e+01,-1.136891391853475763e+00
2.059361137781839091e+01,-1.599961790296626774e+01,-1.134795297766336697e+00
2.059682260678733101e+01,-1.598664256511193038e+01,-1.132710292967296750e+00
2.060003383575627112e+01,-1.597362138857716118e+01,-1.130636365025389667e+00
2.060324506472521122e+01,-1.596055521798547261e+01,-1.128573496664286857e+00
2.060645629369415133e+01,-1.594744485699948200e+01,-1.126521667620849376e+00
2.060966752266309499e+01,-1.593429106344957802e+01,-1.124480857208990825e+00
2.061287875163203509e+01,-1.592109455719226219e+01,-1.122451046781892225e+00
2.061608998060097520e+01,-1.590785603821861294e+01,-1.120432221317425370e+00
2.061930120956991885e+01,-1.589457620927801074e+01,-1.118424369627547987e+00
2.062251243853885896e+01,-1.588125579585264902e+01,-1.116427483127474973e+00
2.062572366750780262e+01,-1.586789555714393885e+01,-1.114441553556995812e+00
2.062893489647674272e+01,-1.585449628456736093e+01,-1.112466570378346287e+00
2.063214612544568283e+01,-1.584105878821719493e+01,-1.110502518677994876e+00
2.063535735441462293e+01,-1.582758387555144353e+01,-1.108549378241792338e+00
2.063856858338356304e+01,-1.581407232903790216e+01,-1.106607124101637973e+00
2.064177981235250314e+01,-1.580052488982642878e+01,-1.104675728387209288e+00
2.064499104132144680e+01,-1.578694225261863160e+01,-1.102755162901710939e+00
2.064820227029038691e+01,-1.577332507336892498e+01,-1.100845401611738605e+00
2.065141349925932701e+01,-1.575967398739404679e+01,-1.098946422266909195e+00
2.065462472822826712e+01,-1.574598963216113034e+01,-1.097058206639445643e+00
2.065783595719720722e+01,-1.573227266755706921e+01,-1.095180739310124496e+00
2.066104718616615088e+01,-1.571852378720211618e+01,-1.093314005387331811e+00
2.066425841513509098e+01,-1.570474371723383200e+01,-1.091457987882859637e+00
2.066746964410403109e+01,-1.569093320291017157e+01,-1.089612665579013928e+00
2.067068087307297120e+01,-1.567709298726957101e+01,-1.087778012066003885e+00
2.067389210204191485e+01,-1.566322378858493458e+01,-1.085953996259393373e+00
2.067710333101085496e+01,-1.564932628374312529e+01,-1.084140584239173810e+00
2.068031455997979862e+01,-1.563540110281569895e+01,-1.082337741833954592e+00
2.068352578894873872e+01,-1.562144883655401273e+01,-1.080545437137018894e+00
2.068673701791767883e+01,-1.560747005445061397e+01,-1.078763642161841840e+00
2.068994824688661893e+01,-1.559346532766415550e+01,-1.076992333115789346e+00
2.069315947585555904e+01,-1.557943524956630199e+01,-1.075231489207592706e+00
2.069637070482450270e+01,-1.556538044740573667e+01,-1.073481090367985002e+00
2.069958193379344280e+01,-1.555130158139516183e+01,-1.071741114606201251e+00
2.070279316276238291e+01,-1.553719933149857191e+01,-1.070011535842767980e+00
2.070600439173132301e+01,-1.552307437608891760e+01,-1.068292322906984060e+00
2.070921562070026312e+01,-1.550892736922298809e+01,-1.066583440021544593e+00
2.071242684966920322e+01,-1.549475892372445429e+01,-1.064884848625711866e+00
2.071563807863814688e+01,-1.548056960543792648e+01,-1.063196509964927872e+00
2.071884930760708698e+01,-1.546635994049074014e+01,-1.061518387631880556e+00
2.072206053657602709e+01,-1.545213043327832381e+01,-1.059850449258478600e+00
2.072527176554496720e+01,-1.543788158951230471e+01,-1.058192666825310768e+00
2.072848299451391085e+01,-1.542361393704235084e+01,-1.056545015492856399e+00
2.073169422348285451e+01,-1.540932803787521799e+01,-1.054907471324546320e+00
2.073490545245179462e+01,-1.539502448758646835e+01,-1.053280008624914776e+00
2.073811668142073472e+01,-1.538070390229707840e+01,-1.051662597735661731e+00
2.074132791038967483e+01,-1.536636689733347083e+01,-1.050055203991136166e+00
2.074453913935861493e+01,-1.535201406431077586e+01,-1.048457788167674654e+00
2.074775036832755504e+01,-1.533764595389240704e+01,-1.046870308288538221e+00
2.075096159729649870e+01,-1.532326306969511975e+01,-1.045292722219418158e+00
2.075417282626543880e+01,-1.530886587528280884e+01,-1.043724990235905814e+00
2.075738405523437891e+01,-1.529445481206204960e+01,-1.042167076755797117e+00
2.076059528420331901e+01,-1.528003032244488679e+01,-1.040618950688337874e+00
2.076380651317225912e+01,-1.526559287096907269e+01,-1.039080584292746856e+00
2.076701774214120277e+01,-1.525114295670347175e+01,-1.037551950906508758e+00
2.077022897111014288e+01,-1.523668111302120920e+01,-1.036033022263530556e+00
2.077344020007908298e+01,-1.522220789479945680e+01,-1.034523766251733923e+00
2.077665142904802309e+01,-1.520772385709584107e+01,-1.033024145821740625e+00
2.077986265801696319e+01,-1.519322953203211668e+01,-1.031534119395648430e+00
2.078307388698590685e+01,-1.517872541120368624e+01,-1.030053642650229584e+00
2.078628511595485051e+01,-1.516421193919091337e+01,-1.028582671115639391e+00
2.078949634492379062e+01,-1.514968952023938087e+01,-1.027121162770638696e+00
2.079270757389273072e+01,-1.513515853602917005e+01,-1.025669079817562057e+00
2.079591880286167083e+01,-1.512061936893384306e+01,-1.024226389076174915e+00
2.079913003183061093e+01,-1.510607242343954226e+01,-1.022793060874165327e+00
2.080234126079955459e+01,-1.509151813896232852e+01,-1.021369066783745172e+00
2.080555248976849469e+01,-1.507695699001132184e+01,-1.019954376922105332e+00
2.080876371873743480e+01,-1.506238947364665037e+01,-1.018548957669253685e+00
2.081197494770637491e+01,-1.504781608819269323e+01,-1.017152770527230965e+00
2.081518617667531501e+01,-1.503323730992747187e+01,-1.015765772485130336e+00
2.081839740564425512e+01,-1.501865357512934906e+01,-1.014387917777029635e+00
2.082160863461319877e+01,-1.500406527316641814e+01,-1.013019160482200753e+00
2.082481986358213888e+01,-1.498947275283685165e+01,-1.011659457148220254e+00
2.082803109255107898e+01,-1.497487633998519030e+01,-1.010308768610240548e+00
2.083124232152001909e+01,-1.496027636084932944e+01,-1.008967060432952811e+00
2.083445355048895919e+01,-1.494567316378404698e+01,-1.007634301835054425e+00
2.083766477945790641e+01,-1.493106713250807083e+01,-1.006310463436858260e+00
2.084087600842684651e+01,-1.491645868668551245e+01,-1.004995514542641910e+00
2.084408723739578662e+01,-1.490184826966199694e+01,-1.003689420816628042e+00
2.084729846636472672e+01,-1.488723632722182089e+01,-1.002392143090051091e+00
2.085050969533366683e+01,-1.487262328407484091e+01,-1.001103637678215641e+00
2.085372092430260693e+01,-1.485800952551106668e+01,-9.998238581110642231e-01
2.085693215327155059e+01,-1.484339539003454611e+01,-9.985527577339444738e-01
2.086014338224049069e+01,-1.482878117532270501e+01,-9.972902923597772862e-01
2.086335461120943080e+01,-1.481416715566468767e+01,-9.960364221365570758e-01
2.086656584017837091e+01,-1.479955360538399489e+01,-9.947911120413069908e-01
2.086977706914731101e+01,-1.478494082088236539e+01,-9.935543308438511412e-01
2.087298829811625467e+01,-1.477032913433840910e+01,-9.923260488679102043e-01
2.087619952708519477e+01,-1.475571891474947428e+01,-9.911062352562115541e-01
2.087941075605413488e+01,-1.474111055597796138e+01,-9.898948556035422897e-01
2.088262198502307498e+01,-1.472650445557349208e+01,-9.886918707083619529e-01
2.088583321399201509e+01,-1.471190099105989546e+01,-9.874972368378192034e-01
2.088904444296095875e+01,-1.469730050118226217e+01,-9.863109074274407639e-01
2.089225567192990241e+01,-1.468270327805286968e+01,-9.851328356806162700e-01
2.089546690089884251e+01,-1.466810957269928117e+01,-9.839629772500568805e-01
2.089867812986778262e+01,-1.465351961229065303e+01,-9.828012921560340676e-01
2.090188935883672272e+01,-1.463893362363196360e+01,-9.816477453356039495e-01
2.090510058780566283e+01,-1.462435185552567063e+01,-9.805023056497035316e-01
2.090831181677460648e+01,-1.460977459295482994e+01,-9.793649436600809777e-01
2.091152304574354659e+01,-1.459520215860893089e+01,-9.782356288779936460e-01
2.091473427471248669e+01,-1.458063490127192274e+01,-9.771143273534117490e-01
2.091794550368142680e+01,-1.456607317473031848e+01,-9.760010003669364886e-01
2.092115673265036691e+01,-1.455151731385958591e+01,-9.748956046397682096e-01
2.092436796161930701e+01,-1.453696761544581406e+01,-9.737980939985518836e-01
2.092757919058825067e+01,-1.452242432981090126e+01,-9.727084219716217728e-01
2.093079041955719077e+01,-1.450788766591116108e+01,-9.716265444999387935e-01
2.093400164852613088e+01,-1.449335780832537957e+01,-9.705524219079193493e-01
2.093721287749507098e+01,-1.447883494079357725e+01,-9.694860195119882063e-01
2.094042410646401109e+01,-1.446431926890517872e+01,-9.684273066743958047e-01
2.094363533543295830e+01,-1.444981103477337570e+01,-9.673762545995993056e-01
2.094684656440189841e+01,-1.443531051907795870e+01,-9.663328335683656345e-01
2.095005779337083851e+01,-1.442081802982040095e+01,-9.652970104819055264e-01
2.095326902233977862e+01,-1.440633388133511872e+01,-9.642687474934850123e-01
2.095648025130871872e+01,-1.439185837018240832e+01,-9.632480021597608077e-01
2.095969148027765883e+01,-1.437739175553096338e+01,-9.622347290686095178e-01
2.096290270924660248e+01,-1.436293425024629045e+01,-9.612288824309614954e-01
2.096611393821554259e+01,-1.434848602551003793e+01,-9.602304188215134984e-01
2.096932516718448269e+01,-1.433404722754958449e+01,-9.592392992042950706e-01
2.097253639615342280e+01,-1.431961800121856498e+01,-9.582554896036603598e-01
2.097574762512236290e+01,-1.430519851301395917e+01,-9.572789602082431015e-01
2.097895885409130301e+01,-1.429078896627148332e+01,-9.563096831891357841e-01
2.098217008306024667e+01,-1.427638960375299604e+01,-9.553476299195871047e-01
2.098538131202918677e+01,-1.426200069679857130e+01,-9.543927684737396611e-01
2.098859254099812688e+01,-1.424762252446359945e+01,-9.534450621936298997e-01
2.099180376996706698e+01,-1.423325534921997537e+01,-9.525044697792367510e-01
2.099501499893600709e+01,-1.421889939689224391e+01,-9.515709468751682998e-01
2.099822622790495430e+01,-1.420455484717713901e+01,-9.506444486555331030e-01
2.100143745687389440e+01,-1.419022183775608248e+01,-9.497249325940643194e-01
2.100464868584283451e+01,-1.417590048073275355e+01,-9.488123605454050757e-01
2.100785991481177462e+01,-1.416159088623884621e+01,-9.479066994812653801e-01
2.101107114378071472e+01,-1.414729318577154160e+01,-9.470079206473448474e-01
2.101428237274965838e+01,-1.413300754791777436e+01,-9.461159974057667954e-01
2.101749360171859848e+01,-1.411873418149985682e+01,-9.452309024425793460e-01
2.102070483068753859e+01,-1.410447332514213059e+01,-9.443526052204308519e-01
2.102391605965647869e+01,-1.409022522654620069e+01,-9.434810704808908044e-01
2.102712728862541880e+01,-1.407599011800085265e+01,-9.426162582712706017e-01
2.103033851759435890e+01,-1.406176819586373838e+01,-9.417581254891685960e-01
2.103354974656330256e+01,-1.404755961049604274e+01,-9.409066284608069708e-01
2.103676097553224267e+01,-1.403336446985633401e+01,-9.400617257410961436e-01
2.103997220450118277e+01,-1.401918285563942490e+01,-9.392233802534204479e-01
2.104318343347012288e+01,-1.400501484690793674e+01,-9.383915600929849665e-01
2.104639466243906298e+01,-1.399086054377263189e+01,-9.375662377395627134e-01
2.104960589140800309e+01,-1.397672008367135454e+01,-9.367473879249216262e-01
2.105281712037695030e+01,-1.396259364510130041e+01,-9.359349848271392158e-01
2.105602834934589040e+01,-1.394848143762736292e+01,-9.351289994746265766e-01
2.105923957831483051e+01,-1.393438368129925564e+01,-9.343293981805248505e-01
2.106245080728377062e+01,-1.392030058196780828e+01,-9.335361425018204873e-01
2.106566203625271072e+01,-1.390623231028311757e+01,-9.327491907392940762e-01
2.106887326522165438e+01,-1.389217899101562992e+01,-9.319685005075551976e-01
2.107208449419059448e+01,-1.387814070608882844e+01,-9.311940315665628853e-01
2.107529572315953459e+01,-1.386411751039879903e+01,-9.304257480219658705e-01
2.107850695212847469e+01,-1.385010945545941574e+01,-9.296636192002396548e-01
2.108171818109741480e+01,-1.383611661343115529e+01,-9.289076189203906431e-01
2.108492941006635490e+01,-1.382213909397833795e+01,-9.281577233893596457e-01
2.108814063903529856e+01,-1.380817704862112016e+01,-9.274139083838759401e-01
2.109135186800423867e+01,-1.379423066120648578e+01,-9.266761466047707119e-01
2.109456309697317877e+01,-1.378030012749115585e+01,-9.259444060401402776e-01
2.109777432594211888e+01,-1.376638563025439232e+01,-9.252186498540986292e-01
2.110098555491105898e+01,-1.375248731779972822e+01,-9.244988378392204886e-01
2.110419678388000264e+01,-1.373860529262990582e+01,-9.237849289773308881e-01
2.110740801284894630e+01,-1.372473961388997132e+01,-9.230768843035401794e-01
2.111061924181788640e+01,-1.371089031284202164e+01,-9.223746691708305523e-01
2.111383047078682651e+01,-1.369705741652118824e+01,-9.216782542007879719e-01
2.111704169975576661e+01,-1.368324097213195145e+01,-9.209876146185645984e-01
2.112025292872471027e+01,-1.366944106451368768e+01,-9.203027281793445535e-01
2.112346415769365038e+01,-1.365565782115663751e+01,-9.196235723375656423e-01
2.112667538666259048e+01,-1.364189140318055493e+01,-9.189501215501904019e-01
2.112988661563153059e+01,-1.362814198510446495e+01,-9.182823455637011412e-01
2.113309784460047069e+01,-1.361440972976814123e+01,-9.176202092272183197e-01
2.113630907356941080e+01,-1.360069476631443308e+01,-9.169636738924022978e-01
2.113952030253835446e+01,-1.358699717818212704e+01,-9.163126999615336388e-01
2.114273153150729456e+01,-1.357331700490957793e+01,-9.156672497829848600e-01
2.114594276047623467e+01,-1.355965425722184037e+01,-9.150272899819534844e-01
2.114915398944517477e+01,-1.354600894066220640e+01,-9.143927924908036298e-01
2.115236521841411488e+01,-1.353238108034881648e+01,-9.137637339525704894e-01
2.115557644738305498e+01,-1.351877073905900417e+01,-9.131400936831208792e-01
2.115878767635200219e+01,-1.350517802293994407e+01,-9.125218508316907950e-01
2.116199890532094230e+01,-1.349160307303132633e+01,-9.119089816331518161e-01
2.116521013428988240e+01,-1.347804604525811456e+01,-9.113014576188791516e-01
2.116842136325882251e+01,-1.346450708518275263e+01,-9.106992453506929097e-01
2.117163259222776261e+01,-1.345098630547374796e+01,-9.101023077645307158e-01
2.117484382119670627e+01,-1.343748377319938747e+01,-9.095106067031558661e-01
2.117805505016564638e+01,-1.342399951097584321e+01,-9.089241058415816754e-01
2.118126627913458648e+01,-1.341053351163313856e+01,-9.083427730835482716e-01
2.118447750810352659e+01,-1.339708576180623822e+01,-9.077665816742522820e-01
2.118768873707246669e+01,-1.338365626704192834e+01,-9.071955096747111869e-01
2.119089996604140680e+01,-1.337024507051102518e+01,-9.066295379627139495e-01
2.119411119501035046e+01,-1.335685225943350218e+01,-9.060686473865067203e-01
2.119732242397929056e+01,-1.334347795717262919e+01,-9.055128159668973664e-01
2.120053365294823067e+01,-1.333012230347211968e+01,-9.049620170301282407e-01
2.120374488191717077e+01,-1.331678542905492790e+01,-9.044162188606367225e-01
2.120695611088611088e+01,-1.330346743257770825e+01,-9.038753859856830664e-01
2.121016733985505454e+01,-1.329016836721816652e+01,-9.033394816902227120e-01
2.121337856882399819e+01,-1.327688824114335198e+01,-9.028084709707359101e-01
2.121658979779293830e+01,-1.326362703173714586e+01,-9.022823229984026083e-01
2.121980102676187840e+01,-1.325038470913618838e+01,-9.017610123142062450e-01
2.122301225573081851e+01,-1.323716126167758489e+01,-9.012445183770263490e-01
2.122622348469976217e+01,-1.322395671524916594e+01,-9.007328236044731540e-01
2.122943471366870227e+01,-1.321077114043580636e+01,-9.002259105202387035e-01
2.123264594263764238e+01,-1.319760464519557175e+01,-8.997237589059017271e-01
2.123585717160658248e+01,-1.318445735534907470e+01,-8.992263438544997323e-01
2.123906840057552259e+01,-1.317132938901523609e+01,-8.987336353401871314e-01
2.124227962954446269e+01,-1.315822083303896051e+01,-8.982455994432800850e-01
2.124549085851340635e+01,-1.314513172884615244e+01,-8.977622008469983150e-01
2.124870208748234646e+01,-1.313206207221132260e+01,-8.972834058220741094e-01
2.125191331645128656e+01,-1.311901182703236124e+01,-8.968091847596686428e-01
2.125512454542022667e+01,-1.310598094881679820e+01,-8.963395134535940834e-01
2.125833577438916677e+01,-1.309296941049368712e+01,-8.958743727256699430e-01
2.126154700335810688e+01,-1.307997722243920435e+01,-8.954137465087105285e-01
2.126475823232705054e+01,-1.306700444039416986e+01,-8.949576189881164323e-01
2.126796946129599419e+01,-1.305405115876691546e+01,-8.945059717002509236e-01
2.127118069026493430e+01,-1.304111749140426113e+01,-8.940587815017658757e-01
2.127439191923387440e+01,-1.302820354587449003e+01,-8.936160200502307749e-01
2.127760314820281451e+01,-1.301530939934550268e+01,-8.931776549631498252e-01
2.128081437717175817e+01,-1.300243508367057110e+01,-8.927436522923357654e-01
2.128402560614069827e+01,-1.298958058439539442e+01,-8.923139795377691419e-01
2.128723683510963838e+01,-1.297674585403236769e+01,-8.918886082510607549e-01
2.129044806407857848e+01,-1.296393083544947089e+01,-8.914675154092205345e-01
2.129365929304751859e+01,-1.295113548802779668e+01,-8.910506831226415736e-01
2.129687052201645869e+01,-1.293835980836472999e+01,-8.906380967662778092e-01
2.130008175098540235e+01,-1.292560383898794640e+01,-8.902297421198640537e-01
2.130329297995434246e+01,-1.291286766232549610e+01,-8.898256024157857880e-01
2.130650420892328256e+01,-1.290015138179854404e+01,-8.894256562238839203e-01
2.130971543789222267e+01,-1.288745509598224004e+01,-8.890298768416907693e-01
2.131292666686116277e+01,-1.287477887395320053e+01,-8.886382333836183589e-01
2.131613789583010643e+01,-1.286212273960618724e+01,-8.882506932303759761e-01
2.131934912479904654e+01,-1.284948666989254207e+01,-8.878672250692301038e-01
2.132256035376799019e+01,-1.283687060756951759e+01,-8.874878015676584964e-01
2.132577158273693030e+01,-1.282427448448033047e+01,-8.871124008387855087e-01
2.132898281170587040e+01,-1.281169824804884172e+01,-8.867410062334225573e-01
2.133219404067481406e+01,-1.279914188266668162e+01,-8.863736045210447445e-01
2.133540526964375417e+01,-1.278660541921533067e+01,-8.860101830292225200e-01
2.133861649861269427e+01,-1.277408892971645926e+01,-8.856507266403589318e-01
2.134182772758163438e+01,-1.276159250875977236e+01,-8.852952155904578735e-01
2.134503895655057448e+01,-1.274911624753932315e+01,-8.849436247657739285e-01
2.134825018551951459e+01,-1.273666020865901594e+01,-8.845959247207588749e-01
2.135146141448845825e+01,-1.272422440965057966e+01,-8.842520841006575871e-01
2.135467264345739835e+01,-1.271180882041422677e+01,-8.839120727086560159e-01
2.135788387242633846e+01,-1.269941337541860094e+01,-8.835758642524764728e-01
2.136109510139527856e+01,-1.268703799685669864e+01,-8.832434379050827511e-01
2.136430633036421867e+01,-1.267468262148842228e+01,-8.829147781850343879e-01
2.136751755933315877e+01,-1.266234722272928082e+01,-8.825898731909820327e-01
2.137072878830210243e+01,-1.265003182102385182e+01,-8.822687117417173930e-01
2.137394001727104254e+01,-1.263773647921553511e+01,-8.819512803209343943e-01
2.137715124623998619e+01,-1.262546128434122039e+01,-8.816375607872972697e-01
2.138036247520892630e+01,-1.261320632155703692e+01,-8.813275295727004410e-01
2.138357370417786640e+01,-1.260097164839448070e+01,-8.810211586239170556e-01
2.138678493314681006e+01,-1.258875727745196116e+01,-8.807184177949876069e-01
2.138999616211575017e+01,-1.257656317299319326e+01,-8.804192779399290236e-01
2.139320739108469027e+01,-1.256438926255904143e+01,-8.801237137331386906e-01
2.139641862005363038e+01,-1.255223545996832257e+01,-8.798317053293108758e-01
2.139962984902257048e+01,-1.254010169249394480e+01,-8.795432383370974661e-01
2.140284107799151059e+01,-1.252798792367442182e+01,-8.792583021116130437e-01
2.140605230696045425e+01,-1.251589416456848269e+01,-8.789768868990396333e-01
2.140926353592939435e+01,-1.250382046989038365e+01,-8.786989807299804278e-01
2.141247476489833446e+01,-1.249176692021373825e+01,-8.784245670385967264e-01
2.141568599386727456e+01,-1.247973359581889419e+01,-8.781536237585823024e-01
2.141889722283621467e+01,-1.246772055039839344e+01,-8.778861241829216677e-01
2.142210845180515832e+01,-1.245572779290749921e+01,-8.776220393210928394e-01
2.142531968077409843e+01,-1.244375528327976355e+01,-8.773613410142044877e-01
2.142853090974304209e+01,-1.243180294340085723e+01,-8.771040048286015134e-01
2.143174213871198219e+01,-1.241987067991141380e+01,-8.768500118175276414e-01
2.143495336768092230e+01,-1.240795841169089186e+01,-8.765993485926303341e-01
2.143816459664986596e+01,-1.239606609338368060e+01,-8.763520056801822333e-01
2.144137582561880606e+01,-1.238419372755686609e+01,-8.761079746748746677e-01
2.144458705458774617e+01,-1.237234136163953124e+01,-8.758672450854505520e-01
2.144779828355668627e+01,-1.236050907058168669e+01,-8.756298018631878399e-01
2.145100951252562638e+01,-1.234869693066130480e+01,-8.753956243938524340e-01
2.145422074149456648e+01,-1.233690499267153307e+01,-8.751646872716759562e-01
2.145743197046351014e+01,-1.232513326292950850e+01,-8.749369626167271541e-01
