Frequency (GHz), RCS Theta Pol: Theta=0.0 & Phi=0.0 (dBsm), RCS Theta Pol: Theta=0.0 & Phi=0.0 (rad of rEfar/Einc - phase centered at ff origin), RCS Phi Pol: Theta=0.0 & Phi=0.0 (dBsm), RCS Phi Pol: Theta=0.0 & Phi=0.0 (rad of rEfar/Einc - phase centered at ff origin)
1.830400531693205046e+00,-4.142422133855002642e+01,-1.530413166416910720e+00,-1.688461804775664916e+02,-1.620945491010996609e+00
1.849667905711028348e+00,-4.127273842067401688e+01,-1.529307368633646469e+00,-1.686546816960325543e+02,-1.625067300167582385e+00
1.868935279728851651e+00,-4.112341902935253302e+01,-1.528180564892044790e+00,-1.684684241136662308e+02,-1.628990403838371348e+00
1.888202653746674731e+00,-4.097622463103857626e+01,-1.527032632726212258e+00,-1.682867563567314448e+02,-1.632661465385399024e+00
1.907470027764498033e+00,-4.083111797496989936e+01,-1.525863438279596807e+00,-1.681089379073578129e+02,-1.636058103306532452e+00
1.926737401782321113e+00,-4.068806299591057041e+01,-1.524672829987161249e+00,-1.679342786034127357e+02,-1.639189243075244606e+00
1.946004775800144415e+00,-4.054702469829017275e+01,-1.523460636398501933e+00,-1.677622575405265763e+02,-1.642087457307926712e+00
1.965272149817967717e+00,-4.040796904361435793e+01,-1.522226668690137563e+00,-1.675925898737569639e+02,-1.644795752851583304e+00
1.984539523835790797e+00,-4.027086286185762276e+01,-1.520970727028619462e+00,-1.674252257270403277e+02,-1.647352707275771211e+00
2.003806897853614100e+00,-4.013567380041529020e+01,-1.519692608854773530e+00,-1.672602851192799562e+02,-1.649780147188049773e+00
2.023074271871437180e+00,-4.000237031337198346e+01,-1.518392116666476221e+00,-1.670979505600463995e+02,-1.652076639109303802e+00
2.042341645889260704e+00,-3.987092168259337654e+01,-1.517069063102852722e+00,-1.669383495932131041e+02,-1.654218261155790515e+00
2.061609019907083784e+00,-3.974129805373209479e+01,-1.515723271985325971e+00,-1.667814604796012929e+02,-1.656166022788585046e+00
2.080876393924906864e+00,-3.961347046698399765e+01,-1.514354575181629858e+00,-1.666270659431801562e+02,-1.657877512044406476e+00
2.100143767942730388e+00,-3.948741086509357956e+01,-1.512962806365392598e+00,-1.664747654450282539e+02,-1.659319328551050576e+00
2.119411141960553469e+00,-3.936309206870951982e+01,-1.511547793597943334e+00,-1.663240400034644892e+02,-1.660476814169975723e+00
2.138678515978376549e+00,-3.924048771936483604e+01,-1.510109352926259474e+00,-1.661743494574098179e+02,-1.661358479615457684e+00
2.157945889996199629e+00,-3.911957220007222702e+01,-1.508647284814656819e+00,-1.660252338492037723e+02,-1.661994086072590360e+00
2.177213264014022709e+00,-3.900032054999340403e+01,-1.507161374339112792e+00,-1.658763904094206794e+02,-1.662427149843354490e+00
2.196480638031846233e+00,-3.888270839110279553e+01,-1.505651394946367239e+00,-1.657277054935697720e+02,-1.662704189144784905e+00
2.215748012049669313e+00,-3.876671188097103027e+01,-1.504117114549321954e+00,-1.655792344277353720e+02,-1.662863875730762109e+00
2.235015386067492393e+00,-3.865230769801709698e+01,-1.502558302090710507e+00,-1.654311374222576490e+02,-1.662929149750626223e+00
2.254282760085315918e+00,-3.853947305620707198e+01,-1.500974732630619091e+00,-1.652835918914335025e+02,-1.662904366285142599e+00
2.273550134103138998e+00,-3.842818573797772785e+01,-1.499366189503618774e+00,-1.651367071968465154e+02,-1.662778005406876813e+00
2.292817508120962078e+00,-3.831842412947634102e+01,-1.497732462987465762e+00,-1.649904657727678909e+02,-1.662529877208245965e+00
2.312084882138785158e+00,-3.821016724227396821e+01,-1.496073345954499478e+00,-1.648447059283762428e+02,-1.662140546602132618e+00
2.331352256156608682e+00,-3.810339471036225234e+01,-1.494388627836401140e+00,-1.646991491979389650e+02,-1.661600194092397009e+00
2.350619630174431762e+00,-3.799808675898391641e+01,-1.492678088678951687e+00,-1.645534625035818976e+02,-1.660914413060450068e+00
2.369887004192254842e+00,-3.789422415033428138e+01,-1.490941494979635351e+00,-1.644073360020121868e+02,-1.660105408860873988e+00
2.389154378210078367e+00,-3.779178811792034764e+01,-1.489178598428136935e+00,-1.642605537710554700e+02,-1.659208426529465319e+00
2.408421752227901447e+00,-3.769076030446913705e+01,-1.487389137789601357e+00,-1.641130373848646684e+02,-1.658264603062195253e+00
2.427689126245724527e+00,-3.759112271695099139e+01,-1.485572843247770392e+00,-1.639648509852350742e+02,-1.657312421802542790e+00
2.446956500263548051e+00,-3.749285770704635468e+01,-1.483729441829219065e+00,-1.638161680311563373e+02,-1.656380258762941704e+00
2.466223874281371131e+00,-3.739594797787691505e+01,-1.481858662256002823e+00,-1.636672109408839049e+02,-1.655482081930071070e+00
2.485491248299194211e+00,-3.730037661029396645e+01,-1.479960237789125443e+00,-1.635181820591848236e+02,-1.654617356853036680e+00
2.504758622317017736e+00,-3.720612709665671503e+01,-1.478033906252198326e+00,-1.633692058806158798e+02,-1.653774956282182185e+00
2.524025996334840816e+00,-3.711318336833797105e+01,-1.476079407268953148e+00,-1.632202981896869005e+02,-1.652939747724148090e+00
2.543293370352663896e+00,-3.702152980554626538e+01,-1.474096477558172857e+00,-1.630713693490676803e+02,-1.652099848319890318e+00
2.562560744370487420e+00,-3.693115122365513514e+01,-1.472084845670332154e+00,-1.629222589829681169e+02,-1.651252451511194597e+00
2.581828118388310500e+00,-3.684203283735456580e+01,-1.470044227672381520e+00,-1.627727905834376543e+02,-1.650406633575041360e+00
2.601095492406133580e+00,-3.675416021047389847e+01,-1.467974324966966115e+00,-1.626228294457244772e+02,-1.649582475469058451e+00
2.620362866423956660e+00,-3.666751920338145965e+01,-1.465874824775764917e+00,-1.624723271129679461e+02,-1.648806913709935040e+00
2.639630240441780185e+00,-3.658209593033534190e+01,-1.463745403024063751e+00,-1.623213401000502643e+02,-1.648107652593197470e+00
2.658897614459603265e+00,-3.649787673600462767e+01,-1.461585728669820172e+00,-1.621700185983734457e+02,-1.647506967685459234e+00
2.678164988477426345e+00,-3.641484819462000644e+01,-1.459395468124655260e+00,-1.620185696900823871e+02,-1.647017176132468563e+00
2.697432362495249869e+00,-3.633299712859773933e+01,-1.457174288423532582e+00,-1.618672066803670475e+02,-1.646638983770132070e+00
2.716699736513072949e+00,-3.625231063796225328e+01,-1.454921858200660445e+00,-1.617160995117330913e+02,-1.646363036097362675e+00
2.735967110530896029e+00,-3.617277612904817374e+01,-1.452637846193947979e+00,-1.615653401204182558e+02,-1.646174075001680004e+00
2.755234484548719553e+00,-3.609438133155147455e+01,-1.450321917728259802e+00,-1.614149316461640922e+02,-1.646056400968255451e+00
2.774501858566542634e+00,-3.601711429675717113e+01,-1.447973730204897835e+00,-1.612648032471880128e+02,-1.645999042019854031e+00
2.793769232584365714e+00,-3.594096337551884801e+01,-1.445592928886815676e+00,-1.611148450062072470e+02,-1.645999193145489592e+00
2.813036606602189238e+00,-3.586591718057495370e+01,-1.443179144147857640e+00,-1.609649520363230408e+02,-1.646063044640225348e+00
2.832303980620012318e+00,-3.579196454229719393e+01,-1.440731990895178560e+00,-1.608150648063239316e+02,-1.646203894583128324e+00
2.851571354637835398e+00,-3.571909446870164118e+01,-1.438251070219667804e+00,-1.606651943648943188e+02,-1.646438214450552051e+00
2.870838728655658922e+00,-3.564729611907701212e+01,-1.435735972675544314e+00,-1.605154259517846072e+02,-1.646780888173344337e+00
2.890106102673482003e+00,-3.557655879641026786e+01,-1.433186282128239286e+00,-1.603659009436729264e+02,-1.647241023425360718e+00
2.909373476691305083e+00,-3.550687195820425757e+01,-1.430601578969157961e+00,-1.602167832532595355e+02,-1.647819503595263191e+00
2.928640850709128163e+00,-3.543822523995117990e+01,-1.427981441710006738e+00,-1.600682204105588369e+02,-1.648508896602835616e+00
2.947908224726951687e+00,-3.537060848200137286e+01,-1.425325446466649382e+00,-1.599203105411361037e+02,-1.649295639213547826e+00
2.967175598744774767e+00,-3.530401174983272483e+01,-1.422633164470688438e+00,-1.597730842284222774e+02,-1.650163779388001517e+00
2.986442972762597847e+00,-3.523842533992903725e+01,-1.419904158319391430e+00,-1.596265056285016328e+02,-1.651099158390527455e+00
3.005710346780421371e+00,-3.517383976789962219e+01,-1.417137978025289069e+00,-1.594804916128665013e+02,-1.652092845486867079e+00
3.024977720798244452e+00,-3.511024574077204363e+01,-1.414334157958630156e+00,-1.593349427332464074e+02,-1.653142902144675741e+00
3.044245094816067532e+00,-3.504763411999314826e+01,-1.411492215487218038e+00,-1.591897767712838458e+02,-1.654254061762121530e+00
3.063512468833891056e+00,-3.498599588425312845e+01,-1.408611651601087811e+00,-1.590449553149876749e+02,-1.655435514492477056e+00
3.082779842851714136e+00,-3.492532210109534674e+01,-1.405691953220506552e+00,-1.589004961858891818e+02,-1.656697512404570194e+00
3.102047216869536772e+00,-3.486560391350083421e+01,-1.402732596398962084e+00,-1.587564688553680696e+02,-1.658047811893266887e+00
3.121314590887360296e+00,-3.480683254311223607e+01,-1.399733049388083961e+00,-1.586129749294862563e+02,-1.659488970288815590e+00
3.140581964905183376e+00,-3.474899930685312199e+01,-1.396692774594862296e+00,-1.584701199059900603e+02,-1.661017224986827800e+00
3.159849338923006457e+00,-3.469209563984811950e+01,-1.393611228807449365e+00,-1.583279845760830256e+02,-1.662623202652191656e+00
3.179116712940829537e+00,-3.463611311586269892e+01,-1.390487861586544360e+00,-1.581866041463487988e+02,-1.664294179680616326e+00
3.198384086958653061e+00,-3.458104345740029828e+01,-1.387322112258566387e+00,-1.580459606133121326e+02,-1.666017193319287104e+00
3.217651460976476141e+00,-3.452687853079410729e+01,-1.384113406346140440e+00,-1.579059899639105140e+02,-1.667782096974076200e+00
3.236918834994299221e+00,-3.447361032612045051e+01,-1.380861152417255822e+00,-1.577666015635099086e+02,-1.669583708844798009e+00
3.256186209012122745e+00,-3.442123092620030889e+01,-1.377564740189558545e+00,-1.576277037985383629e+02,-1.671422492725794129e+00
3.275453583029945825e+00,-3.436973247204237225e+01,-1.374223540339577943e+00,-1.574892285349448855e+02,-1.673303644129376488e+00
3.294720957047768906e+00,-3.431910713294423942e+01,-1.370836905956818397e+00,-1.573511475903372059e+02,-1.675234907789734162e+00
3.313988331065592430e+00,-3.426934708790012962e+01,-1.367404175101522457e+00,-1.572134769445397069e+02,-1.677223796248085375e+00
3.333255705083415510e+00,-3.422044452147862614e+01,-1.363924673613035488e+00,-1.570762680484552618e+02,-1.679275020071994584e+00
3.352523079101238590e+00,-3.417239163299166194e+01,-1.360397717260728445e+00,-1.569395892572229343e+02,-1.681388845904471241e+00
3.371790453119062114e+00,-3.412518065387054378e+01,-1.356822612542077922e+00,-1.568035030647513679e+02,-1.683560805774285685e+00
3.391057827136885194e+00,-3.407880386582881727e+01,-1.353198655844772169e+00,-1.566680457473003685e+02,-1.685782782218473219e+00
3.410325201154708274e+00,-3.403325361227801693e+01,-1.349525131176585235e+00,-1.565332150563599214e+02,-1.688045106406782958e+00
3.429592575172531799e+00,-3.398852229755907217e+01,-1.345801307083932974e+00,-1.563989691010811782e+02,-1.690339038288834361e+00
3.448859949190354879e+00,-3.394460237219608700e+01,-1.342026433606629876e+00,-1.562652362960788821e+02,-1.692658917414086472e+00
3.468127323208177959e+00,-3.390148630647227890e+01,-1.338199740089950796e+00,-1.561319331582386383e+02,-1.695003394219931403e+00
3.487394697226001483e+00,-3.385916655795932684e+01,-1.334320434408539979e+00,-1.559989846640924611e+02,-1.697375432517587823e+00
3.506662071243824563e+00,-3.381763554023906693e+01,-1.330387703733130200e+00,-1.558663413653792134e+02,-1.699781130725660949e+00
3.525929445261647643e+00,-3.377688559950478009e+01,-1.326400716517890155e+00,-1.557339885952863767e+02,-1.702227739697389941e+00
3.545196819279470724e+00,-3.373690900322228003e+01,-1.322358625037091118e+00,-1.556019455065676595e+02,-1.704721466532219676e+00
3.564464193297294248e+00,-3.369769794134411711e+01,-1.318260567655042070e+00,-1.554702546378509567e+02,-1.707265690699973915e+00
3.583731567315117328e+00,-3.365924453680790407e+01,-1.314105670111377133e+00,-1.553389653451473293e+02,-1.709860077219342633e+00
3.602998941332940408e+00,-3.362154085931921088e+01,-1.309893045411228751e+00,-1.552081160247650189e+02,-1.712500799091288606e+00
3.622266315350763932e+00,-3.358457893550085771e+01,-1.305621792332253284e+00,-1.550777201886211571e+02,-1.715181760558116331e+00
3.641533689368587012e+00,-3.354835074961872010e+01,-1.301290992971673166e+00,-1.549477601622950544e+02,-1.717896436353146372e+00
3.660801063386410092e+00,-3.351284823189895690e+01,-1.296899710036002240e+00,-1.548181898858751708e+02,-1.720639785068970529e+00
3.680068437404233617e+00,-3.347806323507673198e+01,-1.292446984644344932e+00,-1.546889456882140337e+02,-1.723409695479434012e+00
3.699335811422056697e+00,-3.344398750318130453e+01,-1.287931835257222213e+00,-1.545599617135990229e+02,-1.726207576434116930e+00
3.718603185439879777e+00,-3.341061263868525089e+01,-1.283353258007716269e+00,-1.544311854994151929e+02,-1.729037955940149640e+00
3.737870559457703301e+00,-3.337793007442371618e+01,-1.278710228302214702e+00,-1.543025893285079633e+02,-1.731907238467308430e+00
3.757137933475526381e+00,-3.334593105507859434e+01,-1.274001703195881685e+00,-1.541741743319413729e+02,-1.734822000799926434e+00
3.776405307493349461e+00,-3.331460663002928868e+01,-1.269226623838805468e+00,-1.540459664735760441e+02,-1.737787322331816320e+00
3.795672681511172986e+00,-3.328394765590179816e+01,-1.264383917291212578e+00,-1.539180058677738145e+02,-1.740805616879770090e+00
3.814940055528996066e+00,-3.325394480423096866e+01,-1.259472497215697651e+00,-1.537903327010568830e+02,-1.743876273540602595e+00
3.834207429546819146e+00,-3.322458856813351247e+01,-1.254491263305729465e+00,-1.536629738528828284e+02,-1.746996174344228603e+00
3.853474803564642226e+00,-3.319586926219265877e+01,-1.249439099696955546e+00,-1.535359339500979559e+02,-1.750160907501651542e+00
3.872742177582465750e+00,-3.316777701175900006e+01,-1.244314872916633341e+00,-1.534091931970471876e+02,-1.753366307129800461e+00
3.892009551600288830e+00,-3.314030173095400755e+01,-1.239117430067429249e+00,-1.532827123319124780e+02,-1.756609873268880850e+00
3.911276925618111910e+00,-3.311343309190144168e+01,-1.233845597876538580e+00,-1.531564430484557136e+02,-1.759891676666054838e+00
3.930544299635935435e+00,-3.308716049014830674e+01,-1.228498182992417087e+00,-1.530303407512739398e+02,-1.763214512156705327e+00
3.949811673653758515e+00,-3.306147301217319523e+01,-1.223073973555839578e+00,-1.529043759726527298e+02,-1.766583284178240287e+00
3.969079047671581595e+00,-3.303635941006326959e+01,-1.217571741716036104e+00,-1.527785412895065917e+02,-1.770003824415751881e+00
3.988346421689405119e+00,-3.301180808614550699e+01,-1.211990246511094549e+00,-1.526528519608166903e+02,-1.773481494010276993e+00
4.007613795707228199e+00,-3.298780708728391176e+01,-1.206328236456951641e+00,-1.525273403391906868e+02,-1.777019970302869512e+00
4.026881169725051279e+00,-3.296434410562063988e+01,-1.200584451310200862e+00,-1.524020458595849732e+02,-1.780620551071520286e+00
4.046148543742874359e+00,-3.294140648060722754e+01,-1.194757622747763204e+00,-1.522770035821787644e+02,-1.784282150992719584e+00
4.065415917760697440e+00,-3.291898119679615320e+01,-1.188846474056771241e+00,-1.521522345569146353e+02,-1.788001963953766316e+00
4.084683291778521408e+00,-3.289705487312603793e+01,-1.182849719246633180e+00,-1.520277406395742616e+02,-1.791776579155065940e+00
4.103950665796344488e+00,-3.287561374193973052e+01,-1.176766062188747686e+00,-1.519035050407774463e+02,-1.795603219973841425e+00
4.123218039814167568e+00,-3.285464361896482899e+01,-1.170594196403097920e+00,-1.517794982350616806e+02,-1.799480752740830081e+00
4.142485413831990648e+00,-3.283412986807284994e+01,-1.164332805943700810e+00,-1.516556873695903107e+02,-1.803410190174346894e+00
4.161752787849813728e+00,-3.281405736606366474e+01,-1.157980567539067973e+00,-1.515320463991018016e+02,-1.807394565935512842e+00
4.181020161867636808e+00,-3.279441047259328457e+01,-1.151536153808595531e+00,-1.514085640701171371e+02,-1.811438237661443296e+00
4.200287535885460777e+00,-3.277517300874085038e+01,-1.144998237100634197e+00,-1.512852475846764833e+02,-1.815545834234449263e+00
4.219554909903283857e+00,-3.275632824509831664e+01,-1.138365493363009184e+00,-1.511621210656715277e+02,-1.819721155186813322e+00
4.238822283921106937e+00,-3.273785889745032307e+01,-1.131636605499487080e+00,-1.510392194377464250e+02,-1.823966332362994214e+00
4.258089657938930017e+00,-3.271974712592792400e+01,-1.124810265870759496e+00,-1.509165796017169043e+02,-1.828281478915467773e+00
4.277357031956753097e+00,-3.270197453260273335e+01,-1.117885177902835592e+00,-1.507942314691859735e+02,-1.832664905691084201e+00
4.296624405974576177e+00,-3.268452215309092423e+01,-1.110860057078087326e+00,-1.506721913669127559e+02,-1.837113823188401884e+00
4.315891779992399258e+00,-3.266737043965872545e+01,-1.103733631812257032e+00,-1.505504595636748206e+02,-1.841625314517453926e+00
4.335159154010222338e+00,-3.265049923597868542e+01,-1.096504644798577566e+00,-1.504290224550408368e+02,-1.846197297021471950e+00
4.354426528028045418e+00,-3.263388774628509736e+01,-1.089171855307005332e+00,-1.503078586202964573e+02,-1.850829203738618256e+00
4.373693902045868498e+00,-3.261751450345494163e+01,-1.081734042692469755e+00,-1.501869469118716722e+02,-1.855522203891870170e+00
4.392961276063692466e+00,-3.260135734098767557e+01,-1.074190011062034378e+00,-1.500662742347126368e+02,-1.860278916953686190e+00
4.412228650081515546e+00,-3.258539337286345017e+01,-1.066538594767543202e+00,-1.499458408425025766e+02,-1.865102718167003237e+00
4.431496024099338626e+00,-3.256959898314342183e+01,-1.058778664210808795e+00,-1.498256617494615739e+02,-1.869996844356818233e+00
4.450763398117161707e+00,-3.255394982457993081e+01,-1.050909131423823029e+00,-1.497057639938196019e+02,-1.874963557421244875e+00
4.470030772134984787e+00,-3.253842082320463192e+01,-1.042928955021606763e+00,-1.495861806598539090e+02,-1.880003597585955699e+00
4.489298146152807867e+00,-3.252298618453640699e+01,-1.034837144377574569e+00,-1.494669434396539600e+02,-1.885116069121295146e+00
4.508565520170631835e+00,-3.250761939707605563e+01,-1.026632763164206263e+00,-1.493480758596030284e+02,-1.890298775222669425e+00
4.527832894188454915e+00,-3.249229323010811754e+01,-1.018314932647980564e+00,-1.492295890342638529e+02,-1.895548892777842331e+00
4.547100268206277995e+00,-3.247697972509276099e+01,-1.009882835254555467e+00,-1.491114810385610383e+02,-1.900863786897140084e+00
4.566367642224101075e+00,-3.246165018242595579e+01,-1.001335718891905424e+00,-1.489937399418759583e+02,-1.906241733269802285e+00
4.585635016241924156e+00,-3.244627514733242890e+01,-9.926729023456388745e-01,-1.488763495257591671e+02,-1.911682350268223196e+00
4.604902390259747236e+00,-3.243082439955973939e+01,-9.838937817949264808e-01,-1.487592959930417464e+02,-1.917186630517808466e+00
4.624169764277570316e+00,-3.241526695110890444e+01,-9.749978382185260362e-01,-1.486425737579843940e+02,-1.922756577149602242e+00
4.643437138295394284e+00,-3.239957105461924414e+01,-9.659846452503878522e-01,-1.485261887289805145e+02,-1.928394560082491882e+00
4.662704512313217364e+00,-3.238370422271552229e+01,-9.568538769636183439e-01,-1.484101582496491289e+02,-1.934102581889529437e+00
4.681971886331040444e+00,-3.236763325631753219e+01,-9.476053151314879353e-01,-1.482945078256537101e+02,-1.939881661542208979e+00
4.701239260348863525e+00,-3.235132427828747836e+01,-9.382388557112256722e-01,-1.481792656572256703e+02,-1.945731504253318533e+00
4.720506634366686605e+00,-3.233474276831852023e+01,-9.287545145597184693e-01,-1.480644565740383030e+02,-1.951650540034718606e+00
4.739774008384509685e+00,-3.231785359577081351e+01,-9.191524326404296730e-01,-1.479500970803133271e+02,-1.957636307995602731e+00
4.759041382402333653e+00,-3.230062104898077280e+01,-9.094328811432332849e-01,-1.478361928500464444e+02,-1.963686067962570947e+00
4.778308756420156733e+00,-3.228300886185262186e+01,-8.995962669659102184e-01,-1.477227392848377576e+02,-1.969797461836128250e+00
4.797576130437979813e+00,-3.226498024060090586e+01,-8.896431388907795057e-01,-1.476097248745883519e+02,-1.975969039297072793e+00
4.816843504455802893e+00,-3.224649789474000272e+01,-8.795741945675673579e-01,-1.474971363308526406e+02,-1.982200506404919071e+00
4.836110878473625974e+00,-3.222752407645501194e+01,-8.693902881506173630e-01,-1.473849640039021267e+02,-1.988492637380153027e+00
4.855378252491449054e+00,-3.220802063133561433e+01,-8.590924382123371617e-01,-1.472732060646349908e+02,-1.994846885529576674e+00
4.874645626509272134e+00,-3.218794906146258938e+01,-8.486818354310963208e-01,-1.471618703260211589e+02,-2.001264811833419532e+00
4.893913000527096102e+00,-3.216727059959606549e+01,-8.381598495649422720e-01,-1.470509732727987853e+02,-2.007747496598418557e+00
4.913180374544919182e+00,-3.214594629138493076e+01,-8.275280353661225163e-01,-1.469405366595383100e+02,-2.014295098873491785e+00
4.932447748562742262e+00,-3.212393708162107941e+01,-8.167881373205491125e-01,-1.468305827021354162e+02,-2.020906681790787918e+00
4.951715122580565343e+00,-3.210120390084375686e+01,-8.059420933415519794e-01,-1.467211292453509088e+02,-2.027580344147732916e+00
4.970982496598388423e+00,-3.207770774994457952e+01,-7.949920377353910661e-01,-1.466121862503783291e+02,-2.034313612112664593e+00
4.990249870616211503e+00,-3.205340978240991490e+01,-7.839403038317865891e-01,-1.465037545360773663e+02,-2.041103974199600657e+00
5.009517244634035471e+00,-3.202827138585189459e+01,-7.727894266152904867e-01,-1.463958270519186726e+02,-2.047949406664324901e+00
5.028784618651858551e+00,-3.200225426591315170e+01,-7.615421455213464696e-01,-1.462883922494049784e+02,-2.054848744007391481e+00
5.048051992669681631e+00,-3.197532053605272395e+01,-7.502014073271499051e-01,-1.461814385502115954e+02,-2.061801796827007038e+00
5.067319366687504711e+00,-3.194743281600417717e+01,-7.387703688421908277e-01,-1.460749586362683488e+02,-2.068809192430164146e+00
5.086586740705327792e+00,-3.191855434005607961e+01,-7.272523989538407507e-01,-1.459689523760424379e+02,-2.075871991335581868e+00
5.105854114723150872e+00,-3.188864907422139439e+01,-7.156510795533982394e-01,-1.458634276167457813e+02,-2.082991193388045392e+00
5.125121488740974840e+00,-3.185768183944572840e+01,-7.039702049658869143e-01,-1.457583986887958361e+02,-2.090167274338697645e+00
5.144388862758797920e+00,-3.182561843680386104e+01,-6.922137797030000206e-01,-1.456538831090132646e+02,-2.097399880912277581e+00
5.163656236776621000e+00,-3.179242577048250595e+01,-6.803860145948887883e-01,-1.455498974540548716e+02,-2.104687764401510286e+00
5.182923610794444080e+00,-3.175807196526210063e+01,-6.684913215640985173e-01,-1.454464535757217050e+02,-2.112028964151948074e+00
5.202190984812267160e+00,-3.172252647689429850e+01,-6.565343074245905131e-01,-1.453435561988074767e+02,-2.119421182642682311e+00
5.221458358830090241e+00,-3.168576019570616253e+01,-6.445197670882308882e-01,-1.452412025270669744e+02,-2.126862242542725046e+00
5.240725732847913321e+00,-3.164774554536148443e+01,-6.324526764443890725e-01,-1.451393839075259393e+02,-2.134350496727283719e+00
5.259993106865737289e+00,-3.160845657950036625e+01,-6.203381849838307538e-01,-1.450380890316167495e+02,-2.141885079129673741e+00
5.279260480883560369e+00,-3.156786907873150838e+01,-6.081816080269760727e-01,-1.449373077412782607e+02,-2.149465931718685052e+00
5.298527854901383449e+00,-3.152596064925421260e+01,-5.959884182541445030e-01,-1.448370343678483607e+02,-2.157093606828368149e+00
5.317795228919206529e+00,-3.148271082260697185e+01,-5.837642361715230654e-01,-1.447372696923750652e+02,-2.164768906362029899e+00
5.337062602937029610e+00,-3.143810115421406337e+01,-5.715148192015402362e-01,-1.446380210247552611e+02,-2.172492462831546955e+00
5.356329976954852690e+00,-3.139211531707824676e+01,-5.592460492447226539e-01,-1.445393004354201025e+02,-2.180264380266522917e+00
5.375597350972676658e+00,-3.134473918653905500e+01,-5.469639187762649346e-01,-1.444411216845958847e+02,-2.188084032987415384e+00
5.394864724990499738e+00,-3.129596091260745183e+01,-5.346745157521382019e-01,-1.443434967393736201e+02,-2.195950073620452248e+00
5.414132099008322818e+00,-3.124577097782324486e+01,-5.223840077464526610e-01,-1.442464328572319801e+02,-2.203860642257556179e+00
5.433399473026145898e+00,-3.119416224044112695e+01,-5.100986257836258586e-01,-1.441499310295755265e+02,-2.211813713181566499e+00
5.452666847043968978e+00,-3.114112996449702919e+01,-4.978246482567909581e-01,-1.440539861796698631e+02,-2.219807479299402697e+00
5.471934221061792059e+00,-3.108667183944369228e+01,-4.855683851625303138e-01,-1.439585890126182903e+02,-2.227840666799222102e+00
5.491201595079616027e+00,-3.103078799226829076e+01,-4.733361626819033163e-01,-1.438637289606189995e+02,-2.235912694849052418e+00
5.510468969097439107e+00,-3.097348099428579005e+01,-4.611343079597471362e-01,-1.437693973788827861e+02,-2.244023640390051533e+00
5.529736343115262187e+00,-3.091475586338987469e+01,-4.489691338316414426e-01,-1.436755901012543291e+02,-2.252174023127547109e+00
5.549003717133085267e+00,-3.085462006089287357e+01,-4.368469232503948141e-01,-1.435823086661080481e+02,-2.260364475201394718e+00
5.568271091150908347e+00,-3.079308348071284129e+01,-4.247739132695835251e-01,-1.434895599100975119e+02,-2.268595390204442452e+00
5.587538465168731427e+00,-3.073015842799959429e+01,-4.127562786175668075e-01,-1.433973540876231425e+02,-2.276866649363637141e+00
5.606805839186554508e+00,-3.066585958454313854e+01,-4.008001150881020380e-01,-1.433057020778956883e+02,-2.285177498665576845e+00
5.626073213204378476e+00,-3.060020395941652893e+01,-3.889114231252446263e-01,-1.432146124788378927e+02,-2.293526606905903265e+00
5.645340587222201556e+00,-3.053321082495419958e+01,-3.770960920451437715e-01,-1.431240893967535328e+02,-2.301912283746104571e+00
5.664607961240024636e+00,-3.046490163988370981e+01,-3.653598852964465293e-01,-1.430341315264094249e+02,-2.310332793141262275e+00
5.683875335257847716e+00,-3.039529996272782952e+01,-3.537084270259409635e-01,-1.429447327433311159e+02,-2.318786672830650541e+00
5.703142709275670796e+00,-3.032443135911381304e+01,-3.421471900262204047e-01,-1.428558840059071997e+02,-2.327272971247226874e+00
5.722410083293493877e+00,-3.025232330624301724e+01,-3.306814849520784416e-01,-1.427675760077262339e+02,-2.335791338344908485e+00
5.741677457311317845e+00,-3.017900509662591091e+01,-3.193164505558959143e-01,-1.426798018272660329e+02,-2.344341948892912253e+00
5.760944831329140925e+00,-3.010450774163581045e+01,-3.080570446464300227e-01,-1.425925588418813845e+02,-2.352925283703188430e+00
5.780212205346964005e+00,-3.002886387395225753e+01,-2.969080355299991703e-01,-1.425058493952183483e+02,-2.361541832946764341e+00
5.799479579364787085e+00,-2.995210764699359274e+01,-2.858739938278012094e-01,-1.424196800652172499e+02,-2.370191805672702490e+00
5.818746953382610165e+00,-2.987427462926133259e+01,-2.749592847347083757e-01,-1.423340597712139015e+02,-2.378874925809565166e+00
5.838014327400433245e+00,-2.979540169217927215e+01,-2.641680609394776447e-01,-1.422489972740820576e+02,-2.387590368966419518e+00
5.857281701418256326e+00,-2.971552689129805813e+01,-2.535042565160830486e-01,-1.421644987775009099e+02,-2.396336854012582229e+00
5.876549075436080294e+00,-2.963468934226186136e+01,-2.429715820927632053e-01,-1.420805662928148934e+02,-2.405112860230385952e+00
5.895816449453903374e+00,-2.955292909423542014e+01,-2.325735215092534780e-01,-1.419971972023302555e+02,-2.413916906808725393e+00
5.915083823471726454e+00,-2.947028700418091418e+01,-2.223133300108905974e-01,-1.419143851137393995e+02,-2.422747815736817412e+00
5.934351197489549534e+00,-2.938680461524769427e+01,-2.121940338475703791e-01,-1.418321217389374453e+02,-2.431604885644854441e+00
5.953618571507372614e+00,-2.930252404163156044e+01,-2.022184309974351113e-01,-1.417503992533835344e+02,-2.440487930492632351e+00
5.972885945525195694e+00,-2.921748786083881910e+01,-1.923890926614320596e-01,-1.416692124719115498e+02,-2.449397175485011235e+00
5.992153319543019663e+00,-2.913173901276604383e+01,-1.827083651948355481e-01,-1.415885602431094128e+02,-2.458333042284355230e+00
6.011420693560842743e+00,-2.904532070381574371e+01,-1.731783722471149090e-01,-1.415084456945004092e+02,-2.467295885491513019e+00
6.030688067578665823e+00,-2.895827631374318045e+01,-1.638010170391910048e-01,-1.414288752873552824e+02,-2.476285754427003383e+00
6.049955441596488903e+00,-2.887064930320181233e+01,-1.545779848690879976e-01,-1.413498569704108263e+02,-2.485302245533975718e+00
6.069222815614311983e+00,-2.878248312091842465e+01,-1.455107460550308651e-01,-1.412713979644977655e+02,-2.494344484138778739e+00
6.088490189632135063e+00,-2.869382111077768016e+01,-1.366005595644436965e-01,-1.411935028000026762e+02,-2.503411237619931562e+00
6.107757563649959032e+00,-2.860470642041173406e+01,-1.278484775273333596e-01,-1.411161721449503830e+02,-2.512501125632563781e+00
6.127024937667782112e+00,-2.851518191377311595e+01,-1.192553507088554704e-01,-1.410394027306372493e+02,-2.521612866961404187e+00
6.146292311685605192e+00,-2.842529009034982934e+01,-1.108218348560944672e-01,-1.409631883712885383e+02,-2.530745493788868483e+00
6.165559685703428272e+00,-2.833507301310311632e+01,-1.025483976858360541e-01,-1.408875217716255577e+02,-2.539898474698743414e+00
6.184827059721250464e+00,-2.824457224603822070e+01,-9.443532618745516249e-02,-1.408123966048384261e+02,-2.549071714257922672e+00
6.204094433739073544e+00,-2.815382880089751083e+01,-8.648273390502958513e-02,-1.407378092796828355e+02,-2.558265431862557282e+00
6.223361807756896624e+00,-2.806288309120534663e+01,-7.869056793801765259e-02,-1.406637599137727932e+02,-2.567479955897256527e+00
6.242629181774720593e+00,-2.797177489115476234e+01,-7.105861553779570239e-02,-1.405902522600473219e+02,-2.576715491940921421e+00
6.261896555792543673e+00,-2.788054329681171239e+01,-6.358651033741662129e-02,-1.405172926284868709e+02,-2.585971929705521255e+00
6.281163929810366753e+00,-2.778922668781171623e+01,-5.627373838741114159e-02,-1.404448881223905801e+02,-2.595248741318703978e+00
6.300431303828189833e+00,-2.769786268891588676e+01,-4.911964424253256051e-02,-1.403730446915566574e+02,-2.604544997182828503e+00
6.319698677846012913e+00,-2.760648813211644992e+01,-4.212343733327036238e-02,-1.403017655449301060e+02,-2.613859492564511999e+00
6.338966051863835993e+00,-2.751513902104025888e+01,-3.528419876680711359e-02,-1.402310503546459586e+02,-2.623190947576440557e+00
6.358233425881659073e+00,-2.742385049987944612e+01,-2.860088856272102395e-02,-1.401608954556684807e+02,-2.632538223673091871e+00
6.377500799899483042e+00,-2.733265682884346504e+01,-2.207235318172704602e-02,-1.400912949657192428e+02,-2.641900496358778216e+00
6.396768173917306122e+00,-2.724159136725078767e+01,-1.569733309512726799e-02,-1.400222424970893087e+02,-2.651277337115876431e+00
6.416035547935129202e+00,-2.715068656412538317e+01,-9.474470101589173299e-03,-1.399537329745913041e+02,-2.660668683597399831e+00
6.435302921952952282e+00,-2.705997395490473778e+01,-3.402314138342389226e-03,-1.398857640539200986e+02,-2.670074708453801904e+00
6.454570295970775362e+00,-2.696948416197418297e+01,2.520670556111466367e-03,-1.398183367549744673e+02,-2.679495625020195781e+00
6.473837669988598442e+00,-2.687924689647490695e+01,8.296099923615228924e-03,-1.397514551493251531e+02,-2.688931484838123609e+00
6.493105044006422411e+00,-2.678929095926433135e+01,1.392566506716910214e-02,-1.396851252058588102e+02,-2.698382023201638003e+00
6.512372418024245491e+00,-2.669964423990369440e+01,1.941112749177997462e-02,-1.396193531296227377e+02,-2.707846594561584386e+00
6.531639792042068571e+00,-2.661033371381021695e+01,2.475431434584434917e-02,-1.395541436627813994e+02,-2.717324213967674762e+00
6.550907166059891651e+00,-2.652138543886836075e+01,2.995711346159979360e-02,-1.394894988182429358e+02,-2.726813691089345681e+00
6.570174540077714731e+00,-2.643282455350584925e+01,3.502146811133628052e-02,-1.394254173880352710e+02,-2.736313818001318232e+00
6.589441914095537811e+00,-2.634467527830426903e+01,3.994937153834086235e-02,-1.393618953478964215e+02,-2.745823557768433787e+00
6.608709288113361779e+00,-2.625696092261891224e+01,4.474286144553408368e-02,-1.392989270294295068e+02,-2.755342181612135288e+00
6.627976662131184860e+00,-2.616970389661357999e+01,4.940401469356613118e-02,-1.392365067211522955e+02,-2.764869317608116273e+00
6.647244036149007940e+00,-2.608292572789444463e+01,5.393494245381857954e-02,-1.391746302471257479e+02,-2.774404899004961678e+00
6.666511410166831020e+00,-2.599664708091777854e+01,5.833778598253761688e-02,-1.391132960860000765e+02,-2.783949028246478719e+00
6.685778784184654100e+00,-2.591088777684698030e+01,6.261471305408504440e-02,-1.390525057281811883e+02,-2.793501795836335067e+00
6.705046158202477180e+00,-2.582566681168959022e+01,6.676791495204921489e-02,-1.389922631850115238e+02,-2.803063105007909783e+00
6.724313532220300260e+00,-2.574100237130655344e+01,7.079960380783255347e-02,-1.389325738001421939e+02,-2.812632550674881493e+00
6.743580906238124228e+00,-2.565691184302383121e+01,7.471201002894477250e-02,-1.388734427038911576e+02,-2.822209385275871174e+00
6.762848280255947309e+00,-2.557341182475584773e+01,7.850737958703558894e-02,-1.388148733443838694e+02,-2.831792579513218833e+00
6.782115654273770389e+00,-2.549051813342348893e+01,8.218797102959557455e-02,-1.387568665006460833e+02,-2.841380959583718280e+00
6.801383028291593469e+00,-2.540824581476404731e+01,8.575605221092338915e-02,-1.386994200426070734e+02,-2.850973381638203907e+00
6.820650402309416549e+00,-2.532660915630092902e+01,8.921389686812603026e-02,-1.386425294918387010e+02,-2.860568894556276831e+00
6.839917776327239629e+00,-2.524562170437195263e+01,9.256378125815992175e-02,-1.385861892143279874e+02,-2.870166846159624807e+00
6.859185150345063597e+00,-2.516529628496931181e+01,9.580798109588779810e-02,-1.385303939043261892e+02,-2.879766904373069814e+00
6.878452524362886678e+00,-2.508564502706483879e+01,9.894876898437941770e-02,-1.384751399431511061e+02,-2.889368988851045650e+00
6.897719898380709758e+00,-2.500667938639965726e+01,1.019884124221765859e-01,-1.384204262580230420e+02,-2.898973133459951779e+00
6.916987272398532838e+00,-2.492841016761253670e+01,1.049291723399454063e-01,-1.383662544504003904e+02,-2.908579318846504780e+00
6.936254646416355918e+00,-2.485084754309163557e+01,1.077733020002132058e-01,-1.383126281692912301e+02,-2.918187322003695350e+00
6.955522020434178998e+00,-2.477400106790661383e+01,1.105230460235672174e-01,-1.382595519146371146e+02,-2.927796624312717366e+00
6.974789394452002966e+00,-2.469787969132257999e+01,1.131806393033066016e-01,-1.382070296109719720e+02,-2.937406402699314079e+00
6.994056768469826046e+00,-2.462249176637430637e+01,1.157483056378687258e-01,-1.381550633500462197e+02,-2.947015605137979666e+00
7.013324142487649127e+00,-2.454784505950484785e+01,1.182282560260124737e-01,-1.381036526482911029e+02,-2.956623088348849127e+00
7.032591516505472207e+00,-2.447394676219438381e+01,1.206226866992366614e-01,-1.380527944172169725e+02,-2.966227778631107537e+00
7.051858890523295287e+00,-2.440080350585312274e+01,1.229337770709340166e-01,-1.380024836444071070e+02,-2.975828810939647351e+00
7.071126264541118367e+00,-2.432842138022403944e+01,1.251636878315247337e-01,-1.379527145859034647e+02,-2.985425607989484753e+00
7.090393638558941447e+00,-2.425680595444457666e+01,1.273145593991840130e-01,-1.379034821318843456e+02,-2.995017878338339212e+00
7.109661012576765415e+00,-2.418596229907610606e+01,1.293885108530550831e-01,-1.378547829642471356e+02,-3.004605535155184359e+00
7.128928386594588495e+00,-2.411589500707333755e+01,1.313876393551521304e-01,-1.378066161877137574e+02,-3.014188559352996233e+00
7.148195760612411576e+00,-2.404660821192780062e+01,1.333140199444120544e-01,-1.377589832664906169e+02,-3.023766845869788611e+00
7.167463134630234656e+00,-2.397810560199994612e+01,1.351697054979684731e-01,-1.377118872934595970e+02,-3.033340076027262633e+00
7.186730508648057736e+00,-2.391039043111749507e+01,1.369567266264785643e-01,-1.376653318036938458e+02,-3.042907651079441944e+00
7.205997882665880816e+00,-2.384346552654816165e+01,1.386770913103260172e-01,-1.376193194676640417e+02,-3.052468704614839989e+00
7.225265256683704784e+00,-2.377733329614979496e+01,1.403327841792350039e-01,-1.375738510284101324e+02,-3.062022189364485669e+00
7.244532630701527864e+00,-2.371199573665569815e+01,1.419257654608355734e-01,-1.375289247744773888e+02,-3.071567013385690714e+00
7.263800004719350945e+00,-2.364745444462844048e+01,1.434579697372863061e-01,-1.374845366880010715e+02,-3.081102187219250332e+00
7.283067378737174025e+00,-2.358371063074045182e+01,1.449313047199052296e-01,-1.374406812182354258e+02,-3.090626941064426703e+00
7.302334752754997105e+00,-2.352076513697656779e+01,1.463476502592458428e-01,-1.373973524579033381e+02,-3.100140779850689476e+00
7.321602126772820185e+00,-2.345861845541920943e+01,1.477088577504667155e-01,-1.373545453907020999e+02,-3.109643461719477919e+00
7.340869500790643265e+00,-2.339727074674449980e+01,1.490167499888024050e-01,-1.373122568625969109e+02,-3.119134906869569956e+00
7.360136874808467233e+00,-2.333672185658428688e+01,1.502731214088190437e-01,-1.372704860104360307e+02,-3.128615062974402061e+00
7.379404248826290313e+00,-2.327697132848031814e+01,1.514797385399485885e-01,-1.372292340353533575e+02,-3.138083765130088132e+00
7.398671622844113394e+00,-2.321801841310191250e+01,1.526383404592660253e-01,-1.371885033918009356e+02,3.135644677816554537e+00
7.417938996861936474e+00,-2.315986207443401312e+01,1.537506390356213337e-01,-1.371482966246038018e+02,3.126200298236503805e+00
7.437206370879759554e+00,-2.310250099446225036e+01,1.548183188325625848e-01,-1.371086151815453604e+02,3.116769282223216475e+00
7.456473744897582634e+00,-2.304593357824497346e+01,1.558430366491111718e-01,-1.370694585320466103e+02,3.107352645354373610e+00
7.475741118915406602e+00,-2.299015796106441556e+01,1.568264207938991073e-01,-1.370308238337252931e+02,3.097951406660141682e+00
7.495008492933229682e+00,-2.293517201865352106e+01,1.577700702751978212e-01,-1.369927062337019663e+02,3.088566455149418744e+00
7.514275866951052762e+00,-2.288097338051038676e+01,1.586755541213329956e-01,-1.369550997141724906e+02,3.079198453170527650e+00
7.533543240968875843e+00,-2.282755944533130688e+01,1.595444110139230820e-01,-1.369179982414438825e+02,3.069847803071064085e+00
7.552810614986698923e+00,-2.277492739690783807e+01,1.603781493301844607e-01,-1.368813968957734062e+02,3.060514685747194985e+00
7.572077989004522003e+00,-2.272307421864169541e+01,1.611782475762003619e-01,-1.368452926680053849e+02,3.051199159592892229e+00
7.591345363022345971e+00,-2.267199670518845878e+01,1.619461550844490394e-01,-1.368096847048747691e+02,3.041901291675664698e+00
7.610612737040169051e+00,-2.262169147053683460e+01,1.626832927782639882e-01,-1.367745739404307983e+02,3.032621284283157248e+00
7.629880111057992131e+00,-2.257215495282619955e+01,1.633910537937834084e-01,-1.367399622224792779e+02,3.023359561641184801e+00
7.649147485075815212e+00,-2.252338341710580849e+01,1.640708037996014557e-01,-1.367058511823923652e+02,3.014116793036023978e+00
7.668414859093638292e+00,-2.247537295777792465e+01,1.647238809506271773e-01,-1.366722411656249392e+02,3.004893846505200639e+00
7.687682233111461372e+00,-2.242811950248804820e+01,1.653515955268326509e-01,-1.366391305203199238e+02,2.995691686640636675e+00
7.706949607129284452e+00,-2.238161881872490611e+01,1.659552294056837740e-01,-1.366065154389026759e+02,2.986511245474147813e+00
7.726216981147108420e+00,-2.233586652352331825e+01,1.665360355702908968e-01,-1.365743903918373405e+02,2.977353302638414245e+00
7.745484355164931500e+00,-2.229085809568297449e+01,1.670952378481397604e-01,-1.365427490275174875e+02,2.968218408085457671e+00
7.764751729182754580e+00,-2.224658888911786292e+01,1.676340310102533704e-01,-1.365115852836014199e+02,2.959106868498905030e+00
7.784019103200577661e+00,-2.220305414556758095e+01,1.681535812574510569e-01,-1.364808943984421319e+02,2.950018800612898229e+00
7.803286477218400741e+00,-2.216024900504562467e+01,1.686550270096941473e-01,-1.364506735417789685e+02,2.940954235984407639e+00
7.822553851236223821e+00,-2.211816851302380726e+01,1.691394798292491231e-01,-1.364209218923425055e+02,2.931913247560326674e+00
7.841821225254047789e+00,-2.207680762426849341e+01,1.696080252735515659e-01,-1.363916401456329197e+02,2.922896062557131636e+00
7.861088599271870869e+00,-2.203616120418123003e+01,1.700617234992568005e-01,-1.363628295941152828e+02,2.913903130284075438e+00
7.880355973289693949e+00,-2.199622402917480812e+01,1.705016095169925860e-01,-1.363344910401012555e+02,2.904935126362971243e+00
7.899623347307517029e+00,-2.195699078783799152e+01,1.709286931034819101e-01,-1.363066238461023829e+02,2.895992892683696862e+00
7.918890721325340110e+00,-2.191845608434448067e+01,1.713439584819182182e-01,-1.362792253866521719e+02,2.887077330359570482e+00
7.938158095343163190e+00,-2.188061444483581042e+01,1.717483639521496519e-01,-1.362522910515527883e+02,2.878189275917800050e+00
7.957425469360986270e+00,-2.184346032657106562e+01,1.721428416684375740e-01,-1.362258147955511731e+02,2.869329395403742211e+00
7.976692843378810238e+00,-2.180698812876766723e+01,1.725282977200469081e-01,-1.361997900770499825e+02,2.860498125820771786e+00
7.995960217396633318e+00,-2.177119220351294260e+01,1.729056125815058853e-01,-1.361742109210538842e+02,2.851695679904505898e+00
8.015227591414456398e+00,-2.173606686506536434e+01,1.732756418915936125e-01,-1.361490728087667890e+02,2.842922112438611926e+00
8.034494965432280367e+00,-2.170160639630232069e+01,1.736392174249090370e-01,-1.361243731467423288e+02,2.834177429150357419e+00
8.053762339450102559e+00,-2.166780505187491812e+01,1.739971480654746716e-01,-1.361001111876142602e+02,2.825461707464774097e+00
8.073029713467926527e+00,-2.163465705856017607e+01,1.743502205939236327e-01,-1.360762874284955615e+02,2.816775195294707768e+00
8.092297087485748719e+00,-2.160215661408031806e+01,1.746992001576168907e-01,-1.360529026588775707e+02,2.808118360409867176e+00
8.111564461503572687e+00,-2.157029788605864340e+01,1.750448303889756696e-01,-1.360299569266360322e+02,2.799491876920534139e+00
8.130831835521394879e+00,-2.153907501268531988e+01,1.753878332428221720e-01,-1.360074487118592970e+02,2.790896553072430564e+00
8.150099209539218847e+00,-2.150848210610537947e+01,1.757289087073329314e-01,-1.359853745382620502e+02,2.782333220923141504e+00
8.169366583557042816e+00,-2.147851325868507288e+01,1.760687345805689308e-01,-1.359637291282009528e+02,2.773802618994915647e+00
8.188633957574865008e+00,-2.144916255141577111e+01,1.764079664847779672e-01,-1.359425060546990096e+02,2.765305300772396890e+00
8.207901331592688976e+00,-2.142042406304306112e+01,1.767472382198651548e-01,-1.359216987051946148e+02,2.756841594493215197e+00
8.227168705610511168e+00,-2.139229187826004264e+01,1.770871624569324843e-01,-1.359013012856070759e+02,2.748411625187912488e+00
8.246436079628335136e+00,-2.136476009354917593e+01,1.774283316724525883e-01,-1.358813095835485285e+02,2.740015392449660858e+00
8.265703453646159105e+00,-2.133782281992079177e+01,1.777713191532762083e-01,-1.358617212784457990e+02,2.731652881854798931e+00
8.284970827663981296e+00,-2.131147418267975624e+01,1.781166798828138220e-01,-1.358425357143010501e+02,2.723324178655288197e+00
8.304238201681805265e+00,-2.128570831919206441e+01,1.784649511550934209e-01,-1.358237532017006401e+02,2.715029551895285831e+00
8.323505575699627457e+00,-2.126051937617139131e+01,1.788166528448179304e-01,-1.358053740471368371e+02,2.706769485552695809e+00
8.342772949717451425e+00,-2.123590150810180077e+01,1.791722873636994728e-01,-1.357873975830318614e+02,2.698544648261956169e+00
8.362040323735273617e+00,-2.121184887803029895e+01,1.795323394258632188e-01,-1.357698214702621442e+02,2.690355810417002669e+00
8.381307697753097585e+00,-2.118835566121800795e+01,1.798972758006786021e-01,-1.357526414673081945e+02,2.682203732146579700e+00
8.400575071770921554e+00,-2.116541605125452818e+01,1.802675452336740813e-01,-1.357358517285121025e+02,2.674089053699390206e+00
8.419842445788743746e+00,-2.114302426747773822e+01,1.806435786649734088e-01,-1.357194455453966953e+02,2.666012218954221247e+00
8.439109819806567714e+00,-2.112117456212762434e+01,1.810257897852534936e-01,-1.357034163212265412e+02,2.657973453348961623e+00
8.458377193824389906e+00,-2.109986122571718781e+01,1.814145758684218568e-01,-1.356877585045250214e+02,2.649972802175064590e+00
8.477644567842213874e+00,-2.107907858960771463e+01,1.818103187378532493e-01,-1.356724682199330516e+02,2.642010218232104357e+00
8.496911941860036066e+00,-2.105882102557782432e+01,1.822133856834722010e-01,-1.356575434207739761e+02,2.634085674038040281e+00
8.516179315877860034e+00,-2.103908294303719018e+01,1.826241301616371715e-01,-1.356429835225939087e+02,2.626199267002949700e+00
8.535446689895684003e+00,-2.101985878519989726e+01,1.830428921741504844e-01,-1.356287886227577246e+02,2.618351288076102179e+00
8.554714063913506195e+00,-2.100114302580514902e+01,1.834699983173104509e-01,-1.356149585269364763e+02,2.610542234745049317e+00
8.573981437931330163e+00,-2.098293016777396858e+01,1.839057615887219055e-01,-1.356014918566632446e+02,2.602772764959976115e+00
8.593248811949152355e+00,-2.096521474458278789e+01,1.843504811098058138e-01,-1.355883854883299762e+02,2.595043605153115607e+00
8.612516185966976323e+00,-2.094799132429918487e+01,1.848044419449524634e-01,-1.355756344800214777e+02,2.587355438362635152e+00
8.631783559984798515e+00,-2.093125451541083137e+01,1.852679151675654112e-01,-1.355632325050379450e+02,2.579708803965155894e+00
8.651050934002622483e+00,-2.091499897302722388e+01,1.857411582480946455e-01,-1.355511726685788574e+02,2.572104037153727596e+00
8.670318308020444675e+00,-2.089921940390605215e+01,1.862244157421467650e-01,-1.355394484768096675e+02,2.564541265040255702e+00
8.689585682038268644e+00,-2.088391056908906407e+01,1.867179201666955279e-01,-1.355280546854239105e+02,2.557020460294790798e+00
8.708853056056090836e+00,-2.086906728362354357e+01,1.872218928959490936e-01,-1.355169877895129105e+02,2.549541537055519225e+00
8.728120430073914804e+00,-2.085468441368984571e+01,1.877365449021131394e-01,-1.355062460181275412e+02,2.542104462000463361e+00
8.747387804091736996e+00,-2.084075687220083140e+01,1.882620772117576946e-01,-1.354958288366386796e+02,2.534709349284784086e+00
8.766655178109562740e+00,-2.082727961436594555e+01,1.887986810320121944e-01,-1.354857360984810555e+02,2.527356512675447142e+00
8.785922552127384932e+00,-2.081424763469560801e+01,1.893465375974373588e-01,-1.354759670861401162e+02,2.520046460333463578e+00
8.805189926145208901e+00,-2.080165596646860493e+01,1.899058178695128274e-01,-1.354665197117722357e+02,2.512779833874308810e+00
8.824457300163031093e+00,-2.078949968393137837e+01,1.904766822622231404e-01,-1.354573901022210691e+02,2.505557309017427237e+00
8.843724674180855061e+00,-2.077777390666991053e+01,1.910592805571861008e-01,-1.354485726844310989e+02,2.498379485906996322e+00
8.862992048198677253e+00,-2.076647380493615103e+01,1.916537521133230282e-01,-1.354400607460954973e+02,2.491246800030072706e+00
8.882259422216501221e+00,-2.075559460441786541e+01,1.922602263867833616e-01,-1.354318473125836704e+02,2.484159478790674225e+00
8.901526796234323413e+00,-2.074513158909663701e+01,1.928788236833341163e-01,-1.354239260924136659e+02,2.477117555885355760e+00
8.920794170252147381e+00,-2.073508010139669011e+01,1.935096559954075368e-01,-1.354162922246931942e+02,2.470120939313183772e+00
8.940061544269969573e+00,-2.072543553961893892e+01,1.941528277500707556e-01,-1.354089426182733291e+02,2.463169513740662175e+00
8.959328918287793542e+00,-2.071619335344500357e+01,1.948084363199504010e-01,-1.354018757878740189e+02,2.456263248288732992e+00
8.978596292305615734e+00,-2.070734903885063005e+01,1.954765722184783339e-01,-1.353950912345021891e+02,2.449402279330106236e+00
8.997863666323439702e+00,-2.069889813392372346e+01,1.961573189933165096e-01,-1.353885885459818894e+02,2.442586944987811037e+00
9.017131040341263670e+00,-2.069083621679462581e+01,1.968507529195996919e-01,-1.353823664721184343e+02,2.435817761694015093e+00
9.036398414359087639e+00,-2.068315890624274900e+01,1.975569426520432104e-01,-1.353764222357941946e+02,2.429095349536934290e+00
9.055665788376909831e+00,-2.067586186473666388e+01,1.982759490048577877e-01,-1.353707512743301038e+02,2.422420327571933374e+00
9.074933162394733799e+00,-2.066894080293353042e+01,1.990078249883140138e-01,-1.353653474837258557e+02,2.415793208728307384e+00
9.094200536412555991e+00,-2.066239148422540239e+01,1.997526161525990385e-01,-1.353602038962980032e+02,2.409214324026899057e+00
9.113467910430379959e+00,-2.065620972790240728e+01,2.005103611968735433e-01,-1.353553135998733410e+02,2.402683797518423869e+00
9.132735284448202151e+00,-2.065039140990965194e+01,2.012810927214968570e-01,-1.353506706385868767e+02,2.396201579005863280e+00
9.152002658466026119e+00,-2.064493246088338196e+01,2.020648379580735066e-01,-1.353462706407034659e+02,2.389767525279374194e+00
9.171270032483848311e+00,-2.063982886195116251e+01,2.028616193177683602e-01,-1.353421109961993807e+02,2.383381506884193701e+00
9.190537406501672280e+00,-2.063507663943312309e+01,2.036714546515178692e-01,-1.353381905342488380e+02,2.377043510236310553e+00
9.209804780519494471e+00,-2.063067185989454089e+01,2.044943572001030330e-01,-1.353345087922170364e+02,2.370753706233897695e+00
9.229072154537318440e+00,-2.062661062688196978e+01,2.053303353027378930e-01,-1.353310650832541739e+02,2.364512466005932012e+00
9.248339528555140632e+00,-2.062288908016366662e+01,2.061793920026018523e-01,-1.353278576264506228e+02,2.358320319404621834e+00
9.267606902572966376e+00,-2.061950339754249129e+01,2.070415247163864270e-01,-1.353248829856936766e+02,2.352177868050863818e+00
9.286874276590788568e+00,-2.061644979854066762e+01,2.079167251137920003e-01,-1.353221359759224072e+02,2.346085677599336172e+00
9.306141650608612537e+00,-2.061372454869789905e+01,2.088049792887575751e-01,-1.353196100631514014e+02,2.340044179767125865e+00
9.325409024626434729e+00,-2.061132396304227399e+01,2.097062682159848979e-01,-1.353172981448430221e+02,2.334053611904491898e+00
9.344676398644258697e+00,-2.060924440753973741e+01,2.106205684005201251e-01,-1.353151934894945327e+02,2.328114011258281213e+00
9.363943772662080889e+00,-2.060748229792666208e+01,2.115478525699212020e-01,-1.353132905691702774e+02,2.322225265590987409e+00
9.383211146679904857e+00,-2.060603409610399694e+01,2.124880902453354647e-01,-1.353115855489756427e+02,2.316387205853689846e+00
9.402478520697727049e+00,-2.060489630498904390e+01,2.134412480630104303e-01,-1.353100762946229452e+02,2.310599714691755402e+00
9.421745894715551017e+00,-2.060406546317042142e+01,2.144072897910719033e-01,-1.353087618957915765e+02,2.304862820070333385e+00
9.441013268733373209e+00,-2.060353814076084689e+01,2.153861760756720367e-01,-1.353076418402381478e+02,2.299176747520646380e+00
9.460280642751197178e+00,-2.060331093747819509e+01,2.163778640294794775e-01,-1.353067150726456589e+02,2.293541916237568756e+00
9.479548016769019370e+00,-2.060338048331731997e+01,2.173823068205515963e-01,-1.353059792049080556e+02,2.287958880180495314e+00
9.498815390786845114e+00,-2.060374344140280556e+01,2.183994534176959823e-01,-1.353054301016303782e+02,2.282428230929869351e+00
9.518082764804667306e+00,-2.060439651196491084e+01,2.194292486002292208e-01,-1.353050619582201648e+02,2.276950489907452635e+00
9.537350138822491274e+00,-2.060533643605001686e+01,2.204716332600995810e-01,-1.353048678491815906e+02,2.271526020598535922e+00
9.556617512840313466e+00,-2.060655999765844726e+01,2.215265449364091921e-01,-1.353048405907126437e+02,2.266154985752936835e+00
9.575884886858137435e+00,-2.060806402347177624e+01,2.225939184526052883e-01,-1.353049736723274066e+02,2.260837361785428712e+00
9.595152260875959627e+00,-2.060984538004781186e+01,2.236736864955645165e-01,-1.353052619924104647e+02,2.255573006356894616e+00
9.614419634893783595e+00,-2.061190096911066050e+01,2.247657799925847633e-01,-1.353057021880878494e+02,2.250361760002329792e+00
9.633687008911605787e+00,-2.061422772212419119e+01,2.258701282016601086e-01,-1.353062924649102001e+02,2.245203552978229489e+00
9.652954382929429755e+00,-2.061682259554364194e+01,2.269866585147411464e-01,-1.353070319739464651e+02,2.240098486993793436e+00
9.672221756947251947e+00,-2.061968256793252507e+01,2.281152960576977307e-01,-1.353079199125990897e+02,2.235046868607225790e+00
9.691489130965075915e+00,-2.062280463957348431e+01,2.292559632296744254e-01,-1.353089546041441906e+02,2.230049184796095485e+00
9.710756504982898107e+00,-2.062618583445895482e+01,2.304085793409559046e-01,-1.353101328172376725e+02,2.225106027651590157e+00
9.730023879000722076e+00,-2.062982320384179502e+01,2.315730604776795598e-01,-1.353114495185547526e+02,2.220217989627655708e+00
9.749291253018544268e+00,-2.063371383006556670e+01,2.327493196530413255e-01,-1.353128981286193380e+02,2.215385559176547225e+00
9.768558627036370012e+00,-2.063785482931582749e+01,2.339372672185428825e-01,-1.353144712076673670e+02,2.210609046524565358e+00
9.787826001054192204e+00,-2.064224335225802420e+01,2.351368114308668988e-01,-1.353161613757858390e+02,2.205888560793677566e+00
9.807093375072016173e+00,-2.064687658215768451e+01,2.363478590233302756e-01,-1.353179622045130657e+02,2.201224045073398639e+00
9.826360749089838365e+00,-2.065175173082661431e+01,2.375703156291128493e-01,-1.353198688247854022e+02,2.196615359538158785e+00
9.845628123107662333e+00,-2.065686603338186345e+01,2.388040859470969557e-01,-1.353218780765466818e+02,2.192062388988875732e+00
9.864895497125484525e+00,-2.066221674315299595e+01,2.400490736169754169e-01,-1.353239881557225885e+02,2.187565144190490418e+00
9.884162871143306717e+00,-2.066780112802469560e+01,2.413051808557707678e-01,-1.353261978575194178e+02,2.183123828092783381e+00
9.903430245161130685e+00,-2.067361646907177430e+01,2.425723079776069824e-01,-1.353285056302910903e+02,2.178738847987594429e+00
9.922697619178952877e+00,-2.067966006166153292e+01,2.438503529519730484e-01,-1.353309087085833653e+02,2.174410770043903707e+00
9.941964993196776845e+00,-2.068592921846637012e+01,2.451392111429471221e-01,-1.353334025717948066e+02,2.170140229092653250e+00
9.961232367214599037e+00,-2.069242127326590364e+01,2.464387753168933437e-01,-1.353359808823680055e+02,2.165927819320933256e+00
9.980499741232423005e+00,-2.069913358418788007e+01,2.477489359254892720e-01,-1.353386359208010106e+02,2.161773997025389527e+00
9.999767115250245197e+00,-2.070606353520892640e+01,2.490695815884709508e-01,-1.353413593929242325e+02,2.157679023185159917e+00
1.001903448926807094e+01,-2.071320853525714512e+01,2.504005996407787094e-01,-1.353441433782894023e+02,2.153642962291153040e+00
1.003830186328589313e+01,-2.072056601497226680e+01,2.517418765893885690e-01,-1.353469811476924178e+02,2.149665737822965994e+00
1.005756923730371710e+01,-2.072813342187496488e+01,2.530932983516733237e-01,-1.353498676146508615e+02,2.145747228567905118e+00
1.007683661132153929e+01,-2.073590821516681615e+01,2.544547502116181192e-01,-1.353527992897748788e+02,2.141887378257880226e+00
1.009610398533936326e+01,-2.074388786148920261e+01,2.558261165133963178e-01,-1.353557737488266923e+02,2.138086287123301510e+00
1.011537135935718545e+01,-2.075206983268204652e+01,2.572072801889136451e-01,-1.353587887643683132e+02,2.134344259058338356e+00
1.013463873337500942e+01,-2.076045160598777173e+01,2.585981222641915434e-01,-1.353618413474468696e+02,2.130661790723622051e+00
1.015390610739283161e+01,-2.076903066642102758e+01,2.599985214945927381e-01,-1.353649269720367272e+02,2.127039505484323190e+00
1.017317348141065558e+01,-2.077780451038434251e+01,2.614083542395516102e-01,-1.353680392032671307e+02,2.123478050861845823e+00
1.019244085542847778e+01,-2.078677064924491447e+01,2.628274946154486313e-01,-1.353711698354207158e+02,2.119977988650156853e+00
1.021170822944630174e+01,-2.079592661160433664e+01,2.642558148820381425e-01,-1.353743095000386631e+02,2.116539709003965708e+00
1.023097560346412394e+01,-2.080526994338659463e+01,2.656931859480446412e-01,-1.353774485698080241e+02,2.113163393006096680e+00
1.025024297748194968e+01,-2.081479820552036486e+01,2.671394778459998398e-01,-1.353805780988123217e+02,2.109849034386002131e+00
1.026951035149977187e+01,-2.082450896970768284e+01,2.685945600352730445e-01,-1.353836905287201375e+02,2.106596514131036546e+00
1.028877772551759584e+01,-2.083439981333873803e+01,2.700583014431040541e-01,-1.353867799569613624e+02,2.103405706549418497e+00
1.030804509953541803e+01,-2.084446831486408414e+01,2.715305702307497793e-01,-1.353898418880737893e+02,2.100276586267740164e+00
1.032731247355324200e+01,-2.085471205079811696e+01,2.730112333528951218e-01,-1.353928725374726696e+02,2.097209305299077897e+00
1.034657984757106419e+01,-2.086512859504211193e+01,2.745001560389484507e-01,-1.353958678854777702e+02,2.094204217824445102e+00
1.036584722158888816e+01,-2.087571552052717649e+01,2.759972013471483354e-01,-1.353988227515635856e+02,2.091261845272934572e+00
1.038511459560671035e+01,-2.088647040249135856e+01,2.775022299197285602e-01,-1.354017301536403295e+02,2.088382791392024984e+00
1.040438196962453432e+01,-2.089739082222462585e+01,2.790151000069481246e-01,-1.354045811360018376e+02,2.085567631365738972e+00
1.042364934364235651e+01,-2.090847436998194553e+01,2.805356677472340965e-01,-1.354073651154995162e+02,2.082816806534147691e+00
1.044291671766018048e+01,-2.091971864601724107e+01,2.820637876143132772e-01,-1.354100706468466342e+02,2.080130554722984471e+00
1.046218409167800267e+01,-2.093112125925346945e+01,2.835993128923561257e-01,-1.354126863873750608e+02,2.077508896023122720e+00
1.048145146569582664e+01,-2.094267982380857873e+01,2.851420960317648245e-01,-1.354152019837809178e+02,2.074951677960778618e+00
1.050071883971365061e+01,-2.095439195423479717e+01,2.866919887735112638e-01,-1.354176086252321340e+02,2.072458666921863646e+00
1.051998621373147458e+01,-2.096625526071032297e+01,2.882488419983985639e-01,-1.354198991026519536e+02,2.070029659346921402e+00
1.053925358774929677e+01,-2.097826734543550131e+01,2.898125053388196926e-01,-1.354220673558106398e+02,2.067664580450634837e+00
1.055852096176712074e+01,-2.099042580112782019e+01,2.913828266604499007e-01,-1.354241076373591284e+02,2.065363541725410812e+00
1.057778833578494293e+01,-2.100272821188740835e+01,2.929596515591324501e-01,-1.354260135336524513e+02,2.063126840279919882e+00
1.059705570980276690e+01,-2.101517215600393129e+01,2.945428230128561697e-01,-1.354277771241451376e+02,2.060954899767438064e+00
1.061632308382058909e+01,-2.102775520970366685e+01,2.961321812819208144e-01,-1.354293885220237428e+02,2.058848169477431878e+00
1.063559045783841306e+01,-2.104047495056221706e+01,2.977275640760932429e-01,-1.354308359296240383e+02,2.056807010253045576e+00
1.065485783185623525e+01,-2.105332895941337412e+01,2.993288069278813857e-01,-1.354321061942871722e+02,2.054831599761286487e+00
1.067412520587405922e+01,-2.106631482003694700e+01,3.009357436496960525e-01,-1.354331857061377491e+02,2.052921884143664055e+00
1.069339257989188141e+01,-2.107943011657149768e+01,3.025482067276375475e-01,-1.354340613803799158e+02,2.051077589767415166e+00
1.071265995390970538e+01,-2.109267242927601060e+01,3.041660275234489563e-01,-1.354347214417797431e+02,2.049298291492878121e+00
1.073192732792752757e+01,-2.110603932975574182e+01,3.057890362129762063e-01,-1.354351557854820953e+02,2.047583517550850107e+00
1.075119470194535332e+01,-2.111952837692686913e+01,3.074170614674222035e-01,-1.354353558101693409e+02,2.045932860501611827e+00
1.077046207596317551e+01,-2.113313711477553980e+01,3.090499299595559912e-01,-1.354353137718165101e+02,2.044346061912277079e+00
1.078972944998099948e+01,-2.114686307243551866e+01,3.106874658284246582e-01,-1.354350218450279328e+02,2.042823045899019530e+00
1.080899682399882167e+01,-2.116070376642339923e+01,3.123294902476785873e-01,-1.354344711640169123e+02,2.041363891391748897e+00
1.082826419801664564e+01,-2.117465670423416313e+01,3.139758212112935820e-01,-1.354336511219783290e+02,2.039968750658948338e+00
1.084753157203446783e+01,-2.118871938810201172e+01,3.156262735852915502e-01,-1.354325491337651783e+02,2.038637737177652287e+00
1.086679894605229180e+01,-2.120288931768923746e+01,3.172806593948543918e-01,-1.354311509335417156e+02,2.037370814849994272e+00
1.088606632007011399e+01,-2.121716399078995252e+01,3.189387882460669177e-01,-1.354294413247898490e+02,2.036167720258097891e+00
1.090533369408793796e+01,-2.123154090173086317e+01,3.206004677416535165e-01,-1.354274051692386820e+02,2.035027940176960204e+00
1.092460106810576015e+01,-2.124601753783860758e+01,3.222655037517919152e-01,-1.354250283318658319e+02,2.033950750642040894e+00
1.094386844212358412e+01,-2.126059137491986561e+01,3.239337004442190415e-01,-1.354222983113632210e+02,2.032935306083021754e+00
1.096313581614140631e+01,-2.127525987299541654e+01,3.256048600491096567e-01,-1.354192043760703825e+02,2.031980752531637346e+00
1.098240319015923205e+01,-2.129002047345531068e+01,3.272787824127668665e-01,-1.354157371683261033e+02,2.031086331901371000e+00
1.100167056417705425e+01,-2.130487059838271691e+01,3.289552644563576433e-01,-1.354118878941844741e+02,2.030251446871603527e+00
1.102093793819487821e+01,-2.131980765215361018e+01,3.306340996837365820e-01,-1.354076473358630892e+02,2.029475667276512851e+00
1.104020531221270041e+01,-2.133482902474893095e+01,3.323150778672221417e-01,-1.354030049761619807e+02,2.028758675822381452e+00
1.105947268623052437e+01,-2.134993209571377193e+01,3.339979849870527429e-01,-1.353979484922417384e+02,2.028100168541146164e+00
1.107874006024834657e+01,-2.136511423751352012e+01,3.356826034246279677e-01,-1.353924637696628963e+02,2.027499738537214213e+00
1.109800743426617053e+01,-2.138037281722305849e+01,3.373687123342938299e-01,-1.353865354371962155e+02,2.026956776480131062e+00
1.111727480828399273e+01,-2.139570519598694531e+01,3.390560880654862053e-01,-1.353801477721310391e+02,2.026470416503058924e+00
1.113654218230181669e+01,-2.141110872635570317e+01,3.407445044923033683e-01,-1.353732857183570388e+02,2.026039543057658321e+00
1.115580955631963889e+01,-2.142658074823818382e+01,3.424337331352497737e-01,-1.353659357266368488e+02,2.025662856636765596e+00
1.117507693033746285e+01,-2.144211858462405118e+01,3.441235430217146063e-01,-1.353580861779033171e+02,2.025338979219224456e+00
1.119434430435528505e+01,-2.145771953830178447e+01,3.458137003093031403e-01,-1.353497272713232746e+02,2.025066568772069253e+00
1.121361167837310902e+01,-2.147338089050512266e+01,3.475039677663976923e-01,-1.353408504142404922e+02,2.024844409520239807e+00
1.123287905239093121e+01,-2.148909990185269336e+01,3.491941042465066536e-01,-1.353314472958205386e+02,2.024671451737404482e+00
1.125214642640875695e+01,-2.150487381527046082e+01,3.508838642945443786e-01,-1.353215089181881297e+02,2.024546789484442222e+00
1.127141380042657914e+01,-2.152069986000499924e+01,3.525729979838340689e-01,-1.353110248713050510e+02,2.024469582764103937e+00
1.129068117444440311e+01,-2.153657525551954066e+01,3.542612510141145976e-01,-1.352999830671292614e+02,2.024438946728754907e+00
1.130994854846222530e+01,-2.155249721410813990e+01,3.559483650234618324e-01,-1.352883700152426627e+02,2.024453840173324082e+00
1.132921592248004927e+01,-2.156846294145155341e+01,3.576340780038347322e-01,-1.352761715648756535e+02,2.024512985777114249e+00
1.134848329649787146e+01,-2.158446963495642379e+01,3.593181246796045558e-01,-1.352633739027903914e+02,2.024614845355434234e+00
1.136775067051569543e+01,-2.160051448038356980e+01,3.610002367198792972e-01,-1.352499645222108029e+02,2.024757657417433965e+00
1.138701804453351762e+01,-2.161659464778351136e+01,3.626801427051788984e-01,-1.352359328865342150e+02,2.024939526242078625e+00
1.140628541855134159e+01,-2.163270728796747377e+01,3.643575678423198738e-01,-1.352212706004577001e+02,2.025158536743194126e+00
1.142555279256916378e+01,-2.164884953058742312e+01,3.660322334962728408e-01,-1.352059710445120686e+02,2.025412861947683218e+00
1.144482016658698775e+01,-2.166501848442591793e+01,3.677038566623098692e-01,-1.351900285850411194e+02,2.025700832124974760e+00
1.146408754060480994e+01,-2.168121123984672138e+01,3.693721495195257942e-01,-1.351734375949273499e+02,2.026020945828509223e+00
1.148335491462263569e+01,-2.169742487272305098e+01,3.710368191828734008e-01,-1.351561915749739740e+02,2.026371820062911500e+00
1.150262228864045788e+01,-2.171365644873001699e+01,3.726975677121521779e-01,-1.351382826360047886e+02,2.026752094528345705e+00
1.152188966265828185e+01,-2.172990302678853070e+01,3.743540923605660486e-01,-1.351197014962575622e+02,2.027160318250952997e+00
1.154115703667610404e+01,-2.174616166070849843e+01,3.760060859749502216e-01,-1.351004379983614854e+02,2.027594852004440007e+00
1.156042441069392801e+01,-2.176242939862163794e+01,3.776532374154801253e-01,-1.350804819989255066e+02,2.028053815293821671e+00
1.157969178471175020e+01,-2.177870328045743165e+01,3.792952318576713888e-01,-1.350598243755601118e+02,2.028535093674085577e+00
1.159895915872957417e+01,-2.179498033430222037e+01,3.809317508753050641e-01,-1.350384578624422147e+02,2.029036404614500189e+00
1.161822653274739636e+01,-2.181125757281826694e+01,3.825624722686373769e-01,-1.350163774759881505e+02,2.029555403118004531e+00
1.163749390676522033e+01,-2.182753199088676510e+01,3.841870696786031103e-01,-1.349935804119389786e+02,2.030089796818209447e+00
1.165676128078304252e+01,-2.184380056528047120e+01,3.858052120918075145e-01,-1.349700654491062437e+02,2.030637437638321607e+00
1.167602865480086649e+01,-2.186006025657554730e+01,3.874165633741458725e-01,-1.349458320382017860e+02,2.031196364050293468e+00
1.169529602881868868e+01,-2.187630801285446935e+01,3.890207819629279973e-01,-1.349208793448812855e+02,2.031764782459521523e+00
1.171456340283651265e+01,-2.189254077422836176e+01,3.906175208011009592e-01,-1.348952055281353921e+02,2.032340994011081925e+00
1.173383077685433662e+01,-2.190875547697250525e+01,3.922064275260712107e-01,-1.348688074652821456e+02,2.032923288977811715e+00
1.175309815087216059e+01,-2.192494905619217249e+01,3.937871448511284234e-01,-1.348416810037483629e+02,2.033509840237182065e+00
1.177236552488998278e+01,-2.194111844638016251e+01,3.953593110213991513e-01,-1.348138216659957038e+02,2.034098627479785204e+00
1.179163289890780675e+01,-2.195726057986032131e+01,3.969225602054402557e-01,-1.347852256022366362e+02,2.034687414718578946e+00
1.181090027292562894e+01,-2.197337238374471369e+01,3.984765227039195334e-01,-1.347558905142398373e+02,2.035273788067236911e+00
1.183016764694345291e+01,-2.198945077647836044e+01,4.000208249124740933e-01,-1.347258162830525805e+02,2.035855243201218023e+00
1.184943502096127510e+01,-2.200549266517248626e+01,4.015550890499173797e-01,-1.346950051207038825e+02,2.036429297529052551e+00
1.186870239497909907e+01,-2.202149494469763269e+01,4.030789327338633599e-01,-1.346634612050944213e+02,2.036993595059640061e+00
1.188796976899692126e+01,-2.203745449899085074e+01,4.045919685321301973e-01,-1.346311899074992482e+02,2.037545974265576376e+00
1.190723714301474523e+01,-2.205336820437986134e+01,4.060938036266831808e-01,-1.345981968395830677e+02,2.038084480184120917e+00
1.192650451703256742e+01,-2.206923293413508347e+01,4.075840396945971111e-01,-1.345644869975446056e+02,2.038607318325370787e+00
1.194577189105039139e+01,-2.208504556310318989e+01,4.090622730474482438e-01,-1.345300642506469160e+02,2.039112764882915485e+00
1.196503926506821358e+01,-2.210080297125874083e+01,4.105280949953131198e-01,-1.344949313193428395e+02,2.039599060336577008e+00
1.198430663908603933e+01,-2.211650204533860276e+01,4.119810923364898292e-01,-1.344590902446559824e+02,2.040064318166982194e+00
1.200357401310386152e+01,-2.213213967829831930e+01,4.134208478384661101e-01,-1.344225432074607056e+02,2.040506475777798201e+00
1.202284138712168549e+01,-2.214771276698099101e+01,4.148469405800579435e-01,-1.343852934554032856e+02,2.040923302253805360e+00
1.204210876113950768e+01,-2.216321820892332894e+01,4.162589460676200392e-01,-1.343473460654536780e+02,2.041312460953124130e+00
1.206137613515733165e+01,-2.217865289948243301e+01,4.176564361070323472e-01,-1.343087083196114122e+02,2.041671609006463495e+00
1.208064350917515384e+01,-2.219401373037429082e+01,4.190389784873365664e-01,-1.342693895851034824e+02,2.041998505201755965e+00
1.209991088319297781e+01,-2.220929759029882078e+01,4.204061365894223301e-01,-1.342294007349058802e+02,2.042291095508733001e+00
1.211917825721080000e+01,-2.222450136771012907e+01,4.217574690570361495e-01,-1.341887532773207283e+02,2.042547552223000107e+00
1.213844563122862397e+01,-2.223962195515802520e+01,4.230925296505698152e-01,-1.341474584461166444e+02,2.042766256351362220e+00
1.215771300524644616e+01,-2.225465625416461890e+01,4.244108673515720742e-01,-1.341055265117883550e+02,2.042945729394187726e+00
1.217698037926427013e+01,-2.226960117944544137e+01,4.257120267134306135e-01,-1.340629665078612334e+02,2.043084535278929081e+00
1.219624775328209232e+01,-2.228445366148283213e+01,4.269955483826293752e-01,-1.340197864439056161e+02,2.043181181643154432e+00
1.221551512729991806e+01,-2.229921064695149724e+01,4.282609696664915755e-01,-1.339759939350211084e+02,2.043234049564237154e+00
1.223478250131774026e+01,-2.231386909713518563e+01,4.295078250117072560e-01,-1.339315970573381094e+02,2.043241372296308533e+00
1.225404987533556422e+01,-2.232842598507062704e+01,4.307356462866356317e-01,-1.338866051752149247e+02,2.043201269158126276e+00
1.227331724935338642e+01,-2.234287829253191049e+01,4.319439628207459303e-01,-1.338410294962621663e+02,2.043111824653843556e+00
1.229258462337121038e+01,-2.235722300801542062e+01,4.331323012287502383e-01,-1.337948831913590197e+02,2.042971189874945637e+00
1.231185199738903258e+01,-2.237145712658726993e+01,4.343001851128683866e-01,-1.337481810442512256e+02,2.042777676974500967e+00
1.233111937140685654e+01,-2.238557765190192939e+01,4.354471347748394283e-01,-1.337009387317340838e+02,2.042529819769503874e+00
1.235038674542467874e+01,-2.239958160005609145e+01,4.365726670683774402e-01,-1.336531719412122357e+02,2.042226383568099379e+00
1.236965411944250093e+01,-2.241346600439733194e+01,4.376762954831429631e-01,-1.336048955772853333e+02,2.041866322144705759e+00
1.238892149346032490e+01,-2.242722792012375876e+01,4.387575304847051161e-01,-1.335561232806317378e+02,2.041448695054525864e+00
1.240818886747814709e+01,-2.244086442757292943e+01,4.398158800612680941e-01,-1.335068673898771863e+02,2.040972569769805123e+00
1.242745624149597106e+01,-2.245437263348582135e+01,4.408508503688756131e-01,-1.334571393478220500e+02,2.040436937215914792e+00
1.244672361551379325e+01,-2.246774967013093161e+01,4.418619463399488523e-01,-1.334069504251247054e+02,2.039840665084564630e+00
1.246599098953161899e+01,-2.248099269280472967e+01,4.428486721332753895e-01,-1.333563125443211561e+02,2.039182502111153372e+00
1.248525836354944119e+01,-2.249409887670242014e+01,4.438105313529059348e-01,-1.333052389605139467e+02,2.038461131632655743e+00
1.250452573756726515e+01,-2.250706541433475039e+01,4.447470270342204213e-01,-1.332537445991213190e+02,2.037675258525482924e+00
1.252379311158508735e+01,-2.251988951449886045e+01,4.456576614666313829e-01,-1.332018459522136880e+02,2.036823704154693715e+00
1.254306048560291131e+01,-2.253256840334508482e+01,4.465419359729062565e-01,-1.331495605633256787e+02,2.035905481922700933e+00
1.256232785962073351e+01,-2.254509932745452616e+01,4.473993507799572389e-01,-1.330969062488695158e+02,2.034919831887177288e+00
1.258159523363855747e+01,-2.255747955824103101e+01,4.482294050908097183e-01,-1.330439002784300158e+02,2.033866204931142896e+00
1.260086260765637967e+01,-2.256970639659388311e+01,4.490315974097834339e-01,-1.329905587454844920e+02,2.032744201575144238e+00
1.262012998167420363e+01,-2.258177717660133155e+01,4.498054260998908815e-01,-1.329368963026246320e+02,2.031553483484116907e+00
1.263939735569202583e+01,-2.259368926746288864e+01,4.505503900847072085e-01,-1.328829263285527986e+02,2.030293683332003774e+00
1.265866472970984979e+01,-2.260544007322912918e+01,4.512659895662643472e-01,-1.328286614693245724e+02,2.028964338826524827e+00
1.267793210372767199e+01,-2.261702703064561959e+01,4.519517266278987311e-01,-1.327741143896061828e+02,2.027564869420515947e+00
1.269719947774549595e+01,-2.262844760593134552e+01,4.526071056272003013e-01,-1.327192985115387103e+02,2.026094601730374034e+00
1.271646685176331815e+01,-2.263969929162936623e+01,4.532316333484225357e-01,-1.326642285252367515e+02,2.024552835605372803e+00
1.273573422578114389e+01,-2.265077960463647955e+01,4.538248189568932500e-01,-1.326089205233255086e+02,2.022938931207453273e+00
1.275500159979896608e+01,-2.266168608615959457e+01,4.543861738583632737e-01,-1.325533917217985618e+02,2.021252391664118520e+00
1.277426897381679005e+01,-2.267241630376598849e+01,4.549152115960209408e-01,-1.324976598487664319e+02,2.019492917436020551e+00
1.279353634783461224e+01,-2.268296785506499802e+01,4.554114479082147504e-01,-1.324417423770011908e+02,2.017660416944387691e+00
1.281280372185243621e+01,-2.269333837206692195e+01,4.558744010237429922e-01,-1.323856558188428778e+02,2.015754970728910855e+00
1.283207109587025840e+01,-2.270352552505591959e+01,4.563035922025565627e-01,-1.323294152814926576e+02,2.013776759747162082e+00
1.285133846988808237e+01,-2.271352702495039111e+01,4.566985464584762400e-01,-1.322730344037258021e+02,2.011725978551890393e+00
1.287060584390590456e+01,-2.272334062356396700e+01,4.570587933479604015e-01,-1.322165256844334920e+02,2.009602758137694067e+00
1.288987321792372853e+01,-2.273296411179394383e+01,4.573838676908956735e-01,-1.321599011012534106e+02,2.007407120155868085e+00
1.290914059194155072e+01,-2.274239531636846223e+01,4.576733101108375057e-01,-1.321031728359824911e+02,2.005138974936549801e+00
1.292840796595937469e+01,-2.275163209620019344e+01,4.579266673369577489e-01,-1.320463538953964076e+02,2.002798163061461079e+00
1.294767533997719688e+01,-2.276067233950010049e+01,4.581434922816312039e-01,-1.319894584488454825e+02,2.000384527774627497e+00
1.296694271399502263e+01,-2.276951396256792393e+01,4.583233439750399318e-01,-1.319325017873838988e+02,1.997897996860958036e+00
1.298621008801284482e+01,-2.277815491066856524e+01,4.584657874812168576e-01,-1.318754999187026726e+02,1.995338650187518992e+00
1.300547746203066879e+01,-2.278659316077466812e+01,4.585703939260888928e-01,-1.318184689161234076e+02,1.992706753501827688e+00
1.302474483604849098e+01,-2.279482672539375088e+01,4.586367407352684444e-01,-1.317614242087425112e+02,1.990002748965286505e+00
1.304401221006631495e+01,-2.280285365636790473e+01,4.586644121176215450e-01,-1.317043800143217425e+02,1.987227205370880823e+00
1.306327958408413714e+01,-2.281067204753449928e+01,4.586529997581146878e-01,-1.316473490733148992e+02,1.984380742458216496e+00
1.308254695810196111e+01,-2.281828003546617012e+01,4.586021036218127511e-01,-1.315903427546155342e+02,1.981463950941017460e+00
1.310181433211978330e+01,-2.282567579806930880e+01,4.585113327381957204e-01,-1.315333714968434435e+02,1.978477330807917323e+00
1.312108170613760727e+01,-2.283285755144678220e+01,4.583803058411012876e-01,-1.314764454539282781e+02,1.975421264962311962e+00
1.314034908015542946e+01,-2.283982354593564068e+01,4.582086517823933391e-01,-1.314195751573158759e+02,1.972296034982132795e+00
1.315961645417325343e+01,-2.284657206246574290e+01,4.579960097045391310e-01,-1.313627720048742162e+02,1.969101873698222427e+00
1.317888382819107562e+01,-2.285310141028074682e+01,4.577420290283267246e-01,-1.313060484384357949e+02,1.965839038874097389e+00
1.319815120220889959e+01,-2.285940992665014093e+01,4.574463693663061714e-01,-1.312494177624082283e+02,1.962507886464208706e+00
1.321741857622672356e+01,-2.286549597860293304e+01,4.571087004937692266e-01,-1.311928936587394219e+02,1.959108922323700375e+00
1.323668595024454753e+01,-2.287135796610799687e+01,4.567287024912192739e-01,-1.311364895393068934e+02,1.955642817645194320e+00
1.325595332426236972e+01,-2.287699432569144520e+01,4.563060661204445534e-01,-1.310802179213404486e+02,1.952110383905381275e+00
1.327522069828019369e+01,-2.288240353334771626e+01,4.558404934260779084e-01,-1.310240900026728070e+02,1.948512514673987894e+00
1.329448807229801588e+01,-2.288758410580642177e+01,4.553316984866271899e-01,-1.309681155546681168e+02,1.944850110968145751e+00
1.331375544631583985e+01,-2.289253459970047189e+01,4.547794081935769839e-01,-1.309123031590092694e+02,1.941124011306408992e+00
1.333302282033366204e+01,-2.289725360879937810e+01,4.541833629276534889e-01,-1.308566607165878679e+02,1.937334946023302917e+00
1.335229019435148601e+01,-2.290173976004046708e+01,4.535433170305289141e-01,-1.308011960804090279e+02,1.933483528278319152e+00
1.337155756836930820e+01,-2.290599170944300411e+01,4.528590390294003343e-01,-1.307459176310849500e+02,1.929570283625831717e+00
1.339082494238713217e+01,-2.291000813902021704e+01,4.521303116434063352e-01,-1.306908346320579142e+02,1.925595709046452386e+00
1.341009231640495436e+01,-2.291378775550522917e+01,4.513569316635709927e-01,-1.306359572662486528e+02,1.921560344092374750e+00
1.342935969042277833e+01,-2.291732929116634310e+01,4.505387098333119011e-01,-1.305812963474774904e+02,1.917464833575359462e+00
1.344862706444060052e+01,-2.292063150636707647e+01,4.496754708540592338e-01,-1.305268627924135671e+02,1.913309963877646069e+00
1.346789443845842627e+01,-2.292369319300947339e+01,4.487670536010237021e-01,-1.304726670057571880e+02,1.909096662667292943e+00
1.348716181247624846e+01,-2.292651317773922059e+01,4.478133115693717636e-01,-1.304187183541938566e+02,1.904825962303384079e+00
1.350642918649407243e+01,-2.292909032386425494e+01,4.468141135002742237e-01,-1.303650248774609679e+02,1.900498937511563069e+00
1.352569656051189462e+01,-2.293142353132295241e+01,4.457693440804338381e-01,-1.303115933159715212e+02,1.896116635083362922e+00
1.354496393452971859e+01,-2.293351173461913461e+01,4.446789045843650423e-01,-1.302584294438599954e+02,1.891680015411675297e+00
1.356423130854754078e+01,-2.293535389924631218e+01,4.435427133429463709e-01,-1.302055386099576992e+02,1.887189922098843065e+00
1.358349868256536475e+01,-2.293694901757396920e+01,4.423607059704878774e-01,-1.301529263314530453e+02,1.882647087742629122e+00
1.360276605658318694e+01,-2.293829610533053298e+01,4.411328353510505229e-01,-1.301005987718540950e+02,1.878052173672853931e+00
1.362203343060101091e+01,-2.293939419964368298e+01,4.398590714529070911e-01,-1.300485629695477030e+02,1.873405831827353651e+00
1.364130080461883310e+01,-2.294024235914118393e+01,4.385394010874807402e-01,-1.299968267553776684e+02,1.868708770823458654e+00
1.366056817863665707e+01,-2.294083966600970470e+01,4.371738277419426333e-01,-1.299453983864079873e+02,1.863961807296393491e+00
1.367983555265447926e+01,-2.294118522933579740e+01,4.357623715890881488e-01,-1.298942860030951181e+02,1.859165887958445840e+00
1.369910292667230500e+01,-2.294127818868127733e+01,4.343050697217856193e-01,-1.298434970659207863e+02,1.854322076281457621e+00
1.371837030069012719e+01,-2.294111771678518252e+01,4.328019765889208892e-01,-1.297930379316858023e+02,1.849431507784587536e+00
1.373763767470795116e+01,-2.294070302055281374e+01,4.312531645463578700e-01,-1.297429136884674961e+02,1.844495326752074948e+00
1.375690504872577336e+01,-2.294003334000986527e+01,4.296587243985229843e-01,-1.296931282938532490e+02,1.839514622327004245e+00
1.377617242274359732e+01,-2.293910794551200993e+01,4.280187658052980182e-01,-1.296436849748521354e+02,1.834490381921495494e+00
1.379543979676141952e+01,-2.293792613402557024e+01,4.263334174649043851e-01,-1.295945867743398026e+02,1.829423474808039352e+00
1.381470717077924348e+01,-2.293648722557866293e+01,4.246028270459074605e-01,-1.295458370886380237e+02,1.824314670097988200e+00
1.383397454479706568e+01,-2.293479056093947932e+01,4.228271609115675789e-01,-1.294974400448989513e+02,1.819164683553849748e+00
1.385324191881488964e+01,-2.293283550122317749e+01,4.210066037370089331e-01,-1.294494006137519762e+02,1.813974239589961845e+00
1.387250929283271184e+01,-2.293062142956686600e+01,4.191413581468482197e-01,-1.294017244285331003e+02,1.808744130660036031e+00
1.389177666685053580e+01,-2.292814775440971786e+01,4.172316444903034216e-01,-1.293544173656300416e+02,1.803475257144623534e+00
1.391104404086835800e+01,-2.292541391345156754e+01,4.152777008253748514e-01,-1.293074850074688698e+02,1.798168636527423869e+00
1.393031141488618196e+01,-2.292241937717498601e+01,4.132797831171735603e-01,-1.292609321416853732e+02,1.792825379436520095e+00
1.394957878890400593e+01,-2.291916365095859831e+01,4.112381655874294273e-01,-1.292147624383718778e+02,1.787446639513537772e+00
1.396884616292182990e+01,-2.291564627523947095e+01,4.091531411030786547e-01,-1.291689783956936992e+02,1.782033551405931782e+00
1.398811353693965209e+01,-2.291186682377297146e+01,4.070250214757683560e-01,-1.291235815675611036e+02,1.776587174406079717e+00
1.400738091095747606e+01,-2.290782490061322463e+01,4.048541375662604302e-01,-1.290785730072717286e+02,1.771108457514101397e+00
1.402664828497529825e+01,-2.290352013682604948e+01,4.026408391410092324e-01,-1.290339538006315649e+02,1.765598235517251258e+00
1.404591565899312222e+01,-2.289895218803497912e+01,4.003854944971811936e-01,-1.289897255378820944e+02,1.760057256841644158e+00
1.406518303301094441e+01,-2.289412073366213107e+01,3.980884899362633345e-01,-1.289458905923136172e+02,1.754486234957601809e+00
1.408445040702876838e+01,-2.288902547823310485e+01,3.957502292065183114e-01,-1.289024521291259759e+02,1.748885908541299106e+00
1.410371778104659057e+01,-2.288366615451239383e+01,3.933711330389260685e-01,-1.288594138448841591e+02,1.743257093248127942e+00
1.412298515506441454e+01,-2.287804252770415658e+01,3.909516388686760102e-01,-1.288167795139621319e+02,1.737600710463654385e+00
1.414225252908223673e+01,-2.287215439964869645e+01,3.884922007745362782e-01,-1.287745524722306811e+02,1.731917785016906741e+00
1.416151990310006070e+01,-2.286600161195736192e+01,3.859932895992470026e-01,-1.287327351849151569e+02,1.726209412666605436e+00
1.418078727711788289e+01,-2.285958404735431415e+01,3.834553931559924744e-01,-1.286913290206430815e+02,1.720476706696667746e+00
1.420005465113570864e+01,-2.285290162903457301e+01,3.808790163962142428e-01,-1.286503342945750887e+02,1.714720738781976506e+00
1.421932202515353083e+01,-2.284595431844384805e+01,3.782646814213145303e-01,-1.286097505671134513e+02,1.708942490788966762e+00
1.423858939917135480e+01,-2.283874211235964324e+01,3.756129272629209481e-01,-1.285695771126720786e+02,1.703142830968037424e+00
1.425785677318917699e+01,-2.283126504036493643e+01,3.729243094208186671e-01,-1.285298134256355809e+02,1.697322521015943497e+00
1.427712414720700096e+01,-2.282352316369295053e+01,3.701993992152514124e-01,-1.284904596211009675e+02,1.691482251731152742e+00
1.429639152122482315e+01,-2.281551657601849925e+01,3.674387830610056915e-01,-1.284515166186987187e+02,1.685622696934918840e+00
1.431565889524264712e+01,-2.280724540619764795e+01,3.646430617895494164e-01,-1.284129860597898301e+02,1.679744570250735869e+00
1.433492626926046931e+01,-2.279870982238386645e+01,3.618128501269877173e-01,-1.283748699839242704e+02,1.673848668636954473e+00
1.435419364327829328e+01,-2.278991003654499181e+01,3.589487763852614033e-01,-1.283371703582139389e+02,1.667935890418030587e+00
1.437346101729611547e+01,-2.278084630829108548e+01,3.560514823568481368e-01,-1.282998885941544529e+02,1.662007222841736409e+00
1.439272839131393944e+01,-2.277151894713113123e+01,3.531216233392434067e-01,-1.282630251890868465e+02,1.656063702825722128e+00
1.441199576533176163e+01,-2.276192831274491013e+01,3.501598681735538232e-01,-1.282265795934239634e+02,1.650106362102862212e+00
1.443126313934958560e+01,-2.275207481344535054e+01,3.471668991741509447e-01,-1.281905503404037745e+02,1.644136172310638022e+00
1.445053051336740957e+01,-2.274195890354173955e+01,3.441434118554941302e-01,-1.281549354007933630e+02,1.638154005493292154e+00
1.446979788738523354e+01,-2.273158108063632810e+01,3.410901144193599355e-01,-1.281197326616731118e+02,1.632160621045118276e+00
1.448906526140305573e+01,-2.272094188390175518e+01,3.380077270337015771e-01,-1.280849403939633646e+02,1.626156682596374026e+00
1.450833263542087970e+01,-2.271004189408982299e+01,3.348969809931127140e-01,-1.280505575772739348e+02,1.620142799870024408e+00
1.452760000943870189e+01,-2.269888173550252830e+01,3.317586178829221022e-01,-1.280165839916495543e+02,1.614119583513213607e+00
1.454686738345652586e+01,-2.268746207956890615e+01,3.285933888649659740e-01,-1.279830200520879799e+02,1.608087697306446406e+00
1.456613475747434805e+01,-2.267578364918932365e+01,3.254020541641523545e-01,-1.279498664344811658e+02,1.602047892974209686e+00
1.458540213149217202e+01,-2.266384722277615893e+01,3.221853827729221909e-01,-1.279171236003026735e+02,1.596001017809092648e+00
1.460466950550999421e+01,-2.265165363700444701e+01,3.189441523237850351e-01,-1.278847913554499911e+02,1.589947993048396624e+00
1.462393687952781818e+01,-2.263920378766178132e+01,3.156791490283978874e-01,-1.278528685683786392e+02,1.583889769214211096e+00
1.464320425354564037e+01,-2.262649862854244631e+01,3.123911675602289439e-01,-1.278213531271142500e+02,1.577827271108442231e+00
1.466247162756346434e+01,-2.261353916890012883e+01,3.090810107731946643e-01,-1.277902421469166114e+02,1.571761348023766436e+00
1.468173900158128653e+01,-2.260032647038906006e+01,3.057494891959488537e-01,-1.277595323695190785e+02,1.565692743196178016e+00
1.470100637559911227e+01,-2.258686164456076639e+01,3.023974203068944266e-01,-1.277292206409766351e+02,1.559622091036317659e+00
1.472027374961693447e+01,-2.257314585180388988e+01,2.990256276587431317e-01,-1.276993043333699092e+02,1.553549942798835959e+00
1.473954112363475843e+01,-2.255918030217135950e+01,2.956349399649635945e-01,-1.276697815919522014e+02,1.547476813313992006e+00
1.475880849765258063e+01,-2.254496625796409504e+01,2.922261902706265735e-01,-1.276406513390511321e+02,1.541403235481930034e+00
1.477807587167040460e+01,-2.253050503740562860e+01,2.888002153042451559e-01,-1.276119130349884045e+02,1.535329807082873144e+00
1.479734324568822679e+01,-2.251579801840450656e+01,2.853578550527624547e-01,-1.275835662649256363e+02,1.529257216679020148e+00
1.481661061970604898e+01,-2.250084664136246104e+01,2.818999525353429458e-01,-1.275556102695042426e+02,1.523186241334180790e+00
1.483587799372387295e+01,-2.248565241025522354e+01,2.784273536925222503e-01,-1.275280435526628793e+02,1.517117716862587784e+00
1.485514536774169514e+01,-2.247021689171117842e+01,2.749409072734079196e-01,-1.275008636778164117e+02,1.511052489078413608e+00
1.487441274175951911e+01,-2.245454171239009256e+01,2.714414646046968693e-01,-1.274740673100495911e+02,1.504991359862452027e+00
1.489368011577734130e+01,-2.243862855545106427e+01,2.679298791610393304e-01,-1.274476504923170097e+02,1.498935043290933411e+00
1.491294748979516527e+01,-2.242247915714901652e+01,2.644070059160906760e-01,-1.274216090775510537e+02,1.492884144191098272e+00
1.493221486381298746e+01,-2.240609530454093701e+01,2.608737005194372571e-01,-1.273959391947110333e+02,1.486839165122593842e+00
1.495148223783081320e+01,-2.238947883493313995e+01,2.573308183971545482e-01,-1.273706376174905728e+02,1.480800539738500898e+00
1.497074961184863540e+01,-2.237263163716442094e+01,2.537792138972793099e-01,-1.273457019321943875e+02,1.474768683030251992e+00
1.499001698586645936e+01,-2.235555565425670821e+01,2.502197395892014620e-01,-1.273211304582706731e+02,1.468744044210024580e+00
1.500928435988428156e+01,-2.233825288654150754e+01,2.466532457814445967e-01,-1.272969219449879716e+02,1.462727147268916505e+00
1.502855173390210552e+01,-2.232072539421318069e+01,2.430805802590185194e-01,-1.272730751309683939e+02,1.456718607763555662e+00
1.504781910791992772e+01,-2.230297529841420712e+01,2.395025881780734334e-01,-1.272495882918849617e+02,1.450719121126119227e+00
1.506708648193775169e+01,-2.228500478037744514e+01,2.359201120110396288e-01,-1.272264589047409089e+02,1.444729425852069760e+00
1.508635385595557388e+01,-2.226681607870981949e+01,2.323339914227397773e-01,-1.272036835239648696e+02,1.438750252016756104e+00
1.510562122997339785e+01,-2.224841148543589853e+01,2.287450629810159342e-01,-1.271812579045128331e+02,1.432782269703545941e+00
1.512488860399122004e+01,-2.222979334176835309e+01,2.251541596570870163e-01,-1.271591773372718279e+02,1.426826051929793282e+00
1.514415597800904401e+01,-2.221096403463358016e+01,2.215621101359509793e-01,-1.271374371020717575e+02,1.420882062537749402e+00
1.516342335202686620e+01,-2.219192599473717209e+01,2.179697380160566800e-01,-1.271160329104702527e+02,1.414950672444207580e+00
1.518269072604469194e+01,-2.217268169647741516e+01,2.143778610129463136e-01,-1.270949612135178910e+02,1.409032199617918701e+00
1.520195810006251413e+01,-2.215323365944949430e+01,2.107872902829314166e-01,-1.270742192880473027e+02,1.403126961447201504e+00
1.522122547408033810e+01,-2.213358445079498082e+01,2.071988299499386843e-01,-1.270538050777829397e+02,1.397235324667432499e+00
1.524049284809816029e+01,-2.211373668738633214e+01,2.036132768611333133e-01,-1.270337168349689279e+02,1.391357738724359638e+00
1.525976022211598426e+01,-2.209369303687293851e+01,2.000314205321176153e-01,-1.270139526646211579e+02,1.385494743151236996e+00
1.527902759613380645e+01,-2.207345621694072335e+01,1.964540431894916117e-01,-1.269945101009777630e+02,1.379646946901874838e+00
1.529829497015163042e+01,-2.205302899265594974e+01,1.928819197932343521e-01,-1.269753858365025536e+02,1.373814985522511245e+00
1.531756234416945262e+01,-2.203241417231995669e+01,1.893158179309879785e-01,-1.269565756805246366e+02,1.367999468315981959e+00
1.533682971818727658e+01,-2.201161460269016956e+01,1.857564975181796030e-01,-1.269380747595317729e+02,1.362200930479333660e+00
1.535609709220509878e+01,-2.199063316459693951e+01,1.822047102992284395e-01,-1.269198779026974222e+02,1.356419803781955036e+00
1.537536446622292274e+01,-2.196947276985422448e+01,1.786611992078623312e-01,-1.269019801037728570e+02,1.350656414096954361e+00
1.539463184024074494e+01,-2.194813635996495904e+01,1.751266976898787631e-01,-1.268843769288626078e+02,1.344911006490925542e+00
1.541389921425856890e+01,-2.192662690657713753e+01,1.716019291063176910e-01,-1.268670647549461563e+02,1.339183790770395843e+00
1.543316658827639110e+01,-2.190494741311724525e+01,1.680876063145237687e-01,-1.268500407719700860e+02,1.333474994587962259e+00
1.545243396229421684e+01,-2.188310091667033319e+01,1.645844314752314408e-01,-1.268333027483342761e+02,1.327784909069688490e+00
1.547170133631203903e+01,-2.186109048909716890e+01,1.610930960702442738e-01,-1.268168486266526855e+02,1.322113914045313754e+00
1.549096871032986300e+01,-2.183891923660068457e+01,1.576142810564867824e-01,-1.268006760647816265e+02,1.316462475744417659e+00
1.551023608434768519e+01,-2.181659029741063094e+01,1.541486570456156446e-01,-1.267847820526377944e+02,1.310831117627296649e+00
1.552950345836550916e+01,-2.179410683780988123e+01,1.506968843948126024e-01,-1.267691627138635653e+02,1.305220372637510895e+00
1.554877083238333135e+01,-2.177147204721365981e+01,1.472596131248014306e-01,-1.267538133490118497e+02,1.299630730434978565e+00
1.556803820640115532e+01,-2.174868913328888809e+01,1.438374826365022841e-01,-1.267387287084414282e+02,1.294062594599069582e+00
1.558730558041897751e+01,-2.172576131808319744e+01,1.404311212614057502e-01,-1.267239034179394679e+02,1.288516261972260768e+00
1.560657295443680148e+01,-2.170269183582839290e+01,1.370411457338752137e-01,-1.267093324366968687e+02,1.282991930042231665e+00
1.562584032845462367e+01,-2.167948393258133066e+01,1.336681607003011307e-01,-1.266950114179803819e+02,1.277489730309021798e+00
1.564510770247244764e+01,-2.165614086731720178e+01,1.303127583724970062e-01,-1.266809368703446097e+02,1.272009778207719322e+00
1.566437507649026983e+01,-2.163266591365843894e+01,1.269755183931930154e-01,-1.266671060737457850e+02,1.266552225449701252e+00
1.568364245050809558e+01,-2.160906236123512869e+01,1.236570079218405199e-01,-1.266535167744516315e+02,1.261117299946022952e+00
1.570290982452591777e+01,-2.158533351578552484e+01,1.203577818868572513e-01,-1.266401667454634463e+02,1.255705321988269230e+00
1.572217719854374174e+01,-2.156148269748353030e+01,1.170783833045489913e-01,-1.266270533374360667e+02,1.250316692093033977e+00
1.574144457256156393e+01,-2.153751323751086133e+01,1.138193435486869604e-01,-1.266141731479061008e+02,1.244951853958842669e+00
1.576071194657938790e+01,-2.151342847341695474e+01,1.105811824730210252e-01,-1.266015219031733210e+02,1.239611243057236800e+00
1.577997932059721009e+01,-2.148923174417274495e+01,1.073644083362611662e-01,-1.265890945868815294e+02,1.234295235473584107e+00
1.579924669461503406e+01,-2.146492638591800173e+01,1.041695175411844754e-01,-1.265768857792913167e+02,1.229004111561542656e+00
1.581851406863285625e+01,-2.144051572919800819e+01,1.009969942580155738e-01,-1.265648901113117262e+02,1.223738044786120360e+00
1.583778144265068022e+01,-2.141600309804554669e+01,9.784731003962758578e-02,-1.265531027045911259e+02,1.218497118986658023e+00
1.585704881666850241e+01,-2.139139181071995566e+01,9.472092354132749525e-02,-1.265415194727302293e+02,1.213281369217101391e+00
1.587631619068632638e+01,-2.136668518142775852e+01,9.161828042964177687e-02,-1.265301371979629863e+02,1.208090834609862219e+00
1.589558356470414857e+01,-2.134188652206502823e+01,8.853981351084405649e-02,-1.265189533613621649e+02,1.202925608271991242e+00
1.591485093872197254e+01,-2.131699914302400956e+01,8.548594304731220450e-02,-1.265079657746905895e+02,1.197785870042609391e+00
1.593411831273979651e+01,-2.129202635239407115e+01,8.245707717652406288e-02,-1.264971721185179234e+02,1.192671892793187860e+00
1.595338568675762048e+01,-2.126697145337465500e+01,7.945361231972997151e-02,-1.264865695180615006e+02,1.187584020464798051e+00
1.597265306077544267e+01,-2.124183774025873461e+01,7.647593347302744649e-02,-1.264761542776946186e+02,1.182522624076563611e+00
1.599192043479326664e+01,-2.121662849377944227e+01,7.352441431126156834e-02,-1.264659218501137872e+02,1.177488048221341232e+00
1.601118780881108705e+01,-2.119134697680985013e+01,7.059941709329153881e-02,-1.264558670494879351e+02,1.172480563297012335e+00
1.603045518282891280e+01,-2.116599643130812680e+01,6.770129241867232917e-02,-1.264459844484436104e+02,1.167500337119661502e+00
1.604972255684673499e+01,-2.114058007703794217e+01,6.483037893207918567e-02,-1.264362688462401962e+02,1.162547434073633479e+00
1.606898993086456073e+01,-2.111510111207319440e+01,6.198700308933761949e-02,-1.264267156749410077e+02,1.157621842126582035e+00
1.608825730488238293e+01,-2.108956271457504172e+01,5.917147908230160902e-02,-1.264173212277331544e+02,1.152723520097668430e+00
1.610752467890020512e+01,-2.106396804496040076e+01,5.638410897430248120e-02,-1.264080826439465710e+02,1.147852451775876581e+00
1.612679205291802731e+01,-2.103832024747613261e+01,5.362518303673146497e-02,-1.263989976545074825e+02,1.143008691498888396e+00
1.614605942693585305e+01,-2.101262245038193655e+01,5.089498021919681980e-02,-1.263900641598597048e+02,1.138192388198067562e+00
1.616532680095367525e+01,-2.098687776437134644e+01,4.819376864743902394e-02,-1.263812797603312532e+02,1.133403781020634771e+00
1.618459417497149744e+01,-2.096108927939646094e+01,4.552180603666944325e-02,-1.263726413727940070e+02,1.128643167726014029e+00
1.620386154898931963e+01,-2.093526006054844046e+01,4.287933993468540095e-02,-1.263641450432083815e+02,1.123910854819799132e+00
1.622312892300714537e+01,-2.090939314393751047e+01,4.026660776133594161e-02,-1.263557860090784146e+02,1.119207103621387533e+00
1.624239629702496757e+01,-2.088349153352588417e+01,3.768383667291330674e-02,-1.263475589947073985e+02,1.114532087661044057e+00
1.626166367104278976e+01,-2.085755819959280188e+01,3.513124333337278027e-02,-1.263394586556768360e+02,1.109885873614698593e+00
1.628093104506061195e+01,-2.083159607903444055e+01,3.260903370304524956e-02,-1.263314800461396459e+02,1.105268431305064025e+00
1.630019841907843769e+01,-2.080560807716475580e+01,3.011740295119216121e-02,-1.263236189756139964e+02,1.100679670019471423e+00
1.631946579309625989e+01,-2.077959707024710312e+01,2.765653556262482118e-02,-1.263158721530854933e+02,1.096119490874595037e+00
1.633873316711408563e+01,-2.075356590777975896e+01,2.522660565150274328e-02,-1.263082370766114622e+02,1.091587840345024318e+00
1.635800054113190782e+01,-2.072751741364387357e+01,2.282777743439278612e-02,-1.263007116991410754e+02,1.087084749693160157e+00
1.637726791514973002e+01,-2.070145438557270623e+01,2.046020576790363518e-02,-1.262932939652455815e+02,1.082610349014731410e+00
1.639653528916755221e+01,-2.067537959291299998e+01,1.812403663763686654e-02,-1.262859813506040751e+02,1.078164851825979875e+00
1.641580266318537795e+01,-2.064929577316913623e+01,1.581940750038711777e-02,-1.262787705357127805e+02,1.073748514516766228e+00
1.643507003720320014e+01,-2.062320562819362380e+01,1.354644742581940890e-02,-1.262716573073676471e+02,1.069361582184375603e+00
1.645433741122102234e+01,-2.059711182100269866e+01,1.130527704415638587e-02,-1.262646367167123884e+02,1.065004236288770612e+00
1.647360478523884453e+01,-2.057101697401835239e+01,9.096008364619432782e-03,-1.262577034494439516e+02,1.060676559099235750e+00
1.649287215925667027e+01,-2.054492366912203494e+01,6.918744568172946301e-03,-1.262508523030018779e+02,1.056378525153547354e+00
1.651213953327449246e+01,-2.051883444937391943e+01,4.773579885927967288e-03,-1.262440786346383987e+02,1.052110022264868938e+00
1.653140690729231821e+01,-2.049275182176432608e+01,2.660599649134396880e-03,-1.262373786521235814e+02,1.047870896173622279e+00
1.655067428131014040e+01,-2.046667826006553881e+01,5.798805454971585772e-04,-1.262307494633874256e+02,1.043661006160580884e+00
1.656994165532796259e+01,-2.044061620683184088e+01,-1.468508944926109677e-03,-1.262241888700373380e+02,1.039480275758643435e+00
1.658920902934578478e+01,-2.041456807385913308e+01,-3.484508014635209587e-03,-1.262176949628817368e+02,1.035328724046530979e+00
1.660847640336361053e+01,-2.038853624088456939e+01,-5.468063004367008061e-03,-1.262112656344162502e+02,1.031206468509971108e+00
1.662774377738143272e+01,-2.036252305284014597e+01,-7.419126996366379005e-03,-1.262048981473785858e+02,1.027113698555864429e+00
1.664701115139925491e+01,-2.033653081641433502e+01,-9.337659597071782530e-03,-1.261985888829277229e+02,1.023050627155237757e+00
1.666627852541707711e+01,-2.031056179689023722e+01,-1.122362692467730044e-02,-1.261923333410543506e+02,1.019017434372817554e+00
1.668554589943490285e+01,-2.028461821615359639e+01,-1.307700175605660924e-02,-1.261861263939259601e+02,1.015014218910427868e+00
1.670481327345272504e+01,-2.025870225242255174e+01,-1.489776374030360798e-02,-1.261799627204980112e+02,1.011040971555424717e+00
1.672408064747054723e+01,-2.023281604174405501e+01,-1.668589956650660955e-02,-1.261738372985859513e+02,1.007097578205903510e+00
1.674334802148836943e+01,-2.020696168078172761e+01,-1.844140298746832149e-02,-1.261677458136926901e+02,1.003183851705093721e+00
1.676261539550619517e+01,-2.018114123004151494e+01,-2.016427464441530523e-02,-1.261616848672039026e+02,9.992995834652569354e-01
1.678188276952401736e+01,-2.015535671655731775e+01,-2.185452169763151334e-02,-1.261556519235879108e+02,9.954446001601109373e-01
1.680115014354184311e+01,-2.012961013522682663e+01,-2.351215732628113286e-02,-1.261496450107690208e+02,9.916188092579617530e-01
1.682041751755966530e+01,-2.010390344839702692e+01,-2.513720020029162547e-02,-1.261436622586019070e+02,9.878222203034229265e-01
1.683968489157748749e+01,-2.007823858382755589e+01,-2.672967403592388380e-02,-1.261377014070724414e+02,9.840549357538950215e-01
1.685895226559530968e+01,-2.005261743165048571e+01,-2.828960732227663380e-02,-1.261317594250159431e+02,9.803171138755679692e-01
1.687821963961313543e+01,-2.002704184125041209e+01,-2.981703325542834487e-02,-1.261258323490073820e+02,9.766089142177865057e-01
1.689748701363095762e+01,-2.000151361901825453e+01,-3.131198985551649633e-02,-1.261199153894060743e+02,9.729304412153572112e-01
1.691675438764877981e+01,-1.997603452767646459e+01,-3.277452018795984356e-02,-1.261140032741587760e+02,9.692817020630206670e-01
1.693602176166660200e+01,-1.995060628740941411e+01,-3.420467257956728152e-02,-1.261080907327114886e+02,9.656625909762915905e-01
1.695528913568442775e+01,-1.992523057849818358e+01,-3.560250072231518209e-02,-1.261021729818452997e+02,9.620729044342686276e-01
1.697455650970224994e+01,-1.989990904471423150e+01,-3.696806359183889279e-02,-1.260962460741756814e+02,9.585123831331894273e-01
1.699382388372007213e+01,-1.987464329650380179e+01,-3.830142516351787291e-02,-1.260903070089126885e+02,9.549807687019600255e-01
1.701309125773789432e+01,-1.984943491306116314e+01,-3.960265397029044676e-02,-1.260843535722968767e+02,9.514778589496697414e-01
1.703235863175572007e+01,-1.982428544272430671e+01,-4.087182259419693681e-02,-1.260783839525644652e+02,9.480035457733809734e-01
1.705162600577354226e+01,-1.979919640163128491e+01,-4.210900720427247085e-02,-1.260723962391716526e+02,9.445578247681406525e-01
1.707089337979136801e+01,-1.977416927109864275e+01,-4.331428724024702359e-02,-1.260663879496556063e+02,9.411407736588339734e-01
1.709016075380919020e+01,-1.974920549456864904e+01,-4.448774529876445283e-02,-1.260603557201456937e+02,9.377525056095588063e-01
1.710942812782701239e+01,-1.972430647510473278e+01,-4.562946721905863923e-02,-1.260542952491167199e+02,9.343931107000997827e-01
1.712869550184483458e+01,-1.969947357425440515e+01,-4.673954230615166849e-02,-1.260482015116534029e+02,9.310626023082254621e-01
1.714796287586266033e+01,-1.967470811269369335e+01,-4.781806358923281625e-02,-1.260420691839256762e+02,9.277608837956489163e-01
1.716723024988048252e+01,-1.965001137253799257e+01,-4.886512800302508785e-02,-1.260358931569890473e+02,9.244877451291130255e-01
1.718649762389830471e+01,-1.962538460070865298e+01,-4.988083640360635451e-02,-1.260296689928949121e+02,9.212428905124347978e-01
1.720576499791613045e+01,-1.960082901243112019e+01,-5.086529338025243263e-02,-1.260233931920729589e+02,9.180259892048955317e-01
1.722503237193395265e+01,-1.957634579390261109e+01,-5.181860688656692721e-02,-1.260170631946260613e+02,9.148367350110118146e-01
1.724429974595177484e+01,-1.955193610341644117e+01,-5.274088776885154511e-02,-1.260106771143019415e+02,9.116748973782051735e-01
1.726356711996959703e+01,-1.952760107069297035e+01,-5.363224930127145906e-02,-1.260042332806940095e+02,9.085403493818092757e-01
1.728283449398741922e+01,-1.950334179470403129e+01,-5.449280683609065978e-02,-1.259977297206156805e+02,9.054330644583660215e-01
1.730210186800524497e+01,-1.947915934073035160e+01,-5.532267764376624236e-02,-1.259911637275873062e+02,9.023530826939007987e-01
1.732136924202306716e+01,-1.945505473762247917e+01,-5.612198096175961132e-02,-1.259845316436516924e+02,8.993004562232067567e-01
1.734063661604088935e+01,-1.943102897617761471e+01,-5.689083820926739421e-02,-1.259778289172314061e+02,8.962751893348158694e-01
1.735990399005871154e+01,-1.940708300921349760e+01,-5.762937327621751871e-02,-1.259710504216930502e+02,8.932771904586181977e-01
1.737917136407653729e+01,-1.938321775341501763e+01,-5.833771277327071125e-02,-1.259641909443298431e+02,8.903062498666517444e-01
1.739843873809435948e+01,-1.935943409250072378e+01,-5.901598614182208824e-02,-1.259572457061612312e+02,8.873620495834457778e-01
1.741770611211218167e+01,-1.933573288086223485e+01,-5.966432556542976967e-02,-1.259502107635668011e+02,8.844442027718866228e-01
1.743697348613000386e+01,-1.931211494668817252e+01,-6.028286568408113694e-02,-1.259430831761751932e+02,8.815523113796333021e-01
1.745624086014782961e+01,-1.928858109373749841e+01,-6.087174317233212673e-02,-1.259358608921947251e+02,8.786860255416567567e-01
1.747550823416565180e+01,-1.926513210133071752e+01,-6.143109628384001847e-02,-1.259285423834282795e+02,8.758450876707992716e-01
1.749477560818347399e+01,-1.924176872265981331e+01,-6.196106447563835828e-02,-1.259211261342974666e+02,8.730293485109456020e-01
1.751404298220129618e+01,-1.921849168202090041e+01,-6.246178820256723802e-02,-1.259136101315431091e+02,8.702387504454139888e-01
1.753331035621912548e+01,-1.919530167189699199e+01,-6.293340892216078841e-02,-1.259059915015792654e+02,8.674732827536599800e-01
1.755257773023694767e+01,-1.917219935086455607e+01,-6.337606928817771101e-02,-1.258982664005173575e+02,8.647329215930966706e-01
1.757184510425476986e+01,-1.914918534305309450e+01,-6.378991345512800837e-02,-1.258904301895650661e+02,8.620175719202004538e-01
1.759111247827259206e+01,-1.912626023942410214e+01,-6.417508738359924136e-02,-1.258824778465272374e+02,8.593270280662128613e-01
1.761037985229041780e+01,-1.910342460059226610e+01,-6.453173903634241981e-02,-1.258744044960437378e+02,8.566609643731954993e-01
1.762964722630823999e+01,-1.908067896045063350e+01,-6.486001838825963817e-02,-1.258662059066366083e+02,8.540189586853119685e-01
1.764891460032606219e+01,-1.905802382961985941e+01,-6.516007722951218384e-02,-1.258578788116828804e+02,8.514005420441835836e-01
1.766818197434388438e+01,-1.903545969779241531e+01,-6.543206880345620036e-02,-1.258494209616412007e+02,8.488052603724037803e-01
1.768744934836171012e+01,-1.901298703437160853e+01,-6.567614737112534296e-02,-1.258408308919336918e+02,8.462327304317878163e-01
1.770671672237953231e+01,-1.899060628731363565e+01,-6.589246781673821496e-02,-1.258321074727138722e+02,8.436826739347831339e-01
1.772598409639735451e+01,-1.896831788061776436e+01,-6.608118539720037043e-02,-1.258232493697791625e+02,8.411549199281150857e-01
1.774525147041517670e+01,-1.894612221131448138e+01,-6.624245569634937270e-02,-1.258142545718924765e+02,8.386493746748979738e-01
1.776451884443300244e+01,-1.892401964695292449e+01,-6.637643478412123821e-02,-1.258051201211469987e+02,8.361659676214754366e-01
1.778378621845082463e+01,-1.890201052444111340e+01,-6.648327952018066866e-02,-1.257958421249598331e+02,8.337045889526792930e-01
1.780305359246864683e+01,-1.888009515068946342e+01,-6.656314789874281934e-02,-1.257864160474045576e+02,8.312650367138091356e-01
1.782232096648646902e+01,-1.885827380496963812e+01,-6.661619931942945605e-02,-1.257768371971041432e+02,8.288469887812295323e-01
1.784158834050429476e+01,-1.883654674238728788e+01,-6.664259469138478220e-02,-1.257671012719949459e+02,8.264500078551574314e-01
1.786085571452211695e+01,-1.881491419753274741e+01,-6.664249632806670820e-02,-1.257572048044220736e+02,8.240735781603414356e-01
1.788012308853993915e+01,-1.879337638731840343e+01,-6.661606765315396250e-02,-1.257471453782328439e+02,8.217171633991827706e-01
1.789939046255776134e+01,-1.877193351225198725e+01,-6.656347279505282766e-02,-1.257369215548297490e+02,8.193802693439669049e-01
1.791865783657558708e+01,-1.875058575586079357e+01,-6.648487618142417954e-02,-1.257265325288219771e+02,8.170624930662838681e-01
1.793792521059340928e+01,-1.872933328253363428e+01,-6.638044224589109699e-02,-1.257159776119067516e+02,8.147635445983744118e-01
1.795719258461123147e+01,-1.870817623452051137e+01,-6.625033532626196930e-02,-1.257052556934088585e+02,8.124832347246269126e-01
1.797645995862905366e+01,-1.868711472908299598e+01,-6.609471977702327528e-02,-1.256943648330654781e+02,8.102214323451293332e-01
1.799572733264687940e+01,-1.866614885674518831e+01,-6.591376025527741211e-02,-1.256833021039712008e+02,8.079780036333406024e-01
1.801499470666470160e+01,-1.864527868126751997e+01,-6.570762208782690572e-02,-1.256720637318287714e+02,8.057527504926019768e-01
1.803426208068252734e+01,-1.862450424145199790e+01,-6.547647160307105973e-02,-1.256606454913674753e+02,8.035453660682181365e-01
1.805352945470034953e+01,-1.860382555433938734e+01,-6.522047632208267942e-02,-1.256490432465416660e+02,8.013554202053372322e-01
1.807279682871817528e+01,-1.858324261894152585e+01,-6.493980494550123661e-02,-1.256372534793484164e+02,7.991823791453177561e-01
1.809206420273599747e+01,-1.856275541948944863e+01,-6.463462713419763916e-02,-1.256252736549542277e+02,7.970256538925845069e-01
1.811133157675381966e+01,-1.854236392731995764e+01,-6.430511314371085974e-02,-1.256131023176122170e+02,7.948846634009648637e-01
1.813059895077164185e+01,-1.852206810092785005e+01,-6.395143341675919857e-02,-1.256007388892148953e+02,7.927588944178963759e-01
1.814986632478946760e+01,-1.850186788425797957e+01,-6.357375825126812541e-02,-1.255881832280224586e+02,7.906479407423867567e-01
1.816913369880728979e+01,-1.848176320383744198e+01,-6.317225763948849937e-02,-1.255754350744280856e+02,7.885515105475724429e-01
1.818840107282511198e+01,-1.846175396569615046e+01,-6.274710132319144540e-02,-1.255624935435157994e+02,7.864693996031000278e-01
1.820766844684293417e+01,-1.844184005308953544e+01,-6.229845904586436139e-02,-1.255493568110563132e+02,7.844014380641926021e-01
1.822693582086075992e+01,-1.842202132579966545e+01,-6.182650092418751075e-02,-1.255360220841371444e+02,7.823474261385000572e-01
1.824620319487858211e+01,-1.840229762132090130e+01,-6.133139782555214331e-02,-1.255224858657285125e+02,7.803070771878649614e-01
1.826547056889640430e+01,-1.838266875767356012e+01,-6.081332163662152290e-02,-1.255087444377046353e+02,7.782799847226264944e-01
1.828473794291422649e+01,-1.836313453710123511e+01,-6.027244534051652558e-02,-1.254947944236220536e+02,7.762656228928326296e-01
1.830400531693205224e+01,-1.834369474964127278e+01,-5.970894287751644935e-02,-1.254806332691998847e+02,7.742633804387375474e-01
1.832327269094987443e+01,-1.832434917559272947e+01,-5.912298882911539571e-02,-1.254662595018037763e+02,7.722726184075463518e-01
1.834254006496769662e+01,-1.830509758623317751e+01,-5.851475801846958008e-02,-1.254516726936783328e+02,7.702927350619077629e-01
1.836180743898551881e+01,-1.828593974265708155e+01,-5.788442514587934656e-02,-1.254368731389914871e+02,7.683232192918504344e-01
1.838107481300334456e+01,-1.826687539316986175e+01,-5.723216456797744489e-02,-1.254218613373639215e+02,7.663636771176357554e-01
1.840034218702116675e+01,-1.824790427010452376e+01,-5.655815028701020875e-02,-1.254066374325978899e+02,7.644138236022695043e-01
1.841960956103898894e+01,-1.822902608710292327e+01,-5.586255615414684877e-02,-1.253912007685636212e+02,7.624734424569040714e-01
1.843887693505681113e+01,-1.821024053776777762e+01,-5.514555622712485200e-02,-1.253755496907363778e+02,7.605423249484032366e-01
1.845814430907463688e+01,-1.819154729618437116e+01,-5.440732517637594107e-02,-1.253596816512715719e+02,7.586202057138229371e-01
1.847741168309245907e+01,-1.817294601925364717e+01,-5.364803861928061496e-02,-1.253435935880543894e+02,7.567067140148352467e-01
1.849667905711028126e+01,-1.815443635023656199e+01,-5.286787328351666426e-02,-1.253272824690635474e+02,7.548013545484125730e-01
1.851594643112810346e+01,-1.813601792254615575e+01,-5.206700695151263159e-02,-1.253107458454831971e+02,7.529035234315049063e-01
1.853521380514593275e+01,-1.811769036274685263e+01,-5.124561820348343122e-02,-1.252939822541724624e+02,7.510125548411905605e-01
1.855448117916375494e+01,-1.809945329195481989e+01,-5.040388603702713327e-02,-1.252769913532692527e+02,7.491277849399163857e-01
1.857374855318157714e+01,-1.808130632530892612e+01,-4.954198947852701124e-02,-1.252597737514861791e+02,7.472486147060577455e-01
1.859301592719939933e+01,-1.806324906975802591e+01,-4.866010730464601086e-02,-1.252423305799546682e+02,7.453745535760424312e-01
1.861228330121722507e+01,-1.804528112091461267e+01,-4.775841795973898019e-02,-1.252246629298072520e+02,7.435052313119967504e-01
1.863155067523504727e+01,-1.802740206000674661e+01,-4.683709969691625397e-02,-1.252067713175873251e+02,7.416403746558286603e-01
1.865081804925286946e+01,-1.800961145193419455e+01,-4.589633090380149799e-02,-1.251886553327659470e+02,7.397797554820783050e-01
1.867008542327069165e+01,-1.799190884510830557e+01,-4.493629051889640874e-02,-1.251703135693223174e+02,7.379231253898131948e-01
1.868935279728851739e+01,-1.797429377322418631e+01,-4.395715841714357974e-02,-1.251517438615512816e+02,7.360701556027782200e-01
1.870862017130633959e+01,-1.795676575853720891e+01,-4.295911565225976614e-02,-1.251329437565551217e+02,7.342203995383241866e-01
1.872788754532416178e+01,-1.793932431576500619e+01,-4.194234448595000886e-02,-1.251139110875487148e+02,7.323732888880351011e-01
1.874715491934198397e+01,-1.792196895554702962e+01,-4.090702819776786958e-02,-1.250946444828926332e+02,7.305281644002535879e-01
1.876642229335980971e+01,-1.790469918652275894e+01,-3.985335073495142183e-02,-1.250751436641468928e+02,7.286843325483514100e-01
1.878568966737763191e+01,-1.788751451550038496e+01,-3.878149630974815631e-02,-1.250554094471593061e+02,7.268411317956934292e-01
1.880495704139545410e+01,-1.787041444575737259e+01,-3.769164906784167740e-02,-1.250354434457853046e+02,7.249979893885821758e-01
1.882422441541327629e+01,-1.785339847407350433e+01,-3.658399293071422365e-02,-1.250152475636005960e+02,7.231544523283666148e-01
1.884349178943110203e+01,-1.783646608747866580e+01,-3.545871166317247219e-02,-1.249948234201573172e+02,7.213101836122108867e-01
1.886275916344892423e+01,-1.781961676078684675e+01,-3.431598915017387147e-02,-1.249741718772811083e+02,7.194649248446209899e-01
1.888202653746674642e+01,-1.780284995575701856e+01,-3.315600980449053686e-02,-1.249532928021238973e+02,7.176184360210194901e-01
1.890129391148456861e+01,-1.778616512223877777e+01,-3.197895898739492454e-02,-1.249321851354624044e+02,7.157704298724596459e-01
1.892056128550239436e+01,-1.776956170106929633e+01,-3.078502332026420568e-02,-1.249108472457297552e+02,7.139205197359252963e-01
1.893982865952021655e+01,-1.775303912796425010e+01,-2.957439079719831679e-02,-1.248892774668569103e+02,7.120681960212684736e-01
1.895909603353803874e+01,-1.773659683734660319e+01,-2.834725066790635614e-02,-1.248674746649564469e+02,7.102128381042807082e-01
1.897836340755586093e+01,-1.772023426507253774e+01,-2.710379312868495955e-02,-1.248454386705158043e+02,7.083537582610134331e-01
1.899763078157369023e+01,-1.770395084934066787e+01,-2.584420891678126594e-02,-1.248231704515143434e+02,7.064902650174634813e-01
1.901689815559151242e+01,-1.768774602961211784e+01,-2.456868893262810147e-02,-1.248006719775750497e+02,7.046217276880186731e-01
1.903616552960933461e+01,-1.767161924396357975e+01,-2.327742400647950932e-02,-1.247779458143579774e+02,7.027476235328090626e-01
1.905543290362715680e+01,-1.765556992576650686e+01,-2.197060488321322252e-02,-1.247549945651866068e+02,7.008675539775344188e-01
1.907470027764498255e+01,-1.763959750079071753e+01,-2.064842243400415514e-02,-1.247318203209307939e+02,6.989812252623662792e-01
1.909396765166280474e+01,-1.762370138570878808e+01,-1.931106803573714656e-02,-1.247084242767531492e+02,6.970883991438850957e-01
1.911323502568062693e+01,-1.760788098856297879e+01,-1.795873400856949978e-02,-1.246848066261744208e+02,6.951888279069673438e-01
1.913250239969844912e+01,-1.759213571117268060e+01,-1.659161398418741371e-02,-1.246609667629312668e+02,6.932821924633590926e-01
1.915176977371627487e+01,-1.757646495288086541e+01,-1.520990309743296826e-02,-1.246369037323523088e+02,6.913680614186882289e-01
1.917103714773409706e+01,-1.756086811463630681e+01,-1.381379794630605180e-02,-1.246126168020604865e+02,6.894458829394634058e-01
1.919030452175191925e+01,-1.754534460230485138e+01,-1.240349633419209063e-02,-1.245881059874508452e+02,6.875150117920626469e-01
1.920957189576974145e+01,-1.752989382833030518e+01,-1.097919687329044353e-02,-1.245633723804894686e+02,6.855747637852631637e-01
1.922883926978756719e+01,-1.751451521135586731e+01,-9.541098569758347733e-03,-1.245384181871481672e+02,6.836244819517953708e-01
1.924810664380538938e+01,-1.749920817402648865e+01,-8.089400516956652895e-03,-1.245132464628300539e+02,6.816635954291486721e-01
1.926737401782321157e+01,-1.748397213973715836e+01,-6.624301791087579099e-03,-1.244878606222037689e+02,6.796916541170860970e-01
1.928664139184103377e+01,-1.746880652941144163e+01,-5.146001583305468904e-03,-1.244622638648302342e+02,6.777083291842018742e-01
1.930590876585885951e+01,-1.745371075938977157e+01,-3.654699531557241768e-03,-1.244364586821186407e+02,6.757133793474612293e-01
1.932517613987668170e+01,-1.743868424118045368e+01,-2.150596155435059199e-03,-1.244104465875661987e+02,6.737065927136076660e-01
1.934444351389450389e+01,-1.742372638327250911e+01,-6.338932659060727247e-04,-1.243842281477584919e+02,6.716877210063962877e-01
1.936371088791232609e+01,-1.740883659459499100e+01,8.952057713561333094e-04,-1.243578033048599565e+02,6.696564251839217663e-01
1.938297826193015183e+01,-1.739401428871347477e+01,2.436495997288391953e-03,-1.243311718973215960e+02,6.676122481523112384e-01
1.940224563594797402e+01,-1.737925888763144044e+01,3.989771056987303360e-03,-1.243043342284797035e+02,6.655546224605489725e-01
1.942151300996579621e+01,-1.736456982417799111e+01,5.554823574780083303e-03,-1.242772915190356144e+02,6.634829107739845799e-01
1.944078038398361841e+01,-1.734994654238232670e+01,7.131445594998593943e-03,-1.242500461130011757e+02,6.613964674801628973e-01
1.946004775800144415e+01,-1.733538849583529284e+01,8.719428956846715997e-03,-1.242226013778449811e+02,6.592947037018873635e-01
1.947931513201926634e+01,-1.732089514463995883e+01,1.031856549113166488e-02,-1.241949613277319457e+02,6.571771370278362001e-01
1.949858250603708854e+01,-1.730646595197794468e+01,1.192864697976794668e-02,-1.241671300784868350e+02,6.550434116932575268e-01
1.951784988005491428e+01,-1.729210038143715877e+01,1.354946488981942886e-02,-1.241391112912553893e+02,6.528932834707886768e-01
1.953711725407274002e+01,-1.727779789602364602e+01,1.518080996164580809e-02,-1.241109077649033310e+02,6.507265737019676255e-01
1.955638462809056222e+01,-1.726355795928095560e+01,1.682247177489220452e-02,-1.240825212941624756e+02,6.485431057812948152e-01
1.957565200210838441e+01,-1.724938003831156408e+01,1.847423842353208140e-02,-1.240539528338633346e+02,6.463426424413862836e-01
1.959491937612620660e+01,-1.723526360792593692e+01,2.013589639935287057e-02,-1.240252029214066312e+02,6.441248419348767351e-01
1.961418675014403235e+01,-1.722120815480385758e+01,2.180723072173809327e-02,-1.239962722353249802e+02,6.418892457464565604e-01
1.963345412416185454e+01,-1.720721318054444993e+01,2.348802527839555926e-02,-1.239671621287397869e+02,6.396353013754993988e-01
1.965272149817967673e+01,-1.719327820280825492e+01,2.517806327884450357e-02,-1.239378749839318772e+02,6.373624136287272535e-01
1.967198887219749892e+01,-1.717940275432157549e+01,2.687712768862501878e-02,-1.239084142859179423e+02,6.350700096627058810e-01
1.969125624621532467e+01,-1.716558638015069249e+01,2.858500151777013457e-02,-1.238787843939287967e+02,6.327575990763751879e-01
1.971052362023314686e+01,-1.715182863417199854e+01,3.030146788043482087e-02,-1.238489900766488034e+02,6.304248118025504999e-01
1.972979099425096905e+01,-1.713812907590769541e+01,3.202630981097739221e-02,-1.238190359449562123e+02,6.280714029588150282e-01
1.974905836826879124e+01,-1.712448726879174998e+01,3.375930989486394113e-02,-1.237889259451954018e+02,6.256972233386940418e-01
1.976832574228661343e+01,-1.711090278050681945e+01,3.550024982873016544e-02,-1.237586630583553671e+02,6.233021641085676467e-01
1.978759311630443918e+01,-1.709737518541561840e+01,3.724891004596869726e-02,-1.237282492910918705e+02,6.208860916806533403e-01
1.980686049032226137e+01,-1.708390406848329590e+01,3.900506952552873496e-02,-1.236976859604773580e+02,6.184487915328442664e-01
1.982612786434008356e+01,-1.707048902963770232e+01,4.076850584777399339e-02,-1.236669741899049910e+02,6.159899371454381489e-01
1.984539523835790575e+01,-1.705712968737774915e+01,4.253899548794252278e-02,-1.236361154729857361e+02,6.135090929793924897e-01
1.986466261237573150e+01,-1.704382568065830128e+01,4.431631426713671107e-02,-1.236051121429422182e+02,6.110057506214247036e-01
1.988392998639355369e+01,-1.703057666858967778e+01,4.610023783358595251e-02,-1.235739676124070883e+02,6.084793876888712205e-01
1.990319736041137588e+01,-1.701738232813907459e+01,4.789054203778384672e-02,-1.235426863147234400e+02,6.059295325621586459e-01
1.992246473442919807e+01,-1.700424235061846545e+01,4.968700309645270041e-02,-1.235112733637229638e+02,6.033558163651404627e-01
1.994173210844702382e+01,-1.699115643810732834e+01,5.148939750342501620e-02,-1.234797340297983368e+02,6.007579973081751401e-01
1.996099948246484601e+01,-1.697812430098182901e+01,5.329750172127922792e-02,-1.234480731826705409e+02,5.981359504724216292e-01
1.998026685648266820e+01,-1.696514565739461844e+01,5.511109175366987051e-02,-1.234162948605320906e+02,5.954896260495062821e-01
1.999953423050049039e+01,-1.695222023496770092e+01,5.692994273472215538e-02,-1.233844020886569552e+02,5.928189881002008388e-01
2.001880160451831969e+01,-1.693934777429884520e+01,5.875382866779087915e-02,-1.233523969987188735e+02,5.901239514632801164e-01
2.003806897853614188e+01,-1.692652803333526990e+01,6.058252240214737766e-02,-1.233202812136536153e+02,5.874043349409896475e-01
2.005733635255396408e+01,-1.691376079140261979e+01,6.241579586580652678e-02,-1.232880563867655468e+02,5.846598441798639412e-01
2.007660372657178627e+01,-1.690104585177216379e+01,6.425342049657743748e-02,-1.232557247397403586e+02,5.818900891169511702e-01
2.009587110058961201e+01,-1.688838304207828500e+01,6.609516775421904466e-02,-1.232232894448552400e+02,5.790946309331562736e-01
2.011513847460743420e+01,-1.687577221253512150e+01,6.794080957214736205e-02,-1.231907547416954998e+02,5.762730449995695503e-01
2.013440584862525640e+01,-1.686321323255589633e+01,6.979011862488546103e-02,-1.231581257550827075e+02,5.734249817428803686e-01
2.015367322264307859e+01,-1.685070598685619458e+01,7.164286834225670753e-02,-1.231254080666900705e+02,5.705502079918061131e-01
2.017294059666090433e+01,-1.683825037227820332e+01,7.349883267704584999e-02,-1.230926071633371777e+02,5.676486170028214318e-01
2.019220797067872653e+01,-1.682584629636070161e+01,7.535778570688479727e-02,-1.230597279200274414e+02,5.647202043704442342e-01
2.021147534469654872e+01,-1.681349367815873208e+01,7.721950120136471252e-02,-1.230267742654558418e+02,5.617650168128924815e-01
2.023074271871437091e+01,-1.680119245114391546e+01,7.908375229669141471e-02,-1.229937491250581303e+02,5.587830885806706060e-01
2.025001009273219665e+01,-1.678894256738962909e+01,8.095031138902071544e-02,-1.229606546569074368e+02,5.557743837460817904e-01
2.026927746675001885e+01,-1.677674400185416914e+01,8.281895029304944811e-02,-1.229274927118101317e+02,5.527387609014227099e-01
2.028854484076784104e+01,-1.676459675553613593e+01,8.468944063363159636e-02,-1.228942653848832407e+02,5.496759703320237556e-01
2.030781221478566323e+01,-1.675250085660378474e+01,8.656155436863409436e-02,-1.228609755000071431e+02,5.465856844006778958e-01
2.032707958880348897e+01,-1.674045635919752328e+01,8.843506430176494015e-02,-1.228276268881682967e+02,5.434675523625648319e-01
2.034634696282131117e+01,-1.672846334029496163e+01,9.030974444664080503e-02,-1.227942243800967930e+02,5.403212638521721622e-01
2.036561433683913336e+01,-1.671652189560495572e+01,9.218537014739484892e-02,-1.227607735156440327e+02,5.371466028387317238e-01
2.038488171085695555e+01,-1.670463213574803873e+01,9.406171793362623490e-02,-1.227272800534650088e+02,5.339434766225668039e-01
2.040414908487478129e+01,-1.669279418389707459e+01,9.593856516701049220e-02,-1.226937494215373334e+02,5.307119116314983343e-01
2.042341645889260349e+01,-1.668100817561706606e+01,9.781568959963056475e-02,-1.226601862656145130e+02,5.274520173027321679e-01
2.044268383291042568e+01,-1.666927426098487786e+01,9.969286899128579349e-02,-1.226265942242599039e+02,5.241639284670518428e-01
2.046195120692824787e+01,-1.665759260838436973e+01,1.015698809162287192e-01,-1.225929759939150046e+02,5.208477427761490919e-01
2.048121858094607717e+01,-1.664596340886381753e+01,1.034465028340343651e-01,-1.225593336642888147e+02,5.175034710874890642e-01
2.050048595496389936e+01,-1.663438687976450581e+01,1.053225124207919222e-01,-1.225256692270583159e+02,5.141310149647767558e-01
2.051975332898172155e+01,-1.662286326653609692e+01,1.071976880791401382e-01,-1.224919851115415810e+02,5.107301776551778083e-01
2.053902070299954374e+01,-1.661139284218620205e+01,1.090718094918464443e-01,-1.224582845936800624e+02,5.073007053084821472e-01
2.055828807701736949e+01,-1.659997590451137484e+01,1.109446580700468032e-01,-1.224245719613272598e+02,5.038423465590928796e-01
2.057755545103519168e+01,-1.658861277191586936e+01,1.128160171780238363e-01,-1.223908523888782582e+02,5.003549133697582363e-01
2.059682282505301387e+01,-1.657730377904619345e+01,1.146856720826962828e-01,-1.223571315575524778e+02,4.968383257212408144e-01
2.061609019907083606e+01,-1.656604927352577050e+01,1.165534096579791540e-01,-1.223234151302949471e+02,4.932926274001428468e-01
2.063535757308866181e+01,-1.655484961474722994e+01,1.184190179476866805e-01,-1.222897082315387394e+02,4.897179684377691022e-01
2.065462494710648400e+01,-1.654370517506484362e+01,1.202822857334059498e-01,-1.222560150802647314e+02,4.861145593008859844e-01
2.067389232112430619e+01,-1.653261634300891814e+01,1.221430022530897441e-01,-1.222223388805552560e+02,4.824826099971226134e-01
2.069315969514212838e+01,-1.652158352753303561e+01,1.240009571716993025e-01,-1.221886819999405560e+02,4.788222715336007962e-01
2.071242706915995413e+01,-1.651060716198607281e+01,1.258559408304391891e-01,-1.221550463834883971e+02,4.751335964469818873e-01
2.073169444317777632e+01,-1.649968770657166317e+01,1.277077447178300573e-01,-1.221214340843406632e+02,4.714165296263109761e-01
2.075096181719559851e+01,-1.648882564849860088e+01,1.295561620392715885e-01,-1.220878477584304420e+02,4.676709319610885540e-01
2.077022919121342071e+01,-1.647802149970696206e+01,1.314009882314277344e-01,-1.220542909817497303e+02,4.638966299569545204e-01
2.078949656523124645e+01,-1.646727579277390063e+01,1.332420212834410644e-01,-1.220207682996253169e+02,4.600934770561771470e-01
2.080876393924906864e+01,-1.645658907614588884e+01,1.350790617837666074e-01,-1.219872849942912154e+02,4.562614090905923736e-01
2.082803131326689083e+01,-1.644596191004665897e+01,1.369119126929312646e-01,-1.219538466375918944e+02,4.524004780158338290e-01
2.084729868728471303e+01,-1.643539486421066087e+01,1.387403789242054042e-01,-1.219204585568829060e+02,4.485108543214531562e-01
2.086656606130253877e+01,-1.642488851804777639e+01,1.405642668718889987e-01,-1.218871253666777221e+02,4.445927974847643238e-01
2.088583343532036096e+01,-1.641444346311647351e+01,1.423833840430921982e-01,-1.218538506994330959e+02,4.406466029659750205e-01
2.090510080933818315e+01,-1.640406030708776441e+01,1.441975389185915501e-01,-1.218206372116669485e+02,4.366725409213227937e-01
2.092436818335600535e+01,-1.639373967792726106e+01,1.460065411002115787e-01,-1.217874868627958023e+02,4.326708041395558868e-01
2.094363555737383109e+01,-1.638348222694653344e+01,1.478102017166888771e-01,-1.217544013862119101e+02,4.286414800325610286e-01
2.096290293139165328e+01,-1.637328862970085197e+01,1.496083339821558666e-01,-1.217213828174156021e+02,4.245845546087621547e-01
2.098217030540947547e+01,-1.636315958434486717e+01,1.514007537549643123e-01,-1.216884339280289424e+02,4.204999472085588219e-01
2.100143767942730122e+01,-1.635309580781103023e+01,1.531872799432467680e-01,-1.216555584417201743e+02,4.163875660008060642e-01
2.102070505344512696e+01,-1.634309803082463119e+01,1.549677346483100404e-01,-1.216227609705970423e+02,4.122473683338178652e-01
2.103997242746294916e+01,-1.633316699311872711e+01,1.567419430143583148e-01,-1.215900466905522848e+02,4.080794086823732458e-01
2.105923980148077135e+01,-1.632330344015616319e+01,1.585097328403132222e-01,-1.215574208485113985e+02,4.038838605088322375e-01
2.107850717549859354e+01,-1.631350812221888802e+01,1.602709340805599236e-01,-1.215248882423059484e+02,3.996610058289095102e-01
2.109777454951641928e+01,-1.630378179601811084e+01,1.620253783949849591e-01,-1.214924528214119590e+02,3.954111954992634570e-01
2.111704192353424148e+01,-1.629412522822270759e+01,1.637728988944325559e-01,-1.214601175220102647e+02,3.911347915890259763e-01
2.113630929755206367e+01,-1.628453919972268338e+01,1.655133301697007953e-01,-1.214278843827680845e+02,3.868321082835778912e-01
2.115557667156988586e+01,-1.627502450921508981e+01,1.672465086075078933e-01,-1.213957549075976914e+02,3.825033681542361341e-01
2.117484404558771161e+01,-1.626558197489076107e+01,1.689722729106422627e-01,-1.213637305712922938e+02,3.781486862127483861e-01
2.119411141960553380e+01,-1.625621243355832490e+01,1.706904646775568024e-01,-1.213318133234023577e+02,3.737680862230204903e-01
2.121337879362335599e+01,-1.624691673730117358e+01,1.724009288775974480e-01,-1.213000059464921918e+02,3.693615445363332972e-01
2.123264616764117818e+01,-1.623769574849850628e+01,1.741035140878581244e-01,-1.212683121667060817e+02,3.649290488772299890e-01
2.125191354165900393e+01,-1.622855033453278040e+01,1.757980724276693441e-01,-1.212367364853835880e+02,3.604706552674225573e-01
2.127118091567682612e+01,-1.621948136360490622e+01,1.774844592162281021e-01,-1.212052837800518006e+02,3.559865268361330770e-01
2.129044828969464831e+01,-1.621048970275300860e+01,1.791625324613929093e-01,-1.211739587887820875e+02,3.514769434578945417e-01
2.130971566371247050e+01,-1.620157621851653218e+01,1.808321523381491713e-01,-1.211427656249487228e+02,3.469422794931817378e-01
2.132898303773029625e+01,-1.619274177989651164e+01,1.824931808188600402e-01,-1.211117074605141255e+02,3.423829560025809515e-01
2.134825041174811844e+01,-1.618398726257300169e+01,1.841454815724193894e-01,-1.210807864677184256e+02,3.377993810688061926e-01
2.136751778576594063e+01,-1.617531355295665207e+01,1.857889201692244363e-01,-1.210500040352834361e+02,3.331918952280951141e-01
2.138678515978376282e+01,-1.616672155069117878e+01,1.874233645371439216e-01,-1.210193611970055230e+02,3.285607375316028644e-01
2.140605253380158857e+01,-1.615821216867694332e+01,1.890486855377725428e-01,-1.209888591501882473e+02,3.239060418581128920e-01
2.142531990781941076e+01,-1.614978633042024825e+01,1.906647574949835444e-01,-1.209584997159323194e+02,3.192278644680050514e-01
2.144458728183723295e+01,-1.614144496531008244e+01,1.922714585205326232e-01,-1.209282856100494570e+02,3.145262348865002222e-01
2.146385465585505514e+01,-1.613318900304652814e+01,1.938686705406538480e-01,-1.208982204474732924e+02,3.098012155671260870e-01
2.148312202987288444e+01,-1.612501936870494745e+01,1.954562790158845542e-01,-1.208683084790470019e+02,3.050529533013220385e-01
2.150238940389070663e+01,-1.611693697973883843e+01,1.970341724374625736e-01,-1.208385541357980770e+02,3.002817077091861631e-01
2.152165677790852882e+01,-1.610894274565144357e+01,1.986022417504361426e-01,-1.208089615105619004e+02,2.954878486883520394e-01
2.154092415192635102e+01,-1.610103757027315297e+01,2.001603798758477826e-01,-1.207795339245299573e+02,2.906718235444655796e-01
2.156019152594417676e+01,-1.609322235580180305e+01,2.017084814753287991e-01,-1.207502737019885473e+02,2.858341031571293711e-01
2.157945889996199895e+01,-1.608549800723104539e+01,2.032464430292152402e-01,-1.207211822171533839e+02,2.809751224941080538e-01
2.159872627397982114e+01,-1.607786543566778192e+01,2.047741632055880001e-01,-1.206922601995201347e+02,2.760952323828406718e-01
2.161799364799764334e+01,-1.607032555936284268e+01,2.062915434098899214e-01,-1.206635082106018473e+02,2.711946762323068638e-01
2.163726102201546908e+01,-1.606287930195614777e+01,2.077984883496830915e-01,-1.206349271562180689e+02,2.662735982896430875e-01
2.165652839603329127e+01,-1.605552758826779325e+01,2.092949064429736883e-01,-1.206065186884739688e+02,2.613320810390277749e-01
2.167579577005111346e+01,-1.604827133870312394e+01,2.107807099438234189e-01,-1.205782853830442747e+02,2.563702010602867398e-01
2.169506314406893566e+01,-1.604111146376172670e+01,2.122558147420962327e-01,-1.205502306413706464e+02,2.513880874186697478e-01
2.171433051808676140e+01,-1.603404886011949415e+01,2.137201398909134575e-01,-1.205223583456735383e+02,2.463859659459505524e-01
2.173359789210458359e+01,-1.602708440929312417e+01,2.151736069966159459e-01,-1.204946723649819802e+02,2.413641767951651695e-01
2.175286526612240579e+01,-1.602021897913198600e+01,2.166161396475147494e-01,-1.204671760527155726e+02,2.363231602593895975e-01
2.177213264014022798e+01,-1.601345342754015633e+01,2.180476630467040877e-01,-1.204398718786954561e+02,2.312634148728558992e-01
2.179140001415805372e+01,-1.600678860716244500e+01,2.194681039538173839e-01,-1.204127613001808896e+02,2.261854396931197719e-01
2.181066738817587591e+01,-1.600022536947403751e+01,2.208773909484530451e-01,-1.203858449085349918e+02,2.210896771571727593e-01
2.182993476219369811e+01,-1.599376456688359482e+01,2.222754549314580053e-01,-1.203591228097500476e+02,2.159764727373567894e-01
2.184920213621152030e+01,-1.598740705204680879e+01,2.236622297081710120e-01,-1.203325951305841244e+02,2.108460628440402829e-01
2.186846951022934604e+01,-1.598115367441838330e+01,2.250376524718534221e-01,-1.203062625063605395e+02,2.056985943903725800e-01
2.188773688424716823e+01,-1.597500527489836841e+01,2.264016640337780106e-01,-1.202801264117000954e+02,2.005341704325033225e-01
2.190700425826499043e+01,-1.596896268000647012e+01,2.277542087208122012e-01,-1.202541892401119838e+02,1.953529088849704776e-01
2.192627163228281262e+01,-1.596302669717044154e+01,2.290952339598829601e-01,-1.202284541097642858e+02,1.901549975926476732e-01
2.194553900630063836e+01,-1.595719811239451147e+01,2.304246896620038287e-01,-1.202029244506034473e+02,1.849407300744417282e-01
2.196480638031846411e+01,-1.595147769087300915e+01,2.317425275788777550e-01,-1.201776034901598535e+02,1.797105117459391332e-01
2.198407375433628630e+01,-1.594586618024014513e+01,2.330487008141181593e-01,-1.201524937842051344e+02,1.744648348173070684e-01
2.200334112835410849e+01,-1.594036431535974785e+01,2.343431636255829398e-01,-1.201275969257270191e+02,1.692042289651813913e-01
2.202260850237193424e+01,-1.593497282309394691e+01,2.356258715690500161e-01,-1.201029135150648557e+02,1.639292017650543498e-01
2.204187587638975643e+01,-1.592969242548913300e+01,2.368967819312988721e-01,-1.200784433998813796e+02,1.586401857871028998e-01
2.206114325040757862e+01,-1.592452384028332446e+01,2.381558543135710582e-01,-1.200541861169804605e+02,1.533375073750152806e-01
2.208041062442540081e+01,-1.591946777843593352e+01,2.394030511802553440e-01,-1.200301414105864950e+02,1.480213859767272599e-01
2.209967799844322656e+01,-1.591452493927220146e+01,2.406383381964927459e-01,-1.200063096798849500e+02,1.426919642220317586e-01
2.211894537246104875e+01,-1.590969600455482791e+01,2.418616842401925260e-01,-1.199826922286044208e+02,1.373493602064878305e-01
2.213821274647887094e+01,-1.590498163312801339e+01,2.430730610702535877e-01,-1.199592912455579636e+02,1.319937271246630628e-01
2.215748012049669313e+01,-1.590038245762204028e+01,2.442724427351966598e-01,-1.199361095214346307e+02,1.266253032945680590e-01
2.217674749451451888e+01,-1.589589908410372843e+01,2.454598048844695568e-01,-1.199131499820658036e+02,1.212444383293197897e-01
2.219601486853234107e+01,-1.589153209468665651e+01,2.466351241745848577e-01,-1.198904151706012584e+02,1.158515879737621185e-01
2.221528224255016326e+01,-1.588728205223360490e+01,2.477983779350824978e-01,-1.198679068256777356e+02,1.104472790161101364e-01
2.223454961656798545e+01,-1.588314950565584027e+01,2.489495441824756405e-01,-1.198456256755624310e+02,1.050320541844363964e-01
2.225381699058580764e+01,-1.587913499412877272e+01,2.500886019668928650e-01,-1.198235715070690759e+02,9.960641263285936742e-02
2.227308436460363339e+01,-1.587523904885983583e+01,2.512155319362654460e-01,-1.198017434901016287e+02,9.417076289364341435e-02
2.229235173862145558e+01,-1.587146219177044060e+01,2.523303169371173271e-01,-1.197801406660845913e+02,8.872540165451295313e-02
2.231161911263927777e+01,-1.586780493137570502e+01,2.534329424587056234e-01,-1.197587624618877129e+02,8.327052440704105218e-02
2.233088648665709997e+01,-1.586426775698893721e+01,2.545233967726462376e-01,-1.197376090834228961e+02,7.780626497260199892e-02
2.235015386067492571e+01,-1.586085113288983806e+01,2.556016707102826691e-01,-1.197166816770448321e+02,7.233275271035875809e-02
2.236942123469274790e+01,-1.585755549412081677e+01,2.566677571277443670e-01,-1.196959822126454043e+02,6.685017117603644921e-02
2.238868860871057009e+01,-1.585438124510400115e+01,2.577216502024727851e-01,-1.196755131212726013e+02,6.135880156552524223e-02
2.240795598272839229e+01,-1.585132876143957148e+01,2.587633447562962541e-01,-1.196552767898351561e+02,5.585903857277551426e-02
2.242722335674621803e+01,-1.584839839430090436e+01,2.597928357934630172e-01,-1.196352750561692488e+02,5.035137410414606413e-02
2.244649073076404022e+01,-1.584559047606474635e+01,2.608101183792270739e-01,-1.196155088478510464e+02,4.483635340871125474e-02
2.246575810478186241e+01,-1.584290532543939989e+01,2.618151878834943380e-01,-1.195959780675550661e+02,3.931451602024683967e-02
2.248502547879968816e+01,-1.584034325049507075e+01,2.628080405051423374e-01,-1.195766817579409320e+02,3.378633823726284735e-02
2.250429285281751390e+01,-1.583790454862013775e+01,2.637886739082180299e-01,-1.195576184997627394e+02,2.825219345851387107e-02
2.252356022683533610e+01,-1.583558950334247584e+01,2.647570877664698896e-01,-1.195387869306089925e+02,2.271234165074824743e-02
2.254282760085315829e+01,-1.583339837889532831e+01,2.657132840389163642e-01,-1.195201862372340287e+02,1.716695097522221922e-02
2.256209497487098048e+01,-1.583133141409086520e+01,2.666572668782119515e-01,-1.195018164816666655e+02,1.161614547394709818e-02
2.258136234888880622e+01,-1.582938881728604130e+01,2.675890421828964194e-01,-1.194836786682178200e+02,6.060065304963491856e-03
2.260062972290662842e+01,-1.582757076391432705e+01,2.685086169111698395e-01,-1.194657745319128281e+02,4.989224254901234454e-04
2.261989709692445061e+01,-1.582587739730359289e+01,2.694159983461988928e-01,-1.194481061079562068e+02,-5.066964119474584929e-03
2.263916447094227280e+01,-1.582430883252584763e+01,2.703111935188264314e-01,-1.194306752041561168e+02,-1.063716338552369613e-02
2.265843184496009854e+01,-1.582286516211926752e+01,2.711942089482051177e-01,-1.194134829260603254e+02,-1.621115964122355271e-02
2.267769921897792074e+01,-1.582154646195768777e+01,2.720650507670683282e-01,-1.193965293899180580e+02,-2.178840378676210471e-02
2.269696659299574293e+01,-1.582035279548906459e+01,2.729237251840195833e-01,-1.193798137055457431e+02,-2.736837453885489560e-02
2.271623396701356512e+01,-1.581928421504185067e+01,2.737702391342655139e-01,-1.193633342347073523e+02,-3.295063203174272010e-02
2.273550134103139087e+01,-1.581834075976820841e+01,2.746046009129997634e-01,-1.193470890523656323e+02,-3.853484859353548814e-02
2.275476871504921306e+01,-1.581752245079787755e+01,2.754268205894524479e-01,-1.193310764803283490e+02,-4.412080790042085393e-02
2.277403608906703525e+01,-1.581682928501733443e+01,2.762369100640517106e-01,-1.193152955418761536e+02,-4.970837267103173779e-02
2.279330346308485744e+01,-1.581626122931260170e+01,2.770348827368308009e-01,-1.192997462079747351e+02,-5.529743000322648316e-02
2.281257083710268319e+01,-1.581581821699136370e+01,2.778207528716156727e-01,-1.192844293645139686e+02,-6.088782983562868178e-02
2.283183821112050538e+01,-1.581550014746373733e+01,2.785945348321751114e-01,-1.192693465090847695e+02,-6.647933401688210786e-02
2.285110558513832757e+01,-1.581530688929668216e+01,2.793562424063570360e-01,-1.192544992626907998e+02,-7.207159050445897941e-02
2.287037295915614976e+01,-1.581523828575209123e+01,2.801058884097876733e-01,-1.192398888346514099e+02,-7.766414011853550736e-02
2.288964033317397551e+01,-1.581529416117118458e+01,2.808434846786911354e-01,-1.192255155926924459e+02,-8.325645404847444031e-02
2.290890770719179770e+01,-1.581547432630528149e+01,2.815690424462171659e-01,-1.192113788608223643e+02,-8.884799156413773769e-02
2.292817508120961989e+01,-1.581577858099555911e+01,2.822825729821704654e-01,-1.191974770032659166e+02,-9.443826160704449357e-02
2.294744245522744208e+01,-1.581620671338733786e+01,2.829840882966014881e-01,-1.191838077716281106e+02,-1.000268707775597565e-01
2.296670982924527138e+01,-1.581675849589597860e+01,2.836736016875301969e-01,-1.191703688175592362e+02,-1.056135440388253632e-01
2.298597720326309357e+01,-1.581743367911628084e+01,2.843511279581253381e-01,-1.191571582257854658e+02,-1.111981121642907078e-01
2.300524457728091576e+01,-1.581823198549253462e+01,2.850166832265704775e-01,-1.191441749160333785e+02,-1.167804693886435874e-01
2.302451195129873796e+01,-1.581915310465344149e+01,2.856702843732479846e-01,-1.191314187990740976e+02,-1.223605132084764763e-01
2.304377932531656370e+01,-1.582019669183427624e+01,2.863119482788712977e-01,-1.191188906415899424e+02,-1.279380834028073233e-01
2.306304669933438589e+01,-1.582136236989811806e+01,2.869416910712068169e-01,-1.191065916772040367e+02,-1.335129176340279777e-01
2.308231407335220808e+01,-1.582264973439741240e+01,2.875595275973361620e-01,-1.190945230733686202e+02,-1.390846363449335654e-01
2.310158144737003028e+01,-1.582405836020538814e+01,2.881654712729203038e-01,-1.190826854052702544e+02,-1.446527613875385199e-01
2.312084882138785602e+01,-1.582558780776784957e+01,2.887595343486711874e-01,-1.190710782865636617e+02,-1.502167632433386857e-01
2.314011619540567821e+01,-1.582723762712558724e+01,2.893417285101325120e-01,-1.190597002627986711e+02,-1.557761235389704957e-01
2.315938356942350040e+01,-1.582900735851136531e+01,2.899120656268673879e-01,-1.190485489991591379e+02,-1.613303951497740696e-01
2.317865094344132260e+01,-1.583089652934116742e+01,2.904705584213519987e-01,-1.190376217105582413e+02,-1.668792427869764117e-01
2.319791831745914834e+01,-1.583290464849720891e+01,2.910172208504571145e-01,-1.190269157129329614e+02,-1.724224524341089748e-01
2.321718569147697053e+01,-1.583503119961740424e+01,2.915520680769357331e-01,-1.190164289394979136e+02,-1.779599068040566001e-01
2.323645306549479272e+01,-1.583727563541753014e+01,2.920751160303459160e-01,-1.190061602749015179e+02,-1.834915336427596633e-01
2.325572043951261492e+01,-1.583963737477996503e+01,2.925863806797447952e-01,-1.189961096112914305e+02,-1.890172414681006163e-01
2.327498781353044066e+01,-1.584211580353035487e+01,2.930858772279443247e-01,-1.189862776089391474e+02,-1.945368609845328223e-01
2.329425518754826285e+01,-1.584471027872909943e+01,2.935736194625332418e-01,-1.189766652280639079e+02,-2.000501088952719442e-01
2.331352256156608505e+01,-1.584742013525343296e+01,2.940496194540442310e-01,-1.189672731639681587e+02,-2.055565845495863908e-01
2.333278993558390724e+01,-1.585024469275217385e+01,2.945138876897468450e-01,-1.189581013458318495e+02,-2.110558005754711031e-01
2.335205730960173298e+01,-1.585318326092967212e+01,2.949664336023045119e-01,-1.189491486422856639e+02,-2.165472389837116429e-01
2.337132468361955517e+01,-1.585623514159930636e+01,2.954072663344248784e-01,-1.189404128588523548e+02,-2.220304169339497591e-01
2.339059205763737737e+01,-1.585939962690078531e+01,2.958363955092959685e-01,-1.189318910297882468e+02,-2.275049435136651810e-01
2.340985943165519956e+01,-1.586267599421794827e+01,2.962538317731296944e-01,-1.189235799231072264e+02,-2.329705513298063468e-01
2.342912680567302530e+01,-1.586606349932447557e+01,2.966595869429217158e-01,-1.189154766164315191e+02,-2.384270937837844884e-01
2.344839417969085105e+01,-1.586956136982724885e+01,2.970536737093564805e-01,-1.189075789803101912e+02,-2.438745086112607818e-01
2.346766155370867324e+01,-1.587316880090472537e+01,2.974361049776955701e-01,-1.188998859309947846e+02,-2.493127578719935566e-01
2.348692892772649543e+01,-1.587688495466810679e+01,2.978068930386607027e-01,-1.188923973794388900e+02,-2.547417613390265401e-01
2.350619630174432118e+01,-1.588070896340099125e+01,2.981660488138700438e-01,-1.188851138892992907e+02,-2.601613422185018454e-01
2.352546367576214337e+01,-1.588463993577635947e+01,2.985135814004285515e-01,-1.188780361396189704e+02,-2.655712007377455941e-01
2.354473104977996556e+01,-1.588867696425299059e+01,2.988494980519036948e-01,-1.188711643440502002e+02,-2.709709233035201836e-01
2.356399842379778775e+01,-1.589281913148635894e+01,2.991738046038205923e-01,-1.188644977917885086e+02,-2.763600248571355666e-01
2.358326579781561350e+01,-1.589706551386683842e+01,2.994865062194031480e-01,-1.188580346417879383e+02,-2.817380125909343946e-01
2.360253317183343569e+01,-1.590141518114114660e+01,2.997876082347460946e-01,-1.188517720305861616e+02,-2.871044530369190051e-01
2.362180054585125788e+01,-1.590586719223547263e+01,3.000771168514624887e-01,-1.188457064652113360e+02,-2.924590234633277497e-01
2.364106791986908007e+01,-1.591042058853488683e+01,3.003550394685731706e-01,-1.188398343913314505e+02,-2.978015328573005993e-01
2.366033529388690582e+01,-1.591507438664410046e+01,3.006213845519063455e-01,-1.188341527762167829e+02,-3.031319063314798501e-01
2.367960266790472801e+01,-1.591982757282624661e+01,3.008761610768389549e-01,-1.188286595408215902e+02,-3.084501371626332533e-01
2.369887004192255020e+01,-1.592467910083261273e+01,3.011193777083436274e-01,-1.188233537171548022e+02,-3.137562199116639139e-01
2.371813741594037239e+01,-1.592962789383705768e+01,3.013510419623691150e-01,-1.188182352845040413e+02,-3.190500835484449405e-01
2.373740478995819814e+01,-1.593467284996792799e+01,3.015711596004137518e-01,-1.188133047292102873e+02,-3.243315436274584740e-01
2.375667216397602033e+01,-1.593981284985095570e+01,3.017797344418479133e-01,-1.188085624516952663e+02,-3.296002872606452194e-01
2.377593953799384252e+01,-1.594504676396266163e+01,3.019767686553779806e-01,-1.188040081887520927e+02,-3.348558953855753084e-01
2.379520691201166471e+01,-1.595037345763211434e+01,3.021622634486560433e-01,-1.187996406158747362e+02,-3.400978962369372027e-01
2.381447428602949046e+01,-1.595579179221385857e+01,3.023362199556947627e-01,-1.187954572442341288e+02,-3.453258350032549218e-01
2.383374166004731265e+01,-1.596130062208655076e+01,3.024986400610821247e-01,-1.187914546437745429e+02,-3.505393399406025456e-01
2.385300903406513484e+01,-1.596689878837614529e+01,3.026495269170836888e-01,-1.187876289312421960e+02,-3.557381660897132591e-01
2.387227640808295703e+01,-1.597258511128905312e+01,3.027888849996405174e-01,-1.187839763860799991e+02,-3.609222039926430203e-01
2.389154378210078278e+01,-1.597835838337097769e+01,3.029167196859291478e-01,-1.187804940197520267e+02,-3.660914506886027708e-01
2.391081115611860497e+01,-1.598421736575045671e+01,3.030330364793454856e-01,-1.187771799361255631e+02,-3.712459509966840043e-01
2.393007853013642716e+01,-1.599016078855099821e+01,3.031378401142206247e-01,-1.187740333789549112e+02,-3.763857256157680520e-01
2.394934590415424935e+01,-1.599618735542017234e+01,3.032311338107963605e-01,-1.187710544509751998e+02,-3.815107064431202399e-01
2.396861327817207865e+01,-1.600229575089349154e+01,3.033129189085251309e-01,-1.187682435826162504e+02,-3.866206975961664072e-01
2.398788065218990084e+01,-1.600848464845294217e+01,3.033831949948220807e-01,-1.187656009002689501e+02,-3.917153734217293515e-01
2.400714802620772303e+01,-1.601475271691467128e+01,3.034419604996339004e-01,-1.187631256737197845e+02,-3.967943143088435431e-01
2.402641540022554523e+01,-1.602109862325934131e+01,3.034892135868756946e-01,-1.187608160010525893e+02,-4.018570703465064731e-01
2.404568277424337097e+01,-1.602752103106571369e+01,3.035249530839259080e-01,-1.187586688227134886e+02,-4.069032348551239742e-01
2.406495014826119316e+01,-1.603401859501448357e+01,3.035491791769792669e-01,-1.187566802632017726e+02,-4.119325068741669371e-01
2.408421752227901536e+01,-1.604058995310742830e+01,3.035618936678985413e-01,-1.187548462053647853e+02,-4.169447246860074618e-01
2.410348489629683755e+01,-1.604723371894345263e+01,3.035630997176514412e-01,-1.187531629351933162e+02,-4.219398605878008079e-01
2.412275227031466329e+01,-1.605394847639626121e+01,3.035528011543680571e-01,-1.187516276736728997e+02,-4.269179781102065419e-01
2.414201964433248548e+01,-1.606073277834075341e+01,3.035310015549492202e-01,-1.187502388431012008e+02,-4.318791636113792909e-01
2.416128701835030768e+01,-1.606758514988016273e+01,3.034977033787800149e-01,-1.187489959899382228e+02,-4.368234515821420305e-01
2.418055439236812987e+01,-1.607450409518501644e+01,3.034529074190923659e-01,-1.187478993837494698e+02,-4.417507649419860627e-01
2.419982176638595561e+01,-1.608148810596881262e+01,3.033966127450811179e-01,-1.187469494044683955e+02,-4.466608874871296209e-01
2.421908914040377780e+01,-1.608853566911941968e+01,3.033288171628755192e-01,-1.187461458915429802e+02,-4.515534765999177358e-01
2.423835651442160000e+01,-1.609564527123605870e+01,3.032495180690079062e-01,-1.187454876407768296e+02,-4.564281128895057438e-01
2.425762388843942219e+01,-1.610281539872702439e+01,3.031587134516142701e-01,-1.187449721939490956e+02,-4.612843728551863642e-01
2.427689126245724793e+01,-1.611004453343783993e+01,3.030564027487545053e-01,-1.187445959838016023e+02,-4.661219039722254154e-01
2.429615863647507013e+01,-1.611733114511462972e+01,3.029425873133144154e-01,-1.187443547959354504e+02,-4.709404807386532443e-01
2.431542601049289232e+01,-1.612467368296444548e+01,3.028172703495736195e-01,-1.187442444182528476e+02,-4.757400254838016762e-01
2.433469338451071451e+01,-1.613207056886404445e+01,3.026804563432435313e-01,-1.187442612938709914e+02,-4.805205876754445327e-01
2.435396075852854025e+01,-1.613952019429896367e+01,3.025321501583390083e-01,-1.187444029908645433e+02,-4.852822872739108173e-01
2.437322813254636245e+01,-1.614702092201903483e+01,3.023723560754870698e-01,-1.187446683529559692e+02,-4.900252380090593940e-01
2.439249550656418464e+01,-1.615457109199708086e+01,3.022010770662589274e-01,-1.187450572853303044e+02,-4.947494723341031020e-01
2.441176288058200683e+01,-1.616216902998905880e+01,3.020183145302448025e-01,-1.187455702336899748e+02,-4.994548895187792548e-01
2.443103025459983613e+01,-1.616981305620264919e+01,3.018240685856716787e-01,-1.187462075028888790e+02,-5.041412419127121458e-01
2.445029762861765832e+01,-1.617750149152734451e+01,3.016183388397421505e-01,-1.187469686086225664e+02,-5.088081636247848705e-01
2.446956500263548051e+01,-1.618523265948564926e+01,3.014011254212745072e-01,-1.187478518478789198e+02,-5.134552337713504944e-01
2.448883237665330270e+01,-1.619300488332690335e+01,3.011724299779117153e-01,-1.187488542129140541e+02,-5.180820564916236437e-01
2.450809975067112845e+01,-1.620081647913145773e+01,3.009322563482839663e-01,-1.187499716763706914e+02,-5.226883349759081643e-01
2.452736712468895064e+01,-1.620866574699263296e+01,3.006806107141017370e-01,-1.187511997692411256e+02,-5.272739182618553233e-01
2.454663449870677283e+01,-1.621655096293669729e+01,3.004175011907750381e-01,-1.187525342888978201e+02,-5.318388071527917482e-01
2.456590187272459502e+01,-1.622447037404544190e+01,3.001429369825188709e-01,-1.187539719357207133e+02,-5.363831171838059353e-01
2.458516924674242077e+01,-1.623242219831216815e+01,2.998569273591566997e-01,-1.187555106954436468e+02,-5.409070088329330783e-01
2.460443662076024296e+01,-1.624040462936314455e+01,2.995594807674222815e-01,-1.187571498554399199e+02,-5.454106046415571063e-01
2.462370399477806515e+01,-1.624841584472592970e+01,2.992506043522403791e-01,-1.187588896469113564e+02,-5.498939168339541661e-01
2.464297136879588734e+01,-1.625645401525620670e+01,2.989303040435982717e-01,-1.187607306119409856e+02,-5.543568062353660952e-01
2.466223874281371309e+01,-1.626451731296843661e+01,2.985985851972027816e-01,-1.187626728740125799e+02,-5.587989845183417570e-01
2.468150611683153528e+01,-1.627260391496856684e+01,2.982554536116928667e-01,-1.187647155198466038e+02,-5.632200595144531974e-01
2.470077349084935747e+01,-1.628071200233101479e+01,2.979009166312865386e-01,-1.187668562704236166e+02,-5.676196109990341299e-01
2.472004086486717966e+01,-1.628883975426222364e+01,2.975349840145828928e-01,-1.187690915379026109e+02,-5.719972755184471458e-01
2.473930823888500186e+01,-1.629698533930433513e+01,2.971576683172202360e-01,-1.187714168555470593e+02,-5.763528160433878389e-01
2.475857561290282760e+01,-1.630514690623288843e+01,2.967689846790441677e-01,-1.187738275608386829e+02,-5.806861563519304381e-01
2.477784298692064979e+01,-1.631332257741918212e+01,2.963689500830552492e-01,-1.187763195383202373e+02,-5.849973699595826249e-01
2.479711036093847198e+01,-1.632151044671827478e+01,2.959575823119203752e-01,-1.187788898097717691e+02,-5.892866263377892766e-01
2.481637773495629418e+01,-1.632970858261291625e+01,2.955348989199187426e-01,-1.187815368010495405e+02,-5.935541094256802097e-01
2.483564510897411992e+01,-1.633791503578272497e+01,2.951009165366276221e-01,-1.187842602059458699e+02,-5.977999315211282028e-01
2.485491248299194211e+01,-1.634612784894117610e+01,2.946556507224606380e-01,-1.187870604821480498e+02,-6.020240671800223264e-01
2.487417985700976431e+01,-1.635434506608786975e+01,2.941991164333905284e-01,-1.187899381201308557e+02,-6.062263262517305629e-01
2.489344723102758650e+01,-1.636256473847374693e+01,2.937313289709754249e-01,-1.187928928922119525e+02,-6.104063741437686375e-01
2.491271460504541224e+01,-1.637078492553466091e+01,2.932523051477739506e-01,-1.187959232966303631e+02,-6.145637939505401715e-01
2.493198197906323799e+01,-1.637900369053623351e+01,2.927620643314779447e-01,-1.187990263576399883e+02,-6.186981730331714280e-01
2.495124935308106018e+01,-1.638721909224993922e+01,2.922606290642378313e-01,-1.188021978420936620e+02,-6.228091894650285010e-01
2.497051672709888237e+01,-1.639542917517869469e+01,2.917480250775062456e-01,-1.188054328341782337e+02,-6.268966735624041942e-01
2.498978410111670811e+01,-1.640363196130741130e+01,2.912242807015302248e-01,-1.188087265067158995e+02,-6.309606266258890317e-01
2.500905147513453031e+01,-1.641182544592766135e+01,2.906894258490996252e-01,-1.188120748695166782e+02,-6.350011911167839918e-01
2.502831884915235250e+01,-1.642000759889534933e+01,2.901434908817965286e-01,-1.188154752797224063e+02,-6.390185803674344189e-01
2.504758622317017469e+01,-1.642817637107301465e+01,2.895865057047881108e-01,-1.188189265652762145e+02,-6.430129876126217114e-01
2.506685359718800044e+01,-1.643632970416127037e+01,2.890184993711081285e-01,-1.188224287222127629e+02,-6.469845002548719748e-01
2.508612097120582263e+01,-1.644446554109824987e+01,2.884395003268356850e-01,-1.188259822683777003e+02,-6.509330440257934391e-01
2.510538834522364482e+01,-1.645258183401211838e+01,2.878495372385309614e-01,-1.188295874355754478e+02,-6.548583733646849980e-01
2.512465571924146701e+01,-1.646067654741649378e+01,2.872486401698943204e-01,-1.188332434302648579e+02,-6.587601112300131012e-01
2.514392309325929276e+01,-1.646874765573779698e+01,2.866368417682195191e-01,-1.188369479754647529e+02,-6.626378274040484184e-01
2.516319046727711495e+01,-1.647679313594874273e+01,2.860141781151056550e-01,-1.188406972678765072e+02,-6.664911331977056985e-01
2.518245784129493714e+01,-1.648481095755014891e+01,2.853806889926673862e-01,-1.188444863663409734e+02,-6.703197655410179090e-01
2.520172521531275933e+01,-1.649279907295772674e+01,2.847364174884595700e-01,-1.188483099040670510e+02,-6.741236362285845107e-01
2.522099258933058508e+01,-1.650075541125901779e+01,2.840814090587901464e-01,-1.188521629230304910e+02,-6.779028318580098134e-01
2.524025996334840727e+01,-1.650867787733036707e+01,2.834157103324704274e-01,-1.188560415918519055e+02,-6.816575640203721420e-01
2.525952733736622946e+01,-1.651656435672514789e+01,2.827393680170539603e-01,-1.188599435995696325e+02,-6.853880835916166259e-01
2.527879471138405165e+01,-1.652441272502924008e+01,2.820524282421575379e-01,-1.188638681087978313e+02,-6.890945834293048522e-01
2.529806208540187740e+01,-1.653222085903738403e+01,2.813549365469954489e-01,-1.188678152772457537e+02,-6.927771173547521144e-01
2.531732945941969959e+01,-1.653998664653887118e+01,2.806469385289871443e-01,-1.188717854807417638e+02,-6.964355588975702505e-01
2.533659683343752178e+01,-1.654770799188782604e+01,2.799284809730135382e-01,-1.188757784580422907e+02,-7.000696120837877068e-01
2.535586420745534397e+01,-1.655538281576678727e+01,2.791996131357648014e-01,-1.188797926223885923e+02,-7.036788717104965896e-01
2.537513158147316972e+01,-1.656300904927084616e+01,2.784603878102285268e-01,-1.188838247392896932e+02,-7.072629162983117279e-01
2.539439895549099191e+01,-1.657058462413658262e+01,2.777108618570951482e-01,-1.188878700667229822e+02,-7.108214073497284291e-01
2.541366632950881410e+01,-1.657810746210850184e+01,2.769510960458942961e-01,-1.188919229219565210e+02,-7.143541664619079690e-01
2.543293370352663629e+01,-1.658557546672259519e+01,2.761811542526294017e-01,-1.188959775161388706e+02,-7.178612079224303555e-01
2.545220107754446559e+01,-1.659298652009848496e+01,2.754011022528584651e-01,-1.189000288191510464e+02,-7.213427169935923144e-01
2.547146845156228778e+01,-1.660033848586480332e+01,2.746110064717009469e-01,-1.189040732060641545e+02,-7.247989796177695121e-01
2.549073582558010997e+01,-1.660762921752610666e+01,2.738109330682196307e-01,-1.189081086968343612e+02,-7.282302833169937983e-01
2.551000319959793217e+01,-1.661485656995360571e+01,2.730009476351875630e-01,-1.189121347160077988e+02,-7.316368175566098087e-01
2.552927057361575791e+01,-1.662201841073120079e+01,2.721811156141648036e-01,-1.189161514366336547e+02,-7.350186022899322102e-01
2.554853794763358010e+01,-1.662911262810338187e+01,2.713515033132408161e-01,-1.189201588929531539e+02,-7.383754655849437132e-01
2.556780532165140229e+01,-1.663613713325624488e+01,2.705121792338688325e-01,-1.189241561149100193e+02,-7.417070773202424361e-01
2.558707269566922449e+01,-1.664308985633303806e+01,2.696632153180767988e-01,-1.189281405338653173e+02,-7.450130298687706043e-01
2.560634006968705023e+01,-1.664996873744959771e+01,2.688046877472198282e-01,-1.189321078334167083e+02,-7.482929430671823035e-01
2.562560744370487242e+01,-1.665677171547870472e+01,2.679366770533250230e-01,-1.189360522928915174e+02,-7.515465635410766287e-01
2.564487481772269462e+01,-1.666349671806515076e+01,2.670592675065680544e-01,-1.189399675297330958e+02,-7.547738297684909448e-01
2.566414219174051681e+01,-1.667014165600022935e+01,2.661725459572961694e-01,-1.189438474311455280e+02,-7.579748838302925451e-01
2.568340956575834255e+01,-1.667670442381632157e+01,2.652766004751231921e-01,-1.189476870086406990e+02,-7.611500259513105382e-01
2.570267693977616474e+01,-1.668318290662761427e+01,2.643715191907414774e-01,-1.189514829285311208e+02,-7.642996243774109466e-01
2.572194431379398694e+01,-1.668957499138380030e+01,2.634573896892475342e-01,-1.189552335621819594e+02,-7.674240061367708643e-01
2.574121168781180913e+01,-1.669587857937381870e+01,2.625342991422888739e-01,-1.189589385365923278e+02,-7.705233600129061111e-01
2.576047906182963487e+01,-1.670209159641633434e+01,2.616023351475408876e-01,-1.189625979096846180e+02,-7.735976798681197808e-01
2.577974643584745706e+01,-1.670821199783202715e+01,2.606615870327346207e-01,-1.189662112041550444e+02,-7.766467651231301339e-01
2.579901380986527926e+01,-1.671423776682223661e+01,2.597121472403988163e-01,-1.189697765769618485e+02,-7.796702789039946513e-01
2.581828118388310145e+01,-1.672016690683178908e+01,2.587541123814901534e-01,-1.189732903653586931e+02,-7.826678477554570579e-01
2.583754855790092719e+01,-1.672599743027313224e+01,2.577875836407095833e-01,-1.189767471444193490e+02,-7.856391746731731240e-01
2.585681593191874938e+01,-1.673172734709629594e+01,2.568126664059693920e-01,-1.189801402850409744e+02,-7.885841330721026221e-01
2.587608330593657158e+01,-1.673735465676876899e+01,2.558294692242101820e-01,-1.189834628570782655e+02,-7.915028144602590521e-01
2.589535067995439377e+01,-1.674287734624788015e+01,2.548381023869614737e-01,-1.189867086211565805e+02,-7.943955156424409303e-01
2.591461805397222307e+01,-1.674829339476849910e+01,2.538386765617072216e-01,-1.189898728244531156e+02,-7.972626685605446184e-01
2.593388542799004526e+01,-1.675360078424733601e+01,2.528313018750450447e-01,-1.189929525692719636e+02,-8.001047324482480905e-01
2.595315280200786745e+01,-1.675879751242258209e+01,2.518160877223542538e-01,-1.189959466440215436e+02,-8.029220790500263272e-01
2.597242017602568964e+01,-1.676388160500700764e+01,2.507931433644508545e-01,-1.189988548600982909e+02,-8.057149039729067930e-01
2.599168755004351539e+01,-1.676885112339346406e+01,2.497625791374972481e-01,-1.190016770811235034e+02,-8.084831900427278395e-01
2.601095492406133758e+01,-1.677370416574503409e+01,2.487245079178376228e-01,-1.190044122216065574e+02,-8.112267338036237563e-01
2.603022229807915977e+01,-1.677843886125313588e+01,2.476790464037123274e-01,-1.190070575037403415e+02,-8.139452282045760434e-01
2.604948967209698196e+01,-1.678305335938026133e+01,2.466263158259970334e-01,-1.190096081895276683e+02,-8.166383782452137918e-01
2.606875704611480771e+01,-1.678754581741490526e+01,2.455664418661182569e-01,-1.190120578705728889e+02,-8.193060166153529611e-01
2.608802442013262990e+01,-1.679191439020009469e+01,2.444995537929270379e-01,-1.190143992378975923e+02,-8.219481860330747347e-01
2.610729179415045209e+01,-1.679615722528577137e+01,2.434257830626474772e-01,-1.190166251149238832e+02,-8.245651642565494654e-01
2.612655916816827428e+01,-1.680027246517059680e+01,2.423452617876582782e-01,-1.190187294586951197e+02,-8.271574240419683477e-01
2.614582654218610003e+01,-1.680425825620366709e+01,2.412581215222852071e-01,-1.190207080406496374e+02,-8.297255390141863307e-01
2.616509391620392222e+01,-1.680811276172985913e+01,2.401644927231600668e-01,-1.190225586079177589e+02,-8.322700621352725481e-01
2.618436129022174441e+01,-1.681183417577727823e+01,2.390645050436580599e-01,-1.190242804741456411e+02,-8.347914116271073492e-01
2.620362866423956660e+01,-1.681542073338967924e+01,2.379582883748103395e-01,-1.190258736530835364e+02,-8.372897973886314071e-01
2.622289603825739235e+01,-1.681887071466996630e+01,2.368459743215432234e-01,-1.190273377813077929e+02,-8.397652095717849097e-01
2.624216341227521454e+01,-1.682218244144551278e+01,2.357276976703465143e-01,-1.190286711397063897e+02,-8.422174732361648042e-01
2.626143078629303673e+01,-1.682535426765237929e+01,2.346035974026025317e-01,-1.190298700577994708e+02,-8.446463539559816436e-01
2.628069816031085892e+01,-1.682838456641440317e+01,2.334738169384266426e-01,-1.190309288771237419e+02,-8.470516843924154049e-01
2.629996553432868467e+01,-1.683127171780377651e+01,2.323385035218414607e-01,-1.190318404901295111e+02,-8.494334755008254856e-01
2.631923290834650686e+01,-1.683401410110256791e+01,2.311978069123321877e-01,-1.190325973049550470e+02,-8.517919801313572625e-01
2.633850028236432905e+01,-1.683661009407893161e+01,2.300518777554610150e-01,-1.190331923619614685e+02,-8.541276902257698422e-01
2.635776765638215124e+01,-1.683905807972660185e+01,2.289008661037688908e-01,-1.190336202814274458e+02,-8.564412678229442744e-01
2.637703503039997699e+01,-1.684135645869771736e+01,2.277449205183336156e-01,-1.190338777675529940e+02,-8.587334292212206455e-01
2.639630240441779918e+01,-1.684350366394802379e+01,2.265841880121769458e-01,-1.190339635196077239e+02,-8.610048153730639475e-01
2.641556977843562493e+01,-1.684549817342203326e+01,2.254188148482002552e-01,-1.190338775711100112e+02,-8.632558858802283908e-01
2.643483715245344712e+01,-1.684733851715005670e+01,2.242489479497631888e-01,-1.190336202435568822e+02,-8.654868674808418039e-01
2.645410452647127286e+01,-1.684902327675713352e+01,2.230747364973070246e-01,-1.190331910144549710e+02,-8.676977724455441354e-01
2.647337190048909505e+01,-1.685055107762228133e+01,2.218963332247714249e-01,-1.190325876269870520e+02,-8.698884822220912527e-01
2.649263927450691725e+01,-1.685192057611359573e+01,2.207138950142646938e-01,-1.190318057018146902e+02,-8.720588727515965477e-01
2.651190664852473944e+01,-1.685313044580964359e+01,2.195275825921614299e-01,-1.190308389687254618e+02,-8.742089456060591068e-01
2.653117402254256518e+01,-1.685417936695275642e+01,2.183375593952385230e-01,-1.190296800576632137e+02,-8.763389270761073879e-01
2.655044139656038737e+01,-1.685506602245422059e+01,2.171439899224812398e-01,-1.190283216263127173e+02,-8.784493062524686424e-01
2.656970877057820957e+01,-1.685578910184997881e+01,2.159470380439431347e-01,-1.190267575019668556e+02,-8.805408005211771139e-01
2.658897614459603176e+01,-1.685634731225074390e+01,2.147468657546263981e-01,-1.190249835082785097e+02,-8.826142577862409189e-01
2.660824351861385750e+01,-1.685673939323861248e+01,2.135436327331179662e-01,-1.190229977356631395e+02,-8.846705231288581883e-01
2.662751089263167970e+01,-1.685696413145898376e+01,2.123374968283504860e-01,-1.190208001729578058e+02,-8.867103081566748424e-01
2.664677826664950189e+01,-1.685702037070630155e+01,2.111286153225510609e-01,-1.190183918021058531e+02,-8.887341008603649728e-01
2.666604564066732408e+01,-1.685690701460268670e+01,2.099171465860316110e-01,-1.190157734139940402e+02,-8.907421424029609014e-01
2.668531301468514982e+01,-1.685662302114272393e+01,2.087032516193728093e-01,-1.190129444865741988e+02,-8.927344781222761316e-01
2.670458038870297202e+01,-1.685616739078755444e+01,2.074870950071751874e-01,-1.190099024513735202e+02,-8.947110686054478013e-01
2.672384776272079421e+01,-1.685553915172186024e+01,2.062688449784021161e-01,-1.190066425649363993e+02,-8.966719291782049295e-01
2.674311513673861640e+01,-1.685473734675982982e+01,2.050486725309092206e-01,-1.190031584285321884e+02,-8.986172576446307403e-01
2.676238251075644214e+01,-1.685376102593222569e+01,2.038267498557050361e-01,-1.189994430121666227e+02,-9.005475131569192770e-01
2.678164988477426434e+01,-1.685260924712940778e+01,2.026032485066217859e-01,-1.189954898916386554e+02,-9.024634229135289898e-01
2.680091725879208653e+01,-1.685128108479692699e+01,2.013783378405202829e-01,-1.189912943431077821e+02,-9.043659140762171367e-01
2.682018463280990872e+01,-1.684977564428212915e+01,2.001521841772715138e-01,-1.189868539777768461e+02,-9.062559899311486422e-01
2.683945200682773446e+01,-1.684809207772491035e+01,1.989249509185417042e-01,-1.189821687297502564e+02,-9.081345856347519119e-01
2.685871938084555666e+01,-1.684622959688713806e+01,1.976967995812740908e-01,-1.189772401959100279e+02,-9.100024451018318139e-01
2.687798675486337885e+01,-1.684418747918091341e+01,1.964678914293818690e-01,-1.189720705143790980e+02,-9.118600548193810384e-01
2.689725412888120104e+01,-1.684196506514191327e+01,1.952383892063696280e-01,-1.189666611033928092e+02,-9.137076541763797799e-01
2.691652150289903034e+01,-1.683956174811807571e+01,1.940084584373056587e-01,-1.189610116255378074e+02,-9.155453198946030824e-01
2.693578887691685253e+01,-1.683697695926125348e+01,1.927782678918547044e-01,-1.189551194800894081e+02,-9.173731006569052493e-01
2.695505625093467472e+01,-1.683421015232870488e+01,1.915479890459930723e-01,-1.189489799757529198e+02,-9.191911632849046887e-01
2.697432362495249691e+01,-1.683126079289268517e+01,1.903177946762872053e-01,-1.189425871403143020e+02,-9.209999081423638767e-01
2.699359099897032266e+01,-1.682812835528175555e+01,1.890878569797065645e-01,-1.189359349388416973e+02,-9.228000199912147483e-01
2.701285837298814485e+01,-1.682481232830311058e+01,1.878583457564195758e-01,-1.189290185517774745e+02,-9.245924389334578830e-01
2.703212574700596704e+01,-1.682131222818956218e+01,1.866294271790005510e-01,-1.189218353439353990e+02,-9.263782590881047829e-01
2.705139312102378923e+01,-1.681762761504931092e+01,1.854012635017847632e-01,-1.189143852418401508e+02,-9.281585836478080109e-01
2.707066049504161498e+01,-1.681375810801847237e+01,1.841740137876799188e-01,-1.189066704058783301e+02,-9.299343778301629726e-01
2.708992786905943717e+01,-1.680970339465637053e+01,1.829478354281658392e-01,-1.188986942870476327e+02,-9.317063621831501719e-01
2.710919524307725936e+01,-1.680546323179176582e+01,1.817228859946017905e-01,-1.188904603370140904e+02,-9.334749773532108330e-01
2.712846261709508155e+01,-1.680103743754060730e+01,1.804993248565761044e-01,-1.188819707426586518e+02,-9.352404309733515220e-01
2.714772999111290375e+01,-1.679642587683302324e+01,1.792773140677612342e-01,-1.188732255520545635e+02,-9.370028136347936520e-01
2.716699736513072949e+01,-1.679162844473144744e+01,1.780570182331573659e-01,-1.188642224483096896e+02,-9.387622508072350769e-01
2.718626473914855168e+01,-1.678664505251007100e+01,1.768386033722373907e-01,-1.188549572421414524e+02,-9.405190469130869646e-01
2.720553211316637388e+01,-1.678147562068240362e+01,1.756222350911844088e-01,-1.188454249465649326e+02,-9.422737796957939560e-01
2.722479948718419607e+01,-1.677612008112966890e+01,1.744080765855647586e-01,-1.188356211275477818e+02,-9.440273170875289610e-01
2.724406686120202181e+01,-1.677057838779121113e+01,1.731962870499323681e-01,-1.188255431422830810e+02,-9.457807509999824891e-01
2.726333423521984400e+01,-1.676485053282429050e+01,1.719870209548725604e-01,-1.188151909063455633e+02,-9.475352664638300171e-01
2.728260160923766620e+01,-1.675893656348442562e+01,1.707804283984702964e-01,-1.188045669647157325e+02,-9.492919833872957014e-01
2.730186898325548839e+01,-1.675283659471836017e+01,1.695766564218648131e-01,-1.187936758415095966e+02,-9.510518163922792034e-01
2.732113635727331413e+01,-1.674655081368912235e+01,1.683758508913598129e-01,-1.187825228517976228e+02,-9.528153932675367255e-01
2.734040373129113632e+01,-1.674007947481338121e+01,1.671781583782790959e-01,-1.187711127157552511e+02,-9.545830558880388228e-01
2.735967110530895852e+01,-1.673342288669395472e+01,1.659837274639312521e-01,-1.187594483747929388e+02,-9.563549437460205915e-01
2.737893847932678071e+01,-1.672658139474523153e+01,1.647927090634199454e-01,-1.187475303534503865e+02,-9.581311363404003689e-01
2.739820585334461001e+01,-1.671955536461571867e+01,1.636052556505523947e-01,-1.187353568551595657e+02,-9.599118134911731604e-01
2.741747322736243220e+01,-1.671234517131244601e+01,1.624215195920296062e-01,-1.187229245688835277e+02,-9.616973871954179742e-01
2.743674060138025439e+01,-1.670495119727348410e+01,1.612416510657873892e-01,-1.187102299578222500e+02,-9.634885665734910232e-01
2.745600797539807658e+01,-1.669737383999798652e+01,1.600657961662214634e-01,-1.186972706604050956e+02,-9.652863365620140135e-01
2.747527534941590233e+01,-1.668961352700352307e+01,1.588940957488718664e-01,-1.186840465988936018e+02,-9.670918558410017685e-01
2.749454272343372452e+01,-1.668167073368030628e+01,1.577266853522908685e-01,-1.186705604729218209e+02,-9.689063028866117255e-01
2.751381009745154671e+01,-1.667354599871003629e+01,1.565636962180300962e-01,-1.186568174912276135e+02,-9.707307142306151881e-01
2.753307747146936890e+01,-1.666523993239232126e+01,1.554052571038946340e-01,-1.186428244143215380e+02,-9.725658615306254084e-01
2.755234484548719465e+01,-1.665675321528633290e+01,1.542514963478870127e-01,-1.186285881805777791e+02,-9.744122031036590581e-01
2.757161221950501684e+01,-1.664808658742647296e+01,1.531025435618426078e-01,-1.186141145102671857e+02,-9.762699242445231906e-01
2.759087959352283903e+01,-1.663924083116948083e+01,1.519585304390242975e-01,-1.185994068906399690e+02,-9.781390550576991583e-01
2.761014696754066122e+01,-1.663021675264195309e+01,1.508195904195611114e-01,-1.185844662372305010e+02,-9.800196320568955732e-01
2.762941434155848697e+01,-1.662101516720947458e+01,1.496858572952350364e-01,-1.185692913326837896e+02,-9.819118569446120270e-01
2.764868171557630916e+01,-1.661163689323263171e+01,1.485574631513030541e-01,-1.185538799201682849e+02,-9.838162065383048160e-01
2.766794908959413135e+01,-1.660208275594346006e+01,1.474345362437818052e-01,-1.185382301384724855e+02,-9.857334616748759659e-01
2.768721646361195354e+01,-1.659235360027983575e+01,1.463171994348401728e-01,-1.185223418853027653e+02,-9.876646461709119862e-01
2.770648383762977929e+01,-1.658245030884037874e+01,1.452055696488079584e-01,-1.185062177137225916e+02,-9.896108928744988820e-01
2.772575121164760148e+01,-1.657237381956659661e+01,1.440997585121325253e-01,-1.184898629994683148e+02,-9.915732750216186275e-01
2.774501858566542367e+01,-1.656212513779297169e+01,1.429998739907140104e-01,-1.184732853262669465e+02,-9.935526513488605049e-01
2.776428595968324586e+01,-1.655170533893203810e+01,1.419060225407612064e-01,-1.184564932620633186e+02,-9.955495696916973891e-01
2.778355333370107161e+01,-1.654111556081009482e+01,1.408183111333723425e-01,-1.184394948759842379e+02,-9.975642571205365350e-01
2.780282070771889380e+01,-1.653035698773177486e+01,1.397368485459811460e-01,-1.184222964225073866e+02,-9.995966997980765267e-01
2.782208808173671599e+01,-1.651943083082136710e+01,1.386617455273087551e-01,-1.184049015730531238e+02,-1.001646789833968931e+00
2.784135545575453818e+01,-1.650833831032681331e+01,1.375931137743985344e-01,-1.183873114188937876e+02,-1.003714496947612389e+00
2.786062282977236393e+01,-1.649708064503015237e+01,1.365310640132842424e-01,-1.183695252475164779e+02,-1.005800015377927403e+00
2.787989020379018612e+01,-1.648565905183383862e+01,1.354757037437754330e-01,-1.183515418711095180e+02,-1.007903843387034870e+00
2.789915757780801187e+01,-1.647407475558986079e+01,1.344271353135390590e-01,-1.183333611251836288e+02,-1.010026771969531278e+00
2.791842495182583406e+01,-1.646232900619295947e+01,1.333854548943795293e-01,-1.183149851042345091e+02,-1.012169785500647290e+00
2.793769232584365980e+01,-1.645042309777469214e+01,1.323507526706217130e-01,-1.182964187751490357e+02,-1.014333902521985298e+00
2.795695969986148199e+01,-1.643835838416802630e+01,1.313231141921803735e-01,-1.182776697870850882e+02,-1.016520002307012005e+00
2.797622707387930419e+01,-1.642613628587133690e+01,1.303026224990557758e-01,-1.182587475278497351e+02,-1.018728687184436099e+00
2.799549444789712638e+01,-1.641375828622646438e+01,1.292893603921637380e-01,-1.182396616947375065e+02,-1.020960220509961491e+00
2.801476182191495212e+01,-1.640122591770891702e+01,1.282834121775771330e-01,-1.182204207893033612e+02,-1.023214558517438588e+00
2.803402919593277431e+01,-1.638854074217000800e+01,1.272848643629567178e-01,-1.182010309694287429e+02,-1.025491467258519140e+00
2.805329656995059651e+01,-1.637570433069413056e+01,1.262938050925814515e-01,-1.181814955909200791e+02,-1.027790691235572762e+00
2.807256394396841870e+01,-1.636271824888984483e+01,1.253103224809447303e-01,-1.181618155734154385e+02,-1.030112125255002731e+00
2.809183131798624444e+01,-1.634958405186105423e+01,1.243345023337623784e-01,-1.181419904881080214e+02,-1.032455939867178207e+00
2.811109869200406663e+01,-1.633630329025907457e+01,1.233664259312755723e-01,-1.181220200559628637e+02,-1.034822623913646433e+00
2.813036606602188883e+01,-1.632287752553267879e+01,1.224061685359102009e-01,-1.181019056250783734e+02,-1.037212931447318631e+00
2.814963344003971102e+01,-1.630930834974402543e+01,1.214537990765255232e-01,-1.180816511997053198e+02,-1.039627747829621196e+00
2.816890081405753676e+01,-1.629559740392465628e+01,1.205093811157421230e-01,-1.180612637207016604e+02,-1.042067913210501517e+00
2.818816818807535896e+01,-1.628174638933106877e+01,1.195729748269442755e-01,-1.180407525117352208e+02,-1.044534054084869101e+00
2.820743556209318115e+01,-1.626775706802454025e+01,1.186446394057307507e-01,-1.180201280458178275e+02,-1.047026471535600800e+00
2.822670293611100334e+01,-1.625363125234193618e+01,1.177244352076086825e-01,-1.179994003835071368e+02,-1.049545118655555553e+00
2.824597031012882908e+01,-1.623937078611970009e+01,1.168124249799631087e-01,-1.179785777304020513e+02,-1.052089674082721027e+00
2.826523768414665128e+01,-1.622497752300336415e+01,1.159086738209376133e-01,-1.179576655292281799e+02,-1.054659690916245784e+00
2.828450505816447347e+01,-1.621045330807925922e+01,1.150132478736531627e-01,-1.179366663496851260e+02,-1.057254778469823409e+00
2.830377243218229566e+01,-1.619579996812375100e+01,1.141262121402059210e-01,-1.179155806106391111e+02,-1.059874764666577152e+00
2.832303980620012140e+01,-1.618101931324405740e+01,1.132476280645663136e-01,-1.178944079296724823e+02,-1.062519792215096182e+00
2.834230718021794360e+01,-1.616611314931980914e+01,1.123775516073322323e-01,-1.178731487133570539e+02,-1.065190320561028470e+00
2.836157455423576579e+01,-1.615108329744052185e+01,1.115160323947947257e-01,-1.178518055304697185e+02,-1.067887032617765408e+00
2.838084192825358798e+01,-1.613593161442635093e+01,1.106631142102505183e-01,-1.178303838707483777e+02,-1.070610672703363964e+00
2.840010930227141728e+01,-1.612066000815302402e+01,1.098188366989677339e-01,-1.178088920669285500e+02,-1.073361862049025506e+00
2.841937667628923947e+01,-1.610527044289746712e+01,1.089832377969173344e-01,-1.177873403977599622e+02,-1.076140944915944031e+00
2.843864405030706166e+01,-1.608976493284982823e+01,1.081563561749741831e-01,-1.177657396256039277e+02,-1.078947909781914571e+00
2.845791142432488385e+01,-1.607414552543818687e+01,1.073382329806115282e-01,-1.177440993860750638e+02,-1.081782408646319471e+00
2.847717879834270960e+01,-1.605841427915120079e+01,1.065289123627597007e-01,-1.177224268915680767e+02,-1.084643869369253277e+00
2.849644617236053179e+01,-1.604257324221196157e+01,1.057284406233041651e-01,-1.177007263222042894e+02,-1.087531669177781657e+00
2.851571354637835398e+01,-1.602662443825047234e+01,1.049368642458754219e-01,-1.176789990816518383e+02,-1.090445319744619335e+00
2.853498092039617617e+01,-1.601056986308762120e+01,1.041542273879153685e-01,-1.176572448473548178e+02,-1.093384610701381821e+00
2.855424829441400192e+01,-1.599441149347219948e+01,1.033805695861251539e-01,-1.176354631159693014e+02,-1.096349670165494006e+00
2.857351566843182411e+01,-1.597815130506772618e+01,1.026159243674016064e-01,-1.176136548010594396e+02,-1.099340924538356523e+00
2.859278304244964630e+01,-1.596179129421759768e+01,1.018603191936490460e-01,-1.175918234230731372e+02,-1.102358968720762444e+00
2.861205041646746849e+01,-1.594533349685523760e+01,1.011137767757027406e-01,-1.175699755467951348e+02,-1.105404383707167870e+00
2.863131779048529424e+01,-1.592877999872590422e+01,1.003763173850888146e-01,-1.175481203363465994e+02,-1.108477553821447747e+00
2.865058516450311643e+01,-1.591213293362662640e+01,9.964796149336491160e-02,-1.175262683509823347e+02,-1.111578536193372768e+00
2.866985253852093862e+01,-1.589539446990727001e+01,9.892873196655041501e-02,-1.175044299237435297e+02,-1.114707020288795425e+00
2.868911991253876081e+01,-1.587856678896628537e+01,9.821865516878874880e-02,-1.174826135864085899e+02,-1.117862389591145478e+00
2.870838728655658656e+01,-1.586165206188104193e+01,9.751776064895215090e-02,-1.174608249929046480e+02,-1.121043868237380448e+00
2.872765466057440875e+01,-1.584465243091196029e+01,9.682607950246964468e-02,-1.174390666521710358e+02,-1.124250710937579889e+00
2.874692203459223094e+01,-1.582757000122132851e+01,9.614364189515378634e-02,-1.174173385504276865e+02,-1.127482381894367114e+00
2.876618940861005314e+01,-1.581040684515151895e+01,9.547047448818253568e-02,-1.173956394878236864e+02,-1.130738671351989577e+00
2.878545678262787888e+01,-1.579316501769356407e+01,9.480659853812004045e-02,-1.173739687485537075e+02,-1.134019716075576278e+00
2.880472415664570107e+01,-1.577584657844281324e+01,9.415202925084371899e-02,-1.173523276260355743e+02,-1.137325917486921023e+00
2.882399153066352326e+01,-1.575845361337836081e+01,9.350677659969641731e-02,-1.173307203641452503e+02,-1.140657780538568478e+00
2.884325890468134546e+01,-1.574098824980900346e+01,9.287084738455578248e-02,-1.173091542411513473e+02,-1.144015719271857856e+00
2.886252627869917120e+01,-1.572345265981264717e+01,9.224424793809599121e-02,-1.172876387678882537e+02,-1.147399884778236068e+00
2.888179365271699695e+01,-1.570584905088391636e+01,9.162698668890560671e-02,-1.172661842258466578e+02,-1.150810065100851265e+00
2.890106102673481914e+01,-1.568817964629846884e+01,9.101907582792240214e-02,-1.172447999612905818e+02,-1.154245686185484621e+00
2.892032840075264133e+01,-1.567044666077789472e+01,9.042053158569930693e-02,-1.172234929233218139e+02,-1.157705914125820579e+00
2.893959577477046707e+01,-1.565265227847732277e+01,8.983137303725581557e-02,-1.172022668659779043e+02,-1.161189829896446701e+00
2.895886314878828927e+01,-1.563479863967911854e+01,8.925161978815135400e-02,-1.171811224458948999e+02,-1.164696626854565542e+00
2.897813052280611146e+01,-1.561688784003590413e+01,8.868128923037930933e-02,-1.171600581913434240e+02,-1.168225774540639250e+00
2.899739789682393365e+01,-1.559892194250525321e+01,8.812039418922333611e-02,-1.171390720685208606e+02,-1.171777101712428548e+00
2.901666527084175939e+01,-1.558090299834986681e+01,8.756894167174901489e-02,-1.171181631984733116e+02,-1.175350774485343086e+00
2.903593264485958159e+01,-1.556283307085839240e+01,8.702693310510740965e-02,-1.170973332327397287e+02,-1.178947175416787285e+00
2.905520001887740378e+01,-1.554471425459106726e+01,8.649436601254734125e-02,-1.170765869913799264e+02,-1.182566717806573076e+00
2.907446739289522597e+01,-1.552654868423586620e+01,8.597123664729079684e-02,-1.170559321767493799e+02,-1.186209648224395563e+00
2.909373476691305171e+01,-1.550833853020931130e+01,8.545754281611137038e-02,-1.170353782405872067e+02,-1.189875893895550263e+00
2.911300214093087391e+01,-1.549008598205813669e+01,8.495328606251670300e-02,-1.170149347251225578e+02,-1.193564998970495505e+00
2.913226951494869610e+01,-1.547179322435402682e+01,8.445847256386559976e-02,-1.169946095511430144e+02,-1.197276168420927878e+00
2.915153688896651829e+01,-1.545346241204028104e+01,8.397311247414261659e-02,-1.169744077433082765e+02,-1.201008407542857537e+00
2.917080426298434404e+01,-1.543509565240359294e+01,8.349721790428760171e-02,-1.169543309599448691e+02,-1.204760717596339514e+00
2.919007163700216623e+01,-1.541669499892757500e+01,8.303080013801089621e-02,-1.169343779657855293e+02,-1.208532291844797601e+00
2.920933901101998842e+01,-1.539826245879205047e+01,8.257386691233893627e-02,-1.169145459166462473e+02,-1.212322655876649113e+00
2.922860638503781061e+01,-1.537980001174060973e+01,8.212642057856109346e-02,-1.168948320917832717e+02,-1.216131711780844782e+00
2.924787375905563636e+01,-1.536130963464600185e+01,8.168845770293257924e-02,-1.168752355795966622e+02,-1.219959673095712516e+00
2.926714113307345855e+01,-1.534279332437243326e+01,8.125997024232611832e-02,-1.168557584332432526e+02,-1.223806908685694639e+00
2.928640850709128074e+01,-1.532425311199077100e+01,8.084094796249723103e-02,-1.168364059622298186e+02,-1.227673739893180294e+00
2.930567588110910293e+01,-1.530569106392807655e+01,8.043138139465916270e-02,-1.168171860720430431e+02,-1.231560248925708478e+00
2.932494325512692868e+01,-1.528710926948900095e+01,8.003126446102817870e-02,-1.167981078362862917e+02,-1.235466153504240605e+00
2.934421062914475087e+01,-1.526850981823725206e+01,7.964059599205804141e-02,-1.167791797066416564e+02,-1.239390784078841401e+00
2.936347800316257306e+01,-1.524989477376726299e+01,7.925937968206991924e-02,-1.167604078717314309e+02,-1.243333170707896285e+00
2.938274537718039880e+01,-1.523126615151732111e+01,7.888762249084541045e-02,-1.167417952358248243e+02,-1.247292215317597819e+00
2.940201275119822455e+01,-1.521262590713055829e+01,7.852533196074590327e-02,-1.167233413131717441e+02,-1.251266900481981637e+00
2.942128012521604674e+01,-1.519397593878107955e+01,7.817251324432208937e-02,-1.167050430730466957e+02,-1.255256475152688678e+00
2.944054749923386893e+01,-1.517531810275769999e+01,7.782916672888658127e-02,-1.166868964984920893e+02,-1.259260564053278575e+00
2.945981487325169113e+01,-1.515665423765310393e+01,7.749528697286139911e-02,-1.166688984160413725e+02,-1.263279169028288074e+00
2.947908224726951687e+01,-1.513798618991848244e+01,7.717086328342774582e-02,-1.166510480736253470e+02,-1.267312561414590588e+00
2.949834962128733906e+01,-1.511931583309027971e+01,7.685588177909680185e-02,-1.166333480131026334e+02,-1.271361095722915557e+00
2.951761699530516125e+01,-1.510064507482766416e+01,7.655032833787221713e-02,-1.166158039834625129e+02,-1.275424997637188751e+00
2.953688436932298345e+01,-1.508197584948601744e+01,7.625419156405476018e-02,-1.165984239142664762e+02,-1.279504186994900428e+00
2.955615174334080919e+01,-1.506331009824069511e+01,7.596746489504743738e-02,-1.165812162383199393e+02,-1.283598186723725165e+00
2.957541911735863138e+01,-1.504464974249441411e+01,7.569014721886604957e-02,-1.165641880406434723e+02,-1.287706144362863014e+00
2.959468649137645357e+01,-1.502599665834181408e+01,7.542224181167259123e-02,-1.165473435632474519e+02,-1.291826960692161075e+00
2.961395386539427577e+01,-1.500735265960662446e+01,7.516375390252039157e-02,-1.165306834963169820e+02,-1.295959489281374832e+00
2.963322123941209796e+01,-1.498871949447240937e+01,7.491468758290739660e-02,-1.165142052636997647e+02,-1.300102750248874450e+00
2.965248861342992370e+01,-1.497009885672229856e+01,7.467504297830673821e-02,-1.164979042270860674e+02,-1.304256097108749346e+00
2.967175598744774589e+01,-1.495149240826781423e+01,7.444481452699738822e-02,-1.164817754696868661e+02,-1.308419288642766132e+00
2.969102336146556809e+01,-1.493290180626941321e+01,7.422399088793098232e-02,-1.164658156520799253e+02,-1.312592444633480682e+00
2.971029073548339028e+01,-1.491432872674235455e+01,7.401255651813573588e-02,-1.164500244089545049e+02,-1.316775897430375819e+00
2.972955810950121602e+01,-1.489577487753395602e+01,7.381049446372772715e-02,-1.164344048835862253e+02,-1.320969981244375147e+00
2.974882548351903822e+01,-1.487724199667375657e+01,7.361778954423474353e-02,-1.164189632413361011e+02,-1.325174819180857444e+00
2.976809285753686041e+01,-1.485873183642475226e+01,7.343443098719568130e-02,-1.164037072949873988e+02,-1.329390169056170690e+00
2.978736023155468260e+01,-1.484024613762230516e+01,7.326041372675973218e-02,-1.163886446300383426e+02,-1.333615372593519144e+00
2.980662760557250834e+01,-1.482178660181125807e+01,7.309573797196378120e-02,-1.163737807637908475e+02,-1.337849423268690829e+00
2.982589497959033054e+01,-1.480335486940139944e+01,7.294040716216675102e-02,-1.163591178658434018e+02,-1.342091134197278324e+00
2.984516235360815273e+01,-1.478495251033054814e+01,7.279442490764138907e-02,-1.163446544103193219e+02,-1.346339358690253674e+00
2.986442972762597492e+01,-1.476658103005107492e+01,7.265779181917333962e-02,-1.163303858659041765e+02,-1.350593200710654473e+00
2.988369710164380422e+01,-1.474824188911892975e+01,7.253050316969915368e-02,-1.163163062334007378e+02,-1.354852154926165619e+00
2.990296447566162641e+01,-1.472993653060842334e+01,7.241254808970584711e-02,-1.163024099965474250e+02,-1.359116135788065671e+00
2.992223184967944860e+01,-1.471166640721040508e+01,7.230391054668341977e-02,-1.162886939304407719e+02,-1.363385386555495682e+00
2.994149922369727079e+01,-1.469343299991246354e+01,7.220457182948659958e-02,-1.162751582487255178e+02,-1.367660293501611113e+00
2.996076659771509654e+01,-1.467523782261116949e+01,7.211451380886128859e-02,-1.162618067564179256e+02,-1.371941157876354733e+00
2.998003397173291873e+01,-1.465708241115578403e+01,7.203372200918697899e-02,-1.162486459577092290e+02,-1.376227990673284829e+00
2.999930134575074092e+01,-1.463896829994756388e+01,7.196218757591274495e-02,-1.162356833670812932e+02,-1.380520389171972617e+00
3.001856871976856311e+01,-1.462089699294586964e+01,7.189990754540337425e-02,-1.162229255019794465e+02,-1.384817531216756992e+00
3.003783609378638886e+01,-1.460286993764591656e+01,7.184688332471704519e-02,-1.162103761298121327e+02,-1.389118289727365285e+00
3.005710346780421105e+01,-1.458488850977084539e+01,7.180311782090692541e-02,-1.161980352732484079e+02,-1.393421435529152319e+00
3.007637084182203324e+01,-1.456695401328769890e+01,7.176861206416004779e-02,-1.161858992642854247e+02,-1.397725871077734938e+00
3.009563821583985543e+01,-1.454906769583126547e+01,7.174336232537388558e-02,-1.161739618394191922e+02,-1.402030828389503547e+00
3.011490558985768118e+01,-1.453123077503749272e+01,7.172735858860902758e-02,-1.161622159701047110e+02,-1.406335974240725761e+00
3.013417296387550337e+01,-1.451344446801265065e+01,7.172058484124692324e-02,-1.161506559097914391e+02,-1.410641391821501944e+00
3.015344033789332556e+01,-1.449571001518041768e+01,7.172302110703905609e-02,-1.161392788727797267e+02,-1.414947443182701381e+00
3.017270771191114775e+01,-1.447802869136375747e+01,7.173464662783342327e-02,-1.161280858610909519e+02,-1.419254551003585441e+00
3.019197508592897350e+01,-1.446040180071119963e+01,7.175544325372043564e-02,-1.161170813959434298e+02,-1.423562961628397572e+00
3.021124245994679569e+01,-1.444283065686368062e+01,7.178539803283966181e-02,-1.161062722224859698e+02,-1.427872557168526679e+00
3.023050983396461788e+01,-1.442531655416329883e+01,7.182450422321300099e-02,-1.160956653512347856e+02,-1.432182770927921567e+00
3.024977720798244007e+01,-1.440786073841341519e+01,7.187276041326048914e-02,-1.160852659925436257e+02,-1.436492631218715621e+00
3.026904458200026582e+01,-1.439046438589389609e+01,7.193016799834914266e-02,-1.160750759754043742e+02,-1.440800922041425736e+00
3.028831195601808801e+01,-1.437312859693991030e+01,7.199672775181246986e-02,-1.160650931077748851e+02,-1.445106415533107480e+00
3.030757933003591020e+01,-1.435585440610332242e+01,7.207243650333730600e-02,-1.160553116695863167e+02,-1.449408110165475660e+00
3.032684670405373240e+01,-1.433864280599510010e+01,7.215728491269295108e-02,-1.160457239066686128e+02,-1.453705406484657958e+00
3.034611407807155814e+01,-1.432149477781635127e+01,7.225125700747664359e-02,-1.160363221059446204e+02,-1.457998169505516639e+00
3.036538145208938388e+01,-1.430441131954833622e+01,7.235433163290927450e-02,-1.160271006620679799e+02,-1.462286658919374149e+00
3.038464882610720608e+01,-1.428739346340782035e+01,7.246648539363684249e-02,-1.160180575430153880e+02,-1.466571346001027232e+00
3.040391620012502827e+01,-1.427044227731382975e+01,7.258769622024892343e-02,-1.160091947293051931e+02,-1.470852668749270231e+00
3.042318357414285401e+01,-1.425355884983713040e+01,7.271794650127473558e-02,-1.160005174921150513e+02,-1.475130794954050195e+00
3.044245094816067621e+01,-1.423674426301940343e+01,7.285722484348444716e-02,-1.159920327073422328e+02,-1.479405461213288087e+00
3.046171832217849840e+01,-1.421999956109220165e+01,7.300552592511347361e-02,-1.159837466807533559e+02,-1.483675934732496371e+00
3.048098569619632059e+01,-1.420332572440417707e+01,7.316284847078545484e-02,-1.159756631036133285e+02,-1.487941109945969176e+00
3.050025307021414633e+01,-1.418672365637961974e+01,7.332919193634043764e-02,-1.159677817261489281e+02,-1.492199713461487498e+00
3.051952044423196853e+01,-1.417019418750737003e+01,7.350455287989685060e-02,-1.159600981356501990e+02,-1.496450559556138593e+00
3.053878781824979072e+01,-1.415373809531693894e+01,7.368892209582122987e-02,-1.159526047129321427e+02,-1.500692783448837719e+00
3.055805519226761291e+01,-1.413735613453242834e+01,7.388228336831523246e-02,-1.159452925038705899e+02,-1.504925985280334055e+00
3.057732256628543865e+01,-1.412104906852503561e+01,7.408461422524433015e-02,-1.159381534780053471e+02,-1.509150242701164268e+00
3.059658994030326085e+01,-1.410481769273799912e+01,7.429588847963536358e-02,-1.159311825302713430e+02,-1.513365987240111510e+00
3.061585731432108304e+01,-1.408866284308466277e+01,7.451607981254079749e-02,-1.159243786494833017e+02,-1.517573778641126303e+00
3.063512468833890523e+01,-1.407258538674804171e+01,7.474516533565327137e-02,-1.159177449107309457e+02,-1.521774040942828643e+00
3.065439206235673097e+01,-1.405658619803418219e+01,7.498312807066095931e-02,-1.159112872829556551e+02,-1.525966835647035058e+00
3.067365943637455317e+01,-1.404066612640260558e+01,7.522995759760230106e-02,-1.159050125827259734e+02,-1.530151737386708621e+00
3.069292681039237536e+01,-1.402482596617748811e+01,7.548564866459525624e-02,-1.158989261531447852e+02,-1.534327848714387432e+00
3.071219418441019755e+01,-1.400906643700988852e+01,7.575019815695749337e-02,-1.158930299309857190e+02,-1.538493951081168598e+00
3.073146155842802330e+01,-1.399338818102357251e+01,7.602360131531503418e-02,-1.158873214600243386e+02,-1.542648750006197611e+00
3.075072893244584549e+01,-1.397779177765010772e+01,7.630584832202144674e-02,-1.158817941425592011e+02,-1.546791145041689131e+00
3.076999630646366768e+01,-1.396227777189803732e+01,7.659692227355324734e-02,-1.158764386689803843e+02,-1.550920447365985000e+00
3.078926368048148987e+01,-1.394684670777040125e+01,7.689679915062652693e-02,-1.158712452269179636e+02,-1.555036482099983353e+00
3.080853105449931562e+01,-1.393149915695455476e+01,7.720544980726998241e-02,-1.158662058640033194e+02,-1.559139544877240269e+00
3.082779842851713781e+01,-1.391623573424751825e+01,7.752284339863189933e-02,-1.158613163279670317e+02,-1.563230223701540078e+00
3.084706580253496000e+01,-1.390105709507266241e+01,7.784895123494252334e-02,-1.158565768510020888e+02,-1.567309135888817373e+00
3.086633317655278219e+01,-1.388596391574587940e+01,7.818374991480861458e-02,-1.158519916429986978e+02,-1.571376654755738622e+00
