Frequency (GHz), Wave Refl (dB), Wave Refl (rad), Wave Trans (dB), Wave Trans (rad)
1.464320409837079007e+00,-9.372740489968414135e-01,3.118390966115514029e+00,-2.434004876628917913e+01,2.461323323059416257e+00
1.473954096743901987e+00,-9.386622494134317929e-01,3.118390087192565385e+00,-2.436325835847912202e+01,2.458590576739434486e+00
1.483587783650724967e+00,-9.400448175099772596e-01,3.118390607812836723e+00,-2.438638875892424451e+01,2.455878525527218859e+00
1.493221470557547503e+00,-9.414198827060800134e-01,3.118392612781507367e+00,-2.440944207550456468e+01,2.453183634838413951e+00
1.502855157464370484e+00,-9.427854058513223112e-01,3.118396058104911717e+00,-2.443243529129053115e+01,2.450503104824212741e+00
1.512488844371193464e+00,-9.441397942617244521e-01,3.118400781713522640e+00,-2.445539458482321749e+01,2.447835645698449802e+00
1.522122531278016222e+00,-9.454823677659278669e-01,3.118406549541093753e+00,-2.447834703833031256e+01,2.445181789472733236e+00
1.531756218184839202e+00,-9.468135391390865019e-01,3.118413122219128031e+00,-2.450131224605941327e+01,2.442543654715989110e+00
1.541389905091662182e+00,-9.481346615879928663e-01,3.118420321805036366e+00,-2.452429631450807790e+01,2.439924244837062162e+00
1.551023591998485163e+00,-9.494475972921377904e-01,3.118428078454399621e+00,-2.454728998829190090e+01,2.437326497078389664e+00
1.560657278905307699e+00,-9.507541436387223488e-01,3.118436443470719688e+00,-2.457027137941251738e+01,2.434752369107302084e+00
1.570290965812130679e+00,-9.520554933208769111e-01,3.118445565612141923e+00,-2.459321240431258460e+01,2.432202233588094842e+00
1.579924652718953659e+00,-9.533518900526073425e-01,3.118455638668171215e+00,-2.461608694972012401e+01,2.429674754875838616e+00
1.589558339625776640e+00,-9.546425789213530688e-01,3.118466836776129902e+00,-2.463887831019613373e+01,2.427167275780637290e+00
1.599192026532599398e+00,-9.559260593644482995e-01,3.118479257248105707e+00,-2.466158369969671327e+01,2.424676590318867397e+00
1.608825713439422378e+00,-9.572005574623849711e-01,3.118492887953722370e+00,-2.468421454794907177e+01,2.422199865777017624e+00
1.618459400346245358e+00,-9.584645701501404158e-01,3.118507608512990359e+00,-2.470679256910840138e+01,2.419735437191206540e+00
1.628093087253068116e+00,-9.597173157055629567e-01,3.118523224157795593e+00,-2.472934284798024862e+01,2.417283240273636391e+00
1.637726774159890875e+00,-9.609589569136255394e-01,3.118539521307935214e+00,-2.475188605331012326e+01,2.414844760585659333e+00
1.647360461066713855e+00,-9.621905348355185295e-01,3.118556327617625357e+00,-2.477443210856621647e+01,2.412422522761211052e+00
1.656994147973536835e+00,-9.634136397025137022e-01,3.118573558294230885e+00,-2.479697717547225011e+01,2.410019279778401025e+00
1.666627834880359593e+00,-9.646299240498283911e-01,3.118591235038695952e+00,-2.481950478883810618e+01,2.407637148501731161e+00
1.676261521787182573e+00,-9.658406083695170175e-01,3.118609472513286018e+00,-2.484199073396402468e+01,2.405276949409725695e+00
1.685895208694005554e+00,-9.670461284506091104e-01,3.118628437140420040e+00,-2.486441015293182488e+01,2.402937943427289280e+00
1.695528895600828312e+00,-9.682460275616280310e-01,3.118648291266676420e+00,-2.488674472829734441e+01,2.400618037564450358e+00
1.705162582507651070e+00,-9.694391205688525082e-01,3.118669139847897842e+00,-2.490898780441757054e+01,2.398314390418943898e+00
1.714796269414474050e+00,-9.706238745359403453e-01,3.118690995674747057e+00,-2.493114595520028232e+01,2.396024230648086117e+00
1.724429956321297031e+00,-9.717988863135100797e-01,3.118713773220456620e+00,-2.495323658991029347e+01,2.393745641107017263e+00
1.734063643228119789e+00,-9.729633109815959413e-01,3.118737312346269608e+00,-2.497528237582664090e+01,2.391478075654980273e+00
1.743697330134942769e+00,-9.741171129734456091e-01,3.118761424072285404e+00,-2.499730419172178841e+01,2.389222459155914802e+00
1.753331017041765749e+00,-9.752610679177863284e-01,3.118785944135606059e+00,-2.501931473473056755e+01,2.386980847814954565e+00
1.762964703948588507e+00,-9.763965199369735171e-01,3.118810778013987317e+00,-2.504131467314038417e+01,2.384755758214771149e+00
1.772598390855411488e+00,-9.775249727809967037e-01,3.118835924013019678e+00,-2.506329244900896924e+01,2.382549370179124271e+00
1.782232077762234246e+00,-9.786476416333079742e-01,3.118861467913126795e+00,-2.508522773106415471e+01,2.380362842811726498e+00
1.791865764669057226e+00,-9.797651016221879949e-01,3.118887551386346324e+00,-2.510709743227284108e+01,2.378195945631996988e+00
1.801499451575879984e+00,-9.808771370651959698e-01,3.118914324257722637e+00,-2.512888245956009570e+01,2.376047109841367355e+00
1.811133138482702964e+00,-9.819828327710966587e-01,3.118941895349794713e+00,-2.515057317253872071e+01,2.373913878014692447e+00
1.820766825389525945e+00,-9.830808748579618062e-01,3.118970296772092254e+00,-2.517217194316548756e+01,2.371793612052963685e+00
1.830400512296348703e+00,-9.841699660094764823e-01,3.118999472157121478e+00,-2.519369209711456747e+01,2.369684244299969045e+00
1.840034199203171683e+00,-9.852492275028646995e-01,3.119029291905881518e+00,-2.521515360811271833e+01,2.367584847117063074e+00
1.849667886109994441e+00,-9.863184669187694542e-01,3.119059590294468887e+00,-2.523657687940520589e+01,2.365495853833865514e+00
1.859301573016817422e+00,-9.873782334139757921e-01,3.119090212800298190e+00,-2.525797649616833951e+01,2.363418870558624540e+00
1.868935259923640180e+00,-9.884296481136227719e-01,3.119121059155762765e+00,-2.527935681197746121e+01,2.361356141226282013e+00
1.878568946830463160e+00,-9.894740652975977380e-01,3.119152109215719282e+00,-2.530071065725674373e+01,2.359309830616600934e+00
1.888202633737286140e+00,-9.905126700199508027e-01,3.119183424168753049e+00,-2.532202150816825537e+01,2.357281341811783726e+00
1.897836320644109120e+00,-9.915461348997184343e-01,3.119215123211837248e+00,-2.534326841844368516e+01,2.355270871119111042e+00
1.907470007550931879e+00,-9.925744385485841814e-01,3.119247343211900780e+00,-2.536443220312055047e+01,2.353277329798110440e+00
1.917103694457754859e+00,-9.935968973066268140e-01,3.119280193866378781e+00,-2.538550101096009826e+01,2.351298650717382532e+00
1.926737381364577617e+00,-9.946123965606681328e-01,3.119313721990492283e+00,-2.540647363066817377e+01,2.349332382930903407e+00
1.936371068271400375e+00,-9.956197479305541886e-01,3.119347895540477200e+00,-2.542735957582396011e+01,2.347376392537936951e+00
1.946004755178223355e+00,-9.966180620210052243e-01,3.119382611819480733e+00,-2.544817596909641466e+01,2.345429459004395589e+00
1.955638442085046336e+00,-9.976070238424895598e-01,3.119417726925903356e+00,-2.546894220207933657e+01,2.343491590366779675e+00
1.965272128991869316e+00,-9.985869895407712971e-01,3.119453097144951226e+00,-2.548967399715724724e+01,2.341563967243963429e+00
1.974905815898692074e+00,-9.995588785787744568e-01,3.119488619553013375e+00,-2.551037865263478110e+01,2.339648537687931906e+00
1.984539502805515054e+00,-1.000523897779406424e+00,3.119524259581768710e+00,-2.553105287358092568e+01,2.337747388762359879e+00
1.994173189712338035e+00,-1.001483183740972116e+00,3.119560057457123836e+00,-2.555168379963294356e+01,2.335862085549588851e+00
2.003806876619160793e+00,-1.002437473179689453e+00,3.119596111959726858e+00,-2.557225287889525589e+01,2.333993175360621564e+00
2.013440563525983773e+00,-1.003386900285715644e+00,3.119632546832938669e+00,-2.559274139255194314e+01,2.332140002960075176e+00
2.023074250432806309e+00,-1.004330979983047767e+00,3.119669470307618209e+00,-2.561313595775761343e+01,2.330300887840630164e+00
2.032707937339629289e+00,-1.005268778743520608e+00,3.119706940100304582e+00,-2.563343236464778840e+01,2.328473605758950793e+00
2.042341624246452270e+00,-1.006199217913407384e+00,3.119744944362358385e+00,-2.565363662265244926e+01,2.326656026553072021e+00
2.051975311153275250e+00,-1.007121415473722026e+00,3.119783404048254383e+00,-2.567376294051550545e+01,2.324846715477891568e+00
2.061608998060098230e+00,-1.008034962240334842e+00,3.119822195600629566e+00,-2.569382928499667074e+01,2.323045318776717494e+00
2.071242684966920766e+00,-1.008940050188442017e+00,3.119861186730191083e+00,-2.571385187839208086e+01,2.321252621138543581e+00
2.080876371873743746e+00,-1.009837416745564598e+00,3.119900274240385851e+00,-2.573384029360827796e+01,2.319470262279647699e+00
2.090510058780566727e+00,-1.010728125158852686e+00,3.119939412425439595e+00,-2.575379460447699032e+01,2.317700201891467859e+00
2.100143745687389707e+00,-1.011613250230120720e+00,3.119978623622719827e+00,-2.577370541567868045e+01,2.315944096149516795e+00
2.109777432594212687e+00,-1.012493566091724029e+00,3.120017988042694590e+00,-2.579355672591717408e+01,2.314202773249706802e+00
2.119411119501035667e+00,-1.013369330381796107e+00,3.120057616313753890e+00,-2.581333073232127617e+01,2.312475963466984030e+00
2.129044806407858204e+00,-1.014240228390353771e+00,3.120097613343777887e+00,-2.583301311509391240e+01,2.310762361236176066e+00
2.138678493314681184e+00,-1.015105491287263906e+00,3.120138044575609726e+00,-2.585259721577884662e+01,2.309059996532617287e+00
2.148312180221504164e+00,-1.015964149675150807e+00,3.120178914798422465e+00,-2.587208587289584116e+01,2.307366800581004629e+00
2.157945867128326700e+00,-1.016815343466198840e+00,3.120220165706451443e+00,-2.589149039499117677e+01,2.305681194181799842e+00
2.167579554035150124e+00,-1.017658593404300538e+00,3.120261692622679384e+00,-2.591082701443269798e+01,2.304002522320354629e+00
2.177213240941972661e+00,-1.018493952762458354e+00,3.120303375003290469e+00,-2.593011191485814138e+01,2.302331206963038834e+00
2.186846927848795197e+00,-1.019321995358044797e+00,3.120345111262963211e+00,-2.594935633791255469e+01,2.300668575896464674e+00
2.196480614755618621e+00,-1.020143646265265103e+00,3.120386847314077894e+00,-2.596856323190248617e+01,2.299016422887709687e+00
2.206114301662441157e+00,-1.020959909066723403e+00,3.120428590292153803e+00,-2.598772642546774136e+01,2.297376434066883188e+00
2.215747988569264582e+00,-1.021771573873475392e+00,3.120470403562483952e+00,-2.600683254236290409e+01,2.295749653744541874e+00
2.225381675476087118e+00,-1.022578994755622750e+00,3.120512384829094987e+00,-2.602586505134922135e+01,2.294136148986027468e+00
2.235015362382910098e+00,-1.023382002763521204e+00,3.120554634247432180e+00,-2.604480921384573122e+01,2.292534970938488570e+00
2.244649049289733078e+00,-1.024179978618635856e+00,3.120597222351625177e+00,-2.606365643776078400e+01,2.290944420975535412e+00
2.254282736196555614e+00,-1.024972060464172108e+00,3.120640167502270579e+00,-2.608240674092017741e+01,2.289362538379753342e+00
2.263916423103378595e+00,-1.025757421615023812e+00,3.120683429522409291e+00,-2.610106860869853307e+01,2.287787660901805520e+00
2.273550110010201575e+00,-1.026535533128839273e+00,3.120726921184230118e+00,-2.611965631941898991e+01,2.286218889451637981e+00
2.283183796917024555e+00,-1.027306331989382038e+00,3.120770533781980216e+00,-2.613818556868845988e+01,2.284656318906107320e+00
2.292817483823847091e+00,-1.028070245523853954e+00,3.120814168825602142e+00,-2.615666872318877978e+01,2.283100968721531565e+00
2.302451170730670515e+00,-1.028828066964351473e+00,3.120857766165494152e+00,-2.617511112923376260e+01,2.281554437705950011e+00
2.312084857637493052e+00,-1.029580722183374597e+00,3.120901320093342424e+00,-2.619350956860245105e+01,2.280018389556616842e+00
2.321718544544316032e+00,-1.030328999924497557e+00,3.120944878736582329e+00,-2.621185329877832970e+01,2.278494025138838364e+00
2.331352231451139012e+00,-1.031073327749669977e+00,3.120988527193283346e+00,-2.623012733641628813e+01,2.276981699644625490e+00
2.340985918357961548e+00,-1.031813660794492327e+00,3.121032359767170750e+00,-2.624831697536430752e+01,2.275480797625311968e+00
2.350619605264784973e+00,-1.032549515234728821e+00,3.121076449876674097e+00,-2.626641217209795798e+01,2.273989900432735745e+00
2.360253292171607509e+00,-1.033280134077822598e+00,3.121120826781875301e+00,-2.628441048612256736e+01,2.272507192633518969e+00
2.369886979078430489e+00,-1.034004733041222313e+00,3.121165466067894911e+00,-2.630231771034424781e+01,2.271030982932448428e+00
2.379520665985253469e+00,-1.034722750849205619e+00,3.121210296552723751e+00,-2.632014602844049023e+01,2.269560182197521758e+00
2.389154352892076449e+00,-1.035434028107442561e+00,3.121255221275458958e+00,-2.633791027939451368e+01,2.268094595811541936e+00
2.398788039798898986e+00,-1.036138861694433588e+00,3.121300145995011377e+00,-2.635562347001145866e+01,2.266634944852002231e+00
2.408421726705721966e+00,-1.036837920098794719e+00,3.121345006456311744e+00,-2.637329288842067854e+01,2.265182612827882913e+00
2.418055413612544946e+00,-1.037532047445351324e+00,3.121389786187077853e+00,-2.639091797606091561e+01,2.263739196935497855e+00
2.427689100519367482e+00,-1.038222017227726557e+00,3.121434519579497913e+00,-2.640849057600769711e+01,2.262306000435715614e+00
2.437322787426190907e+00,-1.038908311069373092e+00,3.121479279544932872e+00,-2.642599745713646797e+01,2.260883618872034262e+00
2.446956474333013443e+00,-1.039590989126317533e+00,3.121524153710562910e+00,-2.644342433314503893e+01,2.259471743095967877e+00
2.456590161239836867e+00,-1.040269690005291015e+00,3.121569216536315583e+00,-2.646076015588295860e+01,2.258069235813669806e+00
2.466223848146659403e+00,-1.040943758297059540e+00,3.121614505855657029e+00,-2.647800039296414099e+01,2.256674455795952827e+00
2.475857535053481939e+00,-1.041612459216487263e+00,3.121660010878485991e+00,-2.649514831764285816e+01,2.255285729902671843e+00
2.485491221960305364e+00,-1.042275214064770417e+00,3.121705675120199253e+00,-2.651221394533282449e+01,2.253901829788069744e+00
2.495124908867127900e+00,-1.042931784897721315e+00,3.121751413150656074e+00,-2.652921096094616615e+01,2.252522310276464435e+00
2.504758595773950880e+00,-1.043582353211266023e+00,3.121797135888241037e+00,-2.654615258008270118e+01,2.251147609432825991e+00
2.514392282680773860e+00,-1.044227470353036979e+00,3.121842776653400264e+00,-2.656304759645726676e+01,2.249778882896185550e+00
2.524025969587596840e+00,-1.044867896537242657e+00,3.121888310079030671e+00,-2.657989779844256972e+01,2.248417624993064301e+00
2.533659656494419377e+00,-1.045504378831694448e+00,3.121933758252544600e+00,-2.659669751455083286e+01,2.247065192471651152e+00
2.543293343401242357e+00,-1.046137436242427166e+00,3.121979182412346621e+00,-2.661343540173713507e+01,2.245722374644749664e+00
2.552927030308065337e+00,-1.046767216894675334e+00,3.122024662920385385e+00,-2.663009791715866825e+01,2.244389138332211431e+00
2.562560717214888317e+00,-1.047393469545242706e+00,3.122070273744320001e+00,-2.664667341509623100e+01,2.243064622297228361e+00
2.572194404121711298e+00,-1.048015636433534903e+00,3.122116059257059817e+00,-2.666315563384973686e+01,2.241747380311161386e+00
2.581828091028533834e+00,-1.048633037628062148e+00,3.122162020349078748e+00,-2.667954553269557039e+01,2.240435797405206930e+00
2.591461777935357258e+00,-1.049245089732237624e+00,3.122208113929576090e+00,-2.669585094450259533e+01,2.239128552652109860e+00
2.601095464842179794e+00,-1.049851492206675729e+00,3.122254265779797588e+00,-2.671208417057751916e+01,2.237824989140560827e+00
2.610729151749002774e+00,-1.050452325307109636e+00,3.122300392677654468e+00,-2.672825826053288978e+01,2.236525281090383732e+00
2.620362838655825755e+00,-1.051048031190994436e+00,3.122346426960912691e+00,-2.674438310675936847e+01,2.235230350065541938e+00
2.629996525562648291e+00,-1.051639285534271773e+00,3.122392336052174588e+00,-2.676046252688446714e+01,2.233941557997366267e+00
2.639630212469471271e+00,-1.052226800069272272e+00,3.122438131098513647e+00,-2.677649319917666304e+01,2.232660271365655369e+00
2.649263899376294251e+00,-1.052811116827099713e+00,3.122483862256982157e+00,-2.679246575150289544e+01,2.231387428549194585e+00
2.658897586283117231e+00,-1.053392456547907363e+00,3.122529602236965740e+00,-2.680836765577813807e+01,2.230123240088702996e+00
2.668531273189939768e+00,-1.053970666458125649e+00,3.122575423246285009e+00,-2.682418704180580704e+01,2.228867110480455160e+00
2.678164960096763192e+00,-1.054545281892731445e+00,3.122621374416543194e+00,-2.683991627709918859e+01,2.227617802811406644e+00
2.687798647003585728e+00,-1.055115681550378381e+00,3.122667466542287773e+00,-2.685555424048468254e+01,2.226373794464550304e+00
2.697432333910408708e+00,-1.055681288070279944e+00,3.122713668660364039e+00,-2.687110661966444525e+01,2.225133715256788047e+00
2.707066020817231689e+00,-1.056241752534277989e+00,3.122759917347370795e+00,-2.688658416271494644e+01,2.223896735670149560e+00
2.716699707724054225e+00,-1.056797067188658623e+00,3.122806135747382417e+00,-2.690199942852673942e+01,2.222662789120656068e+00
2.726333394630877649e+00,-1.057347573174176381e+00,3.122852256433184426e+00,-2.691736302638769018e+01,2.221432563184982278e+00
2.735967081537700185e+00,-1.057893862311363398e+00,3.122898241120683149e+00,-2.693268047831956125e+01,2.220207264695100768e+00
2.745600768444523165e+00,-1.058436604108903500e+00,3.122944091302067626e+00,-2.694795063963396942e+01,2.218988231408022926e+00
2.755234455351346146e+00,-1.058976351414907313e+00,3.122989846693739135e+00,-2.696316613655259076e+01,2.217776508265822955e+00
2.764868142258168682e+00,-1.059513383902948025e+00,3.123035572128773918e+00,-2.697831567026604915e+01,2.216572515745869776e+00
2.774501829164991662e+00,-1.060047636343972366e+00,3.123081337017706627e+00,-2.699338747826612561e+01,2.215375908972085917e+00
2.784135516071814642e+00,-1.060578732306697081e+00,3.123127193700176552e+00,-2.700837290303242710e+01,2.214185668097744308e+00
2.793769202978637622e+00,-1.061106111706745514e+00,3.123173161264244158e+00,-2.702326899552362960e+01,2.213000390668030448e+00
2.803402889885460159e+00,-1.061629212328132787e+00,3.123219219668020408e+00,-2.703807938059822646e+01,2.211818696280276608e+00
2.813036576792283583e+00,-1.062147649593120358e+00,3.123265315813361198e+00,-2.705281314070995791e+01,2.210639620955958673e+00
2.822670263699106119e+00,-1.062661340100440999e+00,3.123311379577215163e+00,-2.706748207179991539e+01,2.209462882878272971e+00
2.832303950605929099e+00,-1.063170532192792450e+00,3.123357344813088243e+00,-2.708209715085004632e+01,2.208288940910038800e+00
2.841937637512752080e+00,-1.063675735465431149e+00,3.123403168891720316e+00,-2.709666528322518886e+01,2.207118830283085309e+00
2.851571324419574616e+00,-1.064177571867420680e+00,3.123448844874408437e+00,-2.711118730369841501e+01,2.205953826890326486e+00
2.861205011326398040e+00,-1.064676594531682952e+00,3.123494402720473850e+00,-2.712565781955285615e+01,2.204795042563934881e+00
2.870838698233220576e+00,-1.065173129673451680e+00,3.123539899300201039e+00,-2.714006692586241343e+01,2.203643073480472392e+00
2.880472385140043556e+00,-1.065667189209407617e+00,3.123585400381374999e+00,-2.715440326087687239e+01,2.202497806775909339e+00
2.890106072046866537e+00,-1.066158479713773310e+00,3.123630960151472014e+00,-2.716865747187494051e+01,2.201358442019226036e+00
2.899739758953689517e+00,-1.066646503800744661e+00,3.123676604515595479e+00,-2.718282504677141631e+01,2.200223719169432268e+00
2.909373445860512053e+00,-1.067130722047437974e+00,3.123722323188234729e+00,-2.719690766648037084e+01,2.199092282684223854e+00
2.919007132767335033e+00,-1.067610725607887057e+00,3.123768072868700951e+00,-2.721091268500515881e+01,2.197963071159732884e+00
2.928640819674158013e+00,-1.068086367038741935e+00,3.123813790401166468e+00,-2.722485091038631921e+01,2.196835615201535585e+00
2.938274506580980994e+00,-1.068557810170708056e+00,3.123859411806004349e+00,-2.723873336861961647e+01,2.195710154870768260e+00
2.947908193487803974e+00,-1.069025484886058752e+00,3.123904891338827650e+00,-2.725256803190351462e+01,2.194587543068089897e+00
2.957541880394626510e+00,-1.069489961671782563e+00,3.123950214796193059e+00,-2.726635749422589328e+01,2.193468965818534233e+00
2.967175567301449934e+00,-1.069951784966673758e+00,3.123995403101722079e+00,-2.728009828384091406e+01,2.192355565114049831e+00
2.976809254208272471e+00,-1.070411316346122188e+00,3.124040505201827411e+00,-2.729378200453097492e+01,2.191248078452816106e+00
2.986442941115095007e+00,-1.070868634991055446e+00,3.124085582553988605e+00,-2.730739794677967325e+01,2.190146603193701580e+00
2.996076628021918431e+00,-1.071323524946537598e+00,3.124130690012921097e+00,-2.732093637166861910e+01,2.189050555427414668e+00
3.005710314928740967e+00,-1.071775552001846599e+00,3.124175858955113405e+00,-2.733439147501723454e+01,2.187958834041003886e+00
3.015344001835563947e+00,-1.072224205809372277e+00,3.124221087733954239e+00,-2.734776314377248951e+01,2.186870138903274530e+00
3.024977688742386928e+00,-1.072669063361124886e+00,3.124266342274092167e+00,-2.736105698722141000e+01,2.185783346209493327e+00
3.034611375649209908e+00,-1.073109923981002467e+00,3.124311566505261428e+00,-2.737428264865167904e+01,2.184697827676933102e+00
3.044245062556032444e+00,-1.073546875215760643e+00,3.124356699354842171e+00,-2.738745091991749803e+01,2.183613618152109304e+00
3.053878749462855424e+00,-1.073980270443394058e+00,3.124401693067361485e+00,-2.740057053650880903e+01,2.182531382593881464e+00
3.063512436369678404e+00,-1.074410626020566362e+00,3.124446527277666252e+00,-2.741364561890154761e+01,2.181452194112637688e+00
3.073146123276501385e+00,-1.074838470106977084e+00,3.124491214617391766e+00,-2.742667452326948663e+01,2.180377191398223058e+00
3.082779810183324365e+00,-1.075264189590663166e+00,3.124535796251628916e+00,-2.743965043467558118e+01,2.179307219496030790e+00
3.092413497090146901e+00,-1.075687921577920703e+00,3.124580328815867336e+00,-2.745256350966942449e+01,2.178242562000532345e+00
3.102047183996970325e+00,-1.076109521858033657e+00,3.124624866815169710e+00,-2.746540391141965642e+01,2.177182844368069858e+00
3.111680870903792862e+00,-1.076528619030113987e+00,3.124669445877506391e+00,-2.747816481775367947e+01,2.176127135977655946e+00
3.121314557810615398e+00,-1.076944736893232557e+00,3.124714071932512827e+00,-2.749084449814409581e+01,2.175074218606984910e+00
3.130948244717438822e+00,-1.077357447189363437e+00,3.124758719531606665e+00,-2.750344684300289444e+01,2.174022939224849349e+00
3.140581931624261358e+00,-1.077766506009611991e+00,3.124803339715610306e+00,-2.751598019912254856e+01,2.172972540328681035e+00
3.150215618531084338e+00,-1.078171932657686849e+00,3.124847874934757463e+00,-2.752845487564965765e+01,2.171922868705782328e+00
3.159849305437907319e+00,-1.078574007687169933e+00,3.124892276414299008e+00,-2.754088008156409728e+01,2.170874400893052059e+00
3.169482992344730299e+00,-1.078973191614032601e+00,3.124936518668568031e+00,-2.755326121997099165e+01,2.169828079235676999e+00
3.179116679251553279e+00,-1.079369989857903001e+00,3.124980606790809468e+00,-2.756559834935160325e+01,2.168785009412034004e+00
3.188750366158376259e+00,-1.079764805496399305e+00,3.125024574386851217e+00,-2.757788626443780799e+01,2.167746111481795079e+00
3.198384053065198795e+00,-1.080157824652568710e+00,3.125068472883320680e+00,-2.759011615902162617e+01,2.166711829709808246e+00
3.208017739972021776e+00,-1.080548968937542709e+00,3.125112355550286214e+00,-2.760227835801331508e+01,2.165681987899517491e+00
3.217651426878844756e+00,-1.080937928643391777e+00,3.125156261145203729e+00,-2.761436528883316299e+01,2.164655832545141045e+00
3.227285113785667292e+00,-1.081324265727859224e+00,3.125200202146104278e+00,-2.762637379685413563e+01,2.163632249315502687e+00
3.236918800692490716e+00,-1.081707554573492658e+00,3.125244161094950623e+00,-2.763830611394601533e+01,2.162610086377021901e+00
3.246552487599313253e+00,-1.082087517389815456e+00,3.125288096072629251e+00,-2.765016919977294663e+01,2.161588486462680869e+00
3.256186174506136233e+00,-1.082464113220856561e+00,3.125331953544709940e+00,-2.766197266718464931e+01,2.160567127758354022e+00
3.265819861412959213e+00,-1.082837554044646877e+00,3.125375684599313253e+00,-2.767372592711343415e+01,2.159546301921313471e+00
3.275453548319781749e+00,-1.083208243863739373e+00,3.125419259611843081e+00,-2.768543541778383599e+01,2.158526807110720647e+00
3.285087235226604729e+00,-1.083576660102178124e+00,3.125462676902207804e+00,-2.769710275050537263e+01,2.157509689700975564e+00
3.294720922133427710e+00,-1.083943213926823246e+00,3.125505962820955830e+00,-2.770872432198391166e+01,2.156495913547750831e+00
3.304354609040250690e+00,-1.084308132116383216e+00,3.125549163329528923e+00,-2.772029249791609828e+01,2.155486056807740525e+00
3.313988295947073670e+00,-1.084671396107460994e+00,3.125592329720715767e+00,-2.773179799958135661e+01,2.154480127237226483e+00
3.323621982853896650e+00,-1.085032756115090979e+00,3.125635502875840022e+00,-2.774323276641457525e+01,2.153477550572499233e+00
3.333255669760719186e+00,-1.085391815249608483e+00,3.125678700852844827e+00,-2.775459243002655896e+01,2.152477334135227238e+00
3.342889356667542167e+00,-1.085748157359792021e+00,3.125721913537979013e+00,-2.776587765862267787e+01,2.151478355091035244e+00
3.352523043574365147e+00,-1.086101479335288778e+00,3.125765105910595310e+00,-2.777709397627894461e+01,2.150479685682871622e+00
3.362156730481187683e+00,-1.086451687658342546e+00,3.125808228839950242e+00,-2.778825012343509115e+01,2.149480857322542349e+00
3.371790417388011107e+00,-1.086798930265675311e+00,3.125851234057846817e+00,-2.779935546325853579e+01,2.148481984593980432e+00
3.381424104294833644e+00,-1.087143554718921656e+00,3.125894088718193409e+00,-2.781041722144750139e+01,2.147483712987801496e+00
3.391057791201656624e+00,-1.087486006145174988e+00,3.125936785127492179e+00,-2.782143839078223380e+01,2.146487007480005538e+00
3.400691478108479604e+00,-1.087826696553773731e+00,3.125979342741783462e+00,-2.783241692523372279e+01,2.145492846776715368e+00
3.410325165015302140e+00,-1.088165885499662311e+00,3.126021801903159592e+00,-2.784334645587878754e+01,2.144501915890236532e+00
3.419958851922125120e+00,-1.088503608208775564e+00,3.126064211301991413e+00,-2.785421830163123857e+01,2.143514389495183803e+00
3.429592538828948101e+00,-1.088839672503480571e+00,3.126106613035428694e+00,-2.786502416026068829e+01,2.142529870519615187e+00
3.439226225735771081e+00,-1.089173724762332096e+00,3.126149029823034109e+00,-2.787575866520536039e+01,2.141547501264121856e+00
3.448859912642594061e+00,-1.089505364188105840e+00,3.126191458239255816e+00,-2.788642104010980560e+01,2.140566212319951145e+00
3.458493599549417041e+00,-1.089834270201447852e+00,3.126233869956722700e+00,-2.789701536019764916e+01,2.139585033359990618e+00
3.468127286456239577e+00,-1.090160304147052894e+00,3.126276220542178574e+00,-2.790754935247180768e+01,2.138603371833382560e+00
3.477760973363063002e+00,-1.090483554687980083e+00,3.126318463058372021e+00,-2.791803210688319936e+01,2.137621175971545107e+00
3.487394660269885538e+00,-1.090804313667606440e+00,3.126360562293577949e+00,-2.792847139533337852e+01,2.136638933964901899e+00
3.497028347176708074e+00,-1.091122990462530140e+00,3.126402505291537626e+00,-2.793887140788120860e+01,2.135657510819895410e+00
3.506662034083531498e+00,-1.091439991445701363e+00,3.126444305021013115e+00,-2.794923158376139583e+01,2.134677873203636445e+00
3.516295720990354035e+00,-1.091755601508681783e+00,3.126485996138538503e+00,-2.795954688044004044e+01,2.133700785872976624e+00
3.525929407897177015e+00,-1.092069903600988212e+00,3.126527624209103795e+00,-2.796980938899359970e+01,2.132726571195093346e+00
3.535563094803999995e+00,-1.092382760346608972e+00,3.126569231722485576e+00,-2.798001079997027318e+01,2.131755003617623601e+00
3.545196781710822975e+00,-1.092693862711939579e+00,3.126610845183118492e+00,-2.799014497173762805e+01,2.130785369837628007e+00
3.554830468617645955e+00,-1.093002830290637162e+00,3.126652467183570927e+00,-2.800020982789963853e+01,2.129816675351884125e+00
3.564464155524468492e+00,-1.093309332247562438e+00,3.126694075820232399e+00,-2.801020801783251812e+01,2.128847934167387379e+00
3.574097842431291472e+00,-1.093613191991308353e+00,3.126735631557361561e+00,-2.802014615072802783e+01,2.127878453887919186e+00
3.583731529338114452e+00,-1.093914443943724502e+00,3.126777089382731134e+00,-2.803003284420648100e+01,2.126908030434394803e+00
3.593365216244937432e+00,-1.094213325627386268e+00,3.126818412511992662e+00,-2.803987618343763089e+01,2.125936994491348653e+00
3.602998903151759968e+00,-1.094510208096559634e+00,3.126859583464594472e+00,-2.804968135953049568e+01,2.124966096816488292e+00
3.612632590058583393e+00,-1.094805486432619324e+00,3.126900609172419188e+00,-2.805944919620700517e+01,2.123996268112575247e+00
3.622266276965405929e+00,-1.095099463945206297e+00,3.126941518626507488e+00,-2.806917600132400992e+01,2.123028326613889405e+00
3.631899963872228465e+00,-1.095392265310875191e+00,3.126982353847656437e+00,-2.807885477820182274e+01,2.122062721720649137e+00
3.641533650779051889e+00,-1.095683804757546786e+00,3.127023156986757702e+00,-2.808847742254961588e+01,2.121099390534034956e+00
3.651167337685874426e+00,-1.095973818437962821e+00,3.127063957509558456e+00,-2.809803723700890998e+01,2.120137769640249470e+00
3.660801024592697406e+00,-1.096261950554213493e+00,3.127104763357550610e+00,-2.810753100449026931e+01,2.119176957489119939e+00
3.670434711499520386e+00,-1.096547866568466256e+00,3.127145558732475017e+00,-2.811695999957413150e+01,2.118215977430664143e+00
3.680068398406343366e+00,-1.096831358858326499e+00,3.127186309115352891e+00,-2.812632964123585566e+01,2.117254061533134557e+00
3.689702085313166346e+00,-1.097112412793613156e+00,3.127226971927917543e+00,-2.813564790120245718e+01,2.116290869624530835e+00
3.699335772219988883e+00,-1.097391213531069276e+00,3.127267509545322177e+00,-2.814492295590440207e+01,2.115326578116413447e+00
3.708969459126811863e+00,-1.097668092013195151e+00,3.127307900685395214e+00,-2.815416079399587090e+01,2.114361812831873522e+00
3.718603146033634843e+00,-1.097943427137692662e+00,3.127348146729629796e+00,-2.816336349953313700e+01,2.113397447178052779e+00
3.728236832940457823e+00,-1.098217534220957470e+00,3.127388271102412798e+00,-2.817252872240198514e+01,2.112434327348378549e+00
3.737870519847280359e+00,-1.098490573764492773e+00,3.127428311960817719e+00,-2.818165048682737961e+01,2.111473007739695262e+00
3.747504206754103784e+00,-1.098762508054202280e+00,3.127468310476942737e+00,-2.819072108529633525e+01,2.110513576107584832e+00
3.757137893660926320e+00,-1.099033118340727144e+00,3.127508298312689394e+00,-2.819973348049703787e+01,2.109555620437173484e+00
3.766771580567749300e+00,-1.099302076830684927e+00,3.127548288099389673e+00,-2.820868348900046030e+01,2.108598346513761435e+00
3.776405267474572280e+00,-1.099569051121156216e+00,3.127588269787272779e+00,-2.821757109105147521e+01,2.107640809766836654e+00
3.786038954381394817e+00,-1.099833809056667056e+00,3.127628213920722544e+00,-2.822640047835896482e+01,2.106682190817285250e+00
3.795672641288218241e+00,-1.100096292148527999e+00,3.127668080781826010e+00,-2.823517883433332543e+01,2.105722031493055368e+00
3.805306328195040777e+00,-1.100356635533294991e+00,3.127707832571481550e+00,-2.824391422277704322e+01,2.104760360563544985e+00
3.814940015101863757e+00,-1.100615128885829019e+00,3.127747444899946494e+00,-2.825261322665869912e+01,2.103797672136017205e+00
3.824573702008686737e+00,-1.100872130690331963e+00,3.127786914101835070e+00,-2.826127904919710332e+01,2.102834764254608135e+00
3.834207388915509718e+00,-1.101127962332135279e+00,3.127826258190208986e+00,-2.826991064531931031e+01,2.101872487243357401e+00
3.843841075822332254e+00,-1.101382814368218721e+00,3.127865511216334937e+00,-2.827850313762134959e+01,2.100911478133006938e+00
3.853474762729155234e+00,-1.101636693347475493e+00,3.127904712807171084e+00,-2.828704938283938475e+01,2.099951961167663583e+00
3.863108449635978214e+00,-1.101889424981424392e+00,3.127943896102043375e+00,-2.829554220966113576e+01,2.098993673965307227e+00
3.872742136542800750e+00,-1.102140712206886031e+00,3.127983077767962694e+00,-2.830397664993235551e+01,2.098035940701313606e+00
3.882375823449624175e+00,-1.102390230017277872e+00,3.128022253109214557e+00,-2.831235149181189215e+01,2.097077869297441666e+00
3.892009510356446711e+00,-1.102637727926453426e+00,3.128061397712683434e+00,-2.832066969199438944e+01,2.096118612427511074e+00
3.901643197263269691e+00,-1.102883108863934591e+00,3.128100475072045139e+00,-2.832893753068470488e+01,2.095157613346038783e+00
3.911276884170092671e+00,-1.103126460732287040e+00,3.128139447822152253e+00,-2.833716277226036340e+01,2.094194762654235653e+00
3.920910571076915208e+00,-1.103368031447113040e+00,3.128178289138515922e+00,-2.834535239201321843e+01,2.093230419435575307e+00
3.930544257983738632e+00,-1.103608155532025847e+00,3.128216990836368172e+00,-2.835351055603547721e+01,2.092265291333047283e+00
3.940177944890561168e+00,-1.103847154992068980e+00,3.128255565736515198e+00,-2.836163746036710265e+01,2.091300210618484812e+00
3.949811631797384148e+00,-1.104085244809193345e+00,3.128294043628137899e+00,-2.836972937285128538e+01,2.090335874337410971e+00
3.959445318704207128e+00,-1.104322471739404454e+00,3.128332462110099410e+00,-2.837777985702336636e+01,2.089372626957493484e+00
3.969079005611030109e+00,-1.104558704727014229e+00,3.128370855137591278e+00,-2.838578180190163636e+01,2.088410350640101498e+00
3.978712692517852645e+00,-1.104793679411109952e+00,3.128409242774158994e+00,-2.839372964153188761e+01,2.087448495446395658e+00
3.988346379424676069e+00,-1.105027082741317335e+00,3.128447625253232722e+00,-2.840162109502863075e+01,2.086486239467735704e+00
3.997980066331498605e+00,-1.105258651649834389e+00,3.128485983117475833e+00,-2.840945790652426695e+01,2.085522729827971045e+00
4.007613753238321586e+00,-1.105488255674752729e+00,3.128524283342466461e+00,-2.841724536890368569e+01,2.084557331480337172e+00
4.017247440145144566e+00,-1.105715938559305389e+00,3.128562489533435631e+00,-2.842499078276562585e+01,2.083589808859196868e+00
4.026881127051967546e+00,-1.105941906527832863e+00,3.128600573062029877e+00,-2.843270132154916041e+01,2.082620386161843307e+00
4.036514813958790526e+00,-1.106166467246637586e+00,3.128638521750547685e+00,-2.844038194929627394e+01,2.081649668931473407e+00
4.046148500865612618e+00,-1.106389938431471043e+00,3.128676343484691813e+00,-2.844803401729286207e+01,2.080678451465803658e+00
4.055782187772436487e+00,-1.106612554130252724e+00,3.128714063698872838e+00,-2.845565495735977635e+01,2.079707468761115674e+00
4.065415874679258579e+00,-1.106834397184123908e+00,3.128751717549014266e+00,-2.846323915687453621e+01,2.078737167997199542e+00
4.075049561586081559e+00,-1.107055378178437577e+00,3.128789339195587438e+00,-2.847077974452784233e+01,2.077767568200419301e+00
4.084683248492904539e+00,-1.107275266899583777e+00,3.128826951477905016e+00,-2.847827074352833421e+01,2.076798249750403169e+00
4.094316935399727519e+00,-1.107493766306615779e+00,3.128864559114864274e+00,-2.848570894182972779e+01,2.075828476056121197e+00
4.103950622306550500e+00,-1.107710606187262137e+00,3.128902147469957207e+00,-2.849309491823930429e+01,2.074857409928986929e+00
4.113584309213373480e+00,-1.107925627871263918e+00,3.128939687210598564e+00,-2.850043292094990477e+01,2.073884358910358827e+00
4.123217996120196460e+00,-1.108138834324530864e+00,3.128977143397703387e+00,-2.850772964248017516e+01,2.072908975516323249e+00
4.132851683027019440e+00,-1.108350390677657726e+00,3.129014486206725287e+00,-2.851499226695259637e+01,2.071931352417082817e+00
4.142485369933841532e+00,-1.108560575428275907e+00,3.129051700008148362e+00,-2.852222638219092943e+01,2.070951984588374817e+00
4.152119056840664513e+00,-1.108769697547464572e+00,3.129088788060393700e+00,-2.852943438588327751e+01,2.069971610691716091e+00
4.161752743747487493e+00,-1.108978004961366892e+00,3.129125771423810320e+00,-2.853661486225257704e+01,2.068990982199225392e+00
4.171386430654310473e+00,-1.109185612296845092e+00,3.129162682472074852e+00,-2.854376311058738480e+01,2.068010630202729239e+00
4.181020117561133453e+00,-1.109392469701561357e+00,3.129199555016466405e+00,-2.855087265927291895e+01,2.067030700097023832e+00
4.190653804467956434e+00,-1.109598381890522178e+00,3.129236414071994155e+00,-2.855793730347317094e+01,2.066050903464121458e+00
4.200287491374779414e+00,-1.109803071231346250e+00,3.129273268379164641e+00,-2.856495304988020933e+01,2.065070600909164167e+00
4.209921178281601506e+00,-1.110006265343224330e+00,3.129310107932948171e+00,-2.857191938370984019e+01,2.064088990097284526e+00
4.219554865188425374e+00,-1.110207782386926079e+00,3.129346907230694974e+00,-2.857883948076716862e+01,2.063105341728759257e+00
4.229188552095247466e+00,-1.110407588135709389e+00,3.129383633206721083e+00,-2.858571930736683697e+01,2.062119212113780353e+00
4.238822239002071335e+00,-1.110605807698157976e+00,3.129420255404696150e+00,-2.859256588608110405e+01,2.061130568503918958e+00
4.248455925908893427e+00,-1.110802688683258044e+00,3.129456755277826741e+00,-2.859938525462163028e+01,2.060139790008367111e+00
4.258089612815716407e+00,-1.110998527383993073e+00,3.129493131796211358e+00,-2.860618073412721429e+01,2.059147544608229019e+00
4.267723299722539387e+00,-1.111193580708276452e+00,3.129529401685254619e+00,-2.861295202606578414e+01,2.058154580063944916e+00
4.277356986629362368e+00,-1.111387990742495280e+00,3.129565594264188011e+00,-2.861969540434070680e+01,2.057161492179230944e+00
4.286990673536185348e+00,-1.111581744784946535e+00,3.129601742495526917e+00,-2.862640493800308050e+01,2.056168540301230419e+00
4.296624360443008328e+00,-1.111774682727713737e+00,3.129637872995792769e+00,-2.863307437026140434e+01,2.055175565294548257e+00
4.306258047349830420e+00,-1.111966549179948416e+00,3.129673998052497019e+00,-2.863969908423439392e+01,2.054182034054421013e+00
4.315891734256653400e+00,-1.112157074143840463e+00,3.129710112059158167e+00,-2.864627756319590546e+01,2.053187196392243230e+00
4.325525421163477269e+00,-1.112346057497354490e+00,3.129746193418603717e+00,-2.865281190879376538e+01,2.052190306382384755e+00
4.335159108070300249e+00,-1.112533431568551778e+00,3.129782211294338534e+00,-2.865930726698497821e+01,2.051190841141408150e+00
4.344792794977122341e+00,-1.112719282942042476e+00,3.129818135120536748e+00,-2.866577034121042900e+01,2.050188651194685185e+00
4.354426481883945321e+00,-1.112903827175046212e+00,3.129853943958282425e+00,-2.867220744600150795e+01,2.049183997589733686e+00
4.364060168790768302e+00,-1.113087344465662820e+00,3.129889632854400361e+00,-2.867862268970389650e+01,2.048177465285529575e+00
4.373693855697590394e+00,-1.113270096126996789e+00,3.129925214291910507e+00,-2.868501683245929357e+01,2.047169779647056043e+00
4.383327542604414262e+00,-1.113452247408193818e+00,3.129960714327805427e+00,-2.869138715900382053e+01,2.046161581863929158e+00
4.392961229511237242e+00,-1.113633820082293946e+00,3.129996164632154354e+00,-2.869772839841678547e+01,2.045153231129598570e+00
4.402594916418060222e+00,-1.113814688996186852e+00,3.130031592879659819e+00,-2.870403440773279158e+01,2.044144692957688747e+00
4.412228603324882314e+00,-1.113994623305827103e+00,3.130067014427494687e+00,-2.871030010812809863e+01,2.043135546739192066e+00
4.421862290231705295e+00,-1.114173359527989682e+00,3.130102427800472764e+00,-2.871652308935977516e+01,2.042125109560418039e+00
4.431495977138529163e+00,-1.114350683960918298e+00,3.130137815328320805e+00,-2.872270440141566539e+01,2.041112638319782846e+00
4.441129664045351255e+00,-1.114526499342537447e+00,3.130173148703421671e+00,-2.872884829986942634e+01,2.040097548830659857e+00
4.450763350952174235e+00,-1.114700855592084316e+00,3.130208397732916037e+00,-2.873496102784615402e+01,2.039079585847780152e+00
4.460397037858997216e+00,-1.114873935549613559e+00,3.130243539600416458e+00,-2.874104900704707433e+01,2.038058893127827176e+00
4.470030724765820196e+00,-1.115046000377935220e+00,3.130278565817168346e+00,-2.874711698590292741e+01,2.037035963036380792e+00
4.479664411672642288e+00,-1.115217311523385879e+00,3.130313484765648191e+00,-2.875316670248659889e+01,2.036011481591404326e+00
4.489298098579466156e+00,-1.115388053137032154e+00,3.130348319094022891e+00,-2.875919646153000997e+01,2.034986116203052919e+00
4.498931785486289137e+00,-1.115558278544851012e+00,3.130383098791021723e+00,-2.876520174744624114e+01,2.033960310329627763e+00
4.508565472393111229e+00,-1.115727896872412916e+00,3.130417852078304364e+00,-2.877117668280327933e+01,2.032934146810987830e+00
4.518199159299934209e+00,-1.115896703603167506e+00,3.130452596905672014e+00,-2.877711588837222934e+01,2.031907320616745949e+00
4.527832846206757189e+00,-1.116064445462880750e+00,3.130487335631200185e+00,-2.878301618253766847e+01,2.030879228582687546e+00
4.537466533113581058e+00,-1.116230899652907560e+00,3.130522054481398087e+00,-2.878887760940617824e+01,2.029849148448841678e+00
4.547100220020403150e+00,-1.116395943233925214e+00,3.130556727921539384e+00,-2.879470348996782292e+01,2.028816452784492963e+00
4.556733906927226130e+00,-1.116559591629016301e+00,3.130591326572184752e+00,-2.880049948657095626e+01,2.027780793195022024e+00
4.566367593834049110e+00,-1.116721994754811931e+00,3.130625826239160858e+00,-2.880627196809275858e+01,2.026742199530091160e+00
4.576001280740871202e+00,-1.116883392256540652e+00,3.130660215302828675e+00,-2.881202617200789717e+01,2.025701064726923128e+00
4.585634967647694182e+00,-1.117044041749480021e+00,3.130694498230853107e+00,-2.881776471774500337e+01,2.024658020519228607e+00
4.595268654554518051e+00,-1.117204142080757023e+00,3.130728694173304127e+00,-2.882348691672534713e+01,2.023613742054556131e+00
4.604902341461341031e+00,-1.117363774985527192e+00,3.130762831101768118e+00,-2.882918908214336540e+01,2.022568740632696205e+00
4.614536028368163123e+00,-1.117522882754106384e+00,3.130796937306092431e+00,-2.883486573955389787e+01,2.021523207011836298e+00
4.624169715274986103e+00,-1.117681288452251342e+00,3.130831032853328644e+00,-2.884051136881248922e+01,2.020476952159456996e+00
4.633803402181809084e+00,-1.117838752249653345e+00,3.130865123606871858e+00,-2.884612215005063263e+01,2.019429462736381353e+00
4.643437089088632064e+00,-1.117995046475010801e+00,3.130899199607168448e+00,-2.885169718806624672e+01,2.018380053970218579e+00
4.653070775995455044e+00,-1.118150026440401179e+00,3.130933238276439212e+00,-2.885723884944617268e+01,2.017328073350478590e+00
4.662704462902278024e+00,-1.118303675522407614e+00,3.130967211439522835e+00,-2.886275211592021606e+01,2.016273093536225858e+00
4.672338149809101004e+00,-1.118456110964618944e+00,3.131001093999194573e+00,-2.886824315418260056e+01,2.015215036463686271e+00
4.681971836715923097e+00,-1.118607548905261817e+00,3.131034871615921755e+00,-2.887371753715127554e+01,2.014154191685634032e+00
4.691605523622746077e+00,-1.118758239545597499e+00,3.131068545062907660e+00,-2.887917865404461182e+01,2.013091124024228407e+00
4.701239210529569945e+00,-1.118908392382105488e+00,3.131102129954337787e+00,-2.888462678673320028e+01,2.012026498959065712e+00
4.710872897436392925e+00,-1.119058114312329266e+00,3.131135651960860855e+00,-2.889005912660189068e+01,2.010960878765066351e+00
4.720506584343215017e+00,-1.119207379354165921e+00,3.131169138998143975e+00,-2.889547072160994290e+01,2.009894550918375433e+00
4.730140271250037998e+00,-1.119356038976489165e+00,3.131202612784969475e+00,-2.890085606337769875e+01,2.008827440238741158e+00
4.739773958156860978e+00,-1.119503869625897208e+00,3.131236082342977678e+00,-2.890621083308498740e+01,2.007759130756169075e+00
4.749407645063683070e+00,-1.119650642743666102e+00,3.131269541402333267e+00,-2.891153327975271026e+01,2.006688990122422300e+00
4.759041331970506938e+00,-1.119796195824466434e+00,3.131302970476400382e+00,-2.891682481797954196e+01,2.005616358555600609e+00
4.768675018877329919e+00,-1.119940482894335565e+00,3.131336342943221052e+00,-2.892208966944509285e+01,2.004540745082460163e+00
4.778308705784152899e+00,-1.120083589189539763e+00,3.131369633257233609e+00,-2.892733366135710327e+01,2.003461971959669352e+00
4.787942392690974991e+00,-1.120225705808129302e+00,3.131402824779102811e+00,-2.893256254820122564e+01,2.002380224084536309e+00
4.797576079597797971e+00,-1.120367072309717216e+00,3.131435914844322710e+00,-2.893778036459529091e+01,2.001295989047474855e+00
4.807209766504621840e+00,-1.120507904936260513e+00,3.131468915546887999e+00,-2.894298830484171248e+01,2.000209906472635968e+00
4.816843453411443932e+00,-1.120648332384062362e+00,3.131501850027758049e+00,-2.894818446351220587e+01,1.999122572487418648e+00
4.826477140318266912e+00,-1.120788358616553682e+00,3.131534745426653998e+00,-2.895336451046872739e+01,1.998034358412274614e+00
4.836110827225089892e+00,-1.120927863854190409e+00,3.131567624663111005e+00,-2.895852309214041753e+01,1.996945298164517713e+00
4.845744514131912872e+00,-1.121066643191861445e+00,3.131600499554745731e+00,-2.896365553341454202e+01,1.995855077901834473e+00
4.855378201038734964e+00,-1.121204470851589363e+00,3.131633367357603781e+00,-2.896875932624645245e+01,1.994763130482409608e+00
4.865011887945558833e+00,-1.121341170357593731e+00,3.131666211758953100e+00,-2.897383495797979691e+01,1.993668805751558359e+00
4.874645574852381813e+00,-1.121476669246388447e+00,3.131699007991749273e+00,-2.897888583350511382e+01,1.992571564987727584e+00
4.884279261759203905e+00,-1.121611021767100480e+00,3.131731730488282128e+00,-2.898391731951580752e+01,1.991471140840729515e+00
4.893912948666026885e+00,-1.121744392871153906e+00,3.131764360728194418e+00,-2.898893520327579054e+01,1.990367614799249507e+00
4.903546635572849866e+00,-1.121877008610085324e+00,3.131796892891966611e+00,-2.899394403297736744e+01,1.989261389311118400e+00
4.913180322479673734e+00,-1.122009088246884501e+00,3.131829335613844911e+00,-2.899894583986577956e+01,1.988153063512437813e+00
4.922814009386495826e+00,-1.122140778851878906e+00,3.131861709325705068e+00,-2.900393962470704423e+01,1.987043250481602907e+00
4.932447696293318806e+00,-1.122272112266402999e+00,3.131894040027924486e+00,-2.900892175912398585e+01,1.985932391327797086e+00
4.942081383200141786e+00,-1.122402997386527934e+00,3.131926351405039721e+00,-2.901388717623465396e+01,1.984820622085480935e+00
4.951715070106963879e+00,-1.122533249892083473e+00,3.131958657695423032e+00,-2.901883098814273865e+01,1.983707733206207857e+00
4.961348757013786859e+00,-1.122662650140627161e+00,3.131990959479644676e+00,-2.902375004120028024e+01,1.982593233366833907e+00
4.970982443920610727e+00,-1.122791011435612107e+00,3.132023243650646105e+00,-2.902864394116707558e+01,1.981476497852316720e+00
4.980616130827433707e+00,-1.122918237832820854e+00,3.132055487548669692e+00,-2.903351524235443648e+01,1.980356956409386582e+00
4.990249817734255799e+00,-1.123044353962292297e+00,3.132087665976904578e+00,-2.903836874811027968e+01,1.979234263814390049e+00
4.999883504641078780e+00,-1.123169497965894825e+00,3.132119758945337118e+00,-2.904321013782229599e+01,1.978108401896938817e+00
5.009517191547901760e+00,-1.123293879928092931e+00,3.132151757782109414e+00,-2.904804433723239754e+01,1.976979682664107507e+00
5.019150878454724740e+00,-1.123417718661690046e+00,3.132183667762977297e+00,-2.905287412392100777e+01,1.975848652098235236e+00
5.028784565361547720e+00,-1.123541176216014348e+00,3.132215506480277689e+00,-2.905769938645843808e+01,1.974715924096161590e+00
5.038418252268370701e+00,-1.123664310049179882e+00,3.132247298473871844e+00,-2.906251725684033005e+01,1.973581994886352886e+00
5.048051939175193681e+00,-1.123787057308865300e+00,3.132279067780648241e+00,-2.906732307191798625e+01,1.972447093877139013e+00
5.057685626082015773e+00,-1.123909255808295260e+00,3.132310830682321967e+00,-2.907211187029005828e+01,1.971311115645005385e+00
5.067319312988838753e+00,-1.124030695091397192e+00,3.132342590857003284e+00,-2.907687997142117453e+01,1.970173653130647518e+00
5.076952999895662622e+00,-1.124151181866019700e+00,3.132374338395226943e+00,-2.908162616122525890e+01,1.969034121548101757e+00
5.086586686802484714e+00,-1.124270599807755566e+00,3.132406052956415721e+00,-2.908635212915585910e+01,1.967891935255162705e+00
5.096220373709307694e+00,-1.124388945570892417e+00,3.132437710080274940e+00,-2.909106202894678717e+01,1.966746684075062257e+00
5.105854060616130674e+00,-1.124506330192028170e+00,3.132469288713575217e+00,-2.909576129962557545e+01,1.965598255992412113e+00
5.115487747522953654e+00,-1.124622945667384633e+00,3.132500777654640078e+00,-2.910045510542073544e+01,1.964446869559036246e+00
5.125121434429776635e+00,-1.124739007083400022e+00,3.132532178960978353e+00,-2.910514686606803991e+01,1.963293006710288946e+00
5.134755121336599615e+00,-1.124854688056412755e+00,3.132563507301259875e+00,-2.910983731940736874e+01,1.962137266712670192e+00
5.144388808243422595e+00,-1.124970069167583020e+00,3.132594785473020060e+00,-2.911452439574399875e+01,1.960980185592528846e+00
5.154022495150244687e+00,-1.125085115007326886e+00,3.132626037472868941e+00,-2.911920393778392935e+01,1.959822075561821197e+00
5.163656182057067667e+00,-1.125199686645388830e+00,3.132657281242505753e+00,-2.912387104533602056e+01,1.958662932672671220e+00
5.173289868963890648e+00,-1.125313585522652593e+00,3.132688523299916650e+00,-2.912852163701104047e+01,1.957502440167062652e+00
5.182923555870714516e+00,-1.125426615222623106e+00,3.132719756878451278e+00,-2.913315375777153093e+01,1.956340066054021776e+00
5.192557242777536608e+00,-1.125538642219707119e+00,3.132750964119482173e+00,-2.913776823992612819e+01,1.955175225088055413e+00
5.202190929684359588e+00,-1.125649637123382396e+00,3.132782121627632144e+00,-2.914236852168406244e+01,1.954007456076117366e+00
5.211824616591182568e+00,-1.125759683980730230e+00,3.132813207678342149e+00,-2.914695968196021525e+01,1.952836561061946918e+00
5.221458303498005549e+00,-1.125868954992625071e+00,3.132844208874702385e+00,-2.915154698578287196e+01,1.951662664674338910e+00
5.231091990404827641e+00,-1.125977658539130788e+00,3.132875124230881436e+00,-2.915613438052298889e+01,1.950486176163252594e+00
5.240725677311651509e+00,-1.126085976486527640e+00,3.132905965454366282e+00,-2.916072339579248762e+01,1.949307666022376928e+00
5.250359364218474489e+00,-1.126194009917403926e+00,3.132936753363091409e+00,-2.916531277615903406e+01,1.948127694742424865e+00
5.259993051125296581e+00,-1.126301749751609016e+00,3.132967511550127426e+00,-2.916989895371680319e+01,1.946946645462421577e+00
5.269626738032119562e+00,-1.126409081056175099e+00,3.132998259239827998e+00,-2.917447721431843277e+01,1.945764610867346978e+00
5.279260424938942542e+00,-1.126515819539650964e+00,3.133029005514219811e+00,-2.917904320320560174e+01,1.944581368120898990e+00
5.288894111845766410e+00,-1.126621768940051282e+00,3.133059746658973577e+00,-2.918359431525510672e+01,1.943396448970195811e+00
5.298527798752588502e+00,-1.126726781721909987e+00,3.133090467418926828e+00,-2.918813055187088779e+01,1.942209283478291582e+00
5.308161485659411483e+00,-1.126830804590346125e+00,3.133121145758841486e+00,-2.919265458903702637e+01,1.941019373773776646e+00
5.317795172566234463e+00,-1.126933895055977297e+00,3.133151759660586233e+00,-2.919717103972052286e+01,1.939826445372062613e+00
5.327428859473056555e+00,-1.127036204172513045e+00,3.133182293876481062e+00,-2.920168513643429975e+01,1.938630530621481052e+00
5.337062546379879535e+00,-1.127137930891703776e+00,3.133212744583611098e+00,-2.920620123324371775e+01,1.937431959475162113e+00
5.346696233286703404e+00,-1.127239262087557758e+00,3.133243120534308535e+00,-2.921072157893932086e+01,1.936231260801384524e+00
5.356329920193526384e+00,-1.127340316584703128e+00,3.133273440372262186e+00,-2.921524572934606212e+01,1.935029004352837978e+00
5.365963607100348476e+00,-1.127441110204185026e+00,3.133303726952556989e+00,-2.921977077268262946e+01,1.933825631230726483e+00
5.375597294007171456e+00,-1.127541552348729548e+00,3.133334000411102771e+00,-2.922429229642393622e+01,1.932621323921071887e+00
5.385230980913994436e+00,-1.127641474991660342e+00,3.133364272099853132e+00,-2.922880580130178885e+01,1.931415954840971505e+00
5.394864667820817417e+00,-1.127740685066879189e+00,3.133394541228947006e+00,-2.923330813481655710e+01,1.930209128530375962e+00
5.404498354727640397e+00,-1.127839024184566608e+00,3.133424795222884640e+00,-2.923779851264832530e+01,1.929000304370299901e+00
5.414132041634463377e+00,-1.127936417456387952e+00,3.133455013661879285e+00,-2.924227882232170828e+01,1.927788962524622507e+00
5.423765728541286357e+00,-1.128032896628597292e+00,3.133485174589033750e+00,-2.924675312092496071e+01,1.926574762955954867e+00
5.433399415448108449e+00,-1.128128590622401894e+00,3.133515261250594097e+00,-2.925122648171724293e+01,1.925357649677397198e+00
5.443033102354931430e+00,-1.128223686539116866e+00,3.133545267215278152e+00,-2.925570353975814797e+01,1.924137869106164800e+00
5.452666789261755298e+00,-1.128318373160438703e+00,3.133575198323248934e+00,-2.926018717567865579e+01,1.922915897383161710e+00
5.462300476168577390e+00,-1.128412784236901611e+00,3.133605070888697330e+00,-2.926467773312450049e+01,1.921692298943557198e+00
5.471934163075400370e+00,-1.128506958828361606e+00,3.133634906723439695e+00,-2.926917300301033009e+01,1.920467559210792041e+00
5.481567849982223350e+00,-1.128600830676360411e+00,3.133664726513467169e+00,-2.927366897593637773e+01,1.919241941881802305e+00
5.491201536889046331e+00,-1.128694249687434814e+00,3.133694543573462887e+00,-2.927816113295229172e+01,1.918015413650246082e+00
5.500835223795869311e+00,-1.128787028815484206e+00,3.133724359878361287e+00,-2.928264588382221945e+01,1.916787658734467659e+00
5.510468910702692291e+00,-1.128879001936507365e+00,3.133754165567756100e+00,-2.928712171920965446e+01,1.915558178451117310e+00
5.520102597609515271e+00,-1.128970075039863463e+00,3.133783942055492044e+00,-2.929158973115877984e+01,1.914326445494189066e+00
5.529736284516337363e+00,-1.129060255188795381e+00,3.133813667778674095e+00,-2.929605334790193183e+01,1.913092066239453493e+00
5.539369971423160344e+00,-1.129149648552555174e+00,3.133843324822042309e+00,-2.930051736622110070e+01,1.911854902179837001e+00
5.549003658329983324e+00,-1.129238428272843597e+00,3.133872904396545866e+00,-2.930498657569205534e+01,1.910615114114438073e+00
5.558637345236807192e+00,-1.129326782105961824e+00,3.133902409510423315e+00,-2.930946439068758025e+01,1.909373116126089398e+00
5.568271032143629284e+00,-1.129414855885649827e+00,3.133931854034452957e+00,-2.931395190184421651e+01,1.908129453590442948e+00
5.577904719050452265e+00,-1.129502710039640645e+00,3.133961258464869726e+00,-2.931844763066158777e+01,1.906884642258773965e+00
5.587538405957275245e+00,-1.129590302328644436e+00,3.133990643691089151e+00,-2.932294805809334193e+01,1.905639017010527292e+00
5.597172092864097337e+00,-1.129677501925853367e+00,3.134020024675889804e+00,-2.932744876477730855e+01,1.904392635756164909e+00
5.606805779770920317e+00,-1.129764130387471921e+00,3.134049405972420654e+00,-2.933194583715545534e+01,1.903145267184760181e+00
5.616439466677744186e+00,-1.129850016902611998e+00,3.134078780433247058e+00,-2.933643711512212704e+01,1.901896465697440419e+00
5.626073153584567166e+00,-1.129935050928863927e+00,3.134108131487923998e+00,-2.934092290627139832e+01,1.900645710609393468e+00
5.635706840491389258e+00,-1.130019216203166810e+00,3.134137438277340593e+00,-2.934540595392867246e+01,1.899392567448938696e+00
5.645340527398212238e+00,-1.130102595869806770e+00,3.134166682067054399e+00,-2.934989067168710974e+01,1.898136822704076465e+00
5.654974214305035218e+00,-1.130185347312518296e+00,3.134195851980610126e+00,-2.935438187793417342e+01,1.896878551564381121e+00
5.664607901211858199e+00,-1.130267654507884911e+00,3.134224948310875725e+00,-2.935888341337850704e+01,1.895618098547126262e+00
5.674241588118681179e+00,-1.130349672520382764e+00,3.134253982413648831e+00,-2.936339705817646717e+01,1.894355977202383690e+00
5.683875275025504159e+00,-1.130431481077129430e+00,3.134282973233321723e+00,-2.936792207333368410e+01,1.893092719418860703e+00
5.693508961932327139e+00,-1.130513061310103762e+00,3.134311941535439683e+00,-2.937245550184319143e+01,1.891828719891748722e+00
5.703142648839149231e+00,-1.130594302629529091e+00,3.134340903613616280e+00,-2.937699313584301564e+01,1.890564122583678008e+00
5.712776335745972212e+00,-1.130675037483719780e+00,3.134369866389385528e+00,-2.938153085601536674e+01,1.889298783184870434e+00
5.722410022652796080e+00,-1.130755093282598711e+00,3.134398825389816956e+00,-2.938606593856945182e+01,1.888032318570556978e+00
5.732043709559618172e+00,-1.130834345590616907e+00,3.134427766204199273e+00,-2.939059793648743835e+01,1.886764228023135148e+00
5.741677396466441152e+00,-1.130912756387813634e+00,3.134456668958875092e+00,-2.939512887141878394e+01,1.885494049441430731e+00
5.751311083373264132e+00,-1.130990385824730771e+00,3.134485514432777897e+00,-2.939966268118736181e+01,1.884221503371171336e+00
5.760944770280087113e+00,-1.131067374024210537e+00,3.134514289943561849e+00,-2.940420409220124398e+01,1.882946581545848597e+00
5.770578457186910093e+00,-1.131143898619490828e+00,3.134542993213353945e+00,-2.940875725849626221e+01,1.881669553506684300e+00
5.780212144093733073e+00,-1.131220121076881746e+00,3.134571633047139372e+00,-2.941332457799923006e+01,1.880390889636264440e+00
5.789845831000556053e+00,-1.131296138201540513e+00,3.134600226632974440e+00,-2.941790604159578848e+01,1.879111124103941100e+00
5.799479517907379034e+00,-1.131371953565745603e+00,3.134628794302646071e+00,-2.942249930882089615e+01,1.877830699210127907e+00
5.809113204814201126e+00,-1.131447477461315243e+00,3.134657353360478016e+00,-2.942710048456250505e+01,1.876549838051379648e+00
5.818746891721024106e+00,-1.131522555251173845e+00,3.134685912863793611e+00,-2.943170536029900575e+01,1.875268483724624957e+00
5.828380578627847974e+00,-1.131597015349175672e+00,3.134714470939629738e+00,-2.943631074446977181e+01,1.873986323117901476e+00
5.838014265534670066e+00,-1.131670722124155981e+00,3.134743015442354341e+00,-2.944091548114897705e+01,1.872702887805832495e+00
5.847647952441493047e+00,-1.131743617595921902e+00,3.134771527735771723e+00,-2.944552085152237453e+01,1.871417701383730314e+00
5.857281639348316027e+00,-1.131815739281924360e+00,3.134799988433013773e+00,-2.945013023963273469e+01,1.870130428708095982e+00
5.866915326255139007e+00,-1.131887208875431483e+00,3.134828383337057378e+00,-2.945474816581708311e+01,1.868840982106592108e+00
5.876549013161961987e+00,-1.131958195343115481e+00,3.134856707772089468e+00,-2.945937898121967180e+01,1.867549552748021036e+00
5.886182700068784968e+00,-1.132028863801138208e+00,3.134884967994588045e+00,-2.946402561764995198e+01,1.866256558014708578e+00
5.895816386975607948e+00,-1.132099325804774903e+00,3.134913179268425054e+00,-2.946868876886858146e+01,1.864962521037345722e+00
5.905450073882430040e+00,-1.132169606181248511e+00,3.134941361206030397e+00,-2.947336674809913859e+01,1.863667918906608101e+00
5.915083760789253020e+00,-1.132239636426578988e+00,3.134969531807216825e+00,-2.947805606213266927e+01,1.862373045364767110e+00
5.924717447696076000e+00,-1.132309276551066501e+00,3.134997702017015886e+00,-2.948275252658287826e+01,1.861077929253695640e+00
5.934351134602899869e+00,-1.132378358587129652e+00,3.135025872457202656e+00,-2.948745258460948904e+01,1.859782333065002957e+00
5.943984821509721961e+00,-1.132446738409172760e+00,3.135054033316546196e+00,-2.949215443138450965e+01,1.858485831739439487e+00
5.953618508416544941e+00,-1.132514340047071855e+00,3.135082167418361099e+00,-2.949685860646809843e+01,1.857187947703195396e+00
5.963252195323367921e+00,-1.132581179034646279e+00,3.135110255516386335e+00,-2.950156787766454514e+01,1.855888301282835995e+00
5.972885882230190013e+00,-1.132647357781271902e+00,3.135138282195944370e+00,-2.950628645388848170e+01,1.854586731157755297e+00
5.982519569137012994e+00,-1.132713034506364069e+00,3.135166240580579355e+00,-2.951101876645036270e+01,1.853283348695623944e+00
5.992153256043836862e+00,-1.132778375319502429e+00,3.135194134416494638e+00,-2.951576818721178697e+01,1.851978510053922777e+00
6.001786942950659842e+00,-1.132843504116647804e+00,3.135221976912204056e+00,-2.952053606970180155e+01,1.850672714743549330e+00
6.011420629857481934e+00,-1.132908465559978817e+00,3.135249786701726826e+00,-2.952532140066396948e+01,1.849366461452063293e+00
6.021054316764304914e+00,-1.132973212354397852e+00,3.135277582173866762e+00,-2.953012116474908666e+01,1.848060104676300774e+00
6.030688003671127895e+00,-1.133037620583763116e+00,3.135305375901919156e+00,-2.953493131007388683e+01,1.846753755316759005e+00
6.040321690577950875e+00,-1.133101528308069872e+00,3.135333170869625707e+00,-2.953974802190207782e+01,1.845447255005331355e+00
6.049955377484773855e+00,-1.133164785561736387e+00,3.135360959634454492e+00,-2.954456891994646384e+01,1.844140231641905547e+00
6.059589064391596835e+00,-1.133227300475366128e+00,3.135388726669646076e+00,-2.954939381907960794e+01,1.842832219141886663e+00
6.069222751298419816e+00,-1.133289067493184810e+00,3.135416453157363836e+00,-2.955422482590506661e+01,1.841522805121195816e+00
6.078856438205241908e+00,-1.133350169174239142e+00,3.135444122762192976e+00,-2.955906574438728285e+01,1.840211761957037062e+00
6.088490125112064888e+00,-1.133410751148253626e+00,3.135471726622342636e+00,-2.956392097186636647e+01,1.838899121822038740e+00
6.098123812018888756e+00,-1.133470977973831229e+00,3.135499266042073074e+00,-2.956879421957932053e+01,1.837585173294890240e+00
6.107757498925710848e+00,-1.133530983427811556e+00,3.135526752075753265e+00,-2.957368744346613809e+01,1.836270380837464078e+00
6.117391185832533829e+00,-1.133590830389424653e+00,3.135554202144127167e+00,-2.957860030639523785e+01,1.834955251641359197e+00
6.127024872739356809e+00,-1.133650492493420536e+00,3.135581634726554601e+00,-2.958353033188937786e+01,1.833640190103304368e+00
6.136658559646179789e+00,-1.133709863042625443e+00,3.135609063754209558e+00,-2.958847370076748007e+01,1.832325383776649108e+00
6.146292246553002769e+00,-1.133768788344655221e+00,3.135636494413104103e+00,-2.959342644876455353e+01,1.831010755027743020e+00
6.155925933459825750e+00,-1.133827115212254322e+00,3.135663921628858652e+00,-2.959838570326901319e+01,1.829695992736886767e+00
6.165559620366648730e+00,-1.133884738098602352e+00,3.135691331682868288e+00,-2.960335058669493691e+01,1.828380654239668557e+00
6.175193307273470822e+00,-1.133941631514096215e+00,3.135718706453870297e+00,-2.960832251556736239e+01,1.827064306587010689e+00
6.184826994180293802e+00,-1.133997857916710483e+00,3.135746028981629685e+00,-2.961330480722694247e+01,1.825746664462487345e+00
6.194460681087116782e+00,-1.134053548780103560e+00,3.135773288652510704e+00,-2.961830171483029517e+01,1.824427683241096609e+00
6.204094367993940651e+00,-1.134108864722481513e+00,3.135800484429286605e+00,-2.962331718305989270e+01,1.823107579317433391e+00
6.213728054900762743e+00,-1.134163946930405675e+00,3.135827625150040987e+00,-2.962835370006850866e+01,1.821786771820492978e+00
6.223361741807585723e+00,-1.134218874709687741e+00,3.135854726817866034e+00,-2.963341159096706434e+01,1.820465763517010060e+00
6.232995428714408703e+00,-1.134273642065154686e+00,3.135881807719815839e+00,-2.963848896412446976e+01,1.819144996951594040e+00
6.242629115621230795e+00,-1.134328160360081217e+00,3.135908882871083936e+00,-2.964358232437388097e+01,1.817824729209886137e+00
6.252262802528054664e+00,-1.134382286133150952e+00,3.135935959479406065e+00,-2.964868766643053988e+01,1.816504962949338831e+00
6.261896489434877644e+00,-1.134435865492825268e+00,3.135963034806696026e+00,-2.965380171783754903e+01,1.815185454288352540e+00
6.271530176341700624e+00,-1.134488781497247745e+00,3.135990097068937832e+00,-2.965892295673498680e+01,1.813865794942602472e+00
6.281163863248522716e+00,-1.134540990076336353e+00,3.136017129087293132e+00,-2.966405209867518877e+01,1.812545543649036750e+00
6.290797550155345697e+00,-1.134592533604007247e+00,3.136044113566683667e+00,-2.966919190751628577e+01,1.811224367151582415e+00
6.300431237062168677e+00,-1.134643528081698216e+00,3.136071038387215459e+00,-2.967434638941355018e+01,1.809902148264885158e+00
6.310064923968992545e+00,-1.134694127948480569e+00,3.136097900296743735e+00,-2.967951961450741294e+01,1.808579028577937731e+00
6.319698610875814637e+00,-1.134744479330505040e+00,3.136124705886649711e+00,-2.968471452223964135e+01,1.807255373140868038e+00
6.329332297782637617e+00,-1.134794676017795600e+00,3.136151469565066296e+00,-2.968993207004039192e+01,1.805931668006033330e+00
6.338965984689460598e+00,-1.134844731565761711e+00,3.136178209157479913e+00,-2.969517098064418548e+01,1.804608381674196682e+00
6.348599671596282690e+00,-1.134894575951497453e+00,3.136204940484636605e+00,-2.970042816231237026e+01,1.803285832267434552e+00
6.358233358503106558e+00,-1.134944077700942078e+00,3.136231672573520424e+00,-2.970569967345431195e+01,1.801964100402223323e+00
6.367867045409929538e+00,-1.134993084641374494e+00,3.136258404957467771e+00,-2.971098193962017220e+01,1.800643013862185615e+00
6.377500732316752519e+00,-1.135041470789261098e+00,3.136285127879134826e+00,-2.971627285568367682e+01,1.799322208477915241e+00
6.387134419223574611e+00,-1.135089175066303246e+00,3.136311825322508184e+00,-2.972157244164132806e+01,1.798001246661385055e+00
6.396768106130397591e+00,-1.135136220084628667e+00,3.136338479938781010e+00,-2.972688285582130518e+01,1.796679757732452698e+00
6.406401793037220571e+00,-1.135182705361029498e+00,3.136365078357903347e+00,-2.973220776338007099e+01,1.795357557714920116e+00
6.416035479944043551e+00,-1.135228777131932931e+00,3.136391615266347799e+00,-2.973755125212816708e+01,1.794034712585615976e+00
6.425669166850866532e+00,-1.135274584059093428e+00,3.136418095014029461e+00,-2.974291662347480880e+01,1.792711526094177055e+00
6.435302853757689512e+00,-1.135320232375482519e+00,3.136444530270996012e+00,-2.974830542291364566e+01,1.791388456038957466e+00
6.444936540664512492e+00,-1.135365754136537841e+00,3.136470938155039967e+00,-2.975371700128323482e+01,1.790065984413101052e+00
6.454570227571334584e+00,-1.135411098194243351e+00,3.136497335020029809e+00,-2.975914873740282474e+01,1.788744480649287594e+00
6.464203914478157564e+00,-1.135456146551831802e+00,3.136523731497879997e+00,-2.976459685320585180e+01,1.787424099159130586e+00
6.473837601384981433e+00,-1.135500751014988818e+00,3.136550129303385503e+00,-2.977005757429595079e+01,1.786104741925313544e+00
6.483471288291803525e+00,-1.135544778893757378e+00,3.136576520768129317e+00,-2.977552828550290087e+01,1.784786097234593472e+00
6.493104975198626505e+00,-1.135588153797635114e+00,3.136602891234513191e+00,-2.978100833344751663e+01,1.783467742681432266e+00
6.502738662105449485e+00,-1.135630879116599878e+00,3.136629223569233460e+00,-2.978649923535460786e+01,1.782149281246953931e+00
6.512372349012272466e+00,-1.135673037104285354e+00,3.136655503412881796e+00,-2.979200423282678756e+01,1.780830469379370395e+00
6.522006035919095446e+00,-1.135714763939542404e+00,3.136681723563618629e+00,-2.979752732674739590e+01,1.779511298522471696e+00
6.531639722825918426e+00,-1.135756208458320371e+00,3.136707886162981573e+00,-2.980307208537424657e+01,1.778192005664873676e+00
6.541273409732741406e+00,-1.135797487191558153e+00,3.136734002026666523e+00,-2.980864058517877879e+01,1.776873009925197477e+00
6.550907096639563498e+00,-1.135838649420357838e+00,3.136760087335380032e+00,-2.981423280302226786e+01,1.775554794468101161e+00
6.560540783546386479e+00,-1.135879662854189398e+00,3.136786158704178096e+00,-2.981984664150163411e+01,1.774237769454166003e+00
6.570174470453209459e+00,-1.135920424214423630e+00,3.136812228138660785e+00,-2.982547857817725401e+01,1.772922157342533112e+00
6.579808157360033327e+00,-1.135960791402072623e+00,3.136838299414961284e+00,-2.983112474156825655e+01,1.771607935028448155e+00
6.589441844266855419e+00,-1.136000627366521742e+00,3.136864366980776531e+00,-2.983678208878468752e+01,1.770294850096846950e+00
6.599075531173678399e+00,-1.136039842266125977e+00,3.136890417702467460e+00,-2.984244932985935961e+01,1.768982506109551656e+00
6.608709218080501380e+00,-1.136078421083550394e+00,3.136916434915015817e+00,-2.984812732100803245e+01,1.767670491063620952e+00
6.618342904987323472e+00,-1.136116428339262630e+00,3.136942403532200885e+00,-2.985381880970326662e+01,1.766358510218722255e+00
6.627976591894147340e+00,-1.136153988555072214e+00,3.136968314656177093e+00,-2.985952760998975108e+01,1.765046483273154054e+00
6.637610278800970320e+00,-1.136191248512382845e+00,3.136994168284097384e+00,-2.986525745788483022e+01,1.763734576709178770e+00
6.647243965707793301e+00,-1.136228332872167623e+00,3.137019973294514319e+00,-2.987101089241471641e+01,1.762423161729826715e+00
6.656877652614615393e+00,-1.136265306702242350e+00,3.137045744728054864e+00,-2.987678849922354019e+01,1.761112710642681600e+00
6.666511339521438373e+00,-1.136302156301276733e+00,3.137071499201082858e+00,-2.988258874365009632e+01,1.759803663049011924e+00
6.676145026428261353e+00,-1.136338794092320637e+00,3.137097249856622305e+00,-2.988840844209952508e+01,1.758496302210846407e+00
6.685778713335084333e+00,-1.136375086004039359e+00,3.137123002392482540e+00,-2.989424372820817410e+01,1.757190678806091588e+00
6.695412400241907314e+00,-1.136410892913524373e+00,3.137148753372563270e+00,-2.990009122162776123e+01,1.755886604923239558e+00
6.705046087148730294e+00,-1.136446113472219466e+00,3.137174491327242798e+00,-2.990594904689957190e+01,1.754583719939234898e+00
6.714679774055553274e+00,-1.136480715262825125e+00,3.137200200297184605e+00,-2.991181739585090327e+01,1.753281608267418079e+00
6.724313460962375366e+00,-1.136514744838388991e+00,3.137225864731808755e+00,-2.991769846516275067e+01,1.751979933382518118e+00
6.733947147869199235e+00,-1.136548313663911181e+00,3.137251474245036142e+00,-2.992359578938595632e+01,1.750678547708937716e+00
6.743580834776022215e+00,-1.136581564332628469e+00,3.137277026779961453e+00,-2.992951317175828407e+01,1.749377545325611294e+00
6.753214521682844307e+00,-1.136614627422702029e+00,3.137302529224186287e+00,-2.993545353584455881e+01,1.748077241745575439e+00
6.762848208589667287e+00,-1.136647582172926940e+00,3.137327995297758854e+00,-2.994141804409291652e+01,1.746778087031727988e+00
6.772481895496490267e+00,-1.136680432944026764e+00,3.137353441367220164e+00,-2.994740574818592194e+01,1.745480538573129126e+00
6.782115582403313248e+00,-1.136713108579151310e+00,3.137378881468683378e+00,-2.995341387528985067e+01,1.744184931933761007e+00
6.791749269310136228e+00,-1.136745484774672299e+00,3.137404323059137301e+00,-2.995943866255750621e+01,1.742891388679392417e+00
6.801382956216959208e+00,-1.136777422561670470e+00,3.137429764787779352e+00,-2.996547648730414437e+01,1.741599788865687559e+00
6.811016643123782188e+00,-1.136808811115538553e+00,3.137455196959050063e+00,-2.997152495175249243e+01,1.740309816334380422e+00
6.820650330030604280e+00,-1.136839601834904512e+00,3.137480604536551976e+00,-2.997758359564763708e+01,1.739021063013380664e+00
6.830284016937427261e+00,-1.136869823338375163e+00,3.137505971763460355e+00,-2.998365402284918346e+01,1.737733160668888166e+00
6.839917703844250241e+00,-1.136899572878711462e+00,3.137531286985875578e+00,-2.998973940503428892e+01,1.736445900353825733e+00
6.849551390751074109e+00,-1.136928986874855774e+00,3.137556546208802644e+00,-2.999584351340109478e+01,1.735159303590713797e+00
6.859185077657896201e+00,-1.136958199614976683e+00,3.137581754305866166e+00,-3.000196957113243101e+01,1.733873623948338993e+00
6.868818764564719181e+00,-1.136987302755142926e+00,3.137606923522551217e+00,-3.000811927272319224e+01,1.732589278688460910e+00
6.878452451471542162e+00,-1.137016317950941158e+00,3.137632069738631291e+00,-3.001429226524341942e+01,1.731306731224483419e+00
6.888086138378365142e+00,-1.137045190914184989e+00,3.137657207636525669e+00,-3.002048624682796074e+01,1.730026359905025846e+00
6.897719825285188122e+00,-1.137073808629830207e+00,3.137682346251578380e+00,-3.002669765144082348e+01,1.728748352679635891e+00
6.907353512192011102e+00,-1.137102034405718776e+00,3.137707486258706435e+00,-3.003292271242487033e+01,1.727472659327049520e+00
6.916987199098834083e+00,-1.137129750013277762e+00,3.137732619816045343e+00,-3.003915858364601377e+01,1.726199015522889901e+00
6.926620886005656175e+00,-1.137156892054302704e+00,3.137757733004286731e+00,-3.004540418031133697e+01,1.724927031351555451e+00
6.936254572912479155e+00,-1.137183471493328213e+00,3.137782810109401410e+00,-3.005166048666234957e+01,1.723656317462961107e+00
6.945888259819302135e+00,-1.137209570462663244e+00,3.137807838437404850e+00,-3.005793023889200555e+01,1.722386610783306349e+00
6.955521946726126004e+00,-1.137235317392519374e+00,3.137832812192267173e+00,-3.006421708009037985e+01,1.721117861899474688e+00
6.965155633632948096e+00,-1.137260848119000300e+00,3.137857734238628460e+00,-3.007052444292213877e+01,1.719850257862773013e+00
6.974789320539771076e+00,-1.137286264868865304e+00,3.137882615219511173e+00,-3.007685449724976934e+01,1.718584173670478554e+00
6.984423007446594056e+00,-1.137311605625660027e+00,3.137907470306968705e+00,-3.008320747965750286e+01,1.717320067185676091e+00
6.994056694353416148e+00,-1.137336833175904838e+00,3.137932314583883109e+00,-3.008958160613937949e+01,1.716058349266050165e+00
7.003690381260240017e+00,-1.137361847105763157e+00,3.137957158468776875e+00,-3.009597359313900000e+01,1.714799268278617950e+00
7.013324068167062997e+00,-1.137386515014465083e+00,3.137982004577583250e+00,-3.010237962880452756e+01,1.713542843769496837e+00
7.022957755073885977e+00,-1.137410713368310233e+00,3.138006846973747432e+00,-3.010879650096407545e+01,1.712288869184378282e+00
7.032591441980708069e+00,-1.137434365513916079e+00,3.138031673027077861e+00,-3.011522254162457202e+01,1.711036982693145747e+00
7.042225128887531049e+00,-1.137457465277228685e+00,3.138056467306132191e+00,-3.012165810369079821e+01,1.709786784649816482e+00
7.051858815794354030e+00,-1.137480079005754430e+00,3.138081216311234822e+00,-3.012810542708983164e+01,1.708537966202048120e+00
7.061492502701177010e+00,-1.137502325504113010e+00,3.138105912603084136e+00,-3.013456793577576676e+01,1.707290410268515801e+00
7.071126189607999990e+00,-1.137524340050742211e+00,3.138130557070914151e+00,-3.014104917853804011e+01,1.706044234502500645e+00
7.080759876514822970e+00,-1.137546233513636151e+00,3.138155158655268284e+00,-3.014755173348122241e+01,1.704799763400766999e+00
7.090393563421645950e+00,-1.137568059039647084e+00,3.138179731618334412e+00,-3.015407640638702347e+01,1.703557438092535126e+00
7.100027250328468043e+00,-1.137589796442671997e+00,3.138204291201743601e+00,-3.016062196400226725e+01,1.702317691105641684e+00
7.109660937235291911e+00,-1.137611358989425669e+00,3.138228849000342713e+00,-3.016718548168256575e+01,1.701080823910321671e+00
7.119294624142114891e+00,-1.137632620441394238e+00,3.138253409462584909e+00,-3.017376319956892061e+01,1.699846924138319393e+00
7.128928311048936983e+00,-1.137653454045951751e+00,3.138277968580270638e+00,-3.018035162841206187e+01,1.698615847357688002e+00
7.138561997955759963e+00,-1.137673771555938629e+00,3.138302515159744122e+00,-3.018694857134367027e+01,1.697387268788171033e+00
7.148195684862582944e+00,-1.137693550387167019e+00,3.138327034278758809e+00,-3.019355375376216699e+01,1.696160789253126078e+00
7.157829371769405924e+00,-1.137712840676723625e+00,3.138351511868489041e+00,-3.020016887212281631e+01,1.694936063340642063e+00
7.167463058676228904e+00,-1.137731750156213861e+00,3.138375939020750849e+00,-3.020679704790108389e+01,1.693712911104250818e+00
7.177096745583051884e+00,-1.137750411521455618e+00,3.138400314708764682e+00,-3.021344185232755919e+01,1.692491379660538309e+00
7.186730432489874865e+00,-1.137768942298548192e+00,3.138424646097455195e+00,-3.022010619658895081e+01,1.691271736201080511e+00
7.196364119396696957e+00,-1.137787409460754962e+00,3.138448946356486413e+00,-3.022679142222937188e+01,1.690054394639869395e+00
7.205997806303519937e+00,-1.137805809563581017e+00,3.138473230650473678e+00,-3.023349686557743610e+01,1.688839798114362356e+00
7.215631493210342917e+00,-1.137824070402105647e+00,3.138497511534138251e+00,-3.024022002671483378e+01,1.687628292825399834e+00
7.225265180117166786e+00,-1.137842073617061800e+00,3.138521795157583671e+00,-3.024695729110554510e+01,1.686420031254575402e+00
7.234898867023988878e+00,-1.137859691294192732e+00,3.138546079435546865e+00,-3.025370498552255683e+01,1.685214933885484268e+00
7.244532553930811858e+00,-1.137876825359223965e+00,3.138570354732320489e+00,-3.026046044947039348e+01,1.684012720878421021e+00
7.254166240837634838e+00,-1.137893437754239789e+00,3.138594606845712676e+00,-3.026722279909275315e+01,1.682813004044252825e+00
7.263799927744456930e+00,-1.137909562228098581e+00,3.138618821373464485e+00,-3.027399315373136446e+01,1.681615411298318818e+00
7.273433614651280799e+00,-1.137925294205447191e+00,3.138642988127141820e+00,-3.028077425765070529e+01,1.680419706023638327e+00
7.283067301558103779e+00,-1.137940761890096519e+00,3.138667104248228146e+00,-3.028756961190218178e+01,1.679225865364477599e+00
7.292700988464926759e+00,-1.137956087467480559e+00,3.138691175080823736e+00,-3.029438237880982143e+01,1.678034093909164914e+00
7.302334675371748851e+00,-1.137971350260479575e+00,3.138715212541968835e+00,-3.030121438969307945e+01,1.676844768735882285e+00
7.311968362278571831e+00,-1.137986563060935374e+00,3.138739231493987702e+00,-3.030806555480538833e+01,1.675658332491406943e+00
7.321602049185394812e+00,-1.138001668809203615e+00,3.138763245230561605e+00,-3.031493385277377328e+01,1.674475166811390636e+00
7.331235736092217792e+00,-1.138016558570969394e+00,3.138787261454910382e+00,-3.032181590189122389e+01,1.673295484268771727e+00
7.340869422999040772e+00,-1.138031105267474752e+00,3.138811279974242918e+00,-3.032870794022123562e+01,1.672119271398483598e+00
7.350503109905863752e+00,-1.138045202831295066e+00,3.138835292807878208e+00,-3.033560691846509627e+01,1.670946299905499144e+00
7.360136796812686732e+00,-1.138058798837888963e+00,3.138859286668720827e+00,-3.034251137593147973e+01,1.669776202584077440e+00
7.369770483719508825e+00,-1.138071910687826538e+00,3.138883247054621961e+00,-3.034942183577564379e+01,1.668608590968378547e+00
7.379404170626332693e+00,-1.138084620457599172e+00,3.138907162697826880e+00,-3.035634060098698939e+01,1.667443179180750246e+00
7.389037857533155673e+00,-1.138097050052775838e+00,3.138931029015389118e+00,-3.036327101347343316e+01,1.666279876623128153e+00
7.398671544439977765e+00,-1.138109324295318858e+00,3.138954849511951917e+00,-3.037021640040728698e+01,1.665118821604373300e+00
7.408305231346800745e+00,-1.138121533231131854e+00,3.138978634713531779e+00,-3.037717902597911390e+01,1.663960345845580280e+00
7.417938918253623726e+00,-1.138133705147880814e+00,3.139002398964610752e+00,-3.038415936462368450e+01,1.662804880660351259e+00
7.427572605160446706e+00,-1.138145798494615946e+00,3.139026156071082596e+00,-3.039115591442288178e+01,1.661652833176185284e+00
7.437206292067269686e+00,-1.138157715109804125e+00,3.139049915120384782e+00,-3.039816560624580433e+01,1.660504469957121643e+00
7.446839978974092666e+00,-1.138169330663246104e+00,3.139073677752223013e+00,-3.040518468450876099e+01,1.659359843108861199e+00
7.456473665880915647e+00,-1.138180532983089410e+00,3.139097437707444538e+00,-3.041220979338929098e+01,1.658218781096185257e+00
7.466107352787738627e+00,-1.138191256563536147e+00,3.139121182785855613e+00,-3.041923894068577994e+01,1.657080946962991685e+00
7.475741039694560719e+00,-1.138201502747112182e+00,3.139144898609239842e+00,-3.042627204879041258e+01,1.655945946315010797e+00
7.485374726601384587e+00,-1.138211339472090744e+00,3.139168573037396825e+00,-3.043331092710999286e+01,1.654813452437146060e+00
7.495008413508207568e+00,-1.138220880721554140e+00,3.139192199889384138e+00,-3.044035867496851466e+01,1.653683310788327310e+00
7.504642100415029660e+00,-1.138230251996566134e+00,3.139215780837782077e+00,-3.044741869578886195e+01,1.652555591383567668e+00
7.514275787321852640e+00,-1.138239552377123598e+00,3.139239324903940531e+00,-3.045449362035818197e+01,1.651430573329931928e+00
7.523909474228675620e+00,-1.138248824744160448e+00,3.139262845714972716e+00,-3.046158446401832620e+01,1.650308666263833546e+00
7.533543161135498600e+00,-1.138258043214954940e+00,3.139286357364953428e+00,-3.046869027167295485e+01,1.649190292458575735e+00
7.543176848042321581e+00,-1.138267121572249740e+00,3.139309870145810422e+00,-3.047580835709831959e+01,1.648075765201699072e+00
7.552810534949144561e+00,-1.138275940057881686e+00,3.139333387449452228e+00,-3.048293506371348371e+01,1.646965200125521500e+00
7.562444221855967541e+00,-1.138284382312231724e+00,3.139356904782019786e+00,-3.049006681679211184e+01,1.645858486196898118e+00
7.572077908762789633e+00,-1.138292371171552908e+00,3.139380411184723219e+00,-3.049720114943920635e+01,1.644755325051628247e+00
7.581711595669612613e+00,-1.138299892415606696e+00,3.139403892621391190e+00,-3.050433739289208290e+01,1.643655326735411037e+00
7.591345282576436482e+00,-1.138306999261048613e+00,3.139427336294674742e+00,-3.051147682327949440e+01,1.642558132909944124e+00
7.600978969483259462e+00,-1.138313796285191248e+00,3.139450734572703183e+00,-3.051862222116428214e+01,1.641463530327582410e+00
7.610612656390081554e+00,-1.138320407737667184e+00,3.139474087330431207e+00,-3.052577697739186391e+01,1.640371520354331425e+00
7.620246343296904534e+00,-1.138326939942275517e+00,3.139497401996447667e+00,-3.053294401547860559e+01,1.639282323618136417e+00
7.629880030203727515e+00,-1.138333449265539477e+00,3.139520691297347010e+00,-3.054012485580336289e+01,1.638196318452264322e+00
7.639513717110549607e+00,-1.138339925399914021e+00,3.139543969393582934e+00,-3.054731910372496273e+01,1.637113931773646947e+00
7.649147404017373475e+00,-1.138346295014744491e+00,3.139567247589048371e+00,-3.055452451558110383e+01,1.636035515361317749e+00
7.658781090924196455e+00,-1.138352444606102853e+00,3.139590530923320522e+00,-3.056173762207293620e+01,1.634961244869091335e+00
7.668414777831019435e+00,-1.138358255528056251e+00,3.139613816682857106e+00,-3.056895472044225670e+01,1.633891072013060830e+00
7.678048464737841527e+00,-1.138363640494144180e+00,3.139637095279719237e+00,-3.057617293577730067e+01,1.632824744306335951e+00
7.687682151644664508e+00,-1.138368570418921921e+00,3.139660353223520328e+00,-3.058339103119599400e+01,1.631761886322844690e+00
7.697315838551487488e+00,-1.138373083444085498e+00,3.139683577275034665e+00,-3.059060972270810552e+01,1.630702117913208182e+00
7.706949525458310468e+00,-1.138377273446071536e+00,3.139706758512178730e+00,-3.059783140423726877e+01,1.629645173668434532e+00
7.716583212365133448e+00,-1.138381261583486959e+00,3.139729895069224064e+00,-3.060505936635344781e+01,1.628590987584737970e+00
7.726216899271956429e+00,-1.138385159602858243e+00,3.139752992717846691e+00,-3.061229674494792619e+01,1.627539717418596377e+00
7.735850586178779409e+00,-1.138389036109888508e+00,3.139776063118669747e+00,-3.061954551732198127e+01,1.626491701443395277e+00
7.745484273085601501e+00,-1.138392896079442940e+00,3.139799120282508849e+00,-3.062680584853340093e+01,1.625447360720192913e+00
7.755117959992425369e+00,-1.138396679814924539e+00,3.139822176324751357e+00,-3.063407598488300110e+01,1.624407076419122298e+00
7.764751646899248350e+00,-1.138400281622548915e+00,3.139845237808919887e+00,-3.064135272618482375e+01,1.623371079226810343e+00
7.774385333806070442e+00,-1.138403582456113838e+00,3.139868303792435089e+00,-3.064863233382956409e+01,1.622339384196906265e+00
7.784019020712893422e+00,-1.138406486544406349e+00,3.139891366165794562e+00,-3.065591160028571949e+01,1.621311790663385377e+00
7.793652707619716402e+00,-1.138408950825757326e+00,3.139914412175765612e+00,-3.066318875718356907e+01,1.620287947189252842e+00
7.803286394526539382e+00,-1.138410998235982907e+00,3.139937428357733928e+00,-3.067046394808381038e+01,1.619267461897512028e+00
7.812920081433362363e+00,-1.138412710841132158e+00,3.139960404674832173e+00,-3.067773912362305211e+01,1.618250024850430124e+00
7.822553768340185343e+00,-1.138414204960795484e+00,3.139983337601560454e+00,-3.068501739117420968e+01,1.617235505534134088e+00
7.832187455247008323e+00,-1.138415595911799860e+00,3.140006231214647947e+00,-3.069230201576056416e+01,1.616223996050543787e+00
7.841821142153830415e+00,-1.138416963146507310e+00,3.140029095963750905e+00,-3.069959537403211058e+01,1.615215787029430583e+00
7.851454829060653395e+00,-1.138418326411635650e+00,3.140051945502695396e+00,-3.070689817700585778e+01,1.614211283587410062e+00
7.861088515967477264e+00,-1.138419640167232627e+00,3.140074792552183247e+00,-3.071420919589739285e+01,1.613210886744453898e+00
7.870722202874300244e+00,-1.138420807920340616e+00,3.140097645057640108e+00,-3.072152557337839340e+01,1.612214876109881789e+00
7.880355889781122336e+00,-1.138421712053309776e+00,3.140120503812692032e+00,-3.072884362588621343e+01,1.611223329239104940e+00
7.889989576687945316e+00,-1.138422250014573756e+00,3.140143362269018912e+00,-3.073615989450029673e+01,1.610236101971481260e+00
7.899623263594768297e+00,-1.138422365823334559e+00,3.140166208585033925e+00,-3.074347212704693888e+01,1.609252875639896274e+00
7.909256950501590389e+00,-1.138422067295810303e+00,3.140189029283217970e+00,-3.075077989505762943e+01,1.608273256855327515e+00
7.918890637408414257e+00,-1.138421423777694841e+00,3.140211813397152607e+00,-3.075808465962305860e+01,1.607296899709245386e+00
7.928524324315237237e+00,-1.138420545122588168e+00,3.140234555842820630e+00,-3.076538926667449303e+01,1.606323613490474589e+00
7.938158011222060217e+00,-1.138419548371724987e+00,3.140257258988362832e+00,-3.077269702447610555e+01,1.605353423413125924e+00
7.947791698128882310e+00,-1.138418522323064508e+00,3.140279931948230630e+00,-3.078001064210353377e+01,1.604386566061156483e+00
7.957425385035705290e+00,-1.138417500796182980e+00,3.140302587822552560e+00,-3.078733134942215344e+01,1.603423420974110947e+00
7.967059071942529158e+00,-1.138416452721676020e+00,3.140325239728360973e+00,-3.079465846404977114e+01,1.602464399070651302e+00
7.976692758849352138e+00,-1.138415292035002579e+00,3.140347896835543828e+00,-3.080198953569347964e+01,1.601509821617342677e+00
7.986326445756174230e+00,-1.138413904309985680e+00,3.140370561615968281e+00,-3.080932102391035343e+01,1.600559826280506082e+00
7.995960132662997211e+00,-1.138412181971806048e+00,3.140393229141431153e+00,-3.081664930437326433e+01,1.599614328602048108e+00
8.005593819569821079e+00,-1.138410057333542946e+00,3.140415888639486397e+00,-3.082397169968312056e+01,1.598673050494393788e+00
8.015227506476643171e+00,-1.138407523390080778e+00,3.140438526827356913e+00,-3.083128722352604001e+01,1.597735607111529621e+00
8.024861193383465263e+00,-1.138404636059507258e+00,3.140461132003260936e+00,-3.083859681369059658e+01,1.596801625833574212e+00
8.034494880290289132e+00,-1.138401497233507254e+00,3.140483697646022865e+00,-3.084590298391995589e+01,1.595870861421557763e+00
8.044128567197111224e+00,-1.138398223849952151e+00,3.140506224426747206e+00,-3.085320900009078215e+01,1.594943272577905358e+00
8.053762254103935092e+00,-1.138394912449921303e+00,3.140528720023065379e+00,-3.086051782975796698e+01,1.594019036823772328e+00
8.063395941010757184e+00,-1.138391610035285106e+00,3.140551196797801037e+00,-3.086783118235394596e+01,1.593098499242619370e+00
8.073029627917581053e+00,-1.138388300096535355e+00,3.140573668054827738e+00,-3.087514892974679981e+01,1.592182070606971145e+00
8.082663314824403145e+00,-1.138384908034842491e+00,3.140596144016952973e+00,-3.088246908185482553e+01,1.591270105674577495e+00
8.092297001731225237e+00,-1.138381324279532425e+00,3.140618628752712471e+00,-3.088978832435891775e+01,1.590362798407773726e+00
8.101930688638049105e+00,-1.138377438011866971e+00,3.140641118986786662e+00,-3.089710295586695210e+01,1.589460125741202656e+00
8.111564375544872973e+00,-1.138373171188641342e+00,3.140663605152333115e+00,-3.090440994136817210e+01,1.588561856850747134e+00
8.121198062451695066e+00,-1.138368502492070444e+00,3.140686074359180235e+00,-3.091170776383300378e+01,1.587667625091593981e+00
8.130831749358517158e+00,-1.138363473927376690e+00,3.140708514368522053e+00,-3.091899681691147705e+01,1.586777040850541942e+00
8.140465436265341026e+00,-1.138358178096666062e+00,3.140730917359991103e+00,-3.092627922039051569e+01,1.585889811212280565e+00
8.150099123172163118e+00,-1.138352730073405095e+00,3.140753282343074826e+00,-3.093355811445768566e+01,1.585005830299177410e+00
8.159732810078986986e+00,-1.138347232487734395e+00,3.140775615480793093e+00,-3.094083664618480256e+01,1.584125213020748157e+00
8.169366496985809079e+00,-1.138341744482869400e+00,3.140797928231715552e+00,-3.094811695446004407e+01,1.583248262073892354e+00
8.179000183892632947e+00,-1.138336263998415809e+00,3.140820233881743029e+00,-3.095539945988311104e+01,1.582375378196085869e+00
8.188633870799455039e+00,-1.138330728751957066e+00,3.140842543526702890e+00,-3.096268267388342110e+01,1.581506940801763461e+00
8.198267557706277131e+00,-1.138325035577305577e+00,3.140864862731834961e+00,-3.096996358444087249e+01,1.580643195059918238e+00
8.207901244613100999e+00,-1.138319072182334191e+00,3.140887189885118058e+00,-3.097723850166544679e+01,1.579784179509159836e+00
8.217534931519923092e+00,-1.138312751615891738e+00,3.140909516742691476e+00,-3.098450410768172603e+01,1.578929716051765464e+00
8.227168618426746960e+00,-1.138306038929224995e+00,3.140931830995180807e+00,-3.099175839366244745e+01,1.578079465322135055e+00
8.236802305333569052e+00,-1.138298961920490182e+00,3.140954120067986910e+00,-3.099900120105443335e+01,1.577233030679327630e+00
8.246435992240392920e+00,-1.138291602721691831e+00,3.140976374994119080e+00,-3.100623420370224537e+01,1.576390079392768984e+00
8.256069679147215012e+00,-1.138284072835439531e+00,3.140998593178618847e+00,-3.101346033652779965e+01,1.575550444409958173e+00
8.265703366054038881e+00,-1.138276479269127339e+00,3.141020779214148906e+00,-3.102068284359551598e+01,1.574714175977364405e+00
8.275337052960860973e+00,-1.138268892111594210e+00,3.141042943503352003e+00,-3.102790423326904090e+01,1.573881527547649650e+00
8.284970739867683065e+00,-1.138261323434845318e+00,3.141065099112816394e+00,-3.103512545607864581e+01,1.573052880261372133e+00
8.294604426774506933e+00,-1.138253723928958960e+00,3.141087257821697953e+00,-3.104234555350147673e+01,1.572228628839850817e+00
8.304238113681329025e+00,-1.138245998257900737e+00,3.141109426571527141e+00,-3.104956188353106938e+01,1.571409063368896630e+00
8.313871800588152894e+00,-1.138238034413635802e+00,3.141131605398777893e+00,-3.105677085468174781e+01,1.570594282680159992e+00
8.323505487494974986e+00,-1.138229738088541110e+00,3.141153787477376724e+00,-3.106396894654217888e+01,1.569784165481532323e+00
8.333139174401798854e+00,-1.138221061574976378e+00,3.141175961253677595e+00,-3.107115370850851832e+01,1.568978407937305475e+00
8.342772861308620946e+00,-1.138212018392088742e+00,3.141198114018462828e+00,-3.107832443500650754e+01,1.568176616323234240e+00
8.352406548215443038e+00,-1.138202679210403856e+00,3.141220235823801055e+00,-3.108548231333573497e+01,1.567378426746416364e+00
8.362040235122266907e+00,-1.138193150356431094e+00,3.141242322549741228e+00,-3.109262999966990648e+01,1.566583615752118241e+00
8.371673922029090775e+00,-1.138183541488053896e+00,3.141264377187580781e+00,-3.109977075153232562e+01,1.565792168406424212e+00
8.381307608935912867e+00,-1.138173932319751502e+00,3.141286408952168596e+00,-3.110690737900759117e+01,1.565004283304497701e+00
8.390941295842734959e+00,-1.138164348545281257e+00,3.141308430498457316e+00,-3.111404133159447127e+01,1.564220313017435027e+00
8.400574982749558828e+00,-1.138154754280201519e+00,3.141330454094964253e+00,-3.112117219649523392e+01,1.563440657993379501e+00
8.410208669656380920e+00,-1.138145063294276227e+00,3.141352487923062764e+00,-3.112829775974979540e+01,1.562665645980745976e+00
8.419842356563203012e+00,-1.138135165570045348e+00,3.141374533630240773e+00,-3.113541461156042800e+01,1.561895433403380995e+00
8.429476043470026880e+00,-1.138124961057714213e+00,3.141396585880800174e+00,-3.114251911277430906e+01,1.561129958475850232e+00
8.439109730376850749e+00,-1.138114390319455493e+00,3.141418634036889035e+00,-3.114960843043077077e+01,1.560368960209224554e+00
8.448743417283672841e+00,-1.138103452725109488e+00,3.141440665452948977e+00,-3.115668132947698865e+01,1.559612057547041797e+00
8.458377104190494933e+00,-1.138092206676691642e+00,3.141462669375740369e+00,-3.116373848150194803e+01,1.558858864703286828e+00
8.468010791097318801e+00,-1.138080751829390502e+00,3.141484640259525563e+00,-3.117078219734715461e+01,1.558109107840538243e+00
8.477644478004142670e+00,-1.138069198766873180e+00,3.141506579486704087e+00,-3.117781566457852094e+01,1.557362707831665416e+00
8.487278164910964762e+00,-1.138057635402639267e+00,3.141528494972462227e+00,-3.118484192039780822e+01,1.556619804109225624e+00
8.496911851817786854e+00,-1.138046100359140222e+00,3.141550398778211406e+00,-3.119186287042749228e+01,1.555880712416886080e+00
8.506545538724610722e+00,-1.138034571428016228e+00,3.141572303465517635e+00,-3.119887864982766956e+01,1.555145829250579093e+00
8.516179225631432814e+00,-1.138022972600288618e+00,-3.141591088874781779e+00,-3.120588751967537178e+01,1.554415511878864953e+00
8.525812912538254906e+00,-1.138011197486095361e+00,-3.141569160684406725e+00,-3.121288632976682464e+01,1.553689970201237447e+00
8.535446599445078775e+00,-1.137999141950211568e+00,-3.141547222938442463e+00,-3.121987140786389148e+01,1.552969203117756436e+00
8.545080286351902643e+00,-1.137986735993902876e+00,-3.141525285215507779e+00,-3.122683960658160984e+01,1.552252998627935865e+00
8.554713973258724735e+00,-1.137973965162645040e+00,-3.141503359904673331e+00,-3.123378919151974031e+01,1.551540997615760142e+00
8.564347660165546827e+00,-1.137960874972416381e+00,-3.141481458381516489e+00,-3.124072030226893304e+01,1.550832802030649438e+00
8.573981347072370696e+00,-1.137947557037603863e+00,-3.141459587500588402e+00,-3.124763484706459593e+01,1.550128094759325226e+00
8.583615033979194564e+00,-1.137934121166129353e+00,-3.141437747473259545e+00,-3.125453586307280318e+01,1.549426734957081386e+00
8.593248720886016656e+00,-1.137920661958084390e+00,-3.141415931775406456e+00,-3.126142653579458752e+01,1.548728800033849495e+00
8.602882407792838748e+00,-1.137907230103607725e+00,-3.141394129109167377e+00,-3.126830917404123866e+01,1.548034561621548066e+00
8.612516094699660840e+00,-1.137893817123573514e+00,-3.141372326816656013e+00,-3.127518445026692007e+01,1.547344402804398777e+00
8.622149781606484709e+00,-1.137880358180548335e+00,-3.141350514701870988e+00,-3.128205113576574092e+01,1.546658701641249634e+00
8.631783468513306801e+00,-1.137866752068672049e+00,-3.141328688094581878e+00,-3.128890641064426248e+01,1.545977716188307038e+00
8.641417155420128893e+00,-1.137852892254279435e+00,-3.141306849223310049e+00,-3.129574665477685613e+01,1.545301505770144690e+00
8.651050842326954537e+00,-1.137838699480877347e+00,-3.141285006481890463e+00,-3.130256848060987096e+01,1.544629912287292406e+00
8.660684529233776630e+00,-1.137824145992721858e+00,-3.141263171817223920e+00,-3.130936969561186345e+01,1.543962607200869419e+00
8.670318216140600498e+00,-1.137809264005784859e+00,-3.141241357038295323e+00,-3.131614990346405136e+01,1.543299189982043629e+00
8.679951903047422590e+00,-1.137794135871924794e+00,-3.141219570174044406e+00,-3.132291056232591941e+01,1.542639308258138220e+00
8.689585589954244682e+00,-1.137778868969689050e+00,-3.141197812990645044e+00,-3.132965448267052011e+01,1.541982763332655715e+00
8.699219276861068550e+00,-1.137763563006738421e+00,-3.141176080423186079e+00,-3.133638491661063696e+01,1.541329569185374337e+00
8.708852963767890643e+00,-1.137748279719081435e+00,-3.141154362091547192e+00,-3.134310451409018228e+01,1.540679947129069083e+00
8.718486650674712735e+00,-1.137733024202979060e+00,-3.141132645434408843e+00,-3.134981446148596262e+01,1.540034257753273517e+00
8.728120337581536603e+00,-1.137717743551351024e+00,-3.141110919502732024e+00,-3.135651406295085053e+01,1.539392890740118203e+00
8.737754024488358695e+00,-1.137702343179202824e+00,-3.141089178254669712e+00,-3.136320089095828223e+01,1.538756145865377567e+00
8.747387711395180787e+00,-1.137686715827770589e+00,-3.141067422348015281e+00,-3.136987146045111885e+01,1.538124141156364644e+00
8.757021398302006432e+00,-1.137670774379601513e+00,-3.141045658886251868e+00,-3.137652222274009617e+01,1.537496775965808693e+00
8.766655085208828524e+00,-1.137654478470575548e+00,-3.141023899199298253e+00,-3.138315057865597879e+01,1.536873760118488086e+00
8.776288772115652392e+00,-1.137637846794176788e+00,-3.141002155339225776e+00,-3.138975560465508607e+01,1.536254700311742827e+00
8.785922459022474484e+00,-1.137620951371064892e+00,-3.140980436361894501e+00,-3.139633827238493780e+01,1.535639217640877519e+00
8.795556145929296576e+00,-1.137603895563193079e+00,-3.140958745528846574e+00,-3.140290109539901309e+01,1.535027060711835700e+00
8.805189832836120445e+00,-1.137586782565946031e+00,-3.140937079281173716e+00,-3.140944730993184919e+01,1.534418180142842703e+00
8.814823519742942537e+00,-1.137569684003672421e+00,-3.140915428295195433e+00,-3.141597983750675382e+01,1.533812741937470525e+00
8.824457206649764629e+00,-1.137552618205745603e+00,-3.140893780294383042e+00,-3.142250034305566686e+01,1.533211075697849868e+00
8.834090893556588497e+00,-1.137535544771527185e+00,-3.140872123756962786e+00,-3.142900867328835801e+01,1.532613573346422342e+00
8.843724580463410589e+00,-1.137518377053632124e+00,-3.140850451386937969e+00,-3.143550284504535242e+01,1.532020568982881414e+00
8.853358267370232682e+00,-1.137501008721879758e+00,-3.140828762290396980e+00,-3.144197958708703666e+01,1.531432236201356156e+00
8.862991954277058326e+00,-1.137483346282620156e+00,-3.140807062195599908e+00,-3.144843527146237960e+01,1.530848533911352227e+00
8.872625641183880418e+00,-1.137465337625951145e+00,-3.140785361653044117e+00,-3.145486695282415468e+01,1.530269217040350460e+00
8.882259328090702510e+00,-1.137446987901303608e+00,-3.140763672767864279e+00,-3.146127320142199579e+01,1.529693908877670205e+00
8.891893014997526379e+00,-1.137428357901191456e+00,-3.140742005463553532e+00,-3.146765447790135539e+01,1.529122213179071599e+00
8.901526701904348471e+00,-1.137409545475269956e+00,-3.140720364417290078e+00,-3.147401293661423693e+01,1.528553832128136891e+00
8.911160388811172339e+00,-1.137390655671413953e+00,-3.140698747600375818e+00,-3.148035171699108048e+01,1.527988654482278053e+00
8.920794075717994431e+00,-1.137371768728745236e+00,-3.140677146866272640e+00,-3.148667393733446573e+01,1.527426787252835316e+00
8.930427762624816523e+00,-1.137352915687713795e+00,-3.140655550403494090e+00,-3.149298169534566227e+01,1.526868521348546892e+00
8.940061449531640392e+00,-1.137334069042936324e+00,-3.140633946302205270e+00,-3.149927537760391516e+01,1.526314241581288256e+00
8.949695136438462484e+00,-1.137315151264985724e+00,-3.140612326144958999e+00,-3.150555348675399969e+01,1.525764308253711121e+00
8.959328823345284576e+00,-1.137296058562790035e+00,-3.140590687526435776e+00,-3.151181303860326111e+01,1.525218946137270271e+00
8.968962510252110221e+00,-1.137276692614920925e+00,-3.140569034735426257e+00,-3.151805040900825006e+01,1.524678174412049225e+00
8.978596197158932313e+00,-1.137256990579199822e+00,-3.140547377394058870e+00,-3.152426237442611523e+01,1.524141798753046784e+00
8.988229884065754405e+00,-1.137236944230999747e+00,-3.140525727472572193e+00,-3.153044703143618221e+01,1.523609467953961571e+00
8.997863570972578273e+00,-1.137216602410574318e+00,-3.140504095592685729e+00,-3.153660431713655043e+01,1.523080777960529320e+00
9.007497257879400365e+00,-1.137196056059831317e+00,-3.140482487748148088e+00,-3.154273597304531407e+01,1.522555391845604733e+00
9.017130944786222457e+00,-1.137175410439667189e+00,-3.140460903442007456e+00,-3.154884496347241551e+01,1.522033139437582117e+00
9.026764631693046326e+00,-1.137154753021796694e+00,-3.140439335806462839e+00,-3.155493452433723434e+01,1.521514066471616022e+00
9.036398318599868418e+00,-1.137134126854535854e+00,-3.140417773665646006e+00,-3.156100713015850090e+01,1.520998418404505559e+00
9.046032005506692286e+00,-1.137113517517316819e+00,-3.140396204909142064e+00,-3.156706369164665205e+01,1.520486563796500379e+00
9.055665692413514378e+00,-1.137092857621569086e+00,-3.140374620145309770e+00,-3.157310322654610957e+01,1.519978880438497715e+00
9.065299379320336470e+00,-1.137072047458050239e+00,-3.140353015519713242e+00,-3.157912310323554550e+01,1.519475638666568429e+00
9.074933066227162115e+00,-1.137050985468468722e+00,-3.140331393840344543e+00,-3.158511978338167836e+01,1.518976917154347905e+00
9.084566753133984207e+00,-1.137029599232380006e+00,-3.140309763669027809e+00,-3.159108983901521484e+01,1.518482576651450700e+00
9.094200440040806299e+00,-1.137007867517793258e+00,-3.140288136659239004e+00,-3.159703093638949412e+01,1.517992299610739781e+00
9.103834126947630168e+00,-1.136985826683383438e+00,-3.140266523954954980e+00,-3.160294248901653091e+01,1.517505683716984466e+00
9.113467813854452260e+00,-1.136963559503378018e+00,-3.140244932750323237e+00,-3.160882578234546258e+01,1.517022361023036447e+00
9.123101500761274352e+00,-1.136941169849933653e+00,-3.140223364059203437e+00,-3.161468353239506968e+01,1.516542106652838173e+00
9.132735187668098220e+00,-1.136918750976148917e+00,-3.140201812373087709e+00,-3.162051901190053371e+01,1.516064904189017515e+00
9.142368874574920312e+00,-1.136896357083080566e+00,-3.140180267308903428e+00,-3.162633500835521971e+01,1.515590947969845725e+00
9.152002561481742404e+00,-1.136873986838014439e+00,-3.140158716741173972e+00,-3.163213292914509722e+01,1.515120581607435790e+00
9.161636248388566273e+00,-1.136851583853481173e+00,-3.140137150461012272e+00,-3.163791232444183521e+01,1.514654191330413679e+00
9.171269935295388365e+00,-1.136829053955972224e+00,-3.140115563245160057e+00,-3.164367097213956725e+01,1.514192086416113803e+00
9.180903622202214009e+00,-1.136806293952670854e+00,-3.140093956399855113e+00,-3.164940549911920087e+01,1.513734402880502872e+00
9.190537309109036102e+00,-1.136783223105525042e+00,-3.140072337310844564e+00,-3.165511235090046682e+01,1.513281059559265174e+00
9.200170996015858194e+00,-1.136759807708649594e+00,-3.140050717139679648e+00,-3.166078881634770781e+01,1.512831779866485427e+00
9.209804682922682062e+00,-1.136736071282677729e+00,-3.140029107371621109e+00,-3.166643379742148312e+01,1.512386172648732208e+00
9.219438369829504154e+00,-1.136712087297190310e+00,-3.140007516269734733e+00,-3.167204809109061969e+01,1.511943847672103214e+00
9.229072056736326246e+00,-1.136687956665956234e+00,-3.139985946316864229e+00,-3.167763409812444308e+01,1.511504530800113155e+00
9.238705743643150115e+00,-1.136663776900846079e+00,-3.139964393424321987e+00,-3.168319504690327548e+01,1.511068144014828141e+00
9.248339430549972207e+00,-1.136639612344845451e+00,-3.139942848146160426e+00,-3.168873396712043800e+01,1.510634826073729453e+00
9.257973117456794299e+00,-1.136615474562025163e+00,-3.139921298525841120e+00,-3.169425272389395332e+01,1.510204887558113773e+00
9.267606804363618167e+00,-1.136591318851843946e+00,-3.139899733704719420e+00,-3.169975140449501794e+01,1.509778713917870663e+00
9.277240491270440259e+00,-1.136567057928396407e+00,-3.139878147190640512e+00,-3.170522824320217126e+01,1.509356645847792056e+00
9.286874178177264127e+00,-1.136542588568625778e+00,-3.139856538790114726e+00,-3.171068010699606532e+01,1.508938873186314478e+00
9.296507865084087996e+00,-1.136517823083214918e+00,-3.139834914616558947e+00,-3.171610339514668553e+01,1.508525374436892941e+00
9.306141551990910088e+00,-1.136492716004257053e+00,-3.139813285174712920e+00,-3.172149508052042677e+01,1.508115920211078542e+00
9.315775238897733956e+00,-1.136467277855729874e+00,-3.139791662108153414e+00,-3.172685357753459812e+01,1.507710139552953965e+00
9.325408925804556048e+00,-1.136441571823940455e+00,-3.139770054603810756e+00,-3.173217917412093669e+01,1.507307629076596989e+00
9.335042612711378140e+00,-1.136415694366475160e+00,-3.139748466550678074e+00,-3.173747389698920074e+01,1.506908071891215783e+00
9.344676299618202009e+00,-1.136389745696090303e+00,-3.139726895318375899e+00,-3.174274085098247866e+01,1.506511330326651743e+00
9.354309986525024101e+00,-1.136363799156303811e+00,-3.139705332525997594e+00,-3.174798323246579912e+01,1.506117484402472506e+00
9.363943673431846193e+00,-1.136337878831579662e+00,-3.139683766564071110e+00,-3.175320331530940265e+01,1.505726804404636576e+00
9.373577360338670061e+00,-1.136311952210857790e+00,-3.139662186098056473e+00,-3.175840171628870223e+01,1.505339665872654775e+00
9.383211047245492153e+00,-1.136285940122687466e+00,-3.139640583483405578e+00,-3.176357716215323990e+01,1.504956432723612236e+00
9.392844734152316022e+00,-1.136259740888842629e+00,-3.139618957050593906e+00,-3.176872682882432031e+01,1.504577343878090057e+00
9.402478421059139890e+00,-1.136233261310411802e+00,-3.139597311564562787e+00,-3.177384715007973881e+01,1.504202437693229477e+00
9.412112107965961982e+00,-1.136206445025638834e+00,-3.139575656720779762e+00,-3.177893485102425331e+01,1.503831537070006608e+00
9.421745794872785851e+00,-1.136179289592693653e+00,-3.139554004139172960e+00,-3.178398789360535304e+01,1.503464299743076271e+00
9.431379481779607943e+00,-1.136151847100777212e+00,-3.139532363774834245e+00,-3.178900604802780805e+01,1.503100318535190771e+00
9.441013168686430035e+00,-1.136124208143975522e+00,-3.139510740841090275e+00,-3.179399091713076686e+01,1.502739241234921419e+00
9.450646855593253903e+00,-1.136096474067481266e+00,-3.139489134182899654e+00,-3.179894540636310296e+01,1.502380873816503426e+00
9.460280542500075995e+00,-1.136068725966909110e+00,-3.139467536594930941e+00,-3.180387279979482784e+01,1.502025235763834399e+00
9.469914229406898087e+00,-1.136040999901243076e+00,-3.139445936984880170e+00,-3.180877572182441071e+01,1.501672550759074687e+00
9.479547916313721956e+00,-1.136013275872899797e+00,-3.139424323719830046e+00,-3.181365529880497789e+01,1.501323175558729739e+00
9.489181603220544048e+00,-1.135985483919461192e+00,-3.139402688133408059e+00,-3.181851077428410690e+01,1.500977488584838593e+00
9.498815290127366140e+00,-1.135957525437908178e+00,-3.139381027123712364e+00,-3.182333969427298115e+01,1.500635771947477881e+00
9.508448977034191785e+00,-1.135929303217984465e+00,-3.139359344050612677e+00,-3.182813860646890092e+01,1.500298122601775752e+00
9.518082663941013877e+00,-1.135900751012430376e+00,-3.139337647660769282e+00,-3.183290406182419474e+01,1.499964419527191506e+00
9.527716350847835969e+00,-1.135871853624421890e+00,-3.139315949370661052e+00,-3.183763361533760872e+01,1.499634356863976503e+00
9.537350037754659837e+00,-1.135842651395745362e+00,-3.139294259738404591e+00,-3.184232652315499124e+01,1.499307532979054836e+00
9.546983724661481929e+00,-1.135813227745185561e+00,-3.139272585201594357e+00,-3.184698392497337949e+01,1.498983568503017949e+00
9.556617411568305798e+00,-1.135783683578628578e+00,-3.139250926075996428e+00,-3.185160845654368700e+01,1.498662217609147529e+00
9.566251098475127890e+00,-1.135754106392596885e+00,-3.139229276424099879e+00,-3.185620340958722707e+01,1.498343438851922560e+00
9.575884785381949982e+00,-1.135724543502565798e+00,-3.139207625831452741e+00,-3.186077169343233351e+01,1.498027404126299089e+00
9.585518472288773850e+00,-1.135694987557990698e+00,-3.139185962546671593e+00,-3.186531491266718419e+01,1.497714443040804255e+00
9.595152159195595942e+00,-1.135665378748667909e+00,-3.139164277025674465e+00,-3.186983283995937910e+01,1.497404939545198488e+00
9.604785846102418034e+00,-1.135635623010202266e+00,-3.139142564798486301e+00,-3.187432344357706171e+01,1.497099212101762111e+00
9.614419533009243679e+00,-1.135605620656477743e+00,-3.139120827784834145e+00,-3.187878346126766615e+01,1.496797413668418786e+00
9.624053219916065771e+00,-1.135575296692811875e+00,-3.139099073658969008e+00,-3.188320934679571650e+01,1.496499481766390804e+00
9.633686906822887863e+00,-1.135544623560503119e+00,-3.139077313459675445e+00,-3.188759830263728645e+01,1.496205153747463656e+00
9.643320593729711732e+00,-1.135513629382674861e+00,-3.139055558176531147e+00,-3.189194908622709335e+01,1.495914042640851038e+00
9.652954280636533824e+00,-1.135482389212152610e+00,-3.139033815354971058e+00,-3.189626234568606833e+01,1.495625750619795191e+00
9.662587967543355916e+00,-1.135451001970136709e+00,-3.139012086755809783e+00,-3.190054038340043618e+01,1.495339985737744959e+00
9.672221654450179784e+00,-1.135419560126629479e+00,-3.138990367782060087e+00,-3.190478641904704915e+01,1.495056646594539629e+00
9.681855341357001876e+00,-1.135388121380112247e+00,-3.138968648845976706e+00,-3.190900357519691255e+01,1.494775849304435855e+00
9.691489028263825745e+00,-1.135356690973912563e+00,-3.138946918257169649e+00,-3.191319389258888606e+01,1.494497888607150715e+00
9.701122715170647837e+00,-1.135325220032493254e+00,-3.138925165749079760e+00,-3.191735767314978034e+01,1.494223144899036626e+00
9.710756402077469929e+00,-1.135293620408082793e+00,-3.138903385567299864e+00,-3.192149334960526375e+01,1.493951965329387122e+00
9.720390088984295573e+00,-1.135261791490788319e+00,-3.138881578178061904e+00,-3.192559792112854922e+01,1.493684554955056365e+00
9.730023775891117666e+00,-1.135229650790528177e+00,-3.138859750077123145e+00,-3.192966782314402252e+01,1.493420910901816612e+00
9.739657462797939758e+00,-1.135197158957143238e+00,-3.138837911759356114e+00,-3.193369996797727950e+01,1.493160819463762001e+00
9.749291149704763626e+00,-1.135164331611451916e+00,-3.138816074470383910e+00,-3.193769264130552088e+01,1.492903917019820170e+00
9.758924836611585718e+00,-1.135131234391515642e+00,-3.138794246732508508e+00,-3.194164598300081792e+01,1.492649796324938993e+00
9.768558523518407810e+00,-1.135097962742767308e+00,-3.138772431705039168e+00,-3.194556190678949292e+01,1.492398125993985358e+00
9.778192210425231679e+00,-1.135064612633090775e+00,-3.138750626183449022e+00,-3.194944348307656412e+01,1.492148747002086218e+00
9.787825897332053771e+00,-1.135031251136337183e+00,-3.138728821541040048e+00,-3.195329397182996445e+01,1.491901716986572479e+00
9.797459584238875863e+00,-1.134997895858679051e+00,-3.138707006323858018e+00,-3.195711579835079164e+01,1.491657288942866089e+00
9.807093271145699731e+00,-1.134964509475472560e+00,-3.138685169705551559e+00,-3.196090978201008426e+01,1.491415830770203454e+00
9.816726958052521823e+00,-1.134931011030364756e+00,-3.138663304747304039e+00,-3.196467485141726073e+01,1.491177710028439130e+00
9.826360644959347468e+00,-1.134897300532685893e+00,-3.138641410468486104e+00,-3.196840833221757094e+01,1.490943178796110935e+00
9.835994331866169560e+00,-1.134863289336019765e+00,-3.138619492097485697e+00,-3.197210672036921864e+01,1.490712293488023699e+00
9.845628018772991652e+00,-1.134828927024124079e+00,-3.138597559427965589e+00,-3.197576670677919708e+01,1.490484893907573660e+00
9.855261705679815520e+00,-1.134794216605195416e+00,-3.138575623783867119e+00,-3.197938614306513827e+01,1.490260647876086697e+00
9.864895392586637612e+00,-1.134759213390177601e+00,-3.138553694520445969e+00,-3.198296465602143002e+01,1.490039147925537044e+00
9.874529079493459705e+00,-1.134724007912917054e+00,-3.138531776129264372e+00,-3.198650372473783676e+01,1.489820030774904991e+00
9.884162766400283573e+00,-1.134688698118256678e+00,-3.138509866829804817e+00,-3.199000619704646908e+01,1.489603083411283224e+00
9.893796453307105665e+00,-1.134653359313420706e+00,-3.138487959075983103e+00,-3.199347539176086741e+01,1.489388303655661439e+00
9.903430140213927757e+00,-1.134618021052115511e+00,-3.138466041821220909e+00,-3.199691405858109050e+01,1.489175896879473049e+00
9.913063827120751625e+00,-1.134582657997595501e+00,-3.138444103849395095e+00,-3.200032351059738289e+01,1.488966209873209268e+00
9.922697514027573717e+00,-1.134547197539135022e+00,-3.138422137154420977e+00,-3.200370319202470881e+01,1.488759621896280194e+00
9.932331200934399362e+00,-1.134511541822938119e+00,-3.138400139337346850e+00,-3.200705081200562319e+01,1.488556425898299285e+00
9.941964887841221454e+00,-1.134475597462789143e+00,-3.138378114290507614e+00,-3.201036300393491274e+01,1.488356735875294046e+00
9.951598574748043546e+00,-1.134439303858910675e+00,-3.138356070961553446e+00,-3.201363631065270710e+01,1.488160448411005143e+00
9.961232261654867415e+00,-1.134402651486334346e+00,-3.138334020576173167e+00,-3.201686819718084109e+01,1.487967270047410251e+00
9.970865948561689507e+00,-1.134365684581900124e+00,-3.138311973168216973e+00,-3.202005778432666716e+01,1.487776802194714421e+00
9.980499635468511599e+00,-1.134328487423899690e+00,-3.138289934476494736e+00,-3.202320608100741595e+01,1.487588657865367425e+00
9.990133322375335467e+00,-1.134291158404970634e+00,-3.138267904154715016e+00,-3.202631564497028194e+01,1.487402574878935457e+00
9.999767009282157559e+00,-1.134253779819127450e+00,-3.138245875839559496e+00,-3.202938977470621751e+01,1.487218491256029118e+00
1.000940069618897965e+01,-1.134216392584791677e+00,-3.138223839054516962e+00,-3.203243147731984664e+01,1.487036559974670658e+00
1.001903438309580352e+01,-1.134178983611523694e+00,-3.138201782367027182e+00,-3.203544252492638122e+01,1.486857098628634022e+00
1.002866807000262561e+01,-1.134141489654217239e+00,-3.138179696834618948e+00,-3.203842288528935711e+01,1.486680489239740943e+00
1.003830175690944948e+01,-1.134103816464795855e+00,-3.138157578688353322e+00,-3.204137069905823409e+01,1.486507058566418848e+00
1.004793544381627335e+01,-1.134065867385269488e+00,-3.138135430435483375e+00,-3.204428281044980054e+01,1.486336975153000672e+00
1.005756913072309544e+01,-1.134027572650381899e+00,-3.138113260046218933e+00,-3.204715569064099867e+01,1.486170194293417124e+00
1.006720281762991931e+01,-1.133988910458721744e+00,-3.138091078474293472e+00,-3.204998647422591063e+01,1.486006467573596668e+00
1.007683650453674140e+01,-1.133949913390036368e+00,-3.138068896269207819e+00,-3.205277379484680012e+01,1.485845414099999928e+00
1.008647019144356349e+01,-1.133910658222649692e+00,-3.138046720314527693e+00,-3.205551816693240852e+01,1.485686631838908811e+00
1.009610387835038736e+01,-1.133871242271216717e+00,-3.138024551687318198e+00,-3.205822179796313520e+01,1.485529815342675475e+00
1.010573756525720945e+01,-1.133831753475240012e+00,-3.138002385290933560e+00,-3.206088788818159685e+01,1.485374844207292711e+00
1.011537125216403155e+01,-1.133792243369745822e+00,-3.137980211371795392e+00,-3.206351962990352433e+01,1.485221815475376461e+00
1.012500493907085541e+01,-1.133752711182850259e+00,-3.137958018455890397e+00,-3.206611920952651928e+01,1.485071010180031292e+00
1.013463862597767751e+01,-1.133713103903653652e+00,-3.137935796807898470e+00,-3.206868711446031739e+01,1.484922804171432631e+00
1.014427231288450137e+01,-1.133673332287382207e+00,-3.137913541357123304e+00,-3.207122195481371563e+01,1.484777550238154609e+00
1.015390599979132524e+01,-1.133633297902141734e+00,-3.137891253197874430e+00,-3.207372085377313908e+01,1.484635467223568428e+00
1.016353968669814734e+01,-1.133592922956446758e+00,-3.137868939207586916e+00,-3.207618028839662117e+01,1.484496569716093450e+00
1.017317337360496943e+01,-1.133552173804470709e+00,-3.137846609900619921e+00,-3.207859712615353232e+01,1.484360659603440658e+00
1.018280706051179330e+01,-1.133511070961783940e+00,-3.137824276173891036e+00,-3.208096954326249772e+01,1.484227382044409405e+00
1.019244074741861539e+01,-1.133469682585578564e+00,-3.137801945938149206e+00,-3.208329754668910994e+01,1.484096328900380346e+00
1.020207443432543926e+01,-1.133428103420845101e+00,-3.137779621662845297e+00,-3.208558294173462144e+01,1.483967158293394206e+00
1.021170812123226135e+01,-1.133386425647108453e+00,-3.137757299583041171e+00,-3.208782875510347310e+01,1.483839694075641091e+00
1.022134180813908344e+01,-1.133344710526927868e+00,-3.137734970809152646e+00,-3.209003828827975013e+01,1.483713975085708237e+00
1.023097549504590731e+01,-1.133302969506396085e+00,-3.137712623999548089e+00,-3.209221408798545383e+01,1.483590239282126522e+00
1.024060918195272940e+01,-1.133261160527493150e+00,-3.137690248779405167e+00,-3.209435714554514618e+01,1.483468847571675742e+00
1.025024286885955327e+01,-1.133219200666932380e+00,-3.137667838862122416e+00,-3.209646656759121441e+01,1.483350170412103264e+00
1.025987655576637714e+01,-1.133176991233495023e+00,-3.137645393921057568e+00,-3.209853981776220166e+01,1.483234471537826726e+00
1.026951024267319923e+01,-1.133134447657415889e+00,-3.137622919641330999e+00,-3.210057345611659940e+01,1.483121824023711621e+00
1.027914392958002132e+01,-1.133091525048262049e+00,-3.137600425937133064e+00,-3.210256415225779136e+01,1.483012084105218342e+00
1.028877761648684519e+01,-1.133048231625730207e+00,-3.137577923879730335e+00,-3.210450966527793071e+01,1.482904930678609512e+00
1.029841130339366728e+01,-1.133004625933293541e+00,-3.137555422274411754e+00,-3.210640949369477681e+01,1.482799958509532390e+00
1.030804499030048937e+01,-1.132960798695644700e+00,-3.137532924931095035e+00,-3.210826499854634619e+01,1.482696796909122927e+00
1.031767867720731324e+01,-1.132916844866037387e+00,-3.137510429460969252e+00,-3.211007896243474136e+01,1.482595217924703945e+00
1.032731236411413533e+01,-1.132872834399226036e+00,-3.137487927965386003e+00,-3.211185471819148773e+01,1.482495201274620644e+00
1.033694605102095920e+01,-1.132828790669158758e+00,-3.137465409405537642e+00,-3.211359511118119059e+01,1.482396936367121221e+00
1.034657973792778130e+01,-1.132784683112058932e+00,-3.137442862928804921e+00,-3.211530160958619717e+01,1.482300760805339568e+00
1.035621342483460339e+01,-1.132740436330800904e+00,-3.137420281136149125e+00,-3.211697383211709678e+01,1.482207054017426362e+00
1.036584711174142903e+01,-1.132695952872200262e+00,-3.137397662293581302e+00,-3.211860963611175634e+01,1.482116118237444047e+00
1.037548079864825112e+01,-1.132651142718466453e+00,-3.137375010813551413e+00,-3.212020573924221623e+01,1.482028082887619336e+00
1.038511448555507322e+01,-1.132605950489636193e+00,-3.137352335860423835e+00,-3.212175868643969068e+01,1.481942861320119098e+00
1.039474817246189708e+01,-1.132560372057740183e+00,-3.137329648506697044e+00,-3.212326586910268844e+01,1.481860173014340587e+00
1.040438185936871918e+01,-1.132514455509300522e+00,-3.137306958308607285e+00,-3.212472628784010453e+01,1.481779624496677883e+00
1.041401554627554127e+01,-1.132468286171790073e+00,-3.137284270346390791e+00,-3.212614082772736168e+01,1.481700824460479682e+00
1.042364923318236514e+01,-1.132421960282512963e+00,-3.137261583632083628e+00,-3.212751196277618249e+01,1.481623498205774547e+00
1.043328292008918723e+01,-1.132375555341385009e+00,-3.137238891369924065e+00,-3.212884297926376576e+01,1.481547566730991194e+00
1.044291660699601110e+01,-1.132329106196231727e+00,-3.137216182988806779e+00,-3.213013695330835873e+01,1.481473166526020346e+00
1.045255029390283319e+01,-1.132282594154971234e+00,-3.137193447325604012e+00,-3.213139579245912358e+01,1.481400604085917561e+00
1.046218398080965528e+01,-1.132235952439608395e+00,-3.137170675987290380e+00,-3.213261963158888079e+01,1.481330258939633326e+00
1.047181766771648093e+01,-1.132189086308712733e+00,-3.137147865865839602e+00,-3.213380676598637109e+01,1.481262464578390281e+00
1.048145135462330302e+01,-1.132141901699876607e+00,-3.137125020038916023e+00,-3.213495414179674725e+01,1.481197403355106745e+00
1.049108504153012511e+01,-1.132094333647192030e+00,-3.137102146782400514e+00,-3.213605825514309799e+01,1.481135047187909226e+00
1.050071872843694898e+01,-1.132046365802140242e+00,-3.137079256997090670e+00,-3.213711618749136534e+01,1.481075162021781910e+00
1.051035241534377107e+01,-1.131998035105644673e+00,-3.137056360835674518e+00,-3.213812646358243086e+01,1.481017374685582366e+00
1.051998610225059316e+01,-1.131949420193489653e+00,-3.137033464559694895e+00,-3.213908947205143818e+01,1.480961281878339975e+00
1.052961978915741703e+01,-1.131900617081574634e+00,-3.137010568585509862e+00,-3.214000732139528793e+01,1.480906568257604805e+00
1.053925347606423912e+01,-1.131851709557444519e+00,-3.136987667314929062e+00,-3.214088317505882486e+01,1.480853097851839273e+00
1.054888716297106122e+01,-1.131802743316040250e+00,-3.136964750801296553e+00,-3.214172026721441711e+01,1.480800951110627484e+00
1.055852084987788508e+01,-1.131753711730500767e+00,-3.136941807741687072e+00,-3.214252089748326568e+01,1.480750396384391321e+00
1.056815453678470718e+01,-1.131704557594449323e+00,-3.136918828881458232e+00,-3.214328570912834238e+01,1.480701804492300822e+00
1.057778822369153282e+01,-1.131655190296257274e+00,-3.136895809792012990e+00,-3.214401346928561765e+01,1.480655532273314590e+00
1.058742191059835491e+01,-1.131605513177007749e+00,-3.136872752174420409e+00,-3.214470141767223055e+01,1.480611810402794770e+00
1.059705559750517700e+01,-1.131555452718567389e+00,-3.136849663291753743e+00,-3.214534607800231214e+01,1.480570669456603206e+00
1.060668928441200087e+01,-1.131504980653798675e+00,-3.136826553704269660e+00,-3.214594428619940203e+01,1.480531926612041360e+00
1.061632297131882297e+01,-1.131454122254888839e+00,-3.136803433999347579e+00,-3.214649412385858795e+01,1.480495237001524966e+00
1.062595665822564506e+01,-1.131402948276718723e+00,-3.136780311514559383e+00,-3.214699547417073688e+01,1.480460194146085984e+00
1.063559034513246893e+01,-1.131351553021290313e+00,-3.136757188053892254e+00,-3.214745003196880901e+01,1.480426449027762548e+00
1.064522403203929102e+01,-1.131300025223446859e+00,-3.136734059293614152e+00,-3.214786076500117673e+01,1.480393811719585173e+00
1.065485771894611311e+01,-1.131248420645725394e+00,-3.136710916058343290e+00,-3.214823098981593574e+01,1.480362304787555372e+00
1.066449140585293698e+01,-1.131196744744880300e+00,-3.136687747077103960e+00,-3.214856334234980295e+01,1.480332152301704784e+00
1.067412509275975907e+01,-1.131144950695387452e+00,-3.136664542377660680e+00,-3.214885895511170588e+01,1.480303707806816638e+00
1.068375877966658294e+01,-1.131092953366662934e+00,-3.136641296283009694e+00,-3.214911709015318309e+01,1.480277343093150622e+00
1.069339246657340681e+01,-1.131040654981862348e+00,-3.136618009095743620e+00,-3.214933533886772921e+01,1.480253331474359335e+00
1.070302615348022890e+01,-1.130987974623147707e+00,-3.136594686956797773e+00,-3.214951032792772168e+01,1.480231760933652829e+00
1.071265984038705277e+01,-1.130934872577547656e+00,-3.136571339922418655e+00,-3.214963871735885448e+01,1.480212503442421612e+00
1.072229352729387486e+01,-1.130881362095632170e+00,-3.136547978846917495e+00,-3.214971818829453554e+01,1.480195249732100926e+00
1.073192721420069695e+01,-1.130827504979467379e+00,-3.136524612022989267e+00,-3.214974812114287062e+01,1.480179598966857801e+00
1.074156090110752082e+01,-1.130773392352367512e+00,-3.136501242604992079e+00,-3.214972975877473260e+01,1.480165176131717386e+00
1.075119458801434291e+01,-1.130719116484834252e+00,-3.136477867601252800e+00,-3.214966580544657404e+01,1.480151741559755596e+00
1.076082827492116500e+01,-1.130664742278022716e+00,-3.136454478742342733e+00,-3.214955958317035112e+01,1.480139259415570230e+00
1.077046196182798887e+01,-1.130610287107648215e+00,-3.136431064959657178e+00,-3.214941400129164606e+01,1.480127904401030037e+00
1.078009564873481096e+01,-1.130555715176492670e+00,-3.136407615717305752e+00,-3.214923065152630954e+01,1.480118004675005539e+00
1.078972933564163483e+01,-1.130500948093932312e+00,-3.136384124180176425e+00,-3.214900930256839473e+01,1.480109938303663331e+00
1.079936302254845870e+01,-1.130445888448201375e+00,-3.136360589251391051e+00,-3.214874794723087348e+01,1.480104014628175868e+00
1.080899670945528079e+01,-1.130390449172999690e+00,-3.136337015857741051e+00,-3.214844338764864062e+01,1.480100376494488890e+00
1.081863039636210289e+01,-1.130334579744356471e+00,-3.136313413396567551e+00,-3.214809218107873789e+01,1.480098952958786462e+00
1.082826408326892675e+01,-1.130278281213760172e+00,-3.136289792818682365e+00,-3.214769165963396347e+01,1.480099476782097412e+00
1.083789777017574885e+01,-1.130221605493287207e+00,-3.136266163238031091e+00,-3.214724071495873403e+01,1.480101561393418752e+00
1.084753145708257271e+01,-1.130164639115784464e+00,-3.136242529102920784e+00,-3.214674011016506938e+01,1.480104813982286771e+00
1.085716514398939481e+01,-1.130107476431250424e+00,-3.136218888791963977e+00,-3.214619222467432991e+01,1.480108950440514270e+00
1.086679883089621690e+01,-1.130050190422738687e+00,-3.136195235062792630e+00,-3.214560030949246539e+01,1.480113877324736649e+00
1.087643251780304077e+01,-1.129992810049186946e+00,-3.136171557216050676e+00,-3.214496747876285099e+01,1.480119716019083542e+00
1.088606620470986286e+01,-1.129935311028023026e+00,-3.136147844313718291e+00,-3.214429574324616112e+01,1.480126761801627167e+00
1.089569989161668673e+01,-1.129877622866706011e+00,-3.136124088469265825e+00,-3.214358537853158992e+01,1.480135390243794369e+00
1.090533357852351060e+01,-1.129819649992664932e+00,-3.136100287205482395e+00,-3.214283481924564967e+01,1.480145939321701132e+00
1.091496726543033269e+01,-1.129761300528917767e+00,-3.136076444160638577e+00,-3.214204111109968665e+01,1.480158602964332770e+00
1.092460095233715478e+01,-1.129702513931233554e+00,-3.136052567927909429e+00,-3.214120078361147392e+01,1.480173368285510938e+00
1.093423463924397865e+01,-1.129643279052240823e+00,-3.136028669382755929e+00,-3.214031087893224736e+01,1.480190015501280598e+00
1.094386832615080074e+01,-1.129583637121855721e+00,-3.136004758314330232e+00,-3.213936982499387796e+01,1.480208180535315776e+00
1.095350201305762283e+01,-1.129523668738225073e+00,-3.135980840389171576e+00,-3.213837788846295496e+01,1.480227461319270299e+00
1.096313569996444670e+01,-1.129463468843397767e+00,-3.135956915373784959e+00,-3.213733707041470922e+01,1.480247535560334171e+00
1.097276938687126879e+01,-1.129403117324179640e+00,-3.135932977158276902e+00,-3.213625047657454559e+01,1.480268254285979301e+00
1.098240307377809266e+01,-1.129342654211692221e+00,-3.135909015573399294e+00,-3.213512135318440244e+01,1.480289682832321096e+00
1.099203676068491475e+01,-1.129282067047862492e+00,-3.135885019446026600e+00,-3.213395208077643872e+01,1.480312076881822980e+00
1.100167044759173862e+01,-1.129221294271747889e+00,-3.135860979960249040e+00,-3.213274343073855022e+01,1.480335800841620753e+00
1.101130413449856249e+01,-1.129160243588865464e+00,-3.135836893298193484e+00,-3.213149430978418053e+01,1.480361213318624580e+00
1.102093782140538458e+01,-1.129098819713723278e+00,-3.135812761754725120e+00,-3.213020206951986779e+01,1.480388554403619494e+00
1.103057150831220667e+01,-1.129036953016632427e+00,-3.135788592986132883e+00,-3.212886328707313766e+01,1.480417868913335822e+00
1.104020519521903054e+01,-1.128974620331180567e+00,-3.135764397622465172e+00,-3.212747478006492940e+01,1.480448988831834622e+00
1.104983888212585263e+01,-1.128911851573397129e+00,-3.135740185972569538e+00,-3.212603454829258709e+01,1.480481580246997941e+00
1.105947256903267473e+01,-1.128848720154782548e+00,-3.135715964827655799e+00,-3.212454235681104819e+01,1.480515240532564780e+00
1.106910625593949860e+01,-1.128785320118342650e+00,-3.135691735338955066e+00,-3.212299978388293908e+01,1.480549616305134819e+00
1.107873994284632069e+01,-1.128721736978124834e+00,-3.135667492617044250e+00,-3.212140971951919965e+01,1.480584506402556455e+00
1.108837362975314456e+01,-1.128658021163545744e+00,-3.135643227174837122e+00,-3.211977546683552731e+01,1.480619918686958636e+00
1.109800731665996665e+01,-1.128594172173047028e+00,-3.135618927773519804e+00,-3.211809971872568070e+01,1.480656063485009222e+00
1.110764100356678874e+01,-1.128530138272027195e+00,-3.135594584802593232e+00,-3.211638371997690911e+01,1.480693285686827121e+00
1.111727469047361438e+01,-1.128465831824764010e+00,-3.135570193162298569e+00,-3.211462686859029958e+01,1.480731956108829017e+00
1.112690837738043648e+01,-1.128401155578578674e+00,-3.135545753768747446e+00,-3.211282687686890114e+01,1.480772355055919087e+00
1.113654206428725857e+01,-1.128336031876269852e+00,-3.135521273222541261e+00,-3.211098044318888611e+01,1.480814583365044346e+00
1.114617575119408244e+01,-1.128270425880297356e+00,-3.135496761742280647e+00,-3.210908423067014894e+01,1.480858527869813646e+00
1.115580943810090453e+01,-1.128204355720952456e+00,-3.135472229993903071e+00,-3.210713585606124809e+01,1.480903891725064536e+00
1.116544312500772662e+01,-1.128137886472700080e+00,-3.135447685783745886e+00,-3.210513458918287455e+01,1.480950280371879924e+00
1.117507681191455049e+01,-1.128071109798984617e+00,-3.135423131624686111e+00,-3.210308155111928841e+01,1.480997317065958718e+00
1.118471049882137258e+01,-1.128004115480047753e+00,-3.135398563918131654e+00,-3.210097935135743086e+01,1.481044752945295029e+00
1.119434418572819467e+01,-1.127936963514817093e+00,-3.135373974001371078e+00,-3.209883127413628756e+01,1.481092538286692406e+00
1.120397787263501854e+01,-1.127869665312012604e+00,-3.135349350740416874e+00,-3.209664026081212285e+01,1.481140833381498823e+00
1.121361155954184063e+01,-1.127802179710460928e+00,-3.135324683876802521e+00,-3.209440799670248623e+01,1.481189955770609412e+00
1.122324524644866628e+01,-1.127734425042060451e+00,-3.135299967106748298e+00,-3.209213437902195665e+01,1.481240279863254905e+00
1.123287893335548837e+01,-1.127666303554164973e+00,-3.135275199952866299e+00,-3.208981752689454225e+01,1.481292119380489547e+00
1.124251262026231046e+01,-1.127597730736012549e+00,-3.135250387857209553e+00,-3.208745433010636816e+01,1.481345628250273716e+00
1.125214630716913433e+01,-1.127528660597763244e+00,-3.135225540467378558e+00,-3.208504137004245393e+01,1.481400749971861996e+00
1.126177999407595642e+01,-1.127459099186293168e+00,-3.135200668638925769e+00,-3.208257593356464810e+01,1.481457230766621835e+00
1.127141368098277852e+01,-1.127389102213137706e+00,-3.135175781069091450e+00,-3.208005681255922070e+01,1.481514692496636476e+00
1.128104736788960238e+01,-1.127318757519296888e+00,-3.135150881589371163e+00,-3.207748464698416768e+01,1.481572743222149713e+00
1.129068105479642448e+01,-1.127248157729986433e+00,-3.135125967943277470e+00,-3.207486170772106249e+01,1.481631091873757189e+00
1.130031474170324657e+01,-1.127177371446286047e+00,-3.135101032422299205e+00,-3.207219118537028635e+01,1.481689632287660041e+00
1.130994842861007044e+01,-1.127106421767016142e+00,-3.135076064165873255e+00,-3.206947620080963191e+01,1.481748471158803371e+00
1.131958211551689253e+01,-1.127035278696404630e+00,-3.135051052423282414e+00,-3.206671883750350105e+01,1.481807891478214456e+00
1.132921580242371640e+01,-1.126963867754664506e+00,-3.135025989781824229e+00,-3.206391948875204889e+01,1.481868262574844275e+00
1.133884948933054027e+01,-1.126892092162815828e+00,-3.135000874375876823e+00,-3.206107671745036924e+01,1.481929924052213687e+00
1.134848317623736236e+01,-1.126819861830037128e+00,-3.134975710402604143e+00,-3.205818767052691243e+01,1.481993078801419284e+00
1.135811686314418623e+01,-1.126747120295318982e+00,-3.134950506786881697e+00,-3.205524892215385790e+01,1.482057727500911692e+00
1.136775055005100832e+01,-1.126673861399816623e+00,-3.134925274402964757e+00,-3.205225748998070401e+01,1.482123664425176068e+00
1.137738423695783041e+01,-1.126600130600643679e+00,-3.134900022700946920e+00,-3.204921171635272970e+01,1.482190535796213515e+00
1.138701792386465428e+01,-1.126526010524909749e+00,-3.134874756767749737e+00,-3.204611174755959979e+01,1.482257942958053576e+00
1.139665161077147637e+01,-1.126451595173205256e+00,-3.134849475719760026e+00,-3.204295946613449786e+01,1.482325559080714061e+00
1.140628529767829846e+01,-1.126376960646459757e+00,-3.134824172917774376e+00,-3.203975789707627086e+01,1.482393224019348255e+00
1.141591898458512233e+01,-1.126302141331484208e+00,-3.134798837938705951e+00,-3.203651026828371329e+01,1.482460988598650165e+00
1.142555267149194442e+01,-1.126227118814506989e+00,-3.134773459702241194e+00,-3.203321901014511042e+01,1.482529094939386560e+00
1.143518635839876829e+01,-1.126151826907395126e+00,-3.134748029798116509e+00,-3.202988499744861883e+01,1.482597898833682981e+00
1.144482004530559216e+01,-1.126076171252892166e+00,-3.134722544998371330e+00,-3.202650726313236618e+01,1.482667757729396962e+00
1.145445373221241425e+01,-1.126000057525274212e+00,-3.134697008187691480e+00,-3.202308327027550661e+01,1.482738918286255592e+00
1.146408741911923634e+01,-1.125923419618660049e+00,-3.134671427427748736e+00,-3.201960965954303617e+01,1.482811437573066105e+00
1.147372110602606021e+01,-1.125846239218525779e+00,-3.134645813441047313e+00,-3.201608324529625804e+01,1.482885161760889581e+00
1.148335479293288230e+01,-1.125768550781527377e+00,-3.134620176282201243e+00,-3.201250195837174317e+01,1.482959768730806926e+00
1.149298847983970617e+01,-1.125690430402510822e+00,-3.134594522212696521e+00,-3.200886544987658056e+01,1.483034861642700708e+00
1.150262216674652826e+01,-1.125611971965689184e+00,-3.134568851733123385e+00,-3.200517517325957328e+01,1.483110085075627138e+00
1.151225585365335036e+01,-1.125533257858862601e+00,-3.134543159373648802e+00,-3.200143392015807109e+01,1.483185228528955291e+00
1.152188954056017423e+01,-1.125454333189651379e+00,-3.134517435306843236e+00,-3.199764495107669049e+01,1.483260285929691724e+00
1.153152322746699632e+01,-1.125375191374726302e+00,-3.134491668290706468e+00,-3.199381098462647799e+01,1.483335453147855310e+00
1.154115691437382019e+01,-1.125295775501981899e+00,-3.134465849043666541e+00,-3.198993335169639707e+01,1.483411064320854900e+00
1.155079060128064405e+01,-1.125215995051587203e+00,-3.134439973021346137e+00,-3.198601157070673295e+01,1.483487486327306648e+00
1.156042428818746615e+01,-1.125135752873373196e+00,-3.134414041747414892e+00,-3.198204347231422773e+01,1.483565003414824224e+00
1.157005797509428824e+01,-1.125054974186653789e+00,-3.134388062292095878e+00,-3.197802583537691135e+01,1.483643726945115260e+00
1.157969166200111211e+01,-1.124973628750294496e+00,-3.134362045057282664e+00,-3.197395534111395676e+01,1.483723557584814001e+00
1.158932534890793420e+01,-1.124891739434419557e+00,-3.134336000544168943e+00,-3.196982955611483135e+01,1.483804211360895575e+00
1.159895903581475807e+01,-1.124809374575280518e+00,-3.134309936089960225e+00,-3.196564764630422673e+01,1.483885301639276788e+00
1.160859272272158016e+01,-1.124726626444749300e+00,-3.134283853569831191e+00,-3.196141060570777981e+01,1.483966452143241632e+00
1.161822640962840225e+01,-1.124643582404841746e+00,-3.134257748765764795e+00,-3.195712093106632778e+01,1.484047406739543495e+00
1.162786009653522612e+01,-1.124560297551558063e+00,-3.134231612595203664e+00,-3.195278184134071964e+01,1.484128102726484988e+00
1.163749378344204821e+01,-1.124476777199163280e+00,-3.134205433824735376e+00,-3.194839627898422663e+01,1.484208685446559928e+00
1.164712747034887208e+01,-1.124392974553301672e+00,-3.134179202440659395e+00,-3.194396599578040963e+01,1.484289459845281156e+00
1.165676115725569595e+01,-1.124308804285887531e+00,-3.134152912647630629e+00,-3.193949100015369780e+01,1.484370793706353497e+00
1.166639484416251804e+01,-1.124224167870473634e+00,-3.134126564579926999e+00,-3.193496953310356545e+01,1.484453001921062887e+00
1.167602853106934013e+01,-1.124138982946130572e+00,-3.134100164202702654e+00,-3.193039857962126504e+01,1.484536246871047238e+00
1.168566221797616400e+01,-1.124053207746671612e+00,-3.134073721433047410e+00,-3.192577476020946392e+01,1.484620485093918418e+00
1.169529590488298609e+01,-1.123966853136675548e+00,-3.134047247054080110e+00,-3.192109533207716865e+01,1.484705476355248965e+00
1.170492959178980819e+01,-1.123879978577558614e+00,-3.134020749363885194e+00,-3.191635899655081943e+01,1.484790852328583100e+00
1.171456327869663205e+01,-1.123792673251879481e+00,-3.133994231582220014e+00,-3.191156626819466879e+01,1.484876224023840896e+00
1.172419696560345415e+01,-1.123705028104923231e+00,-3.133967690806817252e+00,-3.190671929415236718e+01,1.484961295378188328e+00
1.173383065251027801e+01,-1.123617107336613019e+00,-3.133941118838218909e+00,-3.190182117892791780e+01,1.485045948583357367e+00
1.174346433941710011e+01,-1.123528928046304110e+00,-3.133914504621759800e+00,-3.189687501964754546e+01,1.485130275319339832e+00
1.175309802632392397e+01,-1.123440454246250608e+00,-3.133887837561574852e+00,-3.189188294438059046e+01,1.485214544480018883e+00
1.176273171323074784e+01,-1.123351607074494218e+00,-3.133861110695156604e+00,-3.188684544488972250e+01,1.485299116227692950e+00
1.177236540013756994e+01,-1.123262288093238137e+00,-3.133834322759303515e+00,-3.188176120570108552e+01,1.485384328464689041e+00
1.178199908704439203e+01,-1.123172408563387181e+00,-3.133807478516505096e+00,-3.187662748083567266e+01,1.485470390142594077e+00
1.179163277395121590e+01,-1.123081915759745808e+00,-3.133780587241687510e+00,-3.187144090357996973e+01,1.485557313727828177e+00
1.180126646085803799e+01,-1.122990808292597231e+00,-3.133753659830824212e+00,-3.186619848357047147e+01,1.485644907251723712e+00
1.181090014776486008e+01,-1.122899135755383027e+00,-3.133726705413733438e+00,-3.186089848891228371e+01,1.485732828302493091e+00
1.182053383467168395e+01,-1.122806982801800357e+00,-3.133699728504983462e+00,-3.185554094613843290e+01,1.485820683544643916e+00
1.183016752157850604e+01,-1.122714442509141763e+00,-3.133672727562833771e+00,-3.185012760685466660e+01,1.485908143568611672e+00
1.183980120848532813e+01,-1.122621587156475753e+00,-3.133645695396520825e+00,-3.184466139167110654e+01,1.485995038254831035e+00
1.184943489539215200e+01,-1.122528445337955816e+00,-3.133618621298071449e+00,-3.183914548041446224e+01,1.486081403774654586e+00
1.185906858229897587e+01,-1.122434992399892195e+00,-3.133591494248330278e+00,-3.183358232462788351e+01,1.486167467034412937e+00
1.186870226920579974e+01,-1.122341157124796762e+00,-3.133564306218754592e+00,-3.182797288162741722e+01,1.486253572337647988e+00
1.187833595611262183e+01,-1.122246842626703378e+00,-3.133537054561021051e+00,-3.182231630195160932e+01,1.486340072541472601e+00
1.188796964301944392e+01,-1.122151955082906438e+00,-3.133509742754649885e+00,-3.181661016445272594e+01,1.486427217717072535e+00
1.189760332992626779e+01,-1.122056431533021481e+00,-3.133482379283899721e+00,-3.181085118728040584e+01,1.486515075048539858e+00
1.190723701683308988e+01,-1.121960258258314136e+00,-3.133454974986218833e+00,-3.180503619889906020e+01,1.486603504209021764e+00
1.191687070373991197e+01,-1.121863474127178018e+00,-3.133427539681253204e+00,-3.179916307468911896e+01,1.486692195622688173e+00
1.192650439064673584e+01,-1.121766157880526471e+00,-3.133400079109315506e+00,-3.179323135537471501e+01,1.486780759959473563e+00
1.193613807755355793e+01,-1.121668403233406774e+00,-3.133372593114076565e+00,-3.178724236019753135e+01,1.486868841695266230e+00
1.194577176446038003e+01,-1.121570289390027009e+00,-3.133345075624696552e+00,-3.178119876104860353e+01,1.486956222303709163e+00
1.195540545136720390e+01,-1.121471855972167919e+00,-3.133317516443472783e+00,-3.177510374715164687e+01,1.487042881822908891e+00
1.196503913827402599e+01,-1.121373090016540397e+00,-3.133289904293850014e+00,-3.176896003382142908e+01,1.487129000186831140e+00
1.197467282518084986e+01,-1.121273929014992232e+00,-3.133262230198710974e+00,-3.176276901578412293e+01,1.487214897982293893e+00
1.198430651208767372e+01,-1.121174279074982794e+00,-3.133234490157673413e+00,-3.175653032141597265e+01,1.487300934644535833e+00
1.199394019899449582e+01,-1.121074042661409864e+00,-3.133206686305780142e+00,-3.175024190252115019e+01,1.487387394978320954e+00
1.200357388590131968e+01,-1.120973147453732555e+00,-3.133178826199271683e+00,-3.174390063189330036e+01,1.487474398395532083e+00
1.201320757280814178e+01,-1.120871567508717082e+00,-3.133150920445803234e+00,-3.173750322710267469e+01,1.487561858343451782e+00
1.202284125971496387e+01,-1.120769330264788977e+00,-3.133122979401968156e+00,-3.173104722029422220e+01,1.487649504164862968e+00
1.203247494662178774e+01,-1.120666507244131527e+00,-3.133095009946026188e+00,-3.172453168011393387e+01,1.487736958702911005e+00
1.204210863352860983e+01,-1.120563191284765558e+00,-3.133067013311154003e+00,-3.171795746728017917e+01,1.487823848078905442e+00
1.205174232043543192e+01,-1.120459467248361651e+00,-3.133038984641151270e+00,-3.171132694685914188e+01,1.487909910346305820e+00
1.206137600734225579e+01,-1.120355385144167659e+00,-3.133010914404933622e+00,-3.170464324501845965e+01,1.487995070100780470e+00
1.207100969424907788e+01,-1.120250943875233940e+00,-3.132982791238709375e+00,-3.169790927595969521e+01,1.488079456479251661e+00
1.208064338115590175e+01,-1.120146090573676867e+00,-3.132954605348701183e+00,-3.169112683409661457e+01,1.488163359159508925e+00
1.209027706806272562e+01,-1.120040735734250781e+00,-3.132926351435771473e+00,-3.168429602642790499e+01,1.488247135761405104e+00
1.209991075496954771e+01,-1.119934779532537394e+00,-3.132898030248851828e+00,-3.167741521667286975e+01,1.488331098756881854e+00
1.210954444187637158e+01,-1.119828141297243951e+00,-3.132869648292306408e+00,-3.167048149751657249e+01,1.488415416171040118e+00
1.211917812878319367e+01,-1.119720783139837916e+00,-3.132841215775787447e+00,-3.166349154731409854e+01,1.488500056140793060e+00
1.212881181569001576e+01,-1.119612720524532312e+00,-3.132812743431728553e+00,-3.165644261128789338e+01,1.488584792078933905e+00
1.213844550259683963e+01,-1.119504016545599168e+00,-3.132784239171636287e+00,-3.164933330980922577e+01,1.488669266812131742e+00
1.214807918950366172e+01,-1.119394761651936188e+00,-3.132755705601974583e+00,-3.164216402906523840e+01,1.488753096194399994e+00
1.215771287641048382e+01,-1.119285045002480938e+00,-3.132727139158456797e+00,-3.163493677622308908e+01,1.488835980757670097e+00
1.216734656331730768e+01,-1.119174926194146158e+00,-3.132698531123802699e+00,-3.162765454360256712e+01,1.488917791562043513e+00
1.217698025022412978e+01,-1.119064415994219353e+00,-3.132669870219084718e+00,-3.162032037508395632e+01,1.488998604266648318e+00
1.218661393713095364e+01,-1.118953471963934021e+00,-3.132641145978242836e+00,-3.161293641795175091e+01,1.489078671162430867e+00
1.219624762403777751e+01,-1.118842010316455138e+00,-3.132612351875831536e+00,-3.160550324742620631e+01,1.489158339715554780e+00
1.220588131094459960e+01,-1.118729930396445305e+00,-3.132583487252955212e+00,-3.159801966816667473e+01,1.489237942362428679e+00
1.221551499785142170e+01,-1.118617144313321266e+00,-3.132554557452767785e+00,-3.159048305229773490e+01,1.489317690974845121e+00
1.222514868475824557e+01,-1.118503602683036169e+00,-3.132525572123313395e+00,-3.158289011091902765e+01,1.489397607958911962e+00
1.223478237166506766e+01,-1.118389308616949851e+00,-3.132496542204956658e+00,-3.157523786486689232e+01,1.489477514816954340e+00
1.224441605857189153e+01,-1.118274315680764186e+00,-3.132467476521555660e+00,-3.156752452040084123e+01,1.489557081569483188e+00
1.225404974547871362e+01,-1.118158710438483583e+00,-3.132438379015964003e+00,-3.155974998463043590e+01,1.489635921991554701e+00
1.226368343238553571e+01,-1.118042584903265135e+00,-3.132409247474245539e+00,-3.155191586496463785e+01,1.489713705754246220e+00
1.227331711929235958e+01,-1.117926007301147440e+00,-3.132380074128902070e+00,-3.154402495339475365e+01,1.489790253475176129e+00
1.228295080619918167e+01,-1.117809000073340719e+00,-3.132350847957907192e+00,-3.153608035250919173e+01,1.489865585903774825e+00
1.229258449310600554e+01,-1.117691531837047725e+00,-3.132321557978491544e+00,-3.152808450847308208e+01,1.489939912400734645e+00
1.230221818001282941e+01,-1.117573525766898168e+00,-3.132292196530532369e+00,-3.152003844402996435e+01,1.490013562281229831e+00
1.231185186691965150e+01,-1.117454881846499548e+00,-3.132262761547047525e+00,-3.151194142359655359e+01,1.490086879893876004e+00
1.232148555382647359e+01,-1.117335506203703144e+00,-3.132233257117997383e+00,-3.150379115133267405e+01,1.490160115263768015e+00
1.233111924073329746e+01,-1.117215338576421413e+00,-3.132203692174311715e+00,-3.149558444150450498e+01,1.490233343430214630e+00
1.234075292764011955e+01,-1.117094369521880681e+00,-3.132174077692917891e+00,-3.148731815747718343e+01,1.490306436876379204e+00
1.235038661454694164e+01,-1.116972642108888580e+00,-3.132144423275315948e+00,-3.147899013455049300e+01,1.490379099335241042e+00
1.236002030145376551e+01,-1.116850237567639459e+00,-3.132114734144029189e+00,-3.147059980709613924e+01,1.490450950652379980e+00
1.236965398836058760e+01,-1.116727249269475308e+00,-3.132085009474231629e+00,-3.146214835039191726e+01,1.490521636930539184e+00
1.237928767526741147e+01,-1.116603752974481223e+00,-3.132055242570737974e+00,-3.145363829482806040e+01,1.490590932554617831e+00
1.238892136217423356e+01,-1.116479782429214751e+00,-3.132025422837369177e+00,-3.144507273007330639e+01,1.490658803200851423e+00
1.239855504908105743e+01,-1.116355317768218169e+00,-3.131995538938439072e+00,-3.143645434084469059e+01,1.490725410797125061e+00
1.240818873598788130e+01,-1.116230290268378056e+00,-3.131965582187752339e+00,-3.142778456658910358e+01,1.490791059013078401e+00
1.241782242289470339e+01,-1.116104602013864522e+00,-3.131935549130470342e+00,-3.141906313942902784e+01,1.490856095874012022e+00
1.242745610980152549e+01,-1.115978154476311435e+00,-3.131905442529030914e+00,-3.141028813979324497e+01,1.490920803054991417e+00
1.243708979670834935e+01,-1.115850877288808718e+00,-3.131875270451114801e+00,-3.140145655216784348e+01,1.490985305404319172e+00
1.244672348361517145e+01,-1.115722748428012778e+00,-3.131845043736980028e+00,-3.139256515195303265e+01,1.491049528072897479e+00
1.245635717052199354e+01,-1.115593799636606764e+00,-3.131814772618488618e+00,-3.138361145434624433e+01,1.491113214170058265e+00
1.246599085742881741e+01,-1.115464105421101637e+00,-3.131784463521643858e+00,-3.137459443773938972e+01,1.491175997514855300e+00
1.247562454433563950e+01,-1.115333758974080158e+00,-3.131754117029072582e+00,-3.136551482281083025e+01,1.491237508368568054e+00
1.248525823124246159e+01,-1.115202842364440228e+00,-3.131723727625318254e+00,-3.135637482339638993e+01,1.491297480072957482e+00
1.249489191814928546e+01,-1.115071400094033383e+00,-3.131693285303853269e+00,-3.134717744536773409e+01,1.491355824290297338e+00
1.250452560505610933e+01,-1.114939424097072029e+00,-3.131662778546311809e+00,-3.133792554655644835e+01,1.491412652100702285e+00
1.251415929196293320e+01,-1.114806854769821109e+00,-3.131632197765150671e+00,-3.132862094281894372e+01,1.491468234647168822e+00
1.252379297886975529e+01,-1.114673597726586696e+00,-3.131601538158838238e+00,-3.131926383092288546e+01,1.491522915338256983e+00
1.253342666577657738e+01,-1.114539551175771859e+00,-3.131570801107378177e+00,-3.130985270256942599e+01,1.491577000271058218e+00
1.254306035268340125e+01,-1.114404635563865043e+00,-3.131539993681084155e+00,-3.130038477486527881e+01,1.491630660092916782e+00
1.255269403959022334e+01,-1.114268816436946974e+00,-3.131509126411339050e+00,-3.129085680611565223e+01,1.491683873007502825e+00
1.256232772649704543e+01,-1.114132113534418655e+00,-3.131478210002874629e+00,-3.128126604929717303e+01,1.491736426127188375e+00
1.257196141340386930e+01,-1.113994593328724969e+00,-3.131447251990752800e+00,-3.127161105421967591e+01,1.491787974677050821e+00
1.258159510031069139e+01,-1.113856347277642822e+00,-3.131416254362805240e+00,-3.126189207563092154e+01,1.491838141032840515e+00
1.259122878721751349e+01,-1.113717462419963944e+00,-3.131385212874189250e+00,-3.125211096424159152e+01,1.491886623534984135e+00
1.260086247412433735e+01,-1.113577993287720558e+00,-3.131354118264525699e+00,-3.124227057446918820e+01,1.491933282104734859e+00
1.261049616103116122e+01,-1.113437943712487055e+00,-3.131322959007297957e+00,-3.123237386903784341e+01,1.491978174767125909e+00
1.262012984793798509e+01,-1.113297264087988125e+00,-3.131291724753046957e+00,-3.122242299209909788e+01,1.492021534096851232e+00
1.262976353484480718e+01,-1.113155864935747363e+00,-3.131260409415470125e+00,-3.121241859162802967e+01,1.492063690816087806e+00
1.263939722175162927e+01,-1.113013642642953993e+00,-3.131229012957819080e+00,-3.120235959590053909e+01,1.492104967765694123e+00
1.264903090865845314e+01,-1.112870509521898255e+00,-3.131197541333174961e+00,-3.119224351102272053e+01,1.492145576405314200e+00
1.265866459556527523e+01,-1.112726419015261259e+00,-3.131166004595509644e+00,-3.118206714859326212e+01,1.492185547181440031e+00
1.266829828247209733e+01,-1.112581378346845895e+00,-3.131134413757004520e+00,-3.117182756246224784e+01,1.492224714797915297e+00
1.267793196937892120e+01,-1.112435444745483615e+00,-3.131102777350353250e+00,-3.116152291056085488e+01,1.492262762764056561e+00
1.268756565628574329e+01,-1.112288706382905001e+00,-3.131071098745572101e+00,-3.115115298090310958e+01,1.492299313635201408e+00
1.269719934319256538e+01,-1.112141253834938448e+00,-3.131039375041212658e+00,-3.114071922298528250e+01,1.492334037541708236e+00
1.270683303009938925e+01,-1.111993150773409100e+00,-3.131007597869746029e+00,-3.113022427587596042e+01,1.492366746106706943e+00
1.271646671700621312e+01,-1.111844412837631246e+00,-3.130975755872623889e+00,-3.111967113675079588e+01,1.492397443332869056e+00
1.272610040391303521e+01,-1.111695001143420347e+00,-3.130943838090493703e+00,-3.110906222227907136e+01,1.492426318119494999e+00
1.273573409081985908e+01,-1.111544832422677320e+00,-3.130911837234030326e+00,-3.109839860728105521e+01,1.492453680774475488e+00
1.274536777772668117e+01,-1.111393802710069822e+00,-3.130879751836498137e+00,-3.108767967090130924e+01,1.492479862840690785e+00
1.275500146463350504e+01,-1.111241817354001959e+00,-3.130847586629869284e+00,-3.107690325675334719e+01,1.492505110631467957e+00
1.276463515154032713e+01,-1.111088818192365935e+00,-3.130815351028255034e+00,-3.106606629768646854e+01,1.492529504723343114e+00
1.277426883844714922e+01,-1.110934799592184552e+00,-3.130783056180285850e+00,-3.105516571522012015e+01,1.492552929741423062e+00
1.278390252535397309e+01,-1.110779808446137551e+00,-3.130750711489416194e+00,-3.104419932082526756e+01,1.492575103503692269e+00
1.279353621226079518e+01,-1.110623928114203629e+00,-3.130718321664331505e+00,-3.103316644611498276e+01,1.492595656599747356e+00
1.280316989916761727e+01,-1.110467251201203931e+00,-3.130685885200588991e+00,-3.102206811155605237e+01,1.492614238219633904e+00
1.281280358607444114e+01,-1.110309849473958499e+00,-3.130653394758323493e+00,-3.101090668339998757e+01,1.492630616138982846e+00
1.282243727298126323e+01,-1.110151750102131629e+00,-3.130620839322197480e+00,-3.099968512361705564e+01,1.492644740592230512e+00
1.283207095988808710e+01,-1.109992925482998549e+00,-3.130588207485471841e+00,-3.098840606068471004e+01,1.492656752756092775e+00
1.284170464679491097e+01,-1.109833299768406611e+00,-3.130555490856261169e+00,-3.097707096291337692e+01,1.492666935373497594e+00
1.285133833370173306e+01,-1.109672770114362939e+00,-3.130522686545895716e+00,-3.096567966442756870e+01,1.492675620571824124e+00
1.286097202060855516e+01,-1.109511236176243809e+00,-3.130489797978758926e+00,-3.095423038669079219e+01,1.492683082861881561e+00
1.287060570751537902e+01,-1.109348628849245122e+00,-3.130456833774895475e+00,-3.094272024817693278e+01,1.492689449740348451e+00
1.288023939442220112e+01,-1.109184929476715098e+00,-3.130423805045003505e+00,-3.093114610701202594e+01,1.492694656931582431e+00
1.288987308132902498e+01,-1.109020173652272900e+00,-3.130390721922517994e+00,-3.091950548086376216e+01,1.492698461742065108e+00
1.289950676823584708e+01,-1.108854438441463142e+00,-3.130357590391171563e+00,-3.090779726540712957e+01,1.492700510381072432e+00
1.290914045514266917e+01,-1.108687816910827406e+00,-3.130324410377081090e+00,-3.089602203417411985e+01,1.492700438766436211e+00
1.291877414204949304e+01,-1.108520387731618539e+00,-3.130291175689091432e+00,-3.088418182975136617e+01,1.492697976230438872e+00
1.292840782895631513e+01,-1.108352189136177834e+00,-3.130257875827187508e+00,-3.087227951048787844e+01,1.492693020718661057e+00
1.293804151586313900e+01,-1.108183205183737252e+00,-3.130224499108358316e+00,-3.086031785135104144e+01,1.492685662766080501e+00
1.294767520276996287e+01,-1.108013368540411436e+00,-3.130191036156481754e+00,-3.084829867162689609e+01,1.492676151088050851e+00
1.295730888967678496e+01,-1.107842578938760703e+00,-3.130157482690814952e+00,-3.083622225350295309e+01,1.492664810314336732e+00
1.296694257658360705e+01,-1.107670731693380040e+00,-3.130123840760921095e+00,-3.082408722699863191e+01,1.492651935861933232e+00
1.297657626349043092e+01,-1.107497747573075397e+00,-3.130090118049523529e+00,-3.081189095519869170e+01,1.492637697815110132e+00
1.298620995039725301e+01,-1.107323594908194764e+00,-3.130056325454473765e+00,-3.079963030222793918e+01,1.492622082894501601e+00
1.299584363730407510e+01,-1.107148297174619600e+00,-3.130022473686713713e+00,-3.078730255075350186e+01,1.492604892012350914e+00
1.300547732421089897e+01,-1.106971923725126983e+00,-3.129988569922297792e+00,-3.077490619095858904e+01,1.492585794049878123e+00
1.301511101111772106e+01,-1.106794566483128239e+00,-3.129954615530953443e+00,-3.076244134235952643e+01,1.492564419468844550e+00
1.302474469802454493e+01,-1.106616309703212453e+00,-3.129920605575845727e+00,-3.074990968145718995e+01,1.492540465338735300e+00
1.303437838493136702e+01,-1.106437202026819389e+00,-3.129886530238938924e+00,-3.073731389808708769e+01,1.492513779959188325e+00
1.304401207183819089e+01,-1.106257239368761081e+00,-3.129852377738452152e+00,-3.072465684598739699e+01,1.492484401498394453e+00
1.305364575874501476e+01,-1.106076363870780899e+00,-3.129818137848837445e+00,-3.071194064534582324e+01,1.492452539041955184e+00
1.306327944565183685e+01,-1.105894479256486651e+00,-3.129783804948883308e+00,-3.069916600909504112e+01,1.492418501904393846e+00
1.307291313255865894e+01,-1.105711477913579266e+00,-3.129749379666644238e+00,-3.068633199643900156e+01,1.492382598704489860e+00
1.308254681946548281e+01,-1.105527271443540016e+00,-3.129714868617535117e+00,-3.067343626736250073e+01,1.492345036813913062e+00
1.309218050637230490e+01,-1.105341815352186563e+00,-3.129680282313770601e+00,-3.066047576009058417e+01,1.492305852614407069e+00
1.310181419327912700e+01,-1.105155120334953445e+00,-3.129645631881868173e+00,-3.064744758559496063e+01,1.492264893613403753e+00
1.311144788018595086e+01,-1.104967246697345029e+00,-3.129610925589541459e+00,-3.063434986794409198e+01,1.492221857728929013e+00
1.312108156709277296e+01,-1.104778283598204958e+00,-3.129576166242480806e+00,-3.062118227621765243e+01,1.492176377737479909e+00
1.313071525399959505e+01,-1.104588319439908650e+00,-3.129541350246891618e+00,-3.060794608758666513e+01,1.492128125229511770e+00
1.314034894090641892e+01,-1.104397412439497517e+00,-3.129506468625714355e+00,-3.059464376342429048e+01,1.492076902563224783e+00
1.314998262781324279e+01,-1.104205570368239409e+00,-3.129471509680080032e+00,-3.058127816777490793e+01,1.492022695006309352e+00
1.315961631472006665e+01,-1.104012745655857719e+00,-3.129436462484829207e+00,-3.056785166549849464e+01,1.491965667366365711e+00
1.316925000162688875e+01,-1.103818847369598677e+00,-3.129401320151388610e+00,-3.055436537331512525e+01,1.491906106247455233e+00
1.317888368853371084e+01,-1.103623766426172104e+00,-3.129366081861304050e+00,-3.054081879010414724e+01,1.491844325524778414e+00
1.318851737544053471e+01,-1.103427406349756890e+00,-3.129330753048165992e+00,-3.052720991754453905e+01,1.491780563723346775e+00
1.319815106234735680e+01,-1.103229710187858315e+00,-3.129295343670528418e+00,-3.051353583355165711e+01,1.491714904375643469e+00
1.320778474925417889e+01,-1.103030675360656465e+00,-3.129259865101366334e+00,-3.049979354400838361e+01,1.491647243413742219e+00
1.321741843616100276e+01,-1.102830351896387562e+00,-3.129224326582658033e+00,-3.048598085442220196e+01,1.491577313366141633e+00
1.322705212306782485e+01,-1.102628824574592326e+00,-3.129188732327458755e+00,-3.047209699764292878e+01,1.491504756915792651e+00
1.323668580997464694e+01,-1.102426184414153187e+00,-3.129153080155177680e+00,-3.045814282816653673e+01,1.491429227449956985e+00
1.324631949688147081e+01,-1.102222498202698908e+00,-3.129117362078436493e+00,-3.044412052514987721e+01,1.491350486109720652e+00
1.325595318378829468e+01,-1.102017785371141700e+00,-3.129081566664302372e+00,-3.043003289509897158e+01,1.491268465973169866e+00
1.326558687069511855e+01,-1.101812009283316351e+00,-3.129045682450595667e+00,-3.041588248616033496e+01,1.491183284019853783e+00
1.327522055760194064e+01,-1.101605085615744883e+00,-3.129009701375010888e+00,-3.040167078248101262e+01,1.491095197372282355e+00
1.328485424450876273e+01,-1.101396905285769501e+00,-3.128973621169802044e+00,-3.038739772225736857e+01,1.491004517181319322e+00
1.329448793141558660e+01,-1.101187364940710900e+00,-3.128937445989579569e+00,-3.037306168458739108e+01,1.490911506308830514e+00
1.330412161832240869e+01,-1.100976395703875177e+00,-3.128901185078646563e+00,-3.035865994805830326e+01,1.490816291804662574e+00
1.331375530522923079e+01,-1.100763981396016833e+00,-3.128864849882816657e+00,-3.034418948125120252e+01,1.490718818629379161e+00
1.332338899213605465e+01,-1.100550160655624943e+00,-3.128828450486169643e+00,-3.032964782521208846e+01,1.490618858534777935e+00
1.333302267904287675e+01,-1.100335012293091053e+00,-3.128791992460299820e+00,-3.031503380063351472e+01,1.490516071291614564e+00
1.334265636594969884e+01,-1.100118628333508264e+00,-3.128755475088806026e+00,-3.030034782613040534e+01,1.490410099617660578e+00
1.335229005285652271e+01,-1.099901082967775778e+00,-3.128718891510789746e+00,-3.028559175217686317e+01,1.490300669001562994e+00
1.336192373976334657e+01,-1.099682406890154729e+00,-3.128682230741619108e+00,-3.027076826207452243e+01,1.490187662202358654e+00
1.337155742667016867e+01,-1.099462574865545328e+00,-3.128645480955846381e+00,-3.025588002223438266e+01,1.490071145939486641e+00
1.338119111357699254e+01,-1.099241510337904515e+00,-3.128608633031003894e+00,-3.024092883947814414e+01,1.489951341809531815e+00
1.339082480048381463e+01,-1.099019105690609566e+00,-3.128571683270247039e+00,-3.022591508031995744e+01,1.489828550361135262e+00
1.340045848739063850e+01,-1.098795251987945365e+00,-3.128534634471410225e+00,-3.021083752731018279e+01,1.489703051410316670e+00
1.341009217429746059e+01,-1.098569869124125242e+00,-3.128497495014145091e+00,-3.019569371487470733e+01,1.489575010811595046e+00
1.341972586120428268e+01,-1.098342927172012651e+00,-3.128460276241771254e+00,-3.018048064191621194e+01,1.489444421875878222e+00
1.342935954811110655e+01,-1.098114452400923646e+00,-3.128422988935594340e+00,-3.016519564469361114e+01,1.489311099078004519e+00
1.343899323501792864e+01,-1.097884516108144970e+00,-3.128385639957515174e+00,-3.014983716550204917e+01,1.489174725834746749e+00
1.344862692192475073e+01,-1.097653209655679696e+00,-3.128348230086575921e+00,-3.013440518482051544e+01,1.489034941768968556e+00
1.345826060883157460e+01,-1.097420613320746918e+00,-3.128310753711571301e+00,-3.011890118697554897e+01,1.488891442961533862e+00
1.346789429573839847e+01,-1.097186768466545725e+00,-3.128273200475734761e+00,-3.010332767083967553e+01,1.488744064826230007e+00
1.347752798264522056e+01,-1.096951661536563982e+00,-3.128235558373412051e+00,-3.008768735472160927e+01,1.488592822575645958e+00
1.348716166955204443e+01,-1.096715224774178932e+00,-3.128197817354590349e+00,-3.007198231675778999e+01,1.488437897140111543e+00
1.349679535645886652e+01,-1.096477353466616345e+00,-3.128159972336972405e+00,-3.005621333101705872e+01,1.488279570934921026e+00
1.350642904336568861e+01,-1.096237934465240871e+00,-3.128122024704952153e+00,-3.004037959966458615e+01,1.488118133031282264e+00
1.351606273027251248e+01,-1.095996877284023396e+00,-3.128083981835939831e+00,-3.002447896122154702e+01,1.487953782492210220e+00
1.352569641717933457e+01,-1.095754138280321310e+00,-3.128045854796432934e+00,-3.000850851074559955e+01,1.487786559117958429e+00
1.353533010408615844e+01,-1.095509730524195868e+00,-3.128007654909412683e+00,-2.999246544331269249e+01,1.487616322482391062e+00
1.354496379099298053e+01,-1.095263716324527126e+00,-3.127969390240198155e+00,-2.997634786509184224e+01,1.487442785482287144e+00
1.355459747789980263e+01,-1.095016184674221238e+00,-3.127931063074016471e+00,-2.996015532673448689e+01,1.487265592114843882e+00
1.356423116480662650e+01,-1.094767220485175274e+00,-3.127892669156922434e+00,-2.994388891841716571e+01,1.487084415843386909e+00
1.357386485171345036e+01,-1.094516874999738265e+00,-3.127854198934025831e+00,-2.992755089889894293e+01,1.486899048742062579e+00
1.358349853862027246e+01,-1.094265146417055856e+00,-3.127815640409226106e+00,-2.991114397200113473e+01,1.486709454476630610e+00
1.359313222552709632e+01,-1.094011976663508356e+00,-3.127776982754960411e+00,-2.989467043027802617e+01,1.486515769189068914e+00
1.360276591243391842e+01,-1.093757265312688576e+00,-3.127738219570330713e+00,-2.987813142523588894e+01,1.486318250154248677e+00
1.361239959934074051e+01,-1.093500896423512003e+00,-3.127699350792075617e+00,-2.986152658448997954e+01,1.486117187873858159e+00
1.362203328624756438e+01,-1.093242770114378981e+00,-3.127660382673096873e+00,-2.984485409073741380e+01,1.485912808288916587e+00
1.363166697315438647e+01,-1.092982829234733666e+00,-3.127621325832781629e+00,-2.982811119745687378e+01,1.485705194710295496e+00
1.364130066006120856e+01,-1.092721072981191810e+00,-3.127582191972314796e+00,-2.981129502423352307e+01,1.485494253026288458e+00
1.365093434696803243e+01,-1.092457553282969229e+00,-3.127542990256658051e+00,-2.979440339044365516e+01,1.485279730596686054e+00
1.366056803387485452e+01,-1.092192355039146134e+00,-3.127503724467906476e+00,-2.977743543505435042e+01,1.485061282978062280e+00
1.367020172078167839e+01,-1.091925566223939548e+00,-3.127464391800493182e+00,-2.976039183564387969e+01,1.484838568172613060e+00
1.367983540768850048e+01,-1.091657246978254614e+00,-3.127424983668288583e+00,-2.974327456146924220e+01,1.484611339821267917e+00
1.368946909459532435e+01,-1.091387407126569009e+00,-3.127385488279601500e+00,-2.972608623652044457e+01,1.484379511158095077e+00
1.369910278150214822e+01,-1.091115998996690095e+00,-3.127345894195784570e+00,-2.970882930625369056e+01,1.484143170463734451e+00
1.370873646840897031e+01,-1.090842927754152258e+00,-3.127306193787758204e+00,-2.969150526052920469e+01,1.483902543477209290e+00
1.371837015531579240e+01,-1.090568076116293472e+00,-3.127266385534567483e+00,-2.967411414757584964e+01,1.483657914277917378e+00
1.372800384222261627e+01,-1.090291335914823856e+00,-3.127226474460475636e+00,-2.965665452514854650e+01,1.483409528674941358e+00
1.373763752912943836e+01,-1.090012636874486240e+00,-3.127186470574755628e+00,-2.963912386244844299e+01,1.483157509363219440e+00
1.374727121603626045e+01,-1.089731963813363125e+00,-3.127146385788256211e+00,-2.962151927004618912e+01,1.482901808467882887e+00
1.375690490294308432e+01,-1.089449356995992657e+00,-3.127106230246675000e+00,-2.960383833620481298e+01,1.482642211723254499e+00
1.376653858984990642e+01,-1.089164895509400877e+00,-3.127066009199829466e+00,-2.958607981642695961e+01,1.482378392880761675e+00
1.377617227675673028e+01,-1.088878668717816245e+00,-3.127025721363946520e+00,-2.956824396812766764e+01,1.482110001754640471e+00
1.378580596366355238e+01,-1.088590744499510876e+00,-3.126985359279152110e+00,-2.955033243022609923e+01,1.481836759187896480e+00
1.379543965057037624e+01,-1.088301143963317008e+00,-3.126944911555593176e+00,-2.953234768535025978e+01,1.481558530203526347e+00
1.380507333747720011e+01,-1.088009830375683107e+00,-3.126904366324567253e+00,-2.951429226845334952e+01,1.481275353284993823e+00
1.381470702438402220e+01,-1.087716715698585412e+00,-3.126863714842126551e+00,-2.949616796183869738e+01,1.480987417059110856e+00
1.382434071129084430e+01,-1.087421682763681119e+00,-3.126822954144644395e+00,-2.947797521999377324e+01,1.480694991582147013e+00
1.383397439819766817e+01,-1.087124616329574689e+00,-3.126782087944000477e+00,-2.945971299744440941e+01,1.480398335132612431e+00
1.384360808510449026e+01,-1.086825433546721120e+00,-3.126741125486666828e+00,-2.944137903050383187e+01,1.480097604757070640e+00
1.385324177201131235e+01,-1.086524104523003853e+00,-3.126700078722569831e+00,-2.942297048643736090e+01,1.479792797598915355e+00
1.386287545891813622e+01,-1.086220656694488751e+00,-3.126658958646326703e+00,-2.940448478274543476e+01,1.479483740656817536e+00
1.387250914582495831e+01,-1.085915161644399163e+00,-3.126617771927416189e+00,-2.938592032840439217e+01,1.479170131928379206e+00
1.388214283273178040e+01,-1.085607708372671620e+00,-3.126576518859061071e+00,-2.936727696321172942e+01,1.478851620351119500e+00
1.389177651963860427e+01,-1.085298371162831899e+00,-3.126535193254169620e+00,-2.934855596330496752e+01,1.478527900259774652e+00
1.390141020654542814e+01,-1.084987181853728444e+00,-3.126493784322772918e+00,-2.932975961247231567e+01,1.478198791761748065e+00
1.391104389345225201e+01,-1.084674114991648564e+00,-3.126452279960180825e+00,-2.931089047014396698e+01,1.477864282775639193e+00
1.392067758035907410e+01,-1.084359090415004445e+00,-3.126410670443413142e+00,-2.929195055824634863e+01,1.477524520140838460e+00
1.393031126726589619e+01,-1.084041992505321517e+00,-3.126368951407368701e+00,-2.927294071294231514e+01,1.477179752639131483e+00
1.393994495417272006e+01,-1.083722700246002812e+00,-3.126327125190714984e+00,-2.925386029668558052e+01,1.476830243294615652e+00
1.394957864107954215e+01,-1.083401118921355266e+00,-3.126285200138195108e+00,-2.923470735652183805e+01,1.476476177549511881e+00
1.395921232798636424e+01,-1.083077203774506891e+00,-3.126243188069745660e+00,-2.921547917944607775e+01,1.476117595078591416e+00
1.396884601489318811e+01,-1.082750968386049228e+00,-3.126201100687063139e+00,-2.919617307577841814e+01,1.475754365776991373e+00
1.397847970180001020e+01,-1.082422475192485134e+00,-3.126158946013902984e+00,-2.917678715311685522e+01,1.475386217043997972e+00
1.398811338870683230e+01,-1.082091811015592819e+00,-3.126116725957591491e+00,-2.915732084698912630e+01,1.475012803960223939e+00
1.399774707561365616e+01,-1.081759055056581431e+00,-3.126074435738236179e+00,-2.913777504857485567e+01,1.474633801016559387e+00
1.400738076252048003e+01,-1.081424249120825687e+00,-3.126032065362660539e+00,-2.911815179214766403e+01,1.474248987604991346e+00
1.401701444942730213e+01,-1.081087379171218110e+00,-3.125989602695709468e+00,-2.909845359807562559e+01,1.473858301453935482e+00
1.402664813633412599e+01,-1.080748373860342726e+00,-3.125947037193038902e+00,-2.907868267101080306e+01,1.473461843960813589e+00
1.403628182324094809e+01,-1.080407120513038333e+00,-3.125904363156113419e+00,-2.905884019601643331e+01,1.473059835962630570e+00
1.404591551014777195e+01,-1.080063493701192368e+00,-3.125861581514498333e+00,-2.903892594500124602e+01,1.472652537465926281e+00
1.405554919705459405e+01,-1.079717387699001385e+00,-3.125818699588998051e+00,-2.901893831138723812e+01,1.472240155703143039e+00
1.406518288396141614e+01,-1.079368742909566192e+00,-3.125775728905202833e+00,-2.899887476117650209e+01,1.471822769331129210e+00
1.407481657086824001e+01,-1.079017558180849434e+00,-3.125732681722664275e+00,-2.897873256281449983e+01,1.471400291621848933e+00
1.408445025777506210e+01,-1.078663885228276609e+00,-3.125689567338193697e+00,-2.895850957444811158e+01,1.470972483641971973e+00
1.409408394468188419e+01,-1.078307806841564354e+00,-3.125646389292297656e+00,-2.893820485053593927e+01,1.470539013278989282e+00
1.410371763158870806e+01,-1.077949405509388114e+00,-3.125603144333488626e+00,-2.891781888511148679e+01,1.470099542131571679e+00
1.411335131849553193e+01,-1.077588732032095153e+00,-3.125559823459446385e+00,-2.889735341938055768e+01,1.469653813920188901e+00
1.412298500540235402e+01,-1.077225783709876428e+00,-3.125516414720044267e+00,-2.887681087321148254e+01,1.469201717700889143e+00
1.413261869230917789e+01,-1.076860498782870268e+00,-3.125472906928601358e+00,-2.885619357351631109e+01,1.468743306866965748e+00
1.414225237921599998e+01,-1.076492768844398373e+00,-3.125429293149039722e+00,-2.883550301330096843e+01,1.468278768344320362e+00
1.415188606612282207e+01,-1.076122465460976008e+00,-3.125385572893448760e+00,-2.881473936510616340e+01,1.467808351450996973e+00
1.416151975302964594e+01,-1.075749472887246094e+00,-3.125341752356947556e+00,-2.879390139496156564e+01,1.467332278043056881e+00
1.417115343993646803e+01,-1.075373716890261511e+00,-3.125297842615315069e+00,-2.877298680151156418e+01,1.466850661148400015e+00
1.418078712684329190e+01,-1.074995180871565426e+00,-3.125253856333086944e+00,-2.875199287647001967e+01,1.466363456635372264e+00
1.419042081375011399e+01,-1.074613904342588411e+00,-3.125209803985641077e+00,-2.873091728585233184e+01,1.465870462403400021e+00
1.420005450065693609e+01,-1.074229964192693121e+00,-3.125165690748753722e+00,-2.870975873561719283e+01,1.465371365180497376e+00
1.420968818756375995e+01,-1.073843444445979234e+00,-3.125121515006895390e+00,-2.868851732105545338e+01,1.464865820631768178e+00
1.421932187447058382e+01,-1.073454403728224538e+00,-3.125077268938457831e+00,-2.866719445547018097e+01,1.464353542468860958e+00
1.422895556137740591e+01,-1.073062850378269983e+00,-3.125032941002316988e+00,-2.864579240113192782e+01,1.463834373614517403e+00
1.423858924828422978e+01,-1.072668732817771753e+00,-3.124988519569046552e+00,-2.862431354554627205e+01,1.463308317990134944e+00
1.424822293519105187e+01,-1.072271948143435294e+00,-3.124943996589305772e+00,-2.860275964249028746e+01,1.462775523462414018e+00
1.425785662209787397e+01,-1.071872366343556315e+00,-3.124899370178912505e+00,-2.858113124713674580e+01,1.462236221268437442e+00
1.426749030900469783e+01,-1.071469862763806624e+00,-3.124854645329361968e+00,-2.855942751516238687e+01,1.461690640361736016e+00
1.427712399591151993e+01,-1.071064348916122899e+00,-3.124809832524017228e+00,-2.853764642523110595e+01,1.461138922629193093e+00
1.428675768281834380e+01,-1.070655792215630786e+00,-3.124764944679659706e+00,-2.851578535620008381e+01,1.460581064574388632e+00
1.429639136972516589e+01,-1.070244218598711772e+00,-3.124719993345302704e+00,-2.849384184353163008e+01,1.460016902982140374e+00
1.430602505663198798e+01,-1.069829697195736840e+00,-3.124674985318498965e+00,-2.847181428589404106e+01,1.459446148737732818e+00
1.431565874353881185e+01,-1.069412311712860220e+00,-3.124629920713586806e+00,-2.844970238877644775e+01,1.458868458418770997e+00
1.432529243044563572e+01,-1.068992127244647206e+00,-3.124584793074353772e+00,-2.842750721210851239e+01,1.458283521907999702e+00
1.433492611735245781e+01,-1.068569162648441928e+00,-3.124539591499953417e+00,-2.840523080892821994e+01,1.457691139515270962e+00
1.434455980425928168e+01,-1.068143376927825017e+00,-3.124494304137827694e+00,-2.838287556567298608e+01,1.457091265360623167e+00
1.435419349116610377e+01,-1.067714673805867154e+00,-3.124448921978799643e+00,-2.836044344435250864e+01,1.456484004042563507e+00
1.436382717807292586e+01,-1.067282923118524574e+00,-3.124403441795535752e+00,-2.833793535574226397e+01,1.455869561766945486e+00
1.437346086497974973e+01,-1.066847992517848898e+00,-3.124357867325504134e+00,-2.831535085233344873e+01,1.455248166854547831e+00
1.438309455188657182e+01,-1.066409779815139069e+00,-3.124312208334428576e+00,-2.829268823255625165e+01,1.454619983733138833e+00
1.439272823879339391e+01,-1.065968236083500775e+00,-3.124266477843200551e+00,-2.826994502331784531e+01,1.453985046397413994e+00
1.440236192570021778e+01,-1.065523372446841810e+00,-3.124220688362697285e+00,-2.824711869382820950e+01,1.453343231348698916e+00
1.441199561260703987e+01,-1.065075248455078061e+00,-3.124174848285367734e+00,-2.822420738441204335e+01,1.452694278036386955e+00
1.442162929951386374e+01,-1.064623945567385377e+00,-3.124128959536350614e+00,-2.820121043027334906e+01,1.452037850455096812e+00
1.443126298642068583e+01,-1.064169533820295888e+00,-3.124083017203848289e+00,-2.817812852288577119e+01,1.451373621151547999e+00
1.444089667332750970e+01,-1.063712041852235224e+00,-3.124037011264944486e+00,-2.815496346165535613e+01,1.450701352200330918e+00
1.445053036023433357e+01,-1.063251439446704083e+00,-3.123990929883087908e+00,-2.813171757235750547e+01,1.450020948718722114e+00
1.446016404714115566e+01,-1.062787637946360775e+00,-3.123944763272498371e+00,-2.810839296913467678e+01,1.449332468872634783e+00
1.446979773404797776e+01,-1.062320508439176692e+00,-3.123898506949964293e+00,-2.808499088337225658e+01,1.448636087518732074e+00
1.447943142095480162e+01,-1.061849912188348677e+00,-3.123852163379778002e+00,-2.806151126172143151e+01,1.447932024630023129e+00
1.448906510786162372e+01,-1.061375734028320084e+00,-3.123805741506870959e+00,-2.803795275353929028e+01,1.447220460235368877e+00
1.449869879476844581e+01,-1.060897908528195765e+00,-3.123759254317571621e+00,-2.801431309005352688e+01,1.446501461588420856e+00
1.450833248167526968e+01,-1.060416430917172637e+00,-3.123712715170197107e+00,-2.799058973935812844e+01,1.445774944492713709e+00
1.451796616858209177e+01,-1.059931349408897105e+00,-3.123666134014719376e+00,-2.796678063856503371e+01,1.445040680319798154e+00
1.452759985548891386e+01,-1.059442741239115193e+00,-3.123619514656437612e+00,-2.794288478191716862e+01,1.444298346425895829e+00
1.453723354239573773e+01,-1.058950679710300324e+00,-3.123572853901494639e+00,-2.791890248798260288e+01,1.443547604586164823e+00
1.454686722930256160e+01,-1.058455202296280984e+00,-3.123526142848541465e+00,-2.789483526657255652e+01,1.442788183671259050e+00
1.455650091620938547e+01,-1.057956289552232532e+00,-3.123479369935592054e+00,-2.787068532711619184e+01,1.442019941604369748e+00
1.456613460311620756e+01,-1.057453861290168273e+00,-3.123432524814283795e+00,-2.784645487823738463e+01,1.441242887987838062e+00
1.457576829002302965e+01,-1.056947791215881338e+00,-3.123385601869450579e+00,-2.782214543066753265e+01,1.440457160728935371e+00
1.458540197692985352e+01,-1.056437935585053944e+00,-3.123338602308369349e+00,-2.779775731376275516e+01,1.439662963897972103e+00
1.459503566383667561e+01,-1.055924167146038206e+00,-3.123291534179234663e+00,-2.777328955061074467e+01,1.438860485716067172e+00
1.460466935074349770e+01,-1.055406404007298349e+00,-3.123244410310033636e+00,-2.774874012797113920e+01,1.438049821486529156e+00
1.461430303765032157e+01,-1.054884624601002185e+00,-3.123197244794308602e+00,-2.772410657806469203e+01,1.437230924692838974e+00
1.462393672455714366e+01,-1.054358864147505015e+00,-3.123150049095290370e+00,-2.769938669550473875e+01,1.436403600897917299e+00
1.463357041146396575e+01,-1.053829193669603370e+00,-3.123102828958249422e+00,-2.767457917261229028e+01,1.435567546111422566e+00
1.464320409837078962e+01,-1.053295687938486713e+00,-3.123055583075962538e+00,-2.764968396184394095e+01,1.434722417872760003e+00
1.465283778527761349e+01,-1.052758392125418663e+00,-3.123008303918172857e+00,-2.762470225714515948e+01,1.433867917477331000e+00
1.466247147218443558e+01,-1.052217297344864910e+00,-3.122960980475466108e+00,-2.759963610142181167e+01,1.433003858500937033e+00
1.467210515909125945e+01,-1.051672332575326552e+00,-3.122913602082695750e+00,-2.757448774005452208e+01,1.432130201012656645e+00
1.468173884599808154e+01,-1.051123375453008935e+00,-3.122866162155889302e+00,-2.754925891646361436e+01,1.431247041300156342e+00
1.469137253290490541e+01,-1.050570278671657753e+00,-3.122818660701034421e+00,-2.752395032237938821e+01,1.430354560389027530e+00
1.470100621981172750e+01,-1.050012903948558174e+00,-3.122771104826454369e+00,-2.749856136792766392e+01,1.429452947047763933e+00
1.471063990671854960e+01,-1.049451153191476083e+00,-3.122723507099120610e+00,-2.747309033952343782e+01,1.428542318595841687e+00
1.472027359362537346e+01,-1.048884987338947639e+00,-3.122675882243713286e+00,-2.744753489636656241e+01,1.427622663396465486e+00
1.472990728053219556e+01,-1.048314427096366019e+00,-3.122628243190407993e+00,-2.742189275446211738e+01,1.426693822278137569e+00
1.473954096743901765e+01,-1.047739535311582149e+00,-3.122580597678059178e+00,-2.739616235118761267e+01,1.425755514321044748e+00
1.474917465434584152e+01,-1.047160386343015892e+00,-3.122532946451819669e+00,-2.737034329016227474e+01,1.424807399046398304e+00
1.475880834125266539e+01,-1.046577031756299458e+00,-3.122485283608876117e+00,-2.734443643325472806e+01,1.423849156105640112e+00
1.476844202815948748e+01,-1.045989472823209532e+00,-3.122437598990624785e+00,-2.731844361351302908e+01,1.422880558371252491e+00
1.477807571506631135e+01,-1.045397648236340737e+00,-3.122389881894224839e+00,-2.729236705719238287e+01,1.421901516424070033e+00
1.478770940197313344e+01,-1.044801440818472038e+00,-3.122342124972112387e+00,-2.726620869035949113e+01,1.420912081150171202e+00
1.479734308887995553e+01,-1.044200701208985116e+00,-3.122294327128712244e+00,-2.723996953957075817e+01,1.419912403844898252e+00
1.480697677578677940e+01,-1.043595281319217083e+00,-3.122246494527902705e+00,-2.721364940684484424e+01,1.418902666030537940e+00
1.481661046269360149e+01,-1.042985067351585693e+00,-3.122198639400489029e+00,-2.718724691569601859e+01,1.417883000267071703e+00
1.482624414960042536e+01,-1.042370002292912101e+00,-3.122150777012554279e+00,-2.716075991275613433e+01,1.416853425855804538e+00
1.483587783650724745e+01,-1.041750090990924749e+00,-3.122102921718103108e+00,-2.713418610243294182e+01,1.415813818743280272e+00
1.484551152341406954e+01,-1.041125386232204075e+00,-3.122055083300779188e+00,-2.710752372236821728e+01,1.414763924542909113e+00
1.485514521032089341e+01,-1.040495960041668999e+00,-3.122007264723242415e+00,-2.708077205600648441e+01,1.413703410559917550e+00
1.486477889722771728e+01,-1.039861868946542867e+00,-3.121959461974646022e+00,-2.705393162856584865e+01,1.412631940970150657e+00
1.487441258413453937e+01,-1.039223123806739313e+00,-3.121911666066838453e+00,-2.702700402878605956e+01,1.411549252396547827e+00
1.488404627104136324e+01,-1.038579673437248108e+00,-3.121863866573527435e+00,-2.699999141184831331e+01,1.410455207109281073e+00
1.489367995794818533e+01,-1.037931407050219690e+00,-3.121816055634146547e+00,-2.697289583467261664e+01,1.409349807920666553e+00
1.490331364485500742e+01,-1.037278174803528685e+00,-3.121768231200314325e+00,-2.694571862460662715e+01,1.408233170458793593e+00
1.491294733176183129e+01,-1.036619820209161436e+00,-3.121720398532039642e+00,-2.691845997153858150e+01,1.407105461362602394e+00
1.492258101866865339e+01,-1.035956214520247443e+00,-3.121672569483821214e+00,-2.689111886529718021e+01,1.405966821166451775e+00
1.493221470557547725e+01,-1.035287282593611247e+00,-3.121624759795273096e+00,-2.686369339564800640e+01,1.404817295167399838e+00
1.494184839248229935e+01,-1.034613012310546143e+00,-3.121576985210948063e+00,-2.683618132291324088e+01,1.403656793057712182e+00
1.495148207938912144e+01,-1.033933444648116540e+00,-3.121529257613242958e+00,-2.680858074615786180e+01,1.402485089347151659e+00
1.496111576629594531e+01,-1.033248647400038411e+00,-3.121481582350387640e+00,-2.678089066729047119e+01,1.401301864260001029e+00
1.497074945320276917e+01,-1.032558680547240426e+00,-3.121433957578474416e+00,-2.675311128169844466e+01,1.400106772603230132e+00
1.498038314010959127e+01,-1.031863563843802289e+00,-3.121386375822610137e+00,-2.672524390917855541e+01,1.398899519735751662e+00
1.499001682701641514e+01,-1.031163256525998939e+00,-3.121338827284612982e+00,-2.669729058765518914e+01,1.397679921727338126e+00
1.499965051392323723e+01,-1.030457655365929925e+00,-3.121291303890223467e+00,-2.666925345362045618e+01,1.396447931664714037e+00
1.500928420083005932e+01,-1.029746611697523795e+00,-3.121243802841027204e+00,-2.664113409686197897e+01,1.395203624341400772e+00
1.501891788773688319e+01,-1.029029962247057561e+00,-3.121196328585432500e+00,-2.661293308389013390e+01,1.393947144134630056e+00
1.502855157464370528e+01,-1.028307564373328375e+00,-3.121148892604109548e+00,-2.658464979275957063e+01,1.392678631931943301e+00
1.503818526155052737e+01,-1.027579324958332041e+00,-3.121101511071989076e+00,-2.655628260756197179e+01,1.391398153200664733e+00
1.504781894845735124e+01,-1.026845214109854521e+00,-3.121054201107843706e+00,-2.652782941237438052e+01,1.390105648844013553e+00
1.505745263536417333e+01,-1.026105259462071428e+00,-3.121006976755303253e+00,-2.649928823459874394e+01,1.388800923525875808e+00
1.506708632227099720e+01,-1.025359522780660892e+00,-3.120959845923329201e+00,-2.647065784337565475e+01,1.387483674798411615e+00
1.507672000917782107e+01,-1.024608065988865668e+00,-3.120912809223229445e+00,-2.644193812320497727e+01,1.386153554069073035e+00
1.508635369608464316e+01,-1.023850916976302816e+00,-3.120865861061564495e+00,-2.641313011143190437e+01,1.384810240902975442e+00
1.509598738299146703e+01,-1.023088045637586374e+00,-3.120818992659672553e+00,-2.638423568996940816e+01,1.383453508232331375e+00
1.510562106989828912e+01,-1.022319357481422220e+00,-3.120772196081302852e+00,-2.635525702573957219e+01,1.382083258890993926e+00
1.511525475680511121e+01,-1.021544706795775470e+00,-3.120725468040141948e+00,-2.632619592947209597e+01,1.380699522618219488e+00
1.512488844371193508e+01,-1.020763925383299187e+00,-3.120678812324041207e+00,-2.629705332622282299e+01,1.379302414624787421e+00
1.513452213061875717e+01,-1.019976858116466101e+00,-3.120632240093256016e+00,-2.626782899639907853e+01,1.377892068374107826e+00
1.514415581752557927e+01,-1.019183394462200409e+00,-3.120585767958262036e+00,-2.623852166390676643e+01,1.376468562925261541e+00
1.515378950443240313e+01,-1.018383486337142374e+00,-3.120539414420949953e+00,-2.620912940322995865e+01,1.375031866719731877e+00
1.516342319133922523e+01,-1.017577146813816391e+00,-3.120493195764193928e+00,-2.617965024145335917e+01,1.373581814638551668e+00
1.517305687824604732e+01,-1.016764430038534339e+00,-3.120447122645322757e+00,-2.615008277321011931e+01,1.372118125065038496e+00
1.518269056515287296e+01,-1.015945398463579341e+00,-3.120401198436304480e+00,-2.612042660355278656e+01,1.370640451620561917e+00
1.519232425205969506e+01,-1.015120087383569958e+00,-3.120355419821689402e+00,-2.609068248643016119e+01,1.369148453837218060e+00
1.520195793896651892e+01,-1.014288477608271233e+00,-3.120309779476472922e+00,-2.606085211868127516e+01,1.367641865413977253e+00
1.521159162587334102e+01,-1.013450484638337645e+00,-3.120264270010199681e+00,-2.603093765327782805e+01,1.366120539537920786e+00
1.522122531278016311e+01,-1.012605967683782637e+00,-3.120218887975235944e+00,-2.600094107965953327e+01,1.364584457755013025e+00
1.523085899968698698e+01,-1.011754755808408124e+00,-3.120173636715289689e+00,-2.597086365821548171e+01,1.363033699906061935e+00
1.524049268659380907e+01,-1.010896683245635863e+00,-3.120128527182331801e+00,-2.594070557871676641e+01,1.361468384363761608e+00
1.525012637350063116e+01,-1.010031623114091559e+00,-3.120083576469205866e+00,-2.591046594429450423e+01,1.359888596688227258e+00
1.525976006040745503e+01,-1.009159509230061147e+00,-3.120038804502702323e+00,-2.588014308416213538e+01,1.358294328206685275e+00
1.526939374731427712e+01,-1.008280339331605546e+00,-3.119994229904822891e+00,-2.584973509943678494e+01,1.356685442928724505e+00
1.527902743422109921e+01,-1.007394158696413244e+00,-3.119949866285997686e+00,-2.581924047683390100e+01,1.355061682595639860e+00
1.528866112112792308e+01,-1.006501029124341473e+00,-3.119905720104457103e+00,-2.578865858545718837e+01,1.353422708148258158e+00
1.529829480803474695e+01,-1.005600992736883637e+00,-3.119861790749569597e+00,-2.575798990800463173e+01,1.351768164958671914e+00
1.530792849494156904e+01,-1.004694041647743896e+00,-3.119818072828659083e+00,-2.572723593832175837e+01,1.350097752093613934e+00
1.531756218184839291e+01,-1.003780102785482242e+00,-3.119774559963548022e+00,-2.569639877788343796e+01,1.348411274768914980e+00
1.532719586875521500e+01,-1.002859042537705747e+00,-3.119731248940431190e+00,-2.566548055410459384e+01,1.346708664316953685e+00
1.533682955566203887e+01,-1.001930689838345101e+00,-3.119688142946562603e+00,-2.563448283627182178e+01,1.344989959835948490e+00
1.534646324256886096e+01,-1.000994870682180959e+00,-3.119645252903850974e+00,-2.560340622466169336e+01,1.343255257235594913e+00
1.535609692947568305e+01,-1.000051443545620922e+00,-3.119602596489067903e+00,-2.557225023543505671e+01,1.341504641159048994e+00
1.536573061638250692e+01,-9.991003248960306227e-01,-3.119560195136465541e+00,-2.554101351437904555e+01,1.339738120322855330e+00
1.537536430328932902e+01,-9.981414969796725822e-01,-3.119518069935664606e+00,-2.550969431360162787e+01,1.337955585679796222e+00
1.538499799019615111e+01,-9.971749954785400494e-01,-3.119476237676983565e+00,-2.547829108664379305e+01,1.336156803849989583e+00
1.539463167710297498e+01,-9.962008807728361948e-01,-3.119434708253756572e+00,-2.544680302267371985e+01,1.334341447604588504e+00
1.540426536400979884e+01,-9.952192015628590349e-01,-3.119393484218869084e+00,-2.541523035968710431e+01,1.332509154046448652e+00
1.541389905091662094e+01,-9.942299619554227919e-01,-3.119352562636078741e+00,-2.538357438388378284e+01,1.330659592862648122e+00
1.542353273782344480e+01,-9.932331020831063340e-01,-3.119311938665769723e+00,-2.535183711715876953e+01,1.328792524093979299e+00
1.543316642473026690e+01,-9.922284982092189898e-01,-3.119271609793770939e+00,-2.532002078831023795e+01,1.326907828127445566e+00
1.544280011163709077e+01,-9.912159823290399574e-01,-3.119231579413271227e+00,-2.528812724799482226e+01,1.325005499054863423e+00
1.545243379854391286e+01,-9.901953753211665266e-01,-3.119191858665043782e+00,-2.525615750346758759e+01,1.323085603590066661e+00
1.546206748545073495e+01,-9.891665235509969900e-01,-3.119152465971254173e+00,-2.522411151220427783e+01,1.321148218065819613e+00
1.547170117235755882e+01,-9.881293277542269049e-01,-3.119113424401788848e+00,-2.519198829501425152e+01,1.319193362542841363e+00
1.548133485926438091e+01,-9.870837553656525154e-01,-3.119074757674584752e+00,-2.515978633301120482e+01,1.317220951824944919e+00
1.549096854617120300e+01,-9.860298324998955088e-01,-3.119036486010434039e+00,-2.512750412780077625e+01,1.315230777990226807e+00
1.550060223307802687e+01,-9.849676180010931148e-01,-3.118998623109564328e+00,-2.509514075591976834e+01,1.313222529507675596e+00
1.551023591998485074e+01,-9.838971674624548136e-01,-3.118961175177032086e+00,-2.506269625122302358e+01,1.311195840999203721e+00
1.551986960689167283e+01,-9.828184981971475054e-01,-3.118924142299746016e+00,-2.503017170148085668e+01,1.309150358542021442e+00
1.552950329379849670e+01,-9.817315658728480443e-01,-3.118887521759990289e+00,-2.499756903186216306e+01,1.307085800826671473e+00
1.553913698070531879e+01,-9.806362599798391644e-01,-3.118851312277803878e+00,-2.496489054210253755e+01,1.305001997840879113e+00
1.554877066761214088e+01,-9.795324195621174512e-01,-3.118815517888792410e+00,-2.493213833769214105e+01,1.302898895597583984e+00
1.555840435451896475e+01,-9.784198644525692323e-01,-3.118780150272798757e+00,-2.489931382641595192e+01,1.300776525679310236e+00
1.556803804142578684e+01,-9.772984325069228317e-01,-3.118745228819892024e+00,-2.486641743099283275e+01,1.298634948933363953e+00
1.557767172833261071e+01,-9.761680114797639529e-01,-3.118710778410109352e+00,-2.483344860287410683e+01,1.296474190352833400e+00
1.558730541523943280e+01,-9.750285558008928710e-01,-3.118676825581917722e+00,-2.480040613144662842e+01,1.294294184724696262e+00
1.559693910214625490e+01,-9.738800831051747098e-01,-3.118643394258051149e+00,-2.476728865432140125e+01,1.292094749285246591e+00
1.560657278905307876e+01,-9.727226515458426981e-01,-3.118610502334931756e+00,-2.473409521462105687e+01,1.289875591430734492e+00
1.561620647595990263e+01,-9.715563247950023129e-01,-3.118578160180613068e+00,-2.470082569796594640e+01,1.287636348972152067e+00
1.562584016286672473e+01,-9.703811354117559684e-01,-3.118546371505082959e+00,-2.466748101889646350e+01,1.285376650677909627e+00
1.563547384977354859e+01,-9.691970577783617369e-01,-3.118515136342797867e+00,-2.463406300235966029e+01,1.283096178835062107e+00
1.564510753668037069e+01,-9.680039989040294390e-01,-3.118484455241426812e+00,-2.460057399764141906e+01,1.280794715060680211e+00
1.565474122358719278e+01,-9.668018099533179921e-01,-3.118454333380384469e+00,-2.456701634212728180e+01,1.278472155726821269e+00
1.566437491049401665e+01,-9.655903150295299664e-01,-3.118424783361677388e+00,-2.453339183660522949e+01,1.276128492552309757e+00
1.567400859740083874e+01,-9.643693484647902769e-01,-3.118395825818752076e+00,-2.449970138941094078e+01,1.273763764382028985e+00
1.568364228430766083e+01,-9.631387892520535399e-01,-3.118367487654034154e+00,-2.446594493518482949e+01,1.271377994774351095e+00
1.569327597121448470e+01,-9.618985821053129825e-01,-3.118339798440057820e+00,-2.443212165109208556e+01,1.268971134184169181e+00
1.570290965812130679e+01,-9.606487386994528865e-01,-3.118312786081268939e+00,-2.439823040408828803e+01,1.266543024041377086e+00
1.571254334502813066e+01,-9.593893186850128707e-01,-3.118286473061677277e+00,-2.436427029397540522e+01,1.264093393362377693e+00
1.572217703193495453e+01,-9.581203962526091411e-01,-3.118260874427207341e+00,-2.433024112908872993e+01,1.261621888722072926e+00
1.573181071884177662e+01,-9.568420224491370751e-01,-3.118235998123799924e+00,-2.429614369260360718e+01,1.259128128413819603e+00
1.574144440574860049e+01,-9.555541947670371794e-01,-3.118211847593800101e+00,-2.426197972102347933e+01,1.256611764432657985e+00
1.575107809265542258e+01,-9.542568433289642105e-01,-3.118188425842900013e+00,-2.422775160310379761e+01,1.254072533671176659e+00
1.576071177956224467e+01,-9.529498379389256257e-01,-3.118165739738989917e+00,-2.419346189116076928e+01,1.251510283060564221e+00
1.577034546646906854e+01,-9.516330139040863889e-01,-3.118143803230920774e+00,-2.415911277235332477e+01,1.248924961285405200e+00
1.577997915337589063e+01,-9.503062087923686008e-01,-3.118122638502517585e+00,-2.412470565862054173e+01,1.246316579755777365e+00
1.578961284028271272e+01,-9.489692989342145557e-01,-3.118102274706097354e+00,-2.409024101746721414e+01,1.243685154709393670e+00
1.579924652718953659e+01,-9.476222245328449478e-01,-3.118082744658579042e+00,-2.405571849294217301e+01,1.241030647894313166e+00
1.580888021409635869e+01,-9.462649957061783912e-01,-3.118064080506586677e+00,-2.402113727898372275e+01,1.238352923602306754e+00
1.581851390100318078e+01,-9.448976775947850459e-01,-3.118046309683981221e+00,-2.398649663199170945e+01,1.235651734821419767e+00
1.582814758791000642e+01,-9.435203590636854765e-01,-3.118029452398579870e+00,-2.395179636849579552e+01,1.232926742483236193e+00
1.583778127481682851e+01,-9.421331145482459979e-01,-3.118013521420054168e+00,-2.391703719918329440e+01,1.230177561850857026e+00
1.584741496172365238e+01,-9.407359707093951862e-01,-3.117998524239415481e+00,-2.388222080043100348e+01,1.227403822006777334e+00
1.585704864863047447e+01,-9.393288881180781313e-01,-3.117984466945983524e+00,-2.384734960364898626e+01,1.224605220565224917e+00
1.586668233553729657e+01,-9.379117636180918094e-01,-3.117971358641590029e+00,-2.381242636731075635e+01,1.221781557272531460e+00
1.587631602244412043e+01,-9.364844527104005945e-01,-3.117959215045194910e+00,-2.377745366116858605e+01,1.218932736577106102e+00
1.588594970935094253e+01,-9.350468051836430261e-01,-3.117948060185678827e+00,-2.374243341762385384e+01,1.216058738595687361e+00
1.589558339625776462e+01,-9.335987031551800097e-01,-3.117937925662442211e+00,-2.370736668417492155e+01,1.213159567359971547e+00
1.590521708316458849e+01,-9.321400899287375363e-01,-3.117928847695485395e+00,-2.367225364989599257e+01,1.210235191968184187e+00
1.591485077007141058e+01,-9.306709808578135235e-01,-3.117920862862496367e+00,-2.363709393650003321e+01,1.207285498291644998e+00
1.592448445697823267e+01,-9.291914528845075516e-01,-3.117914003823427205e+00,-2.360188706547993931e+01,1.204310265621544085e+00
1.593411814388505832e+01,-9.277016159330571110e-01,-3.117908296339511498e+00,-2.356663296071940294e+01,1.201309175095482296e+00
1.594375183079188041e+01,-9.262015748887880706e-01,-3.117903758500765399e+00,-2.353133233622800802e+01,1.198281847199599737e+00
1.595338551769870428e+01,-9.246913937881634515e-01,-3.117900402403078974e+00,-2.349598685392983910e+01,1.195227896966307268e+00
1.596301920460552637e+01,-9.231710731948268300e-01,-3.117898237767973146e+00,-2.346059900589385450e+01,1.192146990268469153e+00
1.597265289151234846e+01,-9.216405477307022531e-01,-3.117897276403431839e+00,-2.342517175805068064e+01,1.189038884387069395e+00
1.598228657841917233e+01,-9.200997045881166292e-01,-3.117897536144934811e+00,-2.338970806349841780e+01,1.185903440835744060e+00
1.599192026532599442e+01,-9.185484174408788949e-01,-3.117899043071736820e+00,-2.335421039179339076e+01,1.182740606792544780e+00
1.600155395223281829e+01,-9.169865854562930796e-01,-3.117901831317894334e+00,-2.331868041492355914e+01,1.179550370892949784e+00
1.601118763913964216e+01,-9.154141655310901182e-01,-3.117905940530940168e+00,-2.328311894296591689e+01,1.176332706762132085e+00
1.602082132604646247e+01,-9.138311879207456911e-01,-3.117911411749896278e+00,-2.324752612725917089e+01,1.173087521243338482e+00
1.603045501295328634e+01,-9.122377504859393582e-01,-3.117918282958773712e+00,-2.321190186890780893e+01,1.169814622770645851e+00
1.604008869986011021e+01,-9.106339933040674683e-01,-3.117926585673384210e+00,-2.317624630949818965e+01,1.166513719221710543e+00
1.604972238676693053e+01,-9.090200613971981536e-01,-3.117936343606292571e+00,-2.314056025712586262e+01,1.163184445724185112e+00
1.605935607367375439e+01,-9.073960669754631558e-01,-3.117947573821878482e+00,-2.310484542107152706e+01,1.159826413942096401e+00
1.606898976058057826e+01,-9.057620627672078317e-01,-3.117960290033416459e+00,-2.306910438639734906e+01,1.156439268008295995e+00
1.607862344748739858e+01,-9.041180346446926475e-01,-3.117974507038816068e+00,-2.303334033782212131e+01,1.153022730378899130e+00
1.608825713439422245e+01,-9.024639158763301250e-01,-3.117990244941589495e+00,-2.299755661702421961e+01,1.149576624000871572e+00
1.609789082130104632e+01,-9.007996187347612205e-01,-3.118007531866301196e+00,-2.296175624670701154e+01,1.146100864341481840e+00
1.610752450820787018e+01,-8.991250738788916230e-01,-3.118026404334943269e+00,-2.292594156383107062e+01,1.142595423864745552e+00
1.611715819511469405e+01,-8.974402655338193924e-01,-3.118046905183465611e+00,-2.289011407093418526e+01,1.139060279746014759e+00
1.612679188202151437e+01,-8.957452517519716162e-01,-3.118069079648869479e+00,-2.285427454869801167e+01,1.135495360548948396e+00
1.613642556892833824e+01,-8.940401635752627252e-01,-3.118092970817394338e+00,-2.281842339470955494e+01,1.131900507799563638e+00
1.614605925583516211e+01,-8.923251833518970333e-01,-3.118118615821892536e+00,-2.278256108611352460e+01,1.128275463848203763e+00
1.615569294274198242e+01,-8.906005088315880336e-01,-3.118146043950337010e+00,-2.274668862754319676e+01,1.124619889498070791e+00
1.616532662964880629e+01,-8.888663140221247927e-01,-3.118175277245817778e+00,-2.271080785098198973e+01,1.120933405979786190e+00
1.617496031655563016e+01,-8.871227188034449540e-01,-3.118206333418236831e+00,-2.267492147920830448e+01,1.117215648625757174e+00
1.618459400346245047e+01,-8.853697766452982565e-01,-3.118239230181132804e+00,-2.263903293553405405e+01,1.113466316190180772e+00
1.619422769036927434e+01,-8.836074842639698446e-01,-3.118273989689641201e+00,-2.260314595830186235e+01,1.109685201161739299e+00
1.620386137727609821e+01,-8.818358103592751629e-01,-3.118310641721780740e+00,-2.256726413643633222e+01,1.105872192176803770e+00
1.621349506418292208e+01,-8.800547347384555241e-01,-3.118349224626129512e+00,-2.253139050513075858e+01,1.102027248014689098e+00
1.622312875108974595e+01,-8.782642859423785975e-01,-3.118389783739156762e+00,-2.249552732193743054e+01,1.098150351129859148e+00
1.623276243799656626e+01,-8.764645659225812624e-01,-3.118432367747677958e+00,-2.245967608900334511e+01,1.094241454723588136e+00
1.624239612490339013e+01,-8.746557542499509008e-01,-3.118477024100521078e+00,-2.242383781343594507e+01,1.090300439194201498e+00
1.625202981181021400e+01,-8.728380905737043172e-01,-3.118523794866088661e+00,-2.238801342689082219e+01,1.086327090911540560e+00
1.626166349871703432e+01,-8.710118406916373957e-01,-3.118572714299007398e+00,-2.235220423853959204e+01,1.082321109530422598e+00
1.627129718562385818e+01,-8.691772566109186027e-01,-3.118623808859397162e+00,-2.231641228642387631e+01,1.078282141519013138e+00
1.628093087253068205e+01,-8.673345428368410825e-01,-3.118677099680356335e+00,-2.228064048331276936e+01,1.074209829785911507e+00
1.629056455943750237e+01,-8.654838392502439692e-01,-3.118732606731108525e+00,-2.224489251503067067e+01,1.070103864560260742e+00
1.630019824634432624e+01,-8.636252258886292221e-01,-3.118790353403431137e+00,-2.220917252319073043e+01,1.065964020400939072e+00
1.630983193325115010e+01,-8.617587482658471965e-01,-3.118850370116743154e+00,-2.217348466824997999e+01,1.061790168437444448e+00
1.631946562015797397e+01,-8.598844555880867935e-01,-3.118912695833822024e+00,-2.213783270381361135e+01,1.057582260388170825e+00
1.632909930706479429e+01,-8.580024402678786410e-01,-3.118977377014794161e+00,-2.210221968893200284e+01,1.053340289324422141e+00
1.633873299397161816e+01,-8.561128667165639472e-01,-3.119044464318383891e+00,-2.206664792326186486e+01,1.049064239037959201e+00
1.634836668087844203e+01,-8.542159806453082371e-01,-3.119114008047990438e+00,-2.203111912311206311e+01,1.044754037186839790e+00
1.635800036778526589e+01,-8.523120960402383872e-01,-3.119186053725465424e+00,-2.199563478461232791e+01,1.040409526175921195e+00
1.636763405469208621e+01,-8.504015637909771996e-01,-3.119260639139129765e+00,-2.196019662490949997e+01,1.036030460366587302e+00
1.637726774159891008e+01,-8.484847315648134103e-01,-3.119337793764811018e+00,-2.192480696976002008e+01,1.031616530326208814e+00
1.638690142850573395e+01,-8.465619072125762923e-01,-3.119417540735429206e+00,-2.188946897264122526e+01,1.027167406782283576e+00
1.639653511541255426e+01,-8.446333369394194435e-01,-3.119499900756210309e+00,-2.185418660131465174e+01,1.022682791132744740e+00
1.640616880231937813e+01,-8.426992049865866807e-01,-3.119584896766728566e+00,-2.181896439731447757e+01,1.018162457497102213e+00
1.641580248922620200e+01,-8.407596550130465030e-01,-3.119672557919973332e+00,-2.178380708130411492e+01,1.013606273902472266e+00
1.642543617613302587e+01,-8.388148267368344957e-01,-3.119762921653914667e+00,-2.174871912259948914e+01,1.009014196479150138e+00
1.643506986303984618e+01,-8.368648967198698552e-01,-3.119856033210791857e+00,-2.171370440106348099e+01,1.004386238601335357e+00
1.644470354994667005e+01,-8.349101108893669521e-01,-3.119951942737294814e+00,-2.167876606132268336e+01,9.997224243429321255e-01
1.645433723685349392e+01,-8.329507988852942191e-01,-3.120050700837736724e+00,-2.164390660148932710e+01,9.950227402217207695e-01
1.646397092376031779e+01,-8.309873658521802486e-01,-3.120152353926431310e+00,-2.160912816863624641e+01,9.902870996289301342e-01
1.647360461066713810e+01,-8.290202641723474208e-01,-3.120256940789432498e+00,-2.157443297201639609e+01,9.855153304862885877e-01
1.648323829757396197e+01,-8.270499537688585923e-01,-3.120364491399096885e+00,-2.153982369057501955e+01,9.807071897107275671e-01
1.649287198448078584e+01,-8.250768631143322596e-01,-3.120475028338765444e+00,-2.150530375373018899e+01,9.758624000846013447e-01
1.650250567138760616e+01,-8.231013628911347801e-01,-3.120588570398048933e+00,-2.147087741274818384e+01,9.709806985030593474e-01
1.651213935829443002e+01,-8.211237604077191721e-01,-3.120705137234956794e+00,-2.143654958270182220e+01,9.660618812590713311e-01
1.652177304520125389e+01,-8.191443165517822145e-01,-3.120824753672539309e+00,-2.140232550321796623e+01,9.611058329929333954e-01
1.653140673210807776e+01,-8.171632801790607026e-01,-3.120947452305930181e+00,-2.136821031970848495e+01,9.561125308629967456e-01
1.654104041901489808e+01,-8.151809294975541631e-01,-3.121073273608558907e+00,-2.133420870975654537e+01,9.510820228996188508e-01
1.655067410592172195e+01,-8.131976078451647050e-01,-3.121202263488054740e+00,-2.130032466517438294e+01,9.460143871719597364e-01
1.656030779282854581e+01,-8.112137429411274692e-01,-3.121334469020903946e+00,-2.126656149339406454e+01,9.409096840512350957e-01
1.656994147973536613e+01,-8.092298437123721655e-01,-3.121469933652490703e+00,-2.123292203639995535e+01,9.357679158303665590e-01
1.657957516664219000e+01,-8.072464756295041344e-01,-3.121608693314938066e+00,-2.119940904088220535e+01,9.305890056954859713e-01
1.658920885354901387e+01,-8.052642220496292191e-01,-3.121750774637761960e+00,-2.116602556880933150e+01,9.253728022366289885e-01
1.659884254045583774e+01,-8.032836433502525963e-01,-3.121896195789447326e+00,-2.113277532625177457e+01,9.201191080763005958e-01
1.660847622736265805e+01,-8.013052463355558874e-01,-3.122044969685447757e+00,-2.109966281320929227e+01,9.148277240517026510e-01
1.661810991426948192e+01,-7.993294732829663296e-01,-3.122197108574527480e+00,-2.106669325080148170e+01,9.094984958240379669e-01
1.662774360117630579e+01,-7.973567140166037959e-01,-3.122352628591980483e+00,-2.103387230841143563e+01,9.041313491435657435e-01
1.663737728808312966e+01,-7.953873373651245693e-01,-3.122511552875003371e+00,-2.100120571252196200e+01,8.987263034397460215e-01
1.664701097498994997e+01,-7.934217324295661511e-01,-3.122673912271295205e+00,-2.096869885356643692e+01,8.932834598877187338e-01
1.665664466189677384e+01,-7.914603470650840578e-01,-3.122839743404595136e+00,-2.093635650703431850e+01,8.878029676869128028e-01
1.666627834880359771e+01,-7.895037117992129705e-01,-3.123009084667333290e+00,-2.090418275055767339e+01,8.822849787217380557e-01
1.667591203571041802e+01,-7.875524418259728376e-01,-3.123181971344695995e+00,-2.087218110018334372e+01,8.767296041597759659e-01
1.668554572261724189e+01,-7.856072163894798344e-01,-3.123358431342179387e+00,-2.084035482397158745e+01,8.711368858952164285e-01
1.669517940952406576e+01,-7.836687417694379043e-01,-3.123538482807532990e+00,-2.080870733875237022e+01,8.655067912793510398e-01
1.670481309643088608e+01,-7.817377090974529930e-01,-3.123722134362246994e+00,-2.077724257172690869e+01,8.598392326390479345e-01
1.671444678333770995e+01,-7.798147598317579643e-01,-3.123909387862289666e+00,-2.074596517961404984e+01,8.541341057363891487e-01
1.672408047024453381e+01,-7.779004694027813471e-01,-3.124100242835176289e+00,-2.071488056075738626e+01,8.483913357450955095e-01
1.673371415715135768e+01,-7.759953540114493675e-01,-3.124294701226537629e+00,-2.068399465721306996e+01,8.426109171531005471e-01
1.674334784405818155e+01,-7.740998984976292796e-01,-3.124492770991682544e+00,-2.065331360599508415e+01,8.367929358680996632e-01
1.675298153096500187e+01,-7.722145967516448328e-01,-3.124694467417030719e+00,-2.062284334297003952e+01,8.309375671292997811e-01
1.676261521787182573e+01,-7.703399922864283544e-01,-3.124899811746939093e+00,-2.059258927635533354e+01,8.250450500191691683e-01
1.677224890477864960e+01,-7.684767065046047563e-01,-3.125108827513339627e+00,-2.056255612557163914e+01,8.191156462868925958e-01
1.678188259168546992e+01,-7.666254459176726765e-01,-3.125321535668033945e+00,-2.053274797179041400e+01,8.131495957965249044e-01
1.679151627859229379e+01,-7.647869859755979105e-01,-3.125537949985711883e+00,-2.050316850365659604e+01,8.071470818496928601e-01
1.680114996549911766e+01,-7.629621362953418195e-01,-3.125758074126568253e+00,-2.047382138400468676e+01,8.011082166473658672e-01
1.681078365240593797e+01,-7.611516977616104018e-01,-3.125981901243997552e+00,-2.044471062793893168e+01,7.950330511499158481e-01
1.682041733931276184e+01,-7.593564244726478396e-01,-3.126209416247923034e+00,-2.041584087977988204e+01,7.889216063592360273e-01
1.683005102621958571e+01,-7.575770020481935596e-01,-3.126440600023928429e+00,-2.038721750677910904e+01,7.827739167254238462e-01
1.683968471312640602e+01,-7.558140488410013402e-01,-3.126675434309795776e+00,-2.035884648202607039e+01,7.765900728371577522e-01
1.684931840003323344e+01,-7.540681396091488686e-01,-3.126913905727574772e+00,-2.033073409138721388e+01,7.703702508230887425e-01
1.685895208694005376e+01,-7.523398443407030012e-01,-3.127156007723969733e+00,-2.030288655114679486e+01,7.641147198736647494e-01
1.686858577384687763e+01,-7.506297702724165077e-01,-3.127401739807878833e+00,-2.027530964900194732e+01,7.578238257944251988e-01
1.687821946075370150e+01,-7.489385941343164044e-01,-3.127651104298132978e+00,-2.024800851365156973e+01,7.514979555905865194e-01
1.688785314766052181e+01,-7.472670745991185637e-01,-3.127904101555608829e+00,-2.022098757975689054e+01,7.451374936627941370e-01
1.689748683456734568e+01,-7.456160409294165792e-01,-3.128160725139412790e+00,-2.019425075704143779e+01,7.387427826249647334e-01
1.690712052147416955e+01,-7.439863610667276639e-01,-3.128420958353954617e+00,-2.016780175194885061e+01,7.323141003339319610e-01
1.691675420838098987e+01,-7.423788986850747840e-01,-3.128684773233119998e+00,-2.014164444541082588e+01,7.258516598834886535e-01
1.692638789528781373e+01,-7.407944721174909430e-01,-3.128952132266773489e+00,-2.011578321406976499e+01,7.193556325044282440e-01
1.693602158219463760e+01,-7.392338275174253903e-01,-3.129222992338934528e+00,-2.009022309941581952e+01,7.128261865456486657e-01
1.694565526910145792e+01,-7.376976342948372567e-01,-3.129497309671124050e+00,-2.006496977455028485e+01,7.062635309861011734e-01
1.695528895600828534e+01,-7.361865040805739557e-01,-3.129775044255288741e+00,-2.004002931820781797e+01,6.996679506297303064e-01
1.696492264291510565e+01,-7.347010272868769176e-01,-3.130056162413590304e+00,-2.001540786251865356e+01,6.930398226347799229e-01
1.697455632982192952e+01,-7.332418159404062719e-01,-3.130340636691649525e+00,-1.999111121800627089e+01,6.863796095724092883e-01
1.698419001672875339e+01,-7.318095395162916850e-01,-3.130628443104800596e+00,-1.996714458565653416e+01,6.796878311501071135e-01
1.699382370363557371e+01,-7.304049426010867929e-01,-3.130919556565894712e+00,-1.994351243980962352e+01,6.729650230205090899e-01
1.700345739054239758e+01,-7.290288387277781279e-01,-3.131213945881313521e+00,-1.992021861493115154e+01,6.662116948751487522e-01
1.701309107744922144e+01,-7.276820819822215070e-01,-3.131511569838042686e+00,-1.989726656904934643e+01,6.594283001904479580e-01
1.702272476435604176e+01,-7.263655247664195791e-01,-3.131812375576331853e+00,-1.987465974460143769e+01,6.526152265131346386e-01
1.703235845126286563e+01,-7.250799743478607562e-01,-3.132116299748727961e+00,-1.985240191892845374e+01,6.457728090822473233e-01
1.704199213816968950e+01,-7.238261612231228215e-01,-3.132423272117933699e+00,-1.983049744002080317e+01,6.389013636886450298e-01
1.705162582507650981e+01,-7.226047287477335157e-01,-3.132733220501611626e+00,-1.980895127725736771e+01,6.320012290059421334e-01
1.706125951198333723e+01,-7.214162470138872907e-01,-3.133046075559392296e+00,-1.978776887164096721e+01,6.250728058560127698e-01
1.707089319889015755e+01,-7.202612465611911707e-01,-3.133361773962775487e+00,-1.976695582920814331e+01,6.181165818058590444e-01
1.708052688579698142e+01,-7.191402614383913816e-01,-3.133680258979658628e+00,-1.974651754742617271e+01,6.111331338446147621e-01
1.709016057270380529e+01,-7.180538682513899484e-01,-3.134001478293099829e+00,-1.972645888392522906e+01,6.041231083672234936e-01
1.709979425961062560e+01,-7.170027090228675570e-01,-3.134325379718943427e+00,-1.970678396416855804e+01,5.970871843800884538e-01
1.710942794651744947e+01,-7.159874905987329008e-01,-3.134651906131233901e+00,-1.968749618348109820e+01,5.900260307726119535e-01
1.711906163342427334e+01,-7.150089604773526286e-01,-3.134980991150819296e+00,-1.966859840144256566e+01,5.829402702198190900e-01
1.712869532033109365e+01,-7.140678661353903056e-01,-3.135312556924863436e+00,-1.965009326995411953e+01,5.758304602960530039e-01
1.713832900723791752e+01,-7.131649099817205517e-01,-3.135646514691439180e+00,-1.963198359700572837e+01,5.686970972810975189e-01
1.714796269414474139e+01,-7.123007134397550955e-01,-3.135982767976263297e+00,-1.961427263783822639e+01,5.615406414363203202e-01
1.715759638105156171e+01,-7.114758009101130876e-01,-3.136321217465987132e+00,-1.959696422679617811e+01,5.543615561973147532e-01
1.716723006795838913e+01,-7.106906083290445153e-01,-3.136661766089327230e+00,-1.958006271028340350e+01,5.471603496353885099e-01
1.717686375486520944e+01,-7.099455135459277200e-01,-3.137004322771138387e+00,-1.956357269993648984e+01,5.399376058852036753e-01
1.718649744177203331e+01,-7.092408790796518314e-01,-3.137348803726678792e+00,-1.954749871811086948e+01,5.326939972069398843e-01
1.719613112867885718e+01,-7.085770940135254214e-01,-3.137695130912264485e+00,-1.953184483943352490e+01,5.254302730673340305e-01
1.720576481558567750e+01,-7.079546020202809320e-01,-3.138043228116686567e+00,-1.951661443322632294e+01,5.181472293970538212e-01
1.721539850249250136e+01,-7.073739067124572566e-01,-3.138393015900389660e+00,-1.950181008178237718e+01,5.108456670161060087e-01
1.722503218939932168e+01,-7.068355524165557124e-01,-3.138744406945651377e+00,-1.948743369760587285e+01,5.035263513979595373e-01
1.723466587630614910e+01,-7.063400859729538350e-01,-3.139097303260939942e+00,-1.947348680410215138e+01,4.961899855341416199e-01
1.724429956321296942e+01,-7.058880109782733614e-01,-3.139451596121791255e+00,-1.945997089609302932e+01,4.888372037882750543e-01
1.725393325011979329e+01,-7.054797482335456449e-01,-3.139807168798685932e+00,-1.944688777308914140e+01,4.814685884349469980e-01
1.726356693702661360e+01,-7.051156143142744970e-01,-3.140163901272843283e+00,-1.943423974636126417e+01,4.740847038895601995e-01
1.727320062393343747e+01,-7.047958246890211331e-01,-3.140521675532701895e+00,-1.942202965811159743e+01,4.666861384204660790e-01
1.728283431084025779e+01,-7.045205203472647559e-01,-3.140880379863517202e+00,-1.941026070646823598e+01,4.592735409292506565e-01
1.729246799774708521e+01,-7.042898097272005664e-01,-3.141239910846159500e+00,-1.939893612728310046e+01,4.518476418374540726e-01
1.730210168465390907e+01,-7.041038130501737768e-01,3.141585134701994519e+00,-1.938805882594298069e+01,4.444092517993576408e-01
1.731173537156072939e+01,-7.039626954064409636e-01,3.141224234476382549e+00,-1.937763106717399353e+01,4.369592384915174099e-01
1.732136905846755326e+01,-7.038666783416962502e-01,3.140862788736794808e+00,-1.936765431378664459e+01,4.294984881872340732e-01
1.733100274537437357e+01,-7.038160262373518439e-01,3.140500896523953589e+00,-1.935812926148712165e+01,4.220278633070662089e-01
1.734063643228120100e+01,-7.038110114728495237e-01,3.140138666196246486e+00,-1.934905605916655347e+01,4.145481683248895544e-01
1.735027011918802131e+01,-7.038518688584810556e-01,3.139776216146978438e+00,-1.934043464945834856e+01,4.070601339519134276e-01
1.735990380609484518e+01,-7.039387531459330161e-01,3.139413672621857998e+00,-1.933226512890692206e+01,3.995644241399708974e-01
1.736953749300166550e+01,-7.040717125374291729e-01,3.139051165260846599e+00,-1.932454802126862958e+01,3.920616637225299295e-01
1.737917117990848936e+01,-7.042506862818598279e-01,3.138688821684764818e+00,-1.931728438300832806e+01,3.845524784258562701e-01
1.738880486681530968e+01,-7.044755271300138233e-01,3.138326762742386311e+00,-1.931047570947057324e+01,3.770375353266358087e-01
1.739843855372213710e+01,-7.047460418470696819e-01,3.137965099836841354e+00,-1.930412366896273824e+01,3.695175716856533565e-01
1.740807224062896097e+01,-7.050620374599875229e-01,3.137603935119650522e+00,-1.929822974279175796e+01,3.619934034970396231e-01
1.741770592753578129e+01,-7.054233591411154247e-01,3.137243364467622087e+00,-1.929279487717172259e+01,3.544659110589772344e-01
1.742733961444260515e+01,-7.058299081518608631e-01,3.136883482308093551e+00,-1.928781924962710903e+01,3.469360056406302628e-01
1.743697330134942547e+01,-7.062816343342265268e-01,3.136524386790861652e+00,-1.928330221898096042e+01,3.394045868990286374e-01
1.744660698825625289e+01,-7.067785054036506143e-01,3.136166183694826248e+00,-1.927924247406870606e+01,3.318725034438471111e-01
1.745624067516307321e+01,-7.073204623986864004e-01,3.135808987838799133e+00,-1.927563833780731173e+01,3.243405280443730221e-01
1.746587436206989707e+01,-7.079073749110555980e-01,3.135452921524354064e+00,-1.927248813740180111e+01,3.168093546804856553e-01
1.747550804897671739e+01,-7.085390098422684746e-01,3.135098110443575781e+00,-1.926979053181698731e+01,3.092796182153747520e-01
1.748514173588354126e+01,-7.092150233590254205e-01,3.134744678260381168e+00,-1.926754470003447040e+01,3.017519307997501010e-01
1.749477542279036157e+01,-7.099349786796973483e-01,3.134392741483439604e+00,-1.926575033447797125e+01,2.942269241697772486e-01
1.750440910969718900e+01,-7.106983844578425025e-01,3.134042406165470140e+00,-1.926440744135440397e+01,2.867052852364211368e-01
1.751404279660401286e+01,-7.115047422343165895e-01,3.133693767411729780e+00,-1.926351600665627117e+01,2.791877743107371024e-01
1.752367648351083318e+01,-7.123535886341225698e-01,3.133346911826682124e+00,-1.926307562640185722e+01,2.716752204039067919e-01
1.753331017041765705e+01,-7.132445195526426751e-01,3.133001922131938510e+00,-1.926308521056445144e+01,2.641684947895009961e-01
1.754294385732447736e+01,-7.141771890429305936e-01,3.132658882523918997e+00,-1.926354284877277934e+01,2.566684704340257417e-01
1.755257754423130478e+01,-7.151512833266420177e-01,3.132317883109973611e+00,-1.926444587845432466e+01,2.491759790973776256e-01
1.756221123113812510e+01,-7.161664779572496364e-01,3.131979022038499760e+00,-1.926579113653388120e+01,2.416917786337594021e-01
1.757184491804494897e+01,-7.172223913443803722e-01,3.131642404639098043e+00,-1.926757532160732467e+01,2.342165400593537172e-01
1.758147860495176928e+01,-7.183185490116772431e-01,3.131308139800515367e+00,-1.926979536068246546e+01,2.267508581565188808e-01
1.759111229185859315e+01,-7.194543697393939174e-01,3.130976334659386406e+00,-1.927244867287440044e+01,2.192952824542721280e-01
1.760074597876541347e+01,-7.206291781052316381e-01,3.130647089193312915e+00,-1.927553325248562288e+01,2.118503594010636426e-01
1.761037966567224089e+01,-7.218422398983332933e-01,3.130320492347563821e+00,-1.927904754695290634e+01,2.044166732090607341e-01
1.762001335257906476e+01,-7.230928098910027746e-01,3.129996620863050527e+00,-1.928299016564367108e+01,1.969948731948652221e-01
1.762964703948588507e+01,-7.243801776490157440e-01,3.129675541153551510e+00,-1.928735950560842127e+01,1.895856793827815079e-01
1.763928072639270894e+01,-7.257036976165022191e-01,3.129357313651355721e+00,-1.929215340530943124e+01,1.821898645252920668e-01
1.764891441329952926e+01,-7.270627944711822721e-01,3.129041998285940984e+00,-1.929736892958784722e+01,1.748082176562231749e-01
1.765854810020635313e+01,-7.284569422709409325e-01,3.128729659410892872e+00,-1.930300235085053728e+01,1.674414997733977839e-01
1.766818178711317699e+01,-7.298856239153433956e-01,3.128420368658209050e+00,-1.930904933381414779e+01,1.600904046250273549e-01
1.767781547402000086e+01,-7.313482834834332813e-01,3.128114204828084333e+00,-1.931550527106046999e+01,1.527555361314417992e-01
1.768744916092682118e+01,-7.328442862310560191e-01,3.127811250825814238e+00,-1.932236567185902487e+01,1.454374091182845385e-01
1.769708284783364505e+01,-7.343728987456098478e-01,3.127511588560619504e+00,-1.932962649050473303e+01,1.381364731854511918e-01
1.770671653474046536e+01,-7.359332956451546393e-01,3.127215293348133418e+00,-1.933728429773552904e+01,1.308531527011175533e-01
1.771635022164729278e+01,-7.375245911249341813e-01,3.126922429516626245e+00,-1.934533624469948521e+01,1.235878911114768192e-01
1.772598390855411665e+01,-7.391458860599589009e-01,3.126633048556644923e+00,-1.935377983002212687e+01,1.163411864231682219e-01
1.773561759546093697e+01,-7.407963165873672207e-01,3.126347190382948948e+00,-1.936261253881363942e+01,1.091136072598055812e-01
1.774525128236776084e+01,-7.424750895897308522e-01,3.126064887330227915e+00,-1.937183146070810835e+01,1.019057845856123634e-01
1.775488496927458115e+01,-7.441814944481164318e-01,3.125786169668958614e+00,-1.938143300082736076e+01,9.471838136304011613e-02
1.776451865618140502e+01,-7.459148876423137287e-01,3.125511070960221183e+00,-1.939141277072207359e+01,8.755204895523388542e-02
1.777415234308822889e+01,-7.476746550556651050e-01,3.125239631612635627e+00,-1.940176569360540881e+01,8.040738306035961902e-02
1.778378602999505276e+01,-7.494601636672364453e-01,3.124971899549001009e+00,-1.941248629499582634e+01,7.328489218263273264e-02
1.779341971690187307e+01,-7.512707175953746708e-01,3.124707927770274285e+00,-1.942356909484814054e+01,6.618498801718737667e-02
1.780305340380869694e+01,-7.531055321785069534e-01,3.124447769552671339e+00,-1.943500898670233923e+01,5.910800070154623165e-02
1.781268709071551726e+01,-7.549637343149069313e-01,3.124191472740401654e+00,-1.944680149251087542e+01,5.205421454789434937e-02
1.782232077762234468e+01,-7.568443892874937573e-01,3.123939074879233058e+00,-1.945894281790949876e+01,4.502391378310597464e-02
1.783195446452916855e+01,-7.587465462048426090e-01,3.123690600686555463e+00,-1.947142969130566570e+01,3.801742479734684932e-02
1.784158815143598886e+01,-7.606692884689547629e-01,3.123446062646283217e+00,-1.948425903406953452e+01,3.103514235316555056e-02
1.785122183834281273e+01,-7.626117740891252827e-01,3.123205464566073619e+00,-1.949742755944058814e+01,2.407753188004327013e-02
1.786085552524963305e+01,-7.645732537023354203e-01,3.122968807029582017e+00,-1.951093141951378840e+01,1.714510701556001826e-02
1.787048921215645692e+01,-7.665530609210509105e-01,3.122736093094379051e+00,-1.952476600621223923e+01,1.023838888607965861e-02
1.788012289906328078e+01,-7.685505780583761215e-01,3.122507332505788824e+00,-1.953892596723276398e+01,3.357859078182323827e-03
1.788975658597010465e+01,-7.705651878088517481e-01,3.122282543144648592e+00,-1.955340543465123559e+01,-3.496079792400157669e-03
1.789939027287692497e+01,-7.725962257873807415e-01,3.122061749268102204e+00,-1.956819840081290707e+01,-1.032312415885432676e-02
1.790902395978374884e+01,-7.746429486156727329e-01,3.121844977081417838e+00,-1.958329913199194294e+01,-1.712306412345263734e-02
1.791865764669056915e+01,-7.767045275435064955e-01,3.121632248996953685e+00,-1.959870249830349209e+01,-2.389575401638475288e-02
1.792829133359739302e+01,-7.787800698203163341e-01,3.121423578343231142e+00,-1.961440412228974850e+01,-3.064106743265409064e-02
1.793792502050422044e+01,-7.808686615547943966e-01,3.121218966156654950e+00,-1.963040030165397098e+01,-3.735884995016766630e-02
1.794755870741104076e+01,-7.829694192037174316e-01,3.121018401058710534e+00,-1.964668772827228338e+01,-4.404888351477451863e-02
1.795719239431786463e+01,-7.850815341387036295e-01,3.120821862282810333e+00,-1.966326308620535812e+01,-5.071087311777269097e-02
1.796682608122468494e+01,-7.872042967892840526e-01,3.120629324953176909e+00,-1.968012264794010946e+01,-5.734445985345605623e-02
1.797645976813150881e+01,-7.893370930437100252e-01,3.120440766026896018e+00,-1.969726198950109719e+01,-6.394925664374037644e-02
1.798609345503833268e+01,-7.914793740319954196e-01,3.120256169101927490e+00,-1.971467591069280445e+01,-7.052489615820067836e-02
1.799572714194515655e+01,-7.936306085474588157e-01,3.120075526633899532e+00,-1.973235858648741470e+01,-7.707107675420969695e-02
1.800536082885197686e+01,-7.957902326968431250e-01,3.119898838891107307e+00,-1.975030390712780104e+01,-8.358759273651314436e-02
1.801499451575880073e+01,-7.979576122645017922e-01,3.119726109971636685e+00,-1.976850590811762132e+01,-9.007433978145482079e-02
1.802462820266562105e+01,-8.001320294428293511e-01,3.119557342105796494e+00,-1.978695916376013741e+01,-9.653129367236717995e-02
1.803426188957244491e+01,-8.023126981717599859e-01,3.119392529995889785e+00,-1.980565902769438935e+01,-1.029584684044547171e-01
1.804389557647927234e+01,-8.044988035959800277e-01,3.119231656940740560e+00,-1.982460164836928840e+01,-1.093558658950228579e-01
1.805352926338609265e+01,-8.066895537537511762e-01,3.119074693953680644e+00,-1.984378375366891945e+01,-1.157234321281307571e-01
1.806316295029291652e+01,-8.088842278203161040e-01,3.118921602172471275e+00,-1.986320226744594564e+01,-1.220610327707575965e-01
1.807279663719973684e+01,-8.110822062155660372e-01,3.118772337854616605e+00,-1.988285387118347103e+01,-1.283684556158630474e-01
1.808243032410656070e+01,-8.132829733658257787e-01,3.118626858458574791e+00,-1.990273464123783498e+01,-1.346454392921888343e-01
1.809206401101338457e+01,-8.154860922263964529e-01,3.118485127973651405e+00,-1.992283987071255069e+01,-1.408917198649765612e-01
1.810169769792020844e+01,-8.176911582936557954e-01,3.118347119883840168e+00,-1.994316413100887075e+01,-1.471070815598715109e-01
1.811133138482702876e+01,-8.198977471284634166e-01,3.118212816867774073e+00,-1.996370155726262752e+01,-1.532913964978060151e-01
1.812096507173385262e+01,-8.221053714444155336e-01,3.118082207331031697e+00,-1.998444627512112248e+01,-1.594446414667710366e-01
1.813059875864067294e+01,-8.243134609471413077e-01,3.117955279835502136e+00,-2.000539284352495883e+01,-1.655668864839003052e-01
1.814023244554749681e+01,-8.265213712017206449e-01,3.117832017137279088e+00,-2.002653658228135924e+01,-1.716582582495005116e-01
1.814986613245432423e+01,-8.287284189512850174e-01,3.117712391670629746e+00,-2.004787368633250821e+01,-1.777188890944330357e-01
1.815949981936114455e+01,-8.309339332088225838e-01,3.117596363880458465e+00,-2.006940109123497251e+01,-1.837488664337120492e-01
1.816913350626796841e+01,-8.331373065763579833e-01,3.117483883940116218e+00,-2.009111612810375647e+01,-1.897481977209060922e-01
1.817876719317478873e+01,-8.353380311110946144e-01,3.117374896358373171e+00,-2.011301606928441643e+01,-1.957168014150308943e-01
1.818840088008161260e+01,-8.375357077164492514e-01,3.117269346093944460e+00,-2.013509769943922123e+01,-2.016545268185123418e-01
1.819803456698843647e+01,-8.397300260828097773e-01,3.117167184329462160e+00,-2.015735704034955234e+01,-2.075611970715052212e-01
1.820766825389526034e+01,-8.419207211897689058e-01,3.117068372153406930e+00,-2.017978931308484292e+01,-2.134366626389086474e-01
1.821730194080208065e+01,-8.441075195669385245e-01,3.116972881030995346e+00,-2.020238915121410628e+01,-2.192808493858501295e-01
1.822693562770890452e+01,-8.462900916886030300e-01,3.116880689922003622e+00,-2.022515100404323363e+01,-2.250937868047588608e-01
1.823656931461572483e+01,-8.484680250624256903e-01,3.116791779927748696e+00,-2.024806961165325703e+01,-2.308756077396091622e-01
1.824620300152254870e+01,-8.506408262989864077e-01,3.116706128107944007e+00,-2.027114041100280417e+01,-2.366265193687960844e-01
1.825583668842937612e+01,-8.528079516176763075e-01,3.116623702367992355e+00,-2.029435975158506267e+01,-2.423467537745057632e-01
1.826547037533619644e+01,-8.549688565454371947e-01,3.116544458997091205e+00,-2.031772485476603407e+01,-2.480365125910376500e-01
1.827510406224302031e+01,-8.571230496578632341e-01,3.116468343632892601e+00,-2.034123352673771024e+01,-2.536959221258549557e-01
1.828473774914984062e+01,-8.592701339142659878e-01,3.116395295383515229e+00,-2.036488370858062780e+01,-2.593250123772658511e-01
1.829437143605666449e+01,-8.614098228645770128e-01,3.116325252870939089e+00,-2.038867299628336127e+01,-2.649237263708289492e-01
1.830400512296348481e+01,-8.635419266367866387e-01,3.116258160367170849e+00,-2.041259827375992231e+01,-2.704919572530433136e-01
1.831363880987031223e+01,-8.656663118309892990e-01,3.116193972158700198e+00,-2.043665556952706908e+01,-2.760296022762476764e-01
1.832327249677713255e+01,-8.677828474386333202e-01,3.116132653808831421e+00,-2.046084018200293286e+01,-2.815366176665128339e-01
1.833290618368395641e+01,-8.698913532235953427e-01,3.116074179930405919e+00,-2.048514703864226050e+01,-2.870130579509943547e-01
1.834253987059077673e+01,-8.719915663117325799e-01,3.116018529146573623e+00,-2.050957118398509138e+01,-2.924590878028961449e-01
1.835217355749760060e+01,-8.740831362277466932e-01,3.115965677779322540e+00,-2.053410825219029334e+01,-2.978749625518645194e-01
1.836180724440442802e+01,-8.761656499588381664e-01,3.115915594200189265e+00,-2.055875478284956159e+01,-3.032609828267597840e-01
1.837144093131124833e+01,-8.782386794478497238e-01,3.115868235582299750e+00,-2.058350828429800217e+01,-3.086174365760495086e-01
1.838107461821807220e+01,-8.803018370294364292e-01,3.115823548065115745e+00,-2.060836702311145885e+01,-3.139445456101148113e-01
1.839070830512489252e+01,-8.823548218360478534e-01,3.115781470303340850e+00,-2.063332960005123340e+01,-3.192424326260893119e-01
1.840034199203171639e+01,-8.843974428939999077e-01,3.115741939336177158e+00,-2.065839443708539136e+01,-3.245111187127153185e-01
1.840997567893853670e+01,-8.864296117010626030e-01,3.115704896999079487e+00,-2.068355932788195517e+01,-3.297505523245669590e-01
1.841960936584536412e+01,-8.884513063800619781e-01,3.115670294926956352e+00,-2.070882118667844907e+01,-3.349606613230751706e-01
1.842924305275218444e+01,-8.904625182024138441e-01,3.115638096620505060e+00,-2.073417607246446437e+01,-3.401414127080291672e-01
1.843887673965900831e+01,-8.924631967083782591e-01,3.115608275939136362e+00,-2.075961948388425071e+01,-3.452928622149848970e-01
1.844851042656582862e+01,-8.944532101433588789e-01,3.115580812473844219e+00,-2.078514683929842732e+01,-3.504151788080400731e-01
1.845814411347265249e+01,-8.964323333109945890e-01,3.115555685208966530e+00,-2.081075400023771138e+01,-3.555086364546891642e-01
1.846777780037947991e+01,-8.984002666072481436e-01,3.115532866410243962e+00,-2.083643768209137548e+01,-3.605735752768832736e-01
1.847741148728630023e+01,-9.003566804790883449e-01,3.115512317614708593e+00,-2.086219562803192318e+01,-3.656103433517380874e-01
1.848704517419312410e+01,-9.023012717536653682e-01,3.115493988962281691e+00,-2.088802649174633430e+01,-3.706192363357707631e-01
1.849667886109994441e+01,-9.042338146006141386e-01,3.115477822091599069e+00,-2.091392946109565187e+01,-3.756004529093878719e-01
1.850631254800676828e+01,-9.061541904633874100e-01,3.115463755733251183e+00,-2.093990373263643789e+01,-3.805540794857530940e-01
1.851594623491358860e+01,-9.080623876658611149e-01,3.115451732304984400e+00,-2.096594799264128994e+01,-3.854801090079430503e-01
1.852557992182041602e+01,-9.099584706377717991e-01,3.115441703500105852e+00,-2.099206005985418955e+01,-3.903784885086344358e-01
1.853521360872723633e+01,-9.118425279936130945e-01,3.115433633160046512e+00,-2.101823679836792635e+01,-3.952491814484801469e-01
1.854484729563406020e+01,-9.137146152036534907e-01,3.115427496545645880e+00,-2.104447432926171047e+01,-4.000922262879869629e-01
1.855448098254088052e+01,-9.155747093113790758e-01,3.115423276219339233e+00,-2.107076848051028151e+01,-4.049077736894099444e-01
1.856411466944770439e+01,-9.174226895369943513e-01,3.115420955787483237e+00,-2.109711534274385869e+01,-4.096960909647198168e-01
1.857374835635452825e+01,-9.192583497448275631e-01,3.115420513411173875e+00,-2.112351176540588682e+01,-4.144575320766024640e-01
1.858338204326135212e+01,-9.210814390319015388e-01,3.115421917071994340e+00,-2.114995564402039463e+01,-4.191924817968708528e-01
1.859301573016817599e+01,-9.228917180802792553e-01,3.115425123050035605e+00,-2.117644591031599077e+01,-4.239012904533657200e-01
1.860264941707499631e+01,-9.246890140469811170e-01,3.115430078094660882e+00,-2.120298222504755969e+01,-4.285842186823040079e-01
1.861228310398182018e+01,-9.264732571450247089e-01,3.115436724640821886e+00,-2.122956446239813388e+01,-4.332414088034058919e-01
1.862191679088864049e+01,-9.282444876030424563e-01,3.115445007489538565e+00,-2.125619213816699826e+01,-4.378728916293644358e-01
1.863155047779546791e+01,-9.300028307063530342e-01,3.115454879916943920e+00,-2.128286395232311179e+01,-4.424786269966528018e-01
1.864118416470228823e+01,-9.317484473761284969e-01,3.115466307342870333e+00,-2.130957758396498747e+01,-4.470585661863953897e-01
1.865081785160911210e+01,-9.334814752548009631e-01,3.115479267428807653e+00,-2.133632980250722966e+01,-4.516127177268837167e-01
1.866045153851593241e+01,-9.352019782291165484e-01,3.115493746562497002e+00,-2.136311686481379724e+01,-4.561411968686334695e-01
1.867008522542275628e+01,-9.369099198132652129e-01,3.115509733791215208e+00,-2.138993508200174531e+01,-4.606442437150566893e-01
1.867971891232958015e+01,-9.386051685783705079e-01,3.115527214050138660e+00,-2.141678138759601779e+01,-4.651222042327420869e-01
1.868935259923640402e+01,-9.402875340468813681e-01,3.115546162754900816e+00,-2.144365373658366636e+01,-4.695754794335578186e-01
1.869898628614322789e+01,-9.419568221471661396e-01,3.115566543418254675e+00,-2.147055121386047816e+01,-4.740044576175616586e-01
1.870861997305004820e+01,-9.436128932991314500e-01,3.115588309032245373e+00,-2.149747381644895938e+01,-4.784094497977405824e-01
1.871825365995687207e+01,-9.452557053308967561e-01,3.115611406808426853e+00,-2.152442197132172197e+01,-4.827906476799255775e-01
1.872788734686369239e+01,-9.468853279966107372e-01,3.115635784839839939e+00,-2.155139593057814906e+01,-4.871481170059486776e-01
1.873752103377051981e+01,-9.485019245001830024e-01,3.115661398654903991e+00,-2.157839522394581167e+01,-4.914818285945284360e-01
1.874715472067734012e+01,-9.501057055036871146e-01,3.115688215658329874e+00,-2.160541833322048078e+01,-4.957917181335480539e-01
1.875678840758416399e+01,-9.516968695377165943e-01,3.115716216092377255e+00,-2.163246268837821162e+01,-5.000777570639092229e-01
1.876642209449098431e+01,-9.532755479455718994e-01,3.115745390210605148e+00,-2.165952498963444128e+01,-5.043400133882076641e-01
1.877605578139780818e+01,-9.548417711790853080e-01,3.115775732513363483e+00,-2.168660176199686163e+01,-5.085786840427851674e-01
1.878568946830463204e+01,-9.563954668004239767e-01,3.115807234796234670e+00,-2.171368997814659707e+01,-5.127940888141515607e-01
1.879532315521145591e+01,-9.579364898885582846e-01,3.115839880132527107e+00,-2.174078756328608719e+01,-5.169866272164188592e-01
1.880495684211827978e+01,-9.594646766414093308e-01,3.115873639633552017e+00,-2.176789362908805714e+01,-5.211567108765875478e-01
1.881459052902510010e+01,-9.609799048344341843e-01,3.115908472987984901e+00,-2.179500836360778493e+01,-5.253046914551801061e-01
1.882422421593192396e+01,-9.624821426355628651e-01,3.115944332629648539e+00,-2.182213260653222875e+01,-5.294308056763625814e-01
1.883385790283874428e+01,-9.639714707653004311e-01,3.115981170272549949e+00,-2.184926723389357761e+01,-5.335351541278194887e-01
1.884349158974557170e+01,-9.654480710853430292e-01,3.116018943822904674e+00,-2.187641253484099479e+01,-5.376177205247657520e-01
1.885312527665239202e+01,-9.669121849407775748e-01,3.116057622554619488e+00,-2.190356776731749022e+01,-5.416784260547152785e-01
1.886275896355921589e+01,-9.683640538465685399e-01,3.116097188957466013e+00,-2.193073102769608340e+01,-5.457172028338714842e-01
1.887239265046603620e+01,-9.698038605598711115e-01,3.116137636678546485e+00,-2.195789947656250973e+01,-5.497340646050001833e-01
1.888202633737286007e+01,-9.712316885338583283e-01,3.116178965170253612e+00,-2.198506985633741095e+01,-5.537291534101120849e-01
1.889166002427968039e+01,-9.726475121984073935e-01,3.116221172667691164e+00,-2.201223914813607507e+01,-5.577027479662058917e-01
1.890129371118650781e+01,-9.740512211340166537e-01,3.116264249635870343e+00,-2.203940517186943993e+01,-5.616552308262131588e-01
1.891092739809333167e+01,-9.754426708513457278e-01,3.116308174691736266e+00,-2.206656694860952683e+01,-5.655870237566869019e-01
1.892056108500015199e+01,-9.768217447227206529e-01,3.116352914257011442e+00,-2.209372471378589964e+01,-5.694985104092591399e-01
1.893019477190697586e+01,-9.781884081403118270e-01,3.116398426061640858e+00,-2.212087957352933287e+01,-5.733899693773883977e-01
1.893982845881379617e+01,-9.795427382789728687e-01,3.116444665440235351e+00,-2.214803290361381727e+01,-5.772615378476920744e-01
1.894946214572062004e+01,-9.808849202387036614e-01,3.116491592505390873e+00,-2.217518566880597319e+01,-5.811132170707501432e-01
1.895909583262744391e+01,-9.822152105893134921e-01,3.116539178005908628e+00,-2.220233786616715577e+01,-5.849449184268449287e-01
1.896872951953426778e+01,-9.835338793159420501e-01,3.116587406071480437e+00,-2.222948826069816164e+01,-5.887565366528570987e-01
1.897836320644108810e+01,-9.848411478148093590e-01,3.116636272990631173e+00,-2.225663449560665441e+01,-5.925480284979172119e-01
1.898799689334791196e+01,-9.861371418676248002e-01,3.116685782378646241e+00,-2.228377354775626173e+01,-5.963194732206896775e-01
1.899763058025473228e+01,-9.874218740170868092e-01,3.116735938197809030e+00,-2.231090239482009352e+01,-6.000710965547867426e-01
1.900726426716155970e+01,-9.886952608305586976e-01,3.116786737755051107e+00,-2.233801869565162335e+01,-6.038032505587275223e-01
1.901689795406838357e+01,-9.899571698901763472e-01,3.116838166817381683e+00,-2.236512127935666427e+01,-6.075163549495327109e-01
1.902653164097520389e+01,-9.912074822346651493e-01,3.116890198346238261e+00,-2.239221029394489904e+01,-6.112108171566380532e-01
1.903616532788202775e+01,-9.924461511959524751e-01,3.116942795250872145e+00,-2.241928696625177153e+01,-6.148869549091950937e-01
1.904579901478884807e+01,-9.936732396008569612e-01,3.116995916333105132e+00,-2.244635304120991748e+01,-6.185449446535378204e-01
1.905543270169567194e+01,-9.948889238549863956e-01,3.117049523616325590e+00,-2.247341006566539079e+01,-6.221848115700843174e-01
1.906506638860249581e+01,-9.960934635110064717e-01,3.117103588820949067e+00,-2.250045873037136346e+01,-6.258064646120742314e-01
1.907470007550931967e+01,-9.972871454763555521e-01,3.117158097000765071e+00,-2.252749846848583459e+01,-6.294097664861380004e-01
1.908433376241613999e+01,-9.984702198098527326e-01,3.117213046215127292e+00,-2.255452743380422476e+01,-6.329946178847863925e-01
1.909396744932296386e+01,-9.996428466975050275e-01,3.117268443320052818e+00,-2.258154286903511121e+01,-6.365610307828497572e-01
1.910360113622978417e+01,-1.000805070856602530e+00,3.117324297148781120e+00,-2.260854175723590487e+01,-6.401091686393360902e-01
1.911323482313661160e+01,-1.001956831292743377e+00,3.117380611155943448e+00,-2.263552156325648212e+01,-6.436393410711254148e-01
1.912286851004343546e+01,-1.003098003552402195e+00,3.117437377771821616e+00,-2.266248084296544363e+01,-6.471519541315702284e-01
1.913250219695025578e+01,-1.004228461662932448e+00,3.117494576199054457e+00,-2.268941953551283319e+01,-6.506474306950442710e-01
1.914213588385707965e+01,-1.005348140879068097e+00,3.117552174338075410e+00,-2.271633884734344377e+01,-6.541261245927365575e-01
1.915176957076389996e+01,-1.006457082033353823e+00,3.117610134267371880e+00,-2.274324075857769856e+01,-6.575882542686685150e-01
1.916140325767072383e+01,-1.007555443838752396e+00,3.117668419614978870e+00,-2.277012729632330590e+01,-6.610338761154787024e-01
1.917103694457754770e+01,-1.008643479240903140e+00,3.117727002572487471e+00,-2.279699979109109265e+01,-6.644629059158692064e-01
1.918067063148437157e+01,-1.009721482899165856e+00,3.117785868403201377e+00,-2.282385833977963330e+01,-6.678751824267107340e-01
1.919030431839119188e+01,-1.010789725735696143e+00,3.117845016054043406e+00,-2.285070163881925254e+01,-6.712705544013503056e-01
1.919993800529801575e+01,-1.011848396511786596e+00,3.117904454667094427e+00,-2.287752724135788895e+01,-6.746489651016657207e-01
1.920957169220483607e+01,-1.012897568321088793e+00,3.117964197040094643e+00,-2.290433216531987526e+01,-6.780105088405596891e-01
1.921920537911166349e+01,-1.013937200339469547e+00,3.118024252022734366e+00,-2.293111367281894886e+01,-6.813554422511663988e-01
1.922883906601848736e+01,-1.014967174428517582e+00,3.118084618169048472e+00,-2.295786998797918699e+01,-6.846841464276012257e-01
1.923847275292530767e+01,-1.015987355526690061e+00,3.118145280591305468e+00,-2.298460073635578738e+01,-6.879970508316904931e-01
1.924810643983213154e+01,-1.016997657442096026e+00,3.118206211989284160e+00,-2.301130697073239162e+01,-6.912945414833867597e-01
1.925774012673895186e+01,-1.017998093934711745e+00,3.118267377555518749e+00,-2.303799077122194561e+01,-6.945768809158662238e-01
1.926737381364577573e+01,-1.018988799395699640e+00,3.118328742270274123e+00,-2.306465453565278878e+01,-6.978441641150110453e-01
1.927700750055259959e+01,-1.019970012668638848e+00,3.118390278363042611e+00,-2.309130017065925955e+01,-7.010963240749226166e-01
1.928664118745942346e+01,-1.020942028807027890e+00,3.118451970657510675e+00,-2.311792842593327890e+01,-7.043331858006893764e-01
1.929627487436624378e+01,-1.021905133389801712e+00,3.118513818155240092e+00,-2.314453857345458232e+01,-7.075545529909109677e-01
1.930590856127306765e+01,-1.022859539411185237e+00,3.118575831357267347e+00,-2.317112853170340259e+01,-7.107603016324320899e-01
1.931554224817988796e+01,-1.023805346054345922e+00,3.118638026124613827e+00,-2.319769540189599155e+01,-7.139504523952864279e-01
1.932517593508671183e+01,-1.024742532041943655e+00,3.118700415940608650e+00,-2.322423625887373788e+01,-7.171251998116453530e-01
1.933480962199353925e+01,-1.025670985731129026e+00,3.118763004934352878e+00,-2.325074896096769805e+01,-7.202848890114896818e-01
1.934444330890035957e+01,-1.026590562889707847e+00,3.118825783801304041e+00,-2.327723273502147450e+01,-7.234299464889877296e-01
1.935407699580718344e+01,-1.027501154586182297e+00,3.118888729879370825e+00,-2.330368835798203264e+01,-7.265607852878689377e-01
1.936371068271400375e+01,-1.028402744462133089e+00,3.118951811372856930e+00,-2.333011787618048771e+01,-7.296777129096125858e-01
1.937334436962082762e+01,-1.029295437819878645e+00,3.119014994447725897e+00,-2.335652394210873695e+01,-7.327808697166532381e-01
1.938297805652765149e+01,-1.030179453509422416e+00,3.119078251038195138e+00,-2.338290896455008649e+01,-7.358702166974110392e-01
1.939261174343447536e+01,-1.031055080942185009e+00,3.119141564978393788e+00,-2.340927432613741388e+01,-7.389455767797367125e-01
1.940224543034129567e+01,-1.031922615236568586e+00,3.119204934575524391e+00,-2.343561990467096123e+01,-7.420067177895978139e-01
1.941187911724811954e+01,-1.032782290242285184e+00,3.119268370821987268e+00,-2.346194404541257938e+01,-7.450534524852269191e-01
1.942151280415493986e+01,-1.033634229919327741e+00,3.119331891774689058e+00,-2.348824399720595579e+01,-7.480857257029773777e-01
1.943114649106176373e+01,-1.034478433015575849e+00,3.119395514804376379e+00,-2.351451668565896824e+01,-7.511036622285558462e-01
1.944078017796859115e+01,-1.035314795861793868e+00,3.119459249076296459e+00,-2.354075959376412186e+01,-7.541075605714792074e-01
1.945041386487541146e+01,-1.036143166462299092e+00,3.119523090562272838e+00,-2.356697148560230204e+01,-7.570978339711680327e-01
1.946004755178223533e+01,-1.036963413458874106e+00,3.119587021119268222e+00,-2.359315275336111739e+01,-7.600749158808358663e-01
1.946968123868905565e+01,-1.037775488929372880e+00,3.119651011931834361e+00,-2.361930527919610867e+01,-7.630391580588020695e-01
1.947931492559587952e+01,-1.038579465783197708e+00,3.119715030282099733e+00,-2.364543184860594494e+01,-7.659907519115323193e-01
1.948894861250270338e+01,-1.039375538208765049e+00,3.119779047588894461e+00,-2.367153528755761727e+01,-7.689296970340373516e-01
1.949858229940952725e+01,-1.040163984884113102e+00,3.119843046261015829e+00,-2.369761758060819901e+01,-7.718558269080131318e-01
1.950821598631634757e+01,-1.040945106051400559e+00,3.119907023262462165e+00,-2.372367923559018266e+01,-7.747688845898130783e-01
1.951784967322317144e+01,-1.041719153596477376e+00,3.119970989284758467e+00,-2.374971908878828231e+01,-7.776686260803905570e-01
1.952748336012999175e+01,-1.042486275492328529e+00,3.120034963760827118e+00,-2.377573461372532648e+01,-7.805549205000209545e-01
1.953711704703681562e+01,-1.043246491658083475e+00,3.120098967227909359e+00,-2.380172264551322669e+01,-7.834278168402841747e-01
1.954675073394364304e+01,-1.043999708744640875e+00,3.120163013364086968e+00,-2.382768030655210012e+01,-7.862875568334268817e-01
1.955638442085046336e+01,-1.044745769481100428e+00,3.120227103132306556e+00,-2.385360585646785836e+01,-7.891345295155977047e-01
1.956601810775728723e+01,-1.045484521626244945e+00,3.120291222831017564e+00,-2.387949920919302116e+01,-7.919691805965665132e-01
1.957565179466410754e+01,-1.046215885511239563e+00,3.120355346662883278e+00,-2.390536195785400508e+01,-7.947919035109902719e-01
1.958528548157093141e+01,-1.046939899504806482e+00,3.120419443053390474e+00,-2.393119689494971425e+01,-7.976029448236570119e-01
1.959491916847775173e+01,-1.047656729401878817e+00,3.120483482800980646e+00,-2.395700716739635894e+01,-8.004023526621146800e-01
1.960455285538457915e+01,-1.048366638715169774e+00,3.120547446572210060e+00,-2.398279531753608040e+01,-8.031899841620546709e-01
1.961418654229139946e+01,-1.049069928797535356e+00,3.120611329445664328e+00,-2.400856249811633703e+01,-8.059655702746714168e-01
1.962382022919822333e+01,-1.049766866987934533e+00,3.120675141101802108e+00,-2.403430809967448312e+01,-8.087288189706584030e-01
1.963345391610504365e+01,-1.050457624712316296e+00,3.120738901582116753e+00,-2.406002990679697007e+01,-8.114795261061499287e-01
1.964308760301186751e+01,-1.051142244514910118e+00,3.120802633896055500e+00,-2.408572474140997954e+01,-8.142176605950500745e-01
1.965272128991869494e+01,-1.051820646223369016e+00,3.120866355723673546e+00,-2.411138940395142072e+01,-8.169433979429251425e-01
1.966235497682551525e+01,-1.052492670522007678e+00,3.120930072747836181e+00,-2.413702163150356128e+01,-8.196570915090217735e-01
1.967198866373233912e+01,-1.053158146756761004e+00,3.120993775661691227e+00,-2.416262078398936453e+01,-8.223591895397681650e-01
1.968162235063915944e+01,-1.053816964329391759e+00,3.121057441781286634e+00,-2.418818804864169891e+01,-8.250501224593961291e-01
1.969125603754598330e+01,-1.054469125855201028e+00,3.121121040788267909e+00,-2.421372609617754534e+01,-8.277301941253110140e-01
1.970088972445280362e+01,-1.055114765747840799e+00,3.121184542862251110e+00,-2.423923828687581050e+01,-8.303995098991556745e-01
1.971052341135963104e+01,-1.055754128403801007e+00,3.121247926724281641e+00,-2.426472766154768834e+01,-8.330579636056616444e-01
1.972015709826645136e+01,-1.056387512494012304e+00,3.121311185129817201e+00,-2.429019601963688402e+01,-8.357052879048799676e-01
1.972979078517327522e+01,-1.057015198265105926e+00,3.121374326119774611e+00,-2.431564336341850918e+01,-8.383411535171102491e-01
1.973942447208009554e+01,-1.057637380019550655e+00,3.121437369628881076e+00,-2.434106787960967822e+01,-8.409652878560834877e-01
1.974905815898691941e+01,-1.058254124451397216e+00,3.121500340469146817e+00,-2.436646646929460758e+01,-8.435775774750629008e-01
1.975869184589374683e+01,-1.058865367689665327e+00,3.121563259819369218e+00,-2.439183567174717382e+01,-8.461781232551789378e-01
1.976832553280056715e+01,-1.059470952114015541e+00,3.121626137817353097e+00,-2.441717270731587064e+01,-8.487672312101662841e-01
1.977795921970739101e+01,-1.060070691844930302e+00,3.121688969524983204e+00,-2.444247632581770091e+01,-8.513453410374276498e-01
1.978759290661421133e+01,-1.060664446993223375e+00,3.121751735513840664e+00,-2.446774720240869172e+01,-8.539129133560865448e-01
1.979722659352103520e+01,-1.061252183991830522e+00,3.121814406910809137e+00,-2.449298775688355789e+01,-8.564703092543737295e-01
1.980686028042785551e+01,-1.061834003496379797e+00,3.121876953378083019e+00,-2.451820144515223987e+01,-8.590176984281896466e-01
1.981649396733468294e+01,-1.062410127185817954e+00,3.121939351598014056e+00,-2.454339173145521613e+01,-8.615550239250658882e-01
1.982612765424150325e+01,-1.062980847331325363e+00,3.122001591668765563e+00,-2.456856104832279541e+01,-8.640820347008427715e-01
1.983576134114832712e+01,-1.063546454407277686e+00,3.122063679445098217e+00,-2.459371005803438948e+01,-8.665983768403354714e-01
1.984539502805514743e+01,-1.064107164798844707e+00,3.122125634090940238e+00,-2.461883744146138042e+01,-8.691037164969418471e-01
1.985502871496197130e+01,-1.064663070722185134e+00,3.122187481572087364e+00,-2.464394028326547925e+01,-8.715978577640570713e-01
1.986466240186879872e+01,-1.065214127770299557e+00,3.122249246062399841e+00,-2.466901494312579501e+01,-8.740808198516319960e-01
1.987429608877561904e+01,-1.065760184051322446e+00,3.122310941883297275e+00,-2.469405815484866196e+01,-8.765528498656207645e-01
1.988392977568244291e+01,-1.066301042179328196e+00,3.122372568444151675e+00,-2.471906802380938473e+01,-8.790143666889917995e-01
1.989356346258926322e+01,-1.066836535291222576e+00,3.122434109743423392e+00,-2.474404462053877296e+01,-8.814658522196751056e-01
1.990319714949608709e+01,-1.067366593894332416e+00,3.122495538601728793e+00,-2.476898998716709244e+01,-8.839077222808094936e-01
1.991283083640290741e+01,-1.067891283057497365e+00,3.122556824351180982e+00,-2.479390754890225068e+01,-8.863402159814666170e-01
1.992246452330973483e+01,-1.068410798445380339e+00,3.122617941642710893e+00,-2.481880110230838454e+01,-8.887633371213203848e-01
1.993209821021655515e+01,-1.068925422238371947e+00,3.122678877681315690e+00,-2.484367368164804191e+01,-8.911768658507613905e-01
1.994173189712337901e+01,-1.069435452256276342e+00,3.122739635668901226e+00,-2.486852664435255988e+01,-8.935804377649649854e-01
1.995136558403019933e+01,-1.069941125856932018e+00,3.122800233385264690e+00,-2.489335925390266269e+01,-8.959736672223702625e-01
1.996099927093702320e+01,-1.070442561869513254e+00,3.122860697320620105e+00,-2.491816889098892318e+01,-8.983562780952820681e-01
1.997063295784384707e+01,-1.070939738402123753e+00,3.122921054135639807e+00,-2.494295183543517780e+01,-9.007282025490004340e-01
1.998026664475067093e+01,-1.071432513464050995e+00,3.122981322049938502e+00,-2.496770438844903595e+01,-9.030896177041445316e-01
1.998990033165749480e+01,-1.071920682274129843e+00,3.123041504792764211e+00,-2.499242399966757588e+01,-9.054409084915611139e-01
1.999953401856431512e+01,-1.072404053878726726e+00,3.123101589976842174e+00,-2.501711005863399606e+01,-9.077825671831929455e-01
2.000916770547113899e+01,-1.072882523722460180e+00,3.123161552411100050e+00,-2.504176410827758303e+01,-9.101150593158143787e-01
2.001880139237795930e+01,-1.073356119955113819e+00,3.123221361359230563e+00,-2.506638941014691824e+01,-9.124386961746470126e-01
2.002843507928478672e+01,-1.073825009198921432e+00,3.123280989539843677e+00,-2.509098998627810317e+01,-9.147535524222714098e-01
2.003806876619160704e+01,-1.074289459842683758e+00,3.123340421121868271e+00,-2.511556942191759845e+01,-9.170594542026896390e-01
2.004770245309843091e+01,-1.074749773913883821e+00,3.123399656264729707e+00,-2.514012978836041157e+01,-9.193560420123276788e-01
2.005733614000525122e+01,-1.075206208239325223e+00,3.123458710799511096e+00,-2.516467101242733406e+01,-9.216428900893802734e-01
2.006696982691207509e+01,-1.075658908968446070e+00,3.123517611127891502e+00,-2.518919088743492907e+01,-9.239196468224466496e-01
2.007660351381889896e+01,-1.076107879547188118e+00,3.123576385878899409e+00,-2.521368572869911873e+01,-9.261861539783647901e-01
2.008623720072572283e+01,-1.076552992081795113e+00,3.123635056861869597e+00,-2.523815148196336011e+01,-9.284425085251580834e-01
2.009587088763254670e+01,-1.076994038800542564e+00,3.123693632079982407e+00,-2.526258495439876484e+01,-9.306890478034068881e-01
2.010550457453936701e+01,-1.077430808040642951e+00,3.123752102950128062e+00,-2.528698479746775263e+01,-9.329262617640651234e-01
2.011513826144619088e+01,-1.077863161619373233e+00,3.123810446597086621e+00,-2.531135194219523754e+01,-9.351546580661197483e-01
2.012477194835301120e+01,-1.078291089926772583e+00,3.123868632541435542e+00,-2.533568934987329868e+01,-9.373746203311948966e-01
2.013440563525983862e+01,-1.078714727792512429e+00,3.123926631753538796e+00,-2.536000114674251193e+01,-9.395863023211525888e-01
2.014403932216665893e+01,-1.079134326107705988e+00,3.123984425313574675e+00,-2.538429139803287171e+01,-9.417895903716813066e-01
2.015367300907348280e+01,-1.079550187696602936e+00,3.124042010026390592e+00,-2.540856288823814779e+01,-9.439841461074971463e-01
2.016330669598030312e+01,-1.079962586905721889e+00,3.124099399260316545e+00,-2.543281627621776408e+01,-9.461695173255360025e-01
2.017294038288712699e+01,-1.080371697441798950e+00,3.124156618732804702e+00,-2.545704988409910641e+01,-9.483452842174553421e-01
2.018257406979395086e+01,-1.080777550570339418e+00,3.124213698510455828e+00,-2.548126019002403098e+01,-9.505111971012325522e-01
2.019220775670077472e+01,-1.081180036592828575e+00,3.124270663654459490e+00,-2.550544288281894367e+01,-9.526672639611875049e-01
2.020184144360759859e+01,-1.081578949335901596e+00,3.124327526367194796e+00,-2.552959416545029114e+01,-9.548137608452308411e-01
2.021147513051441891e+01,-1.081974060226611023e+00,3.124384282048674688e+00,-2.555371191579759937e+01,-9.569511612114267596e-01
2.022110881742124278e+01,-1.082365199419702106e+00,3.124440910485734690e+00,-2.557779635247454308e+01,-9.590800047750497326e-01
2.023074250432806309e+01,-1.082752319189387746e+00,3.124497381831815357e+00,-2.560184999952506146e+01,-9.612007449015161908e-01
2.024037619123488696e+01,-1.083135520117750161e+00,3.124553665568257532e+00,-2.562587695372936025e+01,-9.633136204646555178e-01
2.025000987814171083e+01,-1.083515031910367687e+00,3.124609739718144930e+00,-2.564988166911799183e+01,-9.654185911472640269e-01
2.025964356504853470e+01,-1.083891154515158384e+00,3.124665597494832969e+00,-2.567386762134274392e+01,-9.675153563657188371e-01
2.026927725195535501e+01,-1.084264177388960304e+00,3.124721249340059792e+00,-2.569783625441835895e+01,-9.696034529216608355e-01
2.027891093886217888e+01,-1.084634301517716448e+00,3.124776719708222128e+00,-2.572178653095016188e+01,-9.716824026415228355e-01
2.028854462576900275e+01,-1.085001588058789768e+00,3.124832039557900565e+00,-2.574571522773307564e+01,-9.737518658743662403e-01
2.029817831267582662e+01,-1.085365949431956745e+00,3.124887236829076098e+00,-2.576961789473701359e+01,-9.758117545110527313e-01
2.030781199958265049e+01,-1.085727185767649150e+00,3.124942327810451559e+00,-2.579349019416259736e+01,-9.778622699612069535e-01
2.031744568648947080e+01,-1.086085055757664897e+00,3.124997312041467801e+00,-2.581732921852027829e+01,-9.799038538637989681e-01
2.032707937339629467e+01,-1.086439360382299046e+00,3.125052172323621757e+00,-2.584113438900994453e+01,-9.819370655693315797e-01
2.033671306030311499e+01,-1.086790013955841738e+00,3.125106879859434361e+00,-2.586490765840378714e+01,-9.839624227151395619e-01
2.034634674720993885e+01,-1.087137080702188285e+00,3.125161402968806623e+00,-2.588865295021805224e+01,-9.859802527373046077e-01
2.035598043411676272e+01,-1.087480765523579196e+00,3.125215716731442495e+00,-2.591237499624180884e+01,-9.879906003274697701e-01
2.036561412102358659e+01,-1.087821361590281644e+00,3.125269810609248911e+00,-2.593607791801355944e+01,-9.899932193665696989e-01
2.037524780793040691e+01,-1.088159170599880099e+00,3.125323691707975637e+00,-2.595976397863218921e+01,-9.919876526029278718e-01
2.038488149483723078e+01,-1.088494419984296524e+00,3.125377382661294945e+00,-2.598343288395012607e+01,-9.939733758455304713e-01
2.039451518174405464e+01,-1.088827202380859394e+00,3.125430914761291312e+00,-2.600708184981817084e+01,-9.959499637116545623e-01
2.040414886865087851e+01,-1.089157455981974776e+00,3.125484318416258400e+00,-2.603070642259253020e+01,-9.979172270285492363e-01
2.041378255555770238e+01,-1.089484991952713422e+00,3.125537613843317075e+00,-2.605430181224485153e+01,-9.998752800641266258e-01
2.042341624246452270e+01,-1.089809560733159266e+00,3.125590804844109893e+00,-2.607786434001440057e+01,-1.001824516562838108e+00
2.043304992937134656e+01,-1.090130937111152942e+00,3.125643877581003593e+00,-2.610139256392049845e+01,-1.003765500932616517e+00
2.044268361627816688e+01,-1.090448998121554380e+00,3.125696804749738877e+00,-2.612488773853101875e+01,-1.005698806656644351e+00
2.045231730318499075e+01,-1.090763769909924852e+00,3.125749553895287303e+00,-2.614835346335897626e+01,-1.007624850287050622e+00
2.046195099009181462e+01,-1.091075429089754412e+00,3.125802097344688502e+00,-2.617179461827246456e+01,-1.009543771191132366e+00
2.047158467699863849e+01,-1.091384257981061534e+00,3.125854420725001415e+00,-2.619521590094526431e+01,-1.011455393871739661e+00
2.048121836390545880e+01,-1.091690567224974151e+00,3.125906527454184847e+00,-2.621862040481480705e+01,-1.013359285065607907e+00
2.049085205081228267e+01,-1.091994609307657793e+00,3.125958437813378676e+00,-2.624200866802497956e+01,-1.015254889277342532e+00
2.050048573771910654e+01,-1.092296509410685568e+00,3.126010182860702979e+00,-2.626537848559266664e+01,-1.017141702527386782e+00
2.051011942462593041e+01,-1.092596234819046108e+00,3.126061795025952605e+00,-2.628872554909527892e+01,-1.019019432141867521e+00
2.051975311153275428e+01,-1.092893612414717719e+00,3.126113298248943462e+00,-2.631204472854960841e+01,-1.020888094118440614e+00
2.052938679843957459e+01,-1.093188389114756021e+00,3.126164700676415276e+00,-2.633533161507326170e+01,-1.022748018001289338e+00
2.053902048534639846e+01,-1.093480316952364806e+00,3.126215992162758806e+00,-2.635858386022620437e+01,-1.024599756877692336e+00
2.054865417225321877e+01,-1.093769236880697493e+00,3.126267147360116905e+00,-2.638180190481584830e+01,-1.026443928790776949e+00
2.055828785916004264e+01,-1.094055135656013977e+00,3.126318133476817085e+00,-2.640498887064827471e+01,-1.028281036877300325e+00
2.056792154606686651e+01,-1.094338158280853124e+00,3.126368920350907299e+00,-2.642814963977402343e+01,-1.030111322443846289e+00
2.057755523297369038e+01,-1.094618572006496926e+00,3.126419489766990800e+00,-2.645128939188326456e+01,-1.031934695758011555e+00
2.058718891988051070e+01,-1.094896692696240681e+00,3.126469841162589969e+00,-2.647441203708631363e+01,-1.033750766251592124e+00
2.059682260678733456e+01,-1.095172795913314401e+00,3.126519991962355416e+00,-2.649751901720208025e+01,-1.035558963966733748e+00
2.060645629369415488e+01,-1.095447039868483685e+00,3.126569972414203757e+00,-2.652060884178835565e+01,-1.037358716394733094e+00
2.061608998060097875e+01,-1.095719423853067198e+00,3.126619816482958836e+00,-2.654367750646234114e+01,-1.039149627751527305e+00
2.062572366750780617e+01,-1.095989795030854363e+00,3.126669551570008032e+00,-2.656671967561248948e+01,-1.040931606476477311e+00
2.063535735441462649e+01,-1.096257901724678074e+00,3.126719190198831821e+00,-2.658973027917976140e+01,-1.042704901868674483e+00
2.064499104132145035e+01,-1.096523477100892707e+00,3.126768726218649874e+00,-2.661270604440951359e+01,-1.044470037879486224e+00
2.065462472822827067e+01,-1.096786327784687654e+00,3.126818136707472107e+00,-2.663564649838200182e+01,-1.046227663084837722e+00
2.066425841513509454e+01,-1.097046400317902126e+00,3.126867389017406573e+00,-2.665855413270225327e+01,-1.047978361420234261e+00
2.067389210204191841e+01,-1.097303805030428236e+00,3.126916450829404504e+00,-2.668143367230200269e+01,-1.049722480578531236e+00
2.068352578894874227e+01,-1.097558789834619075e+00,3.126965300154544103e+00,-2.670429066092441772e+01,-1.051460030180490612e+00
2.069315947585556259e+01,-1.097811671739558737e+00,3.127013932221756942e+00,-2.672712978475052381e+01,-1.053190681215260049e+00
2.070279316276238646e+01,-1.098062746851332872e+00,3.127062361130920287e+00,-2.674995343894766364e+01,-1.054913867903670255e+00
2.071242684966920677e+01,-1.098312206299305371e+00,3.127110615742391353e+00,-2.677276097328658011e+01,-1.056628962154588347e+00
2.072206053657603064e+01,-1.098560083836408019e+00,3.127158731034902495e+00,-2.679554885173022072e+01,-1.058335468529630008e+00
2.073169422348285806e+01,-1.098806251285677327e+00,3.127206737555624283e+00,-2.681831168664052001e+01,-1.060033180916830631e+00
2.074132791038967838e+01,-1.099050463438806524e+00,3.127254652181483685e+00,-2.684104384319305225e+01,-1.061722253121494708e+00
2.075096159729650225e+01,-1.099292438891075419e+00,3.127302473023932716e+00,-2.686374113399337915e+01,-1.063403161161682320e+00
2.076059528420332256e+01,-1.099531952242311039e+00,3.127350180054372153e+00,-2.688640209180778129e+01,-1.065076567616785486e+00
2.077022897111014643e+01,-1.099768909507282011e+00,3.127397741284249744e+00,-2.690902843096649733e+01,-1.066743128134693297e+00
2.077986265801697030e+01,-1.100003383590182793e+00,3.127445122633765617e+00,-2.693162454981570875e+01,-1.068403298112560851e+00
2.078949634492379417e+01,-1.100235598792946412e+00,3.127492298486265199e+00,-2.695419621551740619e+01,-1.070057198081159733e+00
2.079913003183061448e+01,-1.100465868870575070e+00,3.127539259702302843e+00,-2.697674882143299513e+01,-1.071704579116261824e+00
2.080876371873743835e+01,-1.100694507378583431e+00,3.127586016630124810e+00,-2.699928574048449903e+01,-1.073344899716463852e+00
2.081839740564425867e+01,-1.100921737618137719e+00,3.127632596169194201e+00,-2.702180727387132109e+01,-1.074977491955842579e+00
2.082803109255108254e+01,-1.101147629729321675e+00,3.127679033758526739e+00,-2.704431051914468398e+01,-1.076601767484593797e+00
2.083766477945790996e+01,-1.101372084299987231e+00,3.127725362718227320e+00,-2.706679020653657730e+01,-1.078217401409565346e+00
2.084729846636473027e+01,-1.101594867713811876e+00,3.127771604193166244e+00,-2.708924025984671857e+01,-1.079824438173948797e+00
2.085693215327155414e+01,-1.101815688655214620e+00,3.127817760778136336e+00,-2.711165561644011035e+01,-1.081423286615528667e+00
2.086656584017837446e+01,-1.102034292550135186e+00,3.127863815791220414e+00,-2.713403375783265403e+01,-1.083014604611424181e+00
2.087619952708519833e+01,-1.102250545130117665e+00,3.127909738443018561e+00,-2.715637548454193251e+01,-1.084599107158163545e+00
2.088583321399202219e+01,-1.102464479505276707e+00,3.127955493346606719e+00,-2.717868469316830371e+01,-1.086177355259379196e+00
2.089546690089884606e+01,-1.102676292181174800e+00,3.128001051478151773e+00,-2.720096721351346147e+01,-1.087749589367978054e+00
2.090510058780566638e+01,-1.102886289009311849e+00,3.128046399241265707e+00,-2.722322904879344208e+01,-1.089315658253147578e+00
2.091473427471249025e+01,-1.103094797383095571e+00,3.128091542853326690e+00,-2.724547454606925356e+01,-1.090875065753607709e+00
2.092436796161931056e+01,-1.103302071391556227e+00,3.128136506690679219e+00,-2.726770505020193980e+01,-1.092427122398439643e+00
2.093400164852613443e+01,-1.103508218917269801e+00,3.128181326071779456e+00,-2.728991845356317114e+01,-1.093971157002220362e+00
2.094363533543296185e+01,-1.103713173082347287e+00,3.128226036661124976e+00,-2.731210978653657406e+01,-1.095506724750372474e+00
2.095326902233978217e+01,-1.103916716978816881e+00,3.128270663720516431e+00,-2.733427268015922351e+01,-1.097033748733711622e+00
2.096290270924660604e+01,-1.104118554358585191e+00,3.128315214495445584e+00,-2.735640126651835402e+01,-1.098552551421378531e+00
2.097253639615342635e+01,-1.104318404863859904e+00,3.128359676080123553e+00,-2.737849194564592636e+01,-1.100063765461957166e+00
2.098217008306025022e+01,-1.104516094774115054e+00,3.128404019439064321e+00,-2.740054448242995022e+01,-1.101568149649196027e+00
2.099180376996707054e+01,-1.104711615485673315e+00,3.128448208382695217e+00,-2.742256209473820405e+01,-1.103066364874004002e+00
2.100143745687389796e+01,-1.104905131686557462e+00,3.128492210773271776e+00,-2.744455049626910181e+01,-1.104558777543925840e+00
2.101107114378071827e+01,-1.105096936497827587e+00,3.128536008542725622e+00,-2.746651617397328948e+01,-1.106045350283189510e+00
2.102070483068754214e+01,-1.105287367066302151e+00,3.128579603452029012e+00,-2.748846441445140698e+01,-1.107525653860337966e+00
2.103033851759436246e+01,-1.105476706254065133e+00,3.128623016810665902e+00,-2.751039767467950981e+01,-1.108998997895977778e+00
2.103997220450118633e+01,-1.105665100440391901e+00,3.128666283214550869e+00,-2.753231479382368008e+01,-1.110464641907623395e+00
2.104960589140801375e+01,-1.105852518658322570e+00,3.128709440191100200e+00,-2.755421129297965166e+01,-1.111922023551313421e+00
2.105923957831483406e+01,-1.106038765756401032e+00,3.128752516900867864e+00,-2.757608068261819767e+01,-1.113370935099727621e+00
2.106887326522165793e+01,-1.106223545805445907e+00,3.128795525348167850e+00,-2.759791639154372334e+01,-1.114811594197889555e+00
2.107850695212847825e+01,-1.106406556580543432e+00,3.128838456801201762e+00,-2.761971373910217054e+01,-1.116244586429253838e+00
2.108814063903530212e+01,-1.106587586353463770e+00,3.128881284540712571e+00,-2.764147135354975404e+01,-1.117670695840267125e+00
2.109777432594212243e+01,-1.106766583392639225e+00,3.128923972125081665e+00,-2.766319160143125799e+01,-1.119090673682068493e+00
2.110740801284894985e+01,-1.106943676782448316e+00,3.128966484668290082e+00,-2.768487988827642354e+01,-1.120505014843576896e+00
2.111704169975577017e+01,-1.107119141970159815e+00,3.129008799693944631e+00,-2.770654303162686105e+01,-1.121913809792203010e+00
2.112667538666259404e+01,-1.107293321329054336e+00,3.129050914242548220e+00,-2.772818719044600400e+01,-1.123316717607391491e+00
2.113630907356941435e+01,-1.107466523836747596e+00,3.129092846040333331e+00,-2.774981597398425492e+01,-1.124713069436810375e+00
2.114594276047623822e+01,-1.107638934467186864e+00,3.129134628344850899e+00,-2.777142930473284821e+01,-1.126102072283733602e+00
2.115557644738306564e+01,-1.107810561063278465e+00,3.129176300015297674e+00,-2.779302338717354814e+01,-1.127483052356079263e+00
2.116521013428988596e+01,-1.107981235116848318e+00,3.129217893823700525e+00,-2.781459180248111451e+01,-1.128855664638765965e+00
2.117484382119670983e+01,-1.108150666465379075e+00,3.129259426575061731e+00,-2.783612740846035294e+01,-1.130220004868284889e+00
2.118447750810353014e+01,-1.108318535419217987e+00,3.129300894067557959e+00,-2.785762447688741261e+01,-1.131576589030191871e+00
2.119411119501035401e+01,-1.108484594304771864e+00,3.129342272456986151e+00,-2.787908042287850208e+01,-1.132926205300793132e+00
2.120374488191717433e+01,-1.108648747399972434e+00,3.129383525637475572e+00,-2.790049659820119743e+01,-1.134269682064064755e+00
2.121337856882400175e+01,-1.108811084705590533e+00,3.129424616407961768e+00,-2.792187789902477846e+01,-1.135607641502526022e+00
2.122301225573082206e+01,-1.108971859007577221e+00,3.129465518025369875e+00,-2.794323129558736696e+01,-1.136940313307196915e+00
2.123264594263764593e+01,-1.109131412987283571e+00,3.129506222611445398e+00,-2.796456371908176308e+01,-1.138267465542166512e+00
2.124227962954446625e+01,-1.109290078450828165e+00,3.129546743826565169e+00,-2.798587994001125168e+01,-1.139588474733521428e+00
2.125191331645129011e+01,-1.109448078380945946e+00,3.129587112965954709e+00,-2.800718108085504809e+01,-1.140902515272270934e+00
2.126154700335811398e+01,-1.109605461792972703e+00,3.129627369642301371e+00,-2.802846421980004266e+01,-1.142208811881340713e+00
2.127118069026493785e+01,-1.109762091478043944e+00,3.129667549880430055e+00,-2.804972321611078812e+01,-1.143506879251792618e+00
2.128081437717176172e+01,-1.109917688629282972e+00,3.129707675254580046e+00,-2.807095051883944237e+01,-1.144796676106126121e+00
2.129044806407858204e+01,-1.110071920960820524e+00,3.129747746396609465e+00,-2.809213942026821798e+01,-1.146078626165979886e+00
2.130008175098540590e+01,-1.110224507561408114e+00,3.129787742881667612e+00,-2.811328607538052182e+01,-1.147353498373886005e+00
2.130971543789222622e+01,-1.110375308479268242e+00,3.129827629555860025e+00,-2.813439067290386930e+01,-1.148622181311651502e+00
2.131934912479905364e+01,-1.110524371558141210e+00,3.129867367399852274e+00,-2.815545739470127273e+01,-1.149885419180586288e+00
2.132898281170587396e+01,-1.110671921996024825e+00,3.129906925625563385e+00,-2.817649316417713834e+01,-1.151143589017265434e+00
2.133861649861269782e+01,-1.110818297555209666e+00,3.129946291310555573e+00,-2.819750555156081973e+01,-1.152396587078057033e+00
2.134825018551951814e+01,-1.110963848994705128e+00,3.129985473610859881e+00,-2.821850046303211812e+01,-1.153643859872184985e+00
2.135788387242634201e+01,-1.111108836027320690e+00,3.130024501238018342e+00,-2.823948031208503551e+01,-1.154884571811678029e+00
2.136751755933316588e+01,-1.111253350614214597e+00,3.130063413940907147e+00,-2.826044323196685326e+01,-1.156117859966437900e+00
2.137715124623998975e+01,-1.111397291193665815e+00,3.130102250570590883e+00,-2.828138357785708124e+01,-1.157343099545489418e+00
2.138678493314681361e+01,-1.111540395967036021e+00,3.130141037363951551e+00,-2.830229357899412435e+01,-1.158560099740510108e+00
2.139641862005363393e+01,-1.111682325333923860e+00,3.130179780031870695e+00,-2.832316565107026918e+01,-1.159769169891940566e+00
2.140605230696045780e+01,-1.111822768484806989e+00,3.130218462090478937e+00,-2.834399467425661356e+01,-1.160971034660180923e+00
2.141568599386727811e+01,-1.111961541650573482e+00,3.130257049975258887e+00,-2.836477954581262750e+01,-1.162166622458856047e+00
2.142531968077410554e+01,-1.112098647909392612e+00,3.130295503405017499e+00,-2.838552352947180779e+01,-1.163356790080985359e+00
2.143495336768092585e+01,-1.112234280071876302e+00,3.130333787849278959e+00,-2.840623328410892157e+01,-1.164542066411990096e+00
2.144458705458774972e+01,-1.112368765495346912e+00,3.130371885294298107e+00,-2.842691685364861698e+01,-1.165722493127769432e+00
2.145422074149457004e+01,-1.112502469440291408e+00,3.130409800005651721e+00,-2.844758121786196625e+01,-1.166897611600438589e+00
2.146385442840139390e+01,-1.112635686344567221e+00,3.130447557500744882e+00,-2.846823014247036454e+01,-1.168066601364853074e+00
2.147348811530821777e+01,-1.112768552225658736e+00,3.130485197013709087e+00,-2.848886298316658383e+01,-1.169228529603260736e+00
2.148312180221504164e+01,-1.112901005112497010e+00,3.130522759727596416e+00,-2.850947481519725812e+01,-1.170382637071846865e+00
2.149275548912186551e+01,-1.113032805839793582e+00,3.130560276354493965e+00,-2.853005786191236126e+01,-1.171528574135539236e+00
2.150238917602868582e+01,-1.113163613127171381e+00,3.130597757860556385e+00,-2.855060380166820622e+01,-1.172666514867266141e+00
2.151202286293550969e+01,-1.113293090227688076e+00,3.130635192188637728e+00,-2.857110626205355430e+01,-1.173797113435006478e+00
2.152165654984233001e+01,-1.113421010663690147e+00,3.130672548009599154e+00,-2.859156274682523247e+01,-1.174921314478517331e+00
2.153129023674915743e+01,-1.113547330693892334e+00,3.130709784387700534e+00,-2.861197540564105779e+01,-1.176040073582364842e+00
2.154092392365597775e+01,-1.113672206181784752e+00,3.130746863430677429e+00,-2.863235040203287696e+01,-1.177154071770583954e+00
2.155055761056280161e+01,-1.113795948441430372e+00,3.130783762068014120e+00,-2.865269605799746699e+01,-1.178263510565021432e+00
2.156019129746962193e+01,-1.113918932282345509e+00,3.130820479349443630e+00,-2.867302032638842846e+01,-1.179368050526955258e+00
2.156982498437644580e+01,-1.114041484163410312e+00,3.130857037009338928e+00,-2.869332835132468063e+01,-1.180466913271411178e+00
2.157945867128326967e+01,-1.114163784583567463e+00,3.130893473092395851e+00,-2.871362085722876856e+01,-1.181559117558964589e+00
2.158909235819009353e+01,-1.114285814642799632e+00,3.130929830558112137e+00,-2.873389386281370861e+01,-1.182643779143927931e+00
2.159872604509691740e+01,-1.114407363333890899e+00,3.130966144326903233e+00,-2.875413981935205143e+01,-1.183720384063380981e+00
2.160835973200373772e+01,-1.114528093622594973e+00,3.131002430723994312e+00,-2.877434984168723986e+01,-1.184788952237851412e+00
2.161799341891056159e+01,-1.114647647377346784e+00,3.131038682562340192e+00,-2.879451636586455621e+01,-1.185850040710138220e+00
2.162762710581738190e+01,-1.114765757227644372e+00,3.131074871395935322e+00,-2.881463543135059524e+01,-1.186904583994548013e+00
2.163726079272420577e+01,-1.114882331158530970e+00,3.131110956288158054e+00,-2.883470789187793315e+01,-1.187953618403829514e+00
2.164689447963102964e+01,-1.114997483827461888e+00,3.131146896443296690e+00,-2.885473917731444260e+01,-1.188997972881886911e+00
2.165652816653785351e+01,-1.115111504767492212e+00,3.131182663854677362e+00,-2.887473766505996053e+01,-1.190038019824170901e+00
2.166616185344467382e+01,-1.115224772905291761e+00,3.131218252099406296e+00,-2.889471214195502569e+01,-1.191073562046184531e+00
2.167579554035149769e+01,-1.115337643293940806e+00,3.131253678570331989e+00,-2.891466911809994400e+01,-1.192103891464267873e+00
2.168542922725832156e+01,-1.115450340585118605e+00,3.131288979430980390e+00,-2.893461080595853829e+01,-1.193128003298138617e+00
2.169506291416514543e+01,-1.115562891868515205e+00,3.131324198802347247e+00,-2.895453438392263479e+01,-1.194144902290091848e+00
2.170469660107196930e+01,-1.115675119616353905e+00,3.131359375462570593e+00,-2.897443277983217769e+01,-1.195153908937530041e+00
2.171433028797878961e+01,-1.115786697180035425e+00,3.131394531117138058e+00,-2.899429675127271011e+01,-1.196154872856475482e+00
2.172396397488561348e+01,-1.115897250158209397e+00,3.131429663836251542e+00,-2.901411764402354265e+01,-1.197148227664744935e+00
2.173359766179243380e+01,-1.116006472840136210e+00,3.131464748692144529e+00,-2.903388999828906236e+01,-1.198134869212654108e+00
2.174323134869925767e+01,-1.116114224167412461e+00,3.131499745435955884e+00,-2.905361321044690470e+01,-1.199115892416358964e+00
2.175286503560608153e+01,-1.116220573753269996e+00,3.131534610898968563e+00,-2.907329173703618963e+01,-1.200092265205726871e+00
2.176249872251290540e+01,-1.116325783638329794e+00,3.131569312346383249e+00,-2.909293376528885844e+01,-1.201064537937731380e+00
2.177213240941972572e+01,-1.116430231056472655e+00,3.131603837702115811e+00,-2.911254873924264075e+01,-1.202032676787906817e+00
2.178176609632654959e+01,-1.116534295559449941e+00,3.131638199500994535e+00,-2.913214448139650870e+01,-1.202996072829909391e+00
2.179139978323337346e+01,-1.116638244867130814e+00,3.131672431328797579e+00,-2.915172477940658169e+01,-1.203953725684302256e+00
2.180103347014019732e+01,-1.116742154364742223e+00,3.131706577803282432e+00,-2.917128817427027698e+01,-1.204904547653060209e+00
2.181066715704702119e+01,-1.116845885042374364e+00,3.131740681130609438e+00,-2.919082832888202006e+01,-1.205847697210405078e+00
2.182030084395384151e+01,-1.116949126908924450e+00,3.131774768334162129e+00,-2.921033588009670012e+01,-1.206782840958195990e+00
2.182993453086066538e+01,-1.117051494913467558e+00,3.131808843066720360e+00,-2.922980122651280155e+01,-1.207710263888404745e+00
2.183956821776748569e+01,-1.117152648277753624e+00,3.131842884533535987e+00,-2.924921741498813788e+01,-1.208630793044629614e+00
2.184920190467430956e+01,-1.117252396839807593e+00,3.131876853890234180e+00,-2.926858225080908937e+01,-1.209545555967348474e+00
2.185883559158113343e+01,-1.117350761805821158e+00,3.131910706194119598e+00,-2.928789898364359345e+01,-1.210455645668540914e+00
2.186846927848795730e+01,-1.117447972100476861e+00,3.131944404278821370e+00,-2.930717534761971166e+01,-1.211361792945886195e+00
2.187810296539477761e+01,-1.117544397120260546e+00,3.131977930316140135e+00,-2.932642123148826840e+01,-1.212264145567296447e+00
2.188773665230160148e+01,-1.117640436158453543e+00,3.132011291516086704e+00,-2.934564567324812501e+01,-1.213162222336668927e+00
2.189737033920842535e+01,-1.117736398126025099e+00,3.132044518192556470e+00,-2.936485408500463379e+01,-1.214055057599425114e+00
2.190700402611524567e+01,-1.117832408325550642e+00,3.132077654749408691e+00,-2.938404655226060314e+01,-1.214941494105087783e+00
2.191663771302207309e+01,-1.117928370935469262e+00,3.132110746310742933e+00,-2.940321773366633096e+01,-1.215820536750110481e+00
2.192627139992889340e+01,-1.118023998955254061e+00,3.132143825065063059e+00,-2.942235840666682734e+01,-1.216691660440016198e+00
2.193590508683571727e+01,-1.118118902777409662e+00,3.132176900500487804e+00,-2.944145820558861004e+01,-1.217554978217141537e+00
2.194553877374253759e+01,-1.118212710570368529e+00,3.132209956537870710e+00,-2.946050873251504143e+01,-1.218411217300364724e+00
2.195517246064936145e+01,-1.118305183791731938e+00,3.132242956472728768e+00,-2.947950610021988993e+01,-1.219261508481854328e+00
2.196480614755618532e+01,-1.118396292462129571e+00,3.132275854251935776e+00,-2.949845212978506481e+01,-1.220107051046372515e+00
2.197443983446300919e+01,-1.118486226970063946e+00,3.132308608665524741e+00,-2.951735382663731855e+01,-1.220948753773229756e+00
2.198407352136982951e+01,-1.118575342485415902e+00,3.132341196125260296e+00,-2.953622127802129071e+01,-1.221786960790299581e+00
2.199370720827665338e+01,-1.118664052661480168e+00,3.132373618112890057e+00,-2.955506459558691290e+01,-1.222621346289707756e+00
2.200334089518347724e+01,-1.118752704904218520e+00,3.132405900992897951e+00,-2.957389082235273747e+01,-1.223451011617530781e+00
2.201297458209029756e+01,-1.118841475285252240e+00,3.132438088209696048e+00,-2.959270174246658058e+01,-1.224274757132373770e+00
2.202260826899712498e+01,-1.118930315350739280e+00,3.132470227219541936e+00,-2.961149326680058635e+01,-1.225091447944254952e+00
2.203224195590394530e+01,-1.119018967356893768e+00,3.132502355130065474e+00,-2.963025659551439617e+01,-1.225900363414256233e+00
2.204187564281076916e+01,-1.119107043606249130e+00,3.132534487435279402e+00,-2.964898082143649916e+01,-1.226701424188809897e+00
2.205150932971758948e+01,-1.119194145923582573e+00,3.132566613308295000e+00,-2.966765619764531792e+01,-1.227495226695806352e+00
2.206114301662441335e+01,-1.119279988910163448e+00,3.132598698924390579e+00,-2.968627708352345351e+01,-1.228282872804342452e+00
2.207077670353123722e+01,-1.119364489279523589e+00,3.132630697837179845e+00,-2.970484367169762052e+01,-1.229065644432874471e+00
2.208041039043806109e+01,-1.119447793771364719e+00,3.132662565267473109e+00,-2.972336195998632746e+01,-1.229844620460724514e+00
2.209004407734488140e+01,-1.119530236799289202e+00,3.132694271951787623e+00,-2.974184196053282747e+01,-1.230620351740014273e+00
2.209967776425170527e+01,-1.119612240446067997e+00,3.132725813310658580e+00,-2.976029467366385006e+01,-1.231392693428021490e+00
2.210931145115852914e+01,-1.119694187123492224e+00,3.132757211108214701e+00,-2.977872873393703657e+01,-1.232160846988576974e+00
2.211894513806534945e+01,-1.119776303728018174e+00,3.132788507058132055e+00,-2.979714774355125328e+01,-1.232923601030264216e+00
2.212857882497217688e+01,-1.119858592797126962e+00,3.132819750292750172e+00,-2.981554910885177989e+01,-1.233679699702049382e+00
2.213821251187899719e+01,-1.119940831964654437e+00,3.132850982499442161e+00,-2.983392474698582220e+01,-1.234428228006179351e+00
2.214784619878582106e+01,-1.120022642220177111e+00,3.132882225260905873e+00,-2.985226346565282185e+01,-1.235168897225657592e+00
2.215747988569264137e+01,-1.120103604426170962e+00,3.132913473484141509e+00,-2.987055430922188393e+01,-1.235902142875603404e+00
2.216711357259946524e+01,-1.120183388678167802e+00,3.132944696959072406e+00,-2.988878986433251583e+01,-1.236629003667144788e+00
2.217674725950628911e+01,-1.120261856987706084e+00,3.132975849610208030e+00,-2.990696852072596101e+01,-1.237350816176072676e+00
2.218638094641311298e+01,-1.120339107733958617e+00,3.133006883648532970e+00,-2.992509499084700764e+01,-1.238068816225144086e+00
2.219601463331993330e+01,-1.120415447992839875e+00,3.133037764317430973e+00,-2.994317891422801381e+01,-1.238783767187884077e+00
2.220564832022675716e+01,-1.120491301852666544e+00,3.133068480723294247e+00,-2.996123195292992136e+01,-1.239495728352487891e+00
2.221528200713357748e+01,-1.120567082453909791e+00,3.133099049417137127e+00,-2.997926424635078035e+01,-1.240204034966464475e+00
2.222491569404040135e+01,-1.120643066729038795e+00,3.133129509595199202e+00,-2.999728129603979809e+01,-1.240907497943679605e+00
2.223454938094722877e+01,-1.120719311185838674e+00,3.133159911345455129e+00,-3.001528223020199704e+01,-1.241604764601428768e+00
2.224418306785404909e+01,-1.120795634708983801e+00,3.133190300501954351e+00,-3.003325998739775926e+01,-1.242294732389160217e+00
2.225381675476087295e+01,-1.120871673977164251e+00,3.133220704724668959e+00,-3.005120338141281167e+01,-1.242976890494329689e+00
2.226345044166769327e+01,-1.120946994900562599e+00,3.133251125070588117e+00,-3.006910043789788034e+01,-1.243651484931959761e+00
2.227308412857451714e+01,-1.121021226258614112e+00,3.133281535662729933e+00,-3.008694200144218200e+01,-1.244319455327647095e+00
2.228271781548133745e+01,-1.121094174755178807e+00,3.133311891598934196e+00,-3.010472452002702326e+01,-1.244982160451969744e+00
2.229235150238816487e+01,-1.121165886190602201e+00,3.133342142721447843e+00,-3.012245115331932510e+01,-1.245640973909249327e+00
2.230198518929498519e+01,-1.121236633761773405e+00,3.133372249063086201e+00,-3.014013085259054492e+01,-1.246296871607132095e+00
2.231161887620180906e+01,-1.121306836705916243e+00,3.133402193251666024e+00,-3.015777567319363328e+01,-1.246950136253404118e+00
2.232125256310862937e+01,-1.121376933834849599e+00,3.133431986061618435e+00,-3.017539711990879425e+01,-1.247600269702046294e+00
2.233088625001545324e+01,-1.121447250433742715e+00,3.133461663379601081e+00,-3.019300262637491272e+01,-1.248246141645381391e+00
2.234051993692228066e+01,-1.121517899220959125e+00,3.133491275469630022e+00,-3.021059323888245984e+01,-1.248886331633789926e+00
2.235015362382910098e+01,-1.121588745847193591e+00,3.133520871783995965e+00,-3.022816321874783085e+01,-1.249519562329269640e+00
2.235978731073592485e+01,-1.121659449815797904e+00,3.133550485945594488e+00,-3.024570170158867199e+01,-1.250145093277913677e+00
2.236942099764274516e+01,-1.121729568682036549e+00,3.133580125498034885e+00,-3.026319592867773878e+01,-1.250762955261154552e+00
2.237905468454956903e+01,-1.121798693964065397e+00,3.133609769584138505e+00,-3.028063508362141576e+01,-1.251373952563557435e+00
2.238868837145638935e+01,-1.121866577335284942e+00,3.133639375303212571e+00,-3.029801357453884236e+01,-1.251979430299903884e+00
2.239832205836321677e+01,-1.121933208432610352e+00,3.133668890845477062e+00,-3.031533275937803751e+01,-1.252580875305867147e+00
2.240795574527003708e+01,-1.121998820225886595e+00,3.133698271418520420e+00,-3.033260057576278257e+01,-1.253179470326002409e+00
2.241758943217686095e+01,-1.122063819939903118e+00,3.133727493106154505e+00,-3.034982916872044711e+01,-1.253775736532404261e+00
2.242722311908368127e+01,-1.122128666291824173e+00,3.133756560408192282e+00,-3.036703121896217183e+01,-1.254369373781159425e+00
2.243685680599050514e+01,-1.122193730340383722e+00,3.133785505121968296e+00,-3.038421607543658354e+01,-1.254959348904346239e+00
2.244649049289733256e+01,-1.122259182445656922e+00,3.133814376864107576e+00,-3.040138686503843957e+01,-1.255544207441094740e+00
2.245612417980415287e+01,-1.122324940063570642e+00,3.133843228090683386e+00,-3.041853946600621583e+01,-1.256122516147883061e+00
2.246575786671097674e+01,-1.122390692658828515e+00,3.133872098171943676e+00,-3.043566367368056191e+01,-1.256693303093536995e+00
2.247539155361779706e+01,-1.122455996503765707e+00,3.133901001390132723e+00,-3.045274622469006687e+01,-1.257256361659106592e+00
2.248502524052462093e+01,-1.122520410708197414e+00,3.133929922553167824e+00,-3.046977477816462354e+01,-1.257812324843458729e+00
2.249465892743144124e+01,-1.122583633062559150e+00,3.133958821605167255e+00,-3.048674165333356356e+01,-1.258362485165928080e+00
2.250429261433826866e+01,-1.122645594123206303e+00,3.133987645868674843e+00,-3.050364618551876461e+01,-1.258908412533124244e+00
2.251392630124508898e+01,-1.122706480535147655e+00,3.134016346211051740e+00,-3.052049497182040128e+01,-1.259451484342853034e+00
2.252355998815191285e+01,-1.122766680095623526e+00,3.134044892207735078e+00,-3.053729991263900700e+01,-1.259992469832942330e+00
2.253319367505873316e+01,-1.122826664971586563e+00,3.134073281657041576e+00,-3.055407462438041222e+01,-1.260531295472652857e+00
2.254282736196555703e+01,-1.122886848494226264e+00,3.134101541505997623e+00,-3.057083029879695601e+01,-1.261067064292102691e+00
2.255246104887238445e+01,-1.122947459219656441e+00,3.134129719860189844e+00,-3.058757226192276590e+01,-1.261598325531775977e+00
2.256209473577920477e+01,-1.123008470883379628e+00,3.134157871477259771e+00,-3.060429828402856245e+01,-1.262123514937627755e+00
2.257172842268602864e+01,-1.123069609969070459e+00,3.134186041150088808e+00,-3.062099916963281032e+01,-1.262641433506782151e+00
2.258136210959284895e+01,-1.123130438972144152e+00,3.134214250053888762e+00,-3.063766146907460097e+01,-1.263151619620138444e+00
2.259099579649967282e+01,-1.123190490265135510e+00,3.134242489250448571e+00,-3.065427150739395401e+01,-1.263654500536742997e+00
2.260062948340649314e+01,-1.123249409858500858e+00,3.134270722374021378e+00,-3.067081951853603883e+01,-1.264151275182984868e+00
2.261026317031332056e+01,-1.123307067113392232e+00,3.134298896723962446e+00,-3.068730262945041787e+01,-1.264643561378114844e+00
2.261989685722014087e+01,-1.123363596657244834e+00,3.134326959412602864e+00,-3.070372577653126456e+01,-1.265132912562656919e+00
2.262953054412696474e+01,-1.123419359327119338e+00,3.134354873652605455e+00,-3.072010025709849046e+01,-1.265620349744793094e+00
2.263916423103378506e+01,-1.123474833678131724e+00,3.134382630200194697e+00,-3.073644033504063344e+01,-1.266106051064463944e+00
2.264879791794060893e+01,-1.123530470901848100e+00,3.134410250427472899e+00,-3.075275891495703817e+01,-1.266589294712339608e+00
2.265843160484743279e+01,-1.123586557365588323e+00,3.134437780040676635e+00,-3.076906359099918831e+01,-1.267068674777437343e+00
2.266806529175425666e+01,-1.123643126877638565e+00,3.134465275318689681e+00,-3.078535427406167813e+01,-1.267542526855602425e+00
2.267769897866108053e+01,-1.123699949783270480e+00,3.134492786044659862e+00,-3.080162313213259750e+01,-1.268009435995979706e+00
2.268733266556790085e+01,-1.123756602623862788e+00,3.134520340337057398e+00,-3.081785688271412837e+01,-1.268468673424590909e+00
2.269696635247472472e+01,-1.123812597457054085e+00,3.134547936031971460e+00,-3.083404076223271773e+01,-1.268920428715562876e+00
2.270660003938154503e+01,-1.123867531570577727e+00,3.134575541287747402e+00,-3.085016298160765302e+01,-1.269365764985178391e+00
2.271623372628837245e+01,-1.123921211878402993e+00,3.134603104274512386e+00,-3.086621831821404172e+01,-1.269806308185163823e+00
2.272586741319519277e+01,-1.123973715799612583e+00,3.134630569030263825e+00,-3.088220974442065625e+01,-1.270243762520697706e+00
2.273550110010201664e+01,-1.124025369660948570e+00,3.134657892662913170e+00,-3.089814757986296101e+01,-1.270679397745507755e+00
2.274513478700883695e+01,-1.124076650806442146e+00,3.134685058640884758e+00,-3.091404640310596363e+01,-1.271113663951417339e+00
2.275476847391566082e+01,-1.124128042977255548e+00,3.134712082084722073e+00,-3.092992064174017841e+01,-1.271546052067314747e+00
2.276440216082248469e+01,-1.124179888978334763e+00,3.134739005398946787e+00,-3.094578016959020061e+01,-1.271975244610589639e+00
2.277403584772930856e+01,-1.124232285706154633e+00,3.134765885530962137e+00,-3.096162724891132001e+01,-1.272399513419903538e+00
2.278366953463613243e+01,-1.124285053881371343e+00,3.134792776712768347e+00,-3.097745575841977228e+01,-1.272817245703355526e+00
2.279330322154295274e+01,-1.124337792136959724e+00,3.134819713943596931e+00,-3.099325296203202740e+01,-1.273227439723902954e+00
2.280293690844977661e+01,-1.124389999346965041e+00,3.134846702272101826e+00,-3.100900330379198877e+01,-1.273630019238132904e+00
2.281257059535659693e+01,-1.124441228114680058e+00,3.134873715188271959e+00,-3.102469309414514953e+01,-1.274025869481021811e+00
2.282220428226342435e+01,-1.124491222609600882e+00,3.134900702664594085e+00,-3.104031467121543741e+01,-1.274416581215111144e+00
2.283183796917024466e+01,-1.124539998488926162e+00,3.134927606435813363e+00,-3.105586876715135247e+01,-1.274803978004179994e+00
2.284147165607706853e+01,-1.124587840143060458e+00,3.134954377878868215e+00,-3.107136434384486634e+01,-1.275189568498298121e+00
2.285110534298388885e+01,-1.124635215677385780e+00,3.134980993034554242e+00,-3.108681592549216077e+01,-1.275574089605074235e+00
2.286073902989071271e+01,-1.124682635220632720e+00,3.135007460158929948e+00,-3.110223921704240979e+01,-1.275957280232910884e+00
2.287037271679753658e+01,-1.124730495627207727e+00,3.135033817454459637e+00,-3.111764632552247178e+01,-1.276337956382637140e+00
2.288000640370436045e+01,-1.124778959028841507e+00,3.135060121624098972e+00,-3.113304203307249907e+01,-1.276714367374957027e+00
2.288964009061118432e+01,-1.124827902579716099e+00,3.135086430703208471e+00,-3.114842226331364827e+01,-1.277084727416855303e+00
2.289927377751800464e+01,-1.124876955146790758e+00,3.135112786393420503e+00,-3.116377522632483732e+01,-1.277447762537187836e+00
2.290890746442482850e+01,-1.124925610171684243e+00,3.135139201302299394e+00,-3.117908491819211392e+01,-1.277803106834983993e+00
2.291854115133164882e+01,-1.124973380563607073e+00,3.135165655019590325e+00,-3.119433593278837691e+01,-1.278151426255322853e+00
2.292817483823847269e+01,-1.125019948440644235e+00,3.135192100277224725e+00,-3.120951813495716465e+01,-1.278494229795742232e+00
2.293780852514529656e+01,-1.125065263865450360e+00,3.135218477360769640e+00,-3.122462977293209718e+01,-1.278833422718192336e+00
2.294744221205212042e+01,-1.125109562091076931e+00,3.135244732405112700e+00,-3.123967806949711701e+01,-1.279170735322438412e+00
2.295707589895894074e+01,-1.125153293610816396e+00,3.135270833995542183e+00,-3.125467708981238246e+01,-1.279507199898496594e+00
2.296670958586576461e+01,-1.125196987962790773e+00,3.135296782984698716e+00,-3.126964351055272928e+01,-1.279842835329533024e+00
2.297634327277258848e+01,-1.125241092622576211e+00,3.135322612485418770e+00,-3.128459155860580765e+01,-1.280176637022847341e+00
2.298597695967941235e+01,-1.125285836158468999e+00,3.135348377990059721e+00,-3.129952865066976386e+01,-1.280506877844763691e+00
2.299561064658623621e+01,-1.125331157656677350e+00,3.135374140588301994e+00,-3.131445306493362324e+01,-1.280831631275968885e+00
2.300524433349305653e+01,-1.125376724363954972e+00,3.135399948383095214e+00,-3.132935437002167944e+01,-1.281149359740778149e+00
2.301487802039988040e+01,-1.125422032612841461e+00,3.135425821782733102e+00,-3.134421650513904467e+01,-1.281459389895777790e+00
2.302451170730670071e+01,-1.125466561582151082e+00,3.135451747190707739e+00,-3.135902259890322696e+01,-1.281762129409236284e+00
2.303414539421352458e+01,-1.125509933113816530e+00,3.135477681068915778e+00,-3.137376007752366291e+01,-1.282058957001014576e+00
2.304377908112034845e+01,-1.125552028707317742e+00,3.135503563185460862e+00,-3.138842451160037683e+01,-1.282351816238297193e+00
2.305341276802717232e+01,-1.125593027659223644e+00,3.135529335041205456e+00,-3.140302102028746134e+01,-1.282642633984035330e+00
2.306304645493399264e+01,-1.125633354258546603e+00,3.135554957862986658e+00,-3.141756278418873194e+01,-1.282932738840086850e+00
2.307268014184081650e+01,-1.125673549717715938e+00,3.135580424654466736e+00,-3.143206709419975908e+01,-1.283222456463403605e+00
2.308231382874764037e+01,-1.125714107636554440e+00,3.135605762585023104e+00,-3.144655011673374645e+01,-1.283511006330141591e+00
2.309194751565446424e+01,-1.125755323161517829e+00,3.135631024934467437e+00,-3.146102195592046158e+01,-1.283796733893932229e+00
2.310158120256128811e+01,-1.125797202077244208e+00,3.135656275003551485e+00,-3.147548351618613793e+01,-1.284077610423973503e+00
2.311121488946810842e+01,-1.125839457969829649e+00,3.135681566871766357e+00,-3.148992613418827347e+01,-1.284351850910568915e+00
2.312084857637493229e+01,-1.125881598797911165e+00,3.135706928874689048e+00,-3.150433411608207734e+01,-1.284618463273119238e+00
2.313048226328175261e+01,-1.125923076851641724e+00,3.135732354872018846e+00,-3.151868943456623029e+01,-1.284877561326579931e+00
2.314011595018857648e+01,-1.125963456542554697e+00,3.135757806020157190e+00,-3.153297717695179969e+01,-1.285130344245692724e+00
2.314974963709540035e+01,-1.126002548766847022e+00,3.135783222562789518e+00,-3.154719009416981379e+01,-1.285378745785302979e+00
2.315938332400222421e+01,-1.126040470541766814e+00,3.135808542084252970e+00,-3.156133085901267066e+01,-1.285624857014544764e+00
2.316901701090904453e+01,-1.126077611265458467e+00,3.135833718673669335e+00,-3.157541132649302895e+01,-1.285870296183313943e+00
2.317865069781586840e+01,-1.126114515428755292e+00,3.135858737139362251e+00,-3.158944899540088969e+01,-1.286115716950672505e+00
2.318828438472269227e+01,-1.126151717230426730e+00,3.135883617896912945e+00,-3.160346172346345739e+01,-1.286360605726025952e+00
2.319791807162951613e+01,-1.126189577455765534e+00,3.135908410985063899e+00,-3.161746228840696915e+01,-1.286603432183743179e+00
2.320755175853634000e+01,-1.126228172554104789e+00,3.135933180982959811e+00,-3.163145444709860143e+01,-1.286842110166015019e+00
2.321718544544316032e+01,-1.126267270141884991e+00,3.135957987396202462e+00,-3.164543170332098398e+01,-1.287074631512791445e+00
2.322681913234998419e+01,-1.126306398890598803e+00,3.135982866490355736e+00,-3.165937918200869561e+01,-1.287299681658661710e+00
2.323645281925680450e+01,-1.126344991915978921e+00,3.136007820139519620e+00,-3.167327806738322238e+01,-1.287517049712352701e+00
2.324608650616362837e+01,-1.126382560177277670e+00,3.136032815140562313e+00,-3.168711127831418040e+01,-1.287727706519405491e+00
2.325572019307045224e+01,-1.126418842978130996e+00,3.136057793258966164e+00,-3.170086866591621799e+01,-1.287933524012830455e+00
2.326535387997727611e+01,-1.126453889383925322e+00,3.136082688989363820e+00,-3.171455014805409434e+01,-1.288136718043949358e+00
2.327498756688409642e+01,-1.126488045266462956e+00,3.136107449636341471e+00,-3.172816580903549522e+01,-1.288339181785232102e+00
2.328462125379092029e+01,-1.126521849434202860e+00,3.136132051582094071e+00,-3.174173290802945857e+01,-1.288541911571378984e+00
2.329425494069774416e+01,-1.126555870150627747e+00,3.136156507741580501e+00,-3.175527068010879361e+01,-1.288744700621979433e+00
2.330388862760456448e+01,-1.126590531754905422e+00,3.136180863876171010e+00,-3.176879449265529232e+01,-1.288946196032453972e+00
2.331352231451139190e+01,-1.126625984395773328e+00,3.136205184834140791e+00,-3.178231112853828222e+01,-1.289144304726840717e+00
2.332315600141821221e+01,-1.126662056978975590e+00,3.136229534875003111e+00,-3.179581663937591429e+01,-1.289336827885582348e+00
2.333278968832503608e+01,-1.126698308177137342e+00,3.136253958067647396e+00,-3.180929744322153141e+01,-1.289522132940679411e+00
2.334242337523185640e+01,-1.126734160418978004e+00,3.136278464761975027e+00,-3.182273436098453345e+01,-1.289699659183378033e+00
2.335205706213868027e+01,-1.126769076297180927e+00,3.136303028307248386e+00,-3.183610839004806792e+01,-1.289870101797141233e+00
2.336169074904550413e+01,-1.126802723633085979e+00,3.136327593076944531e+00,-3.184940647446452289e+01,-1.290035215505668464e+00
2.337132443595232800e+01,-1.126835078616254204e+00,3.136352091405102183e+00,-3.186262551629967987e+01,-1.290197294214668444e+00
2.338095812285914832e+01,-1.126866435116986143e+00,3.136376464298746392e+00,-3.187577339221585504e+01,-1.290358482151507946e+00
2.339059180976597219e+01,-1.126897316814427397e+00,3.136400679607476150e+00,-3.188886664025394424e+01,-1.290520124670480717e+00
2.340022549667279606e+01,-1.126928318508738647e+00,3.136424742075379246e+00,-3.190192549258884824e+01,-1.290682356581395185e+00
2.340985918357961637e+01,-1.126959924803208501e+00,3.136448692154877094e+00,-3.191496774323655927e+01,-1.290844055198323570e+00
2.341949287048644379e+01,-1.126992361528008191e+00,3.136472593884695126e+00,-3.192800330599250458e+01,-1.291003175390823987e+00
2.342912655739326411e+01,-1.127025525556647478e+00,3.136496515482800618e+00,-3.194103112287984914e+01,-1.291157367927969757e+00
2.343876024430008798e+01,-1.127059014920286373e+00,3.136520508554540232e+00,-3.195403938259932275e+01,-1.291304695512880629e+00
2.344839393120690829e+01,-1.127092250548153762e+00,3.136544592272008103e+00,-3.196700901076678392e+01,-1.291444229663555321e+00
2.345802761811373216e+01,-1.127124652871865473e+00,3.136568747393832179e+00,-3.197991939905347891e+01,-1.291576345922755387e+00
2.346766130502055603e+01,-1.127155819540028414e+00,3.136592922009200368e+00,-3.199275465037644040e+01,-1.291702624970309410e+00
2.347729499192737990e+01,-1.127185649856325744e+00,3.136617047311984319e+00,-3.200550844469309197e+01,-1.291825386266098441e+00
2.348692867883420021e+01,-1.127214377564619285e+00,3.136641058631575163e+00,-3.201818603274865183e+01,-1.291946992940625538e+00
2.349656236574102408e+01,-1.127242501447084155e+00,3.136664915312180391e+00,-3.203080272646000282e+01,-1.292069137517914523e+00
2.350619605264784795e+01,-1.127270634420830975e+00,3.136688613349875254e+00,-3.204337931595716782e+01,-1.292192325670076691e+00
2.351582973955466827e+01,-1.127299316875861823e+00,3.136712186880144415e+00,-3.205593578231633956e+01,-1.292315716699117711e+00
2.352546342646149569e+01,-1.127328851190366743e+00,3.136735697999899930e+00,-3.206848520442032680e+01,-1.292437372172742460e+00
2.353509711336831600e+01,-1.127359208188365658e+00,3.136759217975476410e+00,-3.208102971431371486e+01,-1.292554840439178454e+00
2.354473080027513987e+01,-1.127390034562288257e+00,3.136782805541161956e+00,-3.209355974762211616e+01,-1.292665902084862317e+00
2.355436448718196019e+01,-1.127420759540736395e+00,3.136806488914432922e+00,-3.210605684459241616e+01,-1.292769251053306645e+00
2.356399817408878405e+01,-1.127450768697229933e+00,3.136830257052827253e+00,-3.211849918044048025e+01,-1.292864903771875573e+00
2.357363186099560792e+01,-1.127479592069914105e+00,3.136854062879058436e+00,-3.213086816665763479e+01,-1.292954209493805573e+00
2.358326554790243179e+01,-1.127507049092682623e+00,3.136877837552931148e+00,-3.214315412423248119e+01,-1.293039455234229473e+00
2.359289923480925211e+01,-1.127533305740728409e+00,3.136901511482337312e+00,-3.215535929427575468e+01,-1.293123182015242012e+00
2.360253292171607598e+01,-1.127558825918435925e+00,3.136925035679357432e+00,-3.216749724702325608e+01,-1.293207418067959136e+00
2.361216660862289984e+01,-1.127584231388311098e+00,3.136948396926778404e+00,-3.217958883900999467e+01,-1.293293061676472622e+00
2.362180029552972016e+01,-1.127610112611550974e+00,3.136971622078954969e+00,-3.219165592038731916e+01,-1.293379602688398133e+00
2.363143398243654758e+01,-1.127636848127693048e+00,3.136994770121057208e+00,-3.220371468852106744e+01,-1.293465270147186930e+00
2.364106766934336790e+01,-1.127664487802883198e+00,3.137017914349871539e+00,-3.221577070633679796e+01,-1.293547564581283282e+00
2.365070135625019176e+01,-1.127692736032514631e+00,3.137041120075835909e+00,-3.222781711364854118e+01,-1.293624016232041374e+00
2.366033504315701208e+01,-1.127721040589518608e+00,3.137064424646407446e+00,-3.223983660171097654e+01,-1.293692940561870897e+00
2.366996873006383595e+01,-1.127748760506705805e+00,3.137087825917886708e+00,-3.225180658236983788e+01,-1.293753961293968358e+00
2.367960241697065626e+01,-1.127775362044564966e+00,3.137111282750824959e+00,-3.226370600706228942e+01,-1.293808139908874555e+00
2.368923610387748369e+01,-1.127800582917988681e+00,3.137134727443788851e+00,-3.227552177530618849e+01,-1.293857668795431071e+00
2.369886979078430400e+01,-1.127824514340344031e+00,3.137158086365691823e+00,-3.228725277881666500e+01,-1.293905217679443886e+00
2.370850347769112787e+01,-1.127847575317799889e+00,3.137181302516832471e+00,-3.229891033015694290e+01,-1.293953129324230122e+00
2.371813716459795174e+01,-1.127870386467613617e+00,3.137204353123756562e+00,-3.231051481534550618e+01,-1.294002708074993180e+00
2.372777085150477205e+01,-1.127893581426146374e+00,3.137227256855032120e+00,-3.232208955845123910e+01,-1.294053818535167766e+00
2.373740453841159948e+01,-1.127917613226463223e+00,3.137250068391982616e+00,-3.233365374263952674e+01,-1.294104918967807327e+00
2.374703822531841979e+01,-1.127942614881153993e+00,3.137272861946228897e+00,-3.234521653335229274e+01,-1.294153522723892280e+00
2.375667191222524366e+01,-1.127968357142982603e+00,3.137295708707716457e+00,-3.235677420033710661e+01,-1.294196950812590785e+00
2.376630559913206397e+01,-1.127994316910521544e+00,3.137318655092281361e+00,-3.236831113802210780e+01,-1.294233149164658148e+00
2.377593928603888784e+01,-1.128019835955833328e+00,3.137341708451117483e+00,-3.237980450642171348e+01,-1.294261322620464005e+00
2.378557297294570816e+01,-1.128044321892377022e+00,3.137364834657713430e+00,-3.239123111179948467e+01,-1.294282191265661686e+00
2.379520665985253558e+01,-1.128067430105319735e+00,3.137387968376910585e+00,-3.240257445292220240e+01,-1.294297787887119799e+00
2.380484034675935590e+01,-1.128089170851882317e+00,3.137411032943496547e+00,-3.241382978985735974e+01,-1.294310854256767396e+00
2.381447403366617976e+01,-1.128109908333005729e+00,3.137433963819180160e+00,-3.242500567554954216e+01,-1.294324016623539020e+00
2.382410772057300363e+01,-1.128130251419442898e+00,3.137456728468033251e+00,-3.243612145455200846e+01,-1.294338989589769451e+00
2.383374140747982395e+01,-1.128150868876108381e+00,3.137479336546773911e+00,-3.244720145760706487e+01,-1.294356050942041536e+00
2.384337509438665137e+01,-1.128172285221893612e+00,3.137501837236941871e+00,-3.245826763251140790e+01,-1.294373949409294511e+00
2.385300878129347169e+01,-1.128194719601225637e+00,3.137524304463870539e+00,-3.246933284077621806e+01,-1.294390276818383034e+00
2.386264246820029555e+01,-1.128218017225274039e+00,3.137546814459160505e+00,-3.248039686400667136e+01,-1.294402195134190858e+00
2.387227615510711587e+01,-1.128241694884969615e+00,3.137569422491617299e+00,-3.249144635610176834e+01,-1.294407300157565111e+00
2.388190984201393974e+01,-1.128265087242261933e+00,3.137592145884317230e+00,-3.250245878817250400e+01,-1.294404360370504659e+00
2.389154352892076005e+01,-1.128287549686460833e+00,3.137614958551194100e+00,-3.251340921984078136e+01,-1.294393705172174114e+00
2.390117721582758747e+01,-1.128308655980470032e+00,3.137637798789980614e+00,-3.252427786088085782e+01,-1.294377141410302468e+00
2.391081090273440779e+01,-1.128328330170274230e+00,3.137660588020479757e+00,-3.253505612861484053e+01,-1.294357419589013070e+00
2.392044458964123166e+01,-1.128346872012419011e+00,3.137683254793909526e+00,-3.254574934431988709e+01,-1.294337408450934035e+00
2.393007827654805197e+01,-1.128364867539718874e+00,3.137705756753744524e+00,-3.255637521985986638e+01,-1.294319226829820924e+00
2.393971196345487584e+01,-1.128383011496133959e+00,3.137728093814601493e+00,-3.256695856127598887e+01,-1.294303596729735828e+00
2.394934565036169971e+01,-1.128401895498098773e+00,3.137750308475953265e+00,-3.257752377153101264e+01,-1.294289616279802102e+00
2.395897933726852358e+01,-1.128421826571297304e+00,3.137772473102543813e+00,-3.258808741641330897e+01,-1.294275024916568650e+00
2.396861302417534745e+01,-1.128442731776958752e+00,3.137794667991642861e+00,-3.259865311526778697e+01,-1.294256883968904814e+00
2.397824671108216776e+01,-1.128464178604118073e+00,3.137816956888704656e+00,-3.260921032860140656e+01,-1.294232468961592275e+00
2.398788039798899163e+01,-1.128485505537206057e+00,3.137839367431433768e+00,-3.261973744266627762e+01,-1.294200104012396491e+00
2.399751408489581195e+01,-1.128506023454186824e+00,3.137861882535883051e+00,-3.263020824839579603e+01,-1.294159684080052664e+00
2.400714777180263937e+01,-1.128525226608469545e+00,3.137884445422931545e+00,-3.264059987218321623e+01,-1.294112723559378786e+00
2.401678145870945968e+01,-1.128542948667646373e+00,3.137906976823562122e+00,-3.265089975716114878e+01,-1.294061912426563765e+00
2.402641514561628355e+01,-1.128559415736296145e+00,3.137929399165120703e+00,-3.266110956165378099e+01,-1.294010310920623352e+00
2.403604883252310387e+01,-1.128575179550837859e+00,3.137951660374616036e+00,-3.267124476232597630e+01,-1.293960424989958113e+00
2.404568251942992774e+01,-1.128590950619815958e+00,3.137973750010731866e+00,-3.268133004831685184e+01,-1.293913443056782464e+00
2.405531620633675161e+01,-1.128607381819615618e+00,3.137995702743282767e+00,-3.269139187546901582e+01,-1.293868867708426462e+00
2.406494989324357547e+01,-1.128624868406858495e+00,3.138017588043619632e+00,-3.270145042464224616e+01,-1.293824657441356774e+00
2.407458358015039934e+01,-1.128643425755027963e+00,3.138039489163867213e+00,-3.271151340587406509e+01,-1.293777839253318129e+00
2.408421726705721966e+01,-1.128662682679186346e+00,3.138061477778579800e+00,-3.272157360701120865e+01,-1.293725409432720630e+00
2.409385095396404353e+01,-1.128681993046520615e+00,3.138083592026419844e+00,-3.273161096194694863e+01,-1.293665250905130959e+00
2.410348464087086384e+01,-1.128700632180811292e+00,3.138105824692394297e+00,-3.274159854620943833e+01,-1.293596788280643173e+00
2.411311832777769126e+01,-1.128718018422800951e+00,3.138128125205690289e+00,-3.275151070856689017e+01,-1.293521179147115063e+00
2.412275201468451158e+01,-1.128733892169719866e+00,3.138150414920071629e+00,-3.276133088186552555e+01,-1.293440979498923005e+00
2.413238570159133545e+01,-1.128748397348073862e+00,3.138172611074979024e+00,-3.277105669245253239e+01,-1.293359380757675092e+00
2.414201938849815576e+01,-1.128762039825345065e+00,3.138194652152085151e+00,-3.278070079003819615e+01,-1.293279247195787462e+00
2.415165307540497963e+01,-1.128775534791741419e+00,3.138216516873501671e+00,-3.279028711091915227e+01,-1.293202245290219432e+00
2.416128676231180350e+01,-1.128789589198037513e+00,3.138238230990092692e+00,-3.279984367663441702e+01,-1.293128330813215765e+00
2.417092044921862737e+01,-1.128804685475877090e+00,3.138259859712583033e+00,-3.280939409344598090e+01,-1.293055752512063394e+00
2.418055413612545124e+01,-1.128820932751255279e+00,3.138281488020638221e+00,-3.281895032911201326e+01,-1.292981575177641673e+00
2.419018782303227155e+01,-1.128838031478184067e+00,3.138303194808234942e+00,-3.282850897370653342e+01,-1.292902566977667256e+00
2.419982150993909542e+01,-1.128855362965478060e+00,3.138325028744237688e+00,-3.283805214878277212e+01,-1.292816184052570483e+00
2.420945519684591574e+01,-1.128872177104757402e+00,3.138346993247069339e+00,-3.284755282563041590e+01,-1.292721353714638255e+00
2.421908888375274316e+01,-1.128887821397442259e+00,3.138369045224798093e+00,-3.285698297100303478e+01,-1.292618816347071320e+00
2.422872257065956347e+01,-1.128901941410526133e+00,3.138391108045148314e+00,-3.286632206498418185e+01,-1.292510918281247534e+00
2.423835625756638734e+01,-1.128914591136115586e+00,3.138413094846512763e+00,-3.287556340094251084e+01,-1.292400914132012524e+00
2.424798994447320766e+01,-1.128926218957515992e+00,3.138434935113533442e+00,-3.288471623085682438e+01,-1.292291987014323018e+00
2.425762363138003153e+01,-1.128937532805676547e+00,3.138456596400764909e+00,-3.289380306934084786e+01,-1.292186282774838046e+00
2.426725731828685539e+01,-1.128949285092013755e+00,3.138478094526915729e+00,-3.290285293963997759e+01,-1.292084252436405345e+00
2.427689100519367926e+01,-1.128962042792087450e+00,3.138499489053121039e+00,-3.291189258683475316e+01,-1.291984505366352787e+00
2.428652469210050313e+01,-1.128976012974216792e+00,3.138520865345141075e+00,-3.292093831680081450e+01,-1.291884221675005939e+00
2.429615837900732345e+01,-1.128990977496858950e+00,3.138542308633428757e+00,-3.292999094807814942e+01,-1.291780002603597488e+00
2.430579206591414732e+01,-1.129006357491318502e+00,3.138563877965498516e+00,-3.293903543570069559e+01,-1.291668903638835575e+00
2.431542575282096763e+01,-1.129021388636657131e+00,3.138585588023273587e+00,-3.294804531813945658e+01,-1.291549337606336056e+00
2.432505943972779150e+01,-1.129035354211525899e+00,3.138607404416616564e+00,-3.295699067366355450e+01,-1.291421571988197625e+00
2.433469312663461537e+01,-1.129047804916048392e+00,3.138629253971293220e+00,-3.296584719392699014e+01,-1.291287665791997830e+00
2.434432681354143924e+01,-1.129058698096390145e+00,3.138651046948574219e+00,-3.297460362179931792e+01,-1.291150860553209379e+00
2.435396050044825955e+01,-1.129068413288983219e+00,3.138672704463414842e+00,-3.298326527501235716e+01,-1.291014606460608949e+00
2.436359418735508342e+01,-1.129077638613189771e+00,3.138694182738045235e+00,-3.299185255110803183e+01,-1.290881517308919868e+00
2.437322787426190729e+01,-1.129087162044862591e+00,3.138715486748303363e+00,-3.300039483010023389e+01,-1.290752572002821230e+00
2.438286156116873116e+01,-1.129097630917419215e+00,3.138736669024275283e+00,-3.300892159662843284e+01,-1.290626807589198455e+00
2.439249524807555503e+01,-1.129109353086173329e+00,3.138757813886760228e+00,-3.301745346296307559e+01,-1.290501600882411726e+00
2.440212893498237534e+01,-1.129122200862589631e+00,3.138779011860943324e+00,-3.302599582314523730e+01,-1.290373457360509901e+00
2.441176262188919921e+01,-1.129135647718447988e+00,3.138800332042705588e+00,-3.303453708806377875e+01,-1.290239071213332478e+00
2.442139630879601953e+01,-1.129148927293018412e+00,3.138821800864733280e+00,-3.304305207361502994e+01,-1.290096336258933052e+00
2.443102999570284339e+01,-1.129161266737364944e+00,3.138843393799449988e+00,-3.305150955239549404e+01,-1.289944999848512852e+00
2.444066368260966726e+01,-1.129172123397056637e+00,3.138865042613701473e+00,-3.305988170503135137e+01,-1.289786757884224144e+00
2.445029736951649113e+01,-1.129181352398781701e+00,3.138886656044646006e+00,-3.306815260968005532e+01,-1.289624757431246049e+00
2.445993105642331145e+01,-1.129189253438639629e+00,3.138908147645414815e+00,-3.307632317655813381e+01,-1.289462653556963101e+00
2.446956474333013531e+01,-1.129196481747994252e+00,3.138929462317994190e+00,-3.308441099606756097e+01,-1.289303504119639232e+00
2.447919843023695918e+01,-1.129203849703850127e+00,3.138950593403430744e+00,-3.309244510740399647e+01,-1.289148837889835031e+00
2.448883211714378305e+01,-1.129212079180585970e+00,3.138971585042948487e+00,-3.310045724259961730e+01,-1.288998181076595362e+00
2.449846580405060692e+01,-1.129221580166169359e+00,3.138992519001679860e+00,-3.310847218541783121e+01,-1.288849189741227752e+00
2.450809949095742724e+01,-1.129232323564864027e+00,3.139013489898266229e+00,-3.311650017205038665e+01,-1.288698352225068566e+00
2.451773317786425110e+01,-1.129243847670437617e+00,3.139034576355490103e+00,-3.312453366005343014e+01,-1.288542052148414108e+00
2.452736686477107142e+01,-1.129255397107412628e+00,3.139055816879339211e+00,-3.313254948122428800e+01,-1.288377671437887839e+00
2.453700055167789529e+01,-1.129266152479791341e+00,3.139077197878015646e+00,-3.314051576570724933e+01,-1.288204398209824131e+00
2.454663423858471916e+01,-1.129275480957423916e+00,3.139098657559326266e+00,-3.314840156897011525e+01,-1.288023491341330651e+00
2.455626792549154302e+01,-1.129283131211391344e+00,3.139120104606111461e+00,-3.315618629332245604e+01,-1.287837916773237890e+00
2.456590161239836334e+01,-1.129289312698537939e+00,3.139141445999074520e+00,-3.316386603325824467e+01,-1.287651461196702929e+00
2.457553529930518721e+01,-1.129294634348794624e+00,3.139162615523085176e+00,-3.317145488726685443e+01,-1.287467588939441354e+00
2.458516898621201108e+01,-1.129299920603132446e+00,3.139183594234418173e+00,-3.317898079761818764e+01,-1.287288388290397378e+00
2.459480267311883139e+01,-1.129305960401802533e+00,3.139204416576458101e+00,-3.318647714433349449e+01,-1.287113928845339705e+00
2.460443636002565881e+01,-1.129313265571322500e+00,3.139225160187840924e+00,-3.319397262169823648e+01,-1.286942228515459252e+00
2.461407004693247913e+01,-1.129321912628365343e+00,3.139245922427723379e+00,-3.320148246563892513e+01,-1.286769844619124026e+00
2.462370373383930300e+01,-1.129331516915527134e+00,3.139266790726500389e+00,-3.320900371027897791e+01,-1.286592913776329228e+00
2.463333742074612331e+01,-1.129341347761932957e+00,3.139287815802028092e+00,-3.321651594621302195e+01,-1.286408327683049579e+00
2.464297110765294718e+01,-1.129350550243177320e+00,3.139308995957323933e+00,-3.322398739213676322e+01,-1.286214688210041590e+00
2.465260479455977105e+01,-1.129358406280415617e+00,3.139330277331688457e+00,-3.323138447475168533e+01,-1.286012749511250775e+00
2.466223848146659492e+01,-1.129364555380430124e+00,3.139351570122189017e+00,-3.323868202948516171e+01,-1.285805208440024883e+00
2.467187216837341524e+01,-1.129369107203174183e+00,3.139372775903563006e+00,-3.324587102085924073e+01,-1.285595901822540688e+00
2.468150585528023910e+01,-1.129372610860757131e+00,3.139393817748239446e+00,-3.325296141103916625e+01,-1.285388650388407106e+00
2.469113954218706297e+01,-1.129375889503481556e+00,3.139414663942281081e+00,-3.325997926517587189e+01,-1.285186098826711198e+00
